# Blender 5.2.0 LTS
# www.blender.org
o Body_Body
v -0.042496 0.263841 0.003542
v -0.042583 0.256517 0.020184
v -0.044620 0.256517 0.004287
v -0.046112 0.249561 0.004823
v -0.050591 0.256517 -0.010528
v -0.040384 0.263841 0.020184
v -0.044128 0.249561 0.020184
v -0.048686 0.263841 -0.011967
v -0.042496 0.263841 0.036827
v -0.046112 0.249561 0.035545
v -0.047159 0.243006 0.005206
v -0.051929 0.249561 -0.009491
v -0.060090 0.256517 -0.023249
v -0.044620 0.256517 0.036082
v -0.045212 0.243006 0.020184
v -0.061182 0.249561 -0.021782
v -0.058535 0.263841 -0.025284
v -0.050591 0.256517 0.050896
v -0.051929 0.249561 0.049859
v -0.047159 0.243006 0.035162
v -0.052868 0.243006 -0.008751
v -0.046300 0.236883 0.020184
v -0.061948 0.243006 -0.020736
v -0.072469 0.256517 -0.033010
v -0.071369 0.263841 -0.035503
v -0.048686 0.263841 0.052335
v -0.052868 0.243006 0.049119
v -0.048210 0.236883 0.005562
v -0.073241 0.249561 -0.031214
v -0.061182 0.249561 0.062151
v -0.060090 0.256517 0.063617
v -0.048210 0.236883 0.034807
v -0.053810 0.236883 -0.008064
v -0.049880 0.231233 0.006060
v -0.073783 0.243006 -0.029932
v -0.086884 0.256517 -0.039147
v -0.058535 0.263841 0.065653
v -0.061948 0.243006 0.061104
v -0.053810 0.236883 0.048433
v -0.048029 0.231233 0.020184
v -0.062718 0.236883 -0.019765
v -0.087284 0.249561 -0.037143
v -0.086315 0.263841 -0.041927
v -0.073241 0.249561 0.071583
v -0.071369 0.263841 0.075872
v -0.073783 0.243006 0.070301
v -0.062718 0.236883 0.060134
v -0.055307 0.231233 0.047471
v -0.049880 0.231233 0.034309
v -0.055307 0.231233 -0.007102
v -0.051044 0.226109 0.020184
v -0.074327 0.236883 -0.028744
v -0.087564 0.243006 -0.035714
v -0.102354 0.256517 -0.041240
v -0.102354 0.263841 -0.044118
v -0.072469 0.256517 0.073379
v -0.074327 0.236883 0.069112
v -0.063940 0.231233 0.058773
v -0.052793 0.226109 0.006872
v -0.063940 0.231233 -0.018405
v -0.075191 0.231233 -0.027078
v -0.087846 0.236883 -0.034388
v -0.102354 0.249561 -0.039165
v -0.087284 0.249561 0.077512
v -0.086315 0.263841 0.082296
v -0.087564 0.243006 0.076082
v -0.057919 0.226109 0.045901
v -0.052793 0.226109 0.033496
v -0.057919 0.226109 -0.005533
v -0.057400 0.221579 0.008125
v -0.102354 0.243006 -0.037685
v -0.117824 0.256517 -0.039147
v -0.118393 0.263841 -0.041927
v -0.086884 0.256517 0.079515
v -0.087846 0.236883 0.074756
v -0.075191 0.231233 0.067446
v -0.066073 0.226109 0.056553
v -0.055815 0.221579 0.020184
v -0.066073 0.226109 -0.016185
v -0.088293 0.231233 -0.032530
v -0.102354 0.236883 -0.036313
v -0.117424 0.249561 -0.037143
v -0.102354 0.243006 0.078054
v -0.102354 0.256517 0.081608
v -0.102354 0.263841 0.084487
v -0.076699 0.226109 0.064727
v -0.057400 0.221579 0.032243
v -0.069446 0.221579 0.053130
v -0.062050 0.221579 -0.003112
v -0.076699 0.226109 -0.024359
v -0.063856 0.217720 0.009864
v -0.117143 0.243006 -0.035714
v -0.132239 0.256517 -0.033010
v -0.102354 0.249561 0.079534
v -0.102354 0.236883 0.076681
v -0.088293 0.231233 0.072898
v -0.062050 0.221579 0.043481
v -0.079084 0.221579 0.060535
v -0.063856 0.217720 0.030505
v -0.069446 0.221579 -0.012762
v -0.079084 0.221579 -0.020166
v -0.062498 0.217720 0.020184
v -0.089074 0.226109 -0.029497
v -0.102354 0.231233 -0.034389
v -0.116862 0.236883 -0.034388
v -0.131467 0.249561 -0.031214
v -0.133339 0.263841 -0.035503
v -0.117424 0.249561 0.077512
v -0.118393 0.263841 0.082296
v -0.117143 0.243006 0.076082
v -0.089074 0.226109 0.069865
v -0.067837 0.217720 0.040121
v -0.090309 0.221579 0.065189
v -0.074171 0.217720 0.048380
v -0.067837 0.217720 0.000247
v -0.070924 0.214614 0.020184
v -0.130925 0.243006 -0.029932
v -0.144618 0.256517 -0.023249
v -0.146173 0.263841 -0.025284
v -0.117824 0.256517 0.079515
v -0.116862 0.236883 0.074756
v -0.102354 0.231233 0.074758
v -0.102354 0.226109 0.071618
v -0.092038 0.217720 0.058700
v -0.082426 0.217720 0.054717
v -0.075135 0.214614 0.035901
v -0.071995 0.214614 0.028320
v -0.075135 0.214614 0.004467
v -0.074171 0.217720 -0.008011
v -0.090309 0.221579 -0.024821
v -0.071995 0.214614 0.012048
v -0.102354 0.226109 -0.031249
v -0.116414 0.231233 -0.032530
v -0.130381 0.236883 -0.028744
v -0.143526 0.249561 -0.021782
v -0.131467 0.249561 0.071583
v -0.132239 0.256517 0.073379
v -0.130381 0.236883 0.069112
v -0.102354 0.221579 0.066777
v -0.080130 0.214614 0.042412
v -0.102354 0.217720 0.060059
v -0.086639 0.214614 0.047407
v -0.080130 0.214614 -0.002043
v -0.082426 0.217720 -0.014348
v -0.092038 0.217720 -0.018332
v -0.080693 0.212334 0.020184
v -0.142759 0.243006 -0.020736
v -0.154116 0.256517 -0.010528
v -0.130925 0.243006 0.070301
v -0.133339 0.263841 0.075872
v -0.116414 0.231233 0.072898
v -0.115634 0.226109 0.069865
v -0.094219 0.214614 0.050547
v -0.102354 0.214614 0.051618
v -0.081431 0.212334 0.025791
v -0.083595 0.212334 0.031015
v -0.081431 0.212334 0.014578
v -0.083595 0.212334 0.009354
v -0.102354 0.217720 -0.019690
v -0.102354 0.221579 -0.026408
v -0.115634 0.226109 -0.029497
v -0.129516 0.231233 -0.027078
v -0.141990 0.236883 -0.019765
v -0.152779 0.249561 -0.009491
v -0.156021 0.263841 -0.011967
v -0.142759 0.243006 0.061104
v -0.144618 0.256517 0.063617
v -0.146173 0.263841 0.065653
v -0.141990 0.236883 0.060134
v -0.129516 0.231233 0.067446
v -0.114399 0.221579 0.065189
v -0.087037 0.212334 0.035501
v -0.112669 0.217720 0.058700
v -0.096748 0.212334 0.041107
v -0.087037 0.212334 0.004867
v -0.086639 0.214614 -0.007039
v -0.094219 0.214614 -0.010179
v -0.091697 0.210940 0.023040
v -0.091697 0.210940 0.017329
v -0.140767 0.231233 -0.018405
v -0.150898 0.236883 -0.008064
v -0.151840 0.243006 -0.008751
v -0.158596 0.249561 0.004823
v -0.162212 0.263841 0.003542
v -0.143526 0.249561 0.062151
v -0.140767 0.231233 0.058773
v -0.128009 0.226109 0.064727
v -0.091523 0.212334 0.038943
v -0.102354 0.212334 0.041846
v -0.110488 0.214614 0.050547
v -0.092799 0.210940 0.025701
v -0.094553 0.210940 0.012383
v -0.102354 0.214614 -0.011250
v -0.114399 0.221579 -0.024821
v -0.091321 0.210940 0.020184
v -0.128009 0.226109 -0.024359
v -0.160088 0.256517 0.004287
v -0.152779 0.249561 0.049859
v -0.151840 0.243006 0.049119
v -0.156021 0.263841 0.052335
v -0.149401 0.231233 0.047471
v -0.138635 0.226109 0.056553
v -0.125623 0.221579 0.060535
v -0.096838 0.210940 0.029739
v -0.122282 0.217720 0.054717
v -0.099498 0.210940 0.030841
v -0.102354 0.210940 0.031217
v -0.094553 0.210940 0.027985
v -0.092799 0.210940 0.014668
v -0.091523 0.212334 0.001425
v -0.096748 0.212334 -0.000739
v -0.102354 0.212334 -0.001477
v -0.110488 0.214614 -0.010179
v -0.112669 0.217720 -0.018332
v -0.102354 0.210471 0.020184
v -0.138635 0.226109 -0.016185
v -0.149401 0.231233 -0.007102
v -0.156498 0.236883 0.005562
v -0.157549 0.243006 0.005206
v -0.162124 0.256517 0.020184
v -0.150898 0.236883 0.048433
v -0.154116 0.256517 0.050896
v -0.146789 0.226109 0.045901
v -0.135262 0.221579 0.053130
v -0.107960 0.212334 0.041107
v -0.118069 0.214614 0.047407
v -0.096838 0.210940 0.010630
v -0.107960 0.212334 -0.000739
v -0.122282 0.217720 -0.014348
v -0.125623 0.221579 -0.020166
v -0.146789 0.226109 -0.005533
v -0.154828 0.231233 0.006060
v -0.159496 0.243006 0.020184
v -0.160580 0.249561 0.020184
v -0.164324 0.263841 0.020184
v -0.157549 0.243006 0.035162
v -0.156498 0.236883 0.034807
v -0.160088 0.256517 0.036082
v -0.154828 0.231233 0.034309
v -0.142658 0.221579 0.043481
v -0.124578 0.214614 0.042412
v -0.105209 0.210940 0.030841
v -0.102354 0.210940 0.009152
v -0.105209 0.210940 0.009528
v -0.118069 0.214614 -0.007039
v -0.135262 0.221579 -0.012762
v -0.142658 0.221579 -0.003112
v -0.158408 0.236883 0.020184
v -0.158596 0.249561 0.035545
v -0.162212 0.263841 0.036827
v -0.151915 0.226109 0.033496
v -0.147307 0.221579 0.032243
v -0.130536 0.217720 0.048380
v -0.113184 0.212334 0.038943
v -0.117670 0.212334 0.035501
v -0.099498 0.210940 0.009528
v -0.113184 0.212334 0.001425
v -0.147307 0.221579 0.008125
v -0.151915 0.226109 0.006872
v -0.156679 0.231233 0.020184
v -0.136870 0.217720 0.040121
v -0.140852 0.217720 0.030505
v -0.121112 0.212334 0.031015
v -0.107870 0.210940 0.029739
v -0.107870 0.210940 0.010630
v -0.124578 0.214614 -0.002043
v -0.130536 0.217720 -0.008011
v -0.136870 0.217720 0.000247
v -0.153663 0.226109 0.020184
v -0.148893 0.221579 0.020184
v -0.110155 0.210940 0.027985
v -0.111908 0.210940 0.025701
v -0.129573 0.214614 0.035901
v -0.110155 0.210940 0.012383
v -0.117670 0.212334 0.004867
v -0.140852 0.217720 0.009864
v -0.142210 0.217720 0.020184
v -0.113010 0.210940 0.023040
v -0.123276 0.212334 0.025791
v -0.129573 0.214614 0.004467
v -0.132713 0.214614 0.028320
v -0.111908 0.210940 0.014668
v -0.121112 0.212334 0.009354
v -0.132713 0.214614 0.012048
v -0.133784 0.214614 0.020184
v -0.113386 0.210940 0.020184
v -0.124014 0.212334 0.020184
v -0.113010 0.210940 0.017329
v -0.123276 0.212334 0.014578
v 0.056487 0.256517 0.004287
v 0.054450 0.256517 0.020184
v 0.054362 0.263841 0.003542
v 0.057978 0.249561 0.004823
v 0.062458 0.256517 -0.010528
v 0.052251 0.263841 0.020184
v 0.055994 0.249561 0.020184
v 0.060553 0.263841 -0.011967
v 0.054362 0.263841 0.036827
v 0.057978 0.249561 0.035545
v 0.059026 0.243006 0.005206
v 0.063795 0.249561 -0.009491
v 0.071956 0.256517 -0.023249
v 0.056487 0.256517 0.036082
v 0.057079 0.243006 0.020184
v 0.073048 0.249561 -0.021782
v 0.070401 0.263841 -0.025284
v 0.062458 0.256517 0.050896
v 0.063795 0.249561 0.049859
v 0.059026 0.243006 0.035162
v 0.064734 0.243006 -0.008751
v 0.058166 0.236883 0.020184
v 0.073815 0.243006 -0.020736
v 0.084335 0.256517 -0.033010
v 0.083236 0.263841 -0.035503
v 0.060553 0.263841 0.052335
v 0.064734 0.243006 0.049119
v 0.060076 0.236883 0.005562
v 0.085107 0.249561 -0.031214
v 0.073048 0.249561 0.062151
v 0.071956 0.256517 0.063617
v 0.060076 0.236883 0.034807
v 0.065676 0.236883 -0.008064
v 0.061746 0.231233 0.006060
v 0.085649 0.243006 -0.029932
v 0.098751 0.256517 -0.039147
v 0.070401 0.263841 0.065653
v 0.073815 0.243006 0.061104
v 0.065676 0.236883 0.048433
v 0.059895 0.231233 0.020184
v 0.074584 0.236883 -0.019765
v 0.099150 0.249561 -0.037143
v 0.098181 0.263841 -0.041927
v 0.085107 0.249561 0.071583
v 0.083236 0.263841 0.075872
v 0.085649 0.243006 0.070301
v 0.074584 0.236883 0.060134
v 0.067174 0.231233 0.047471
v 0.061746 0.231233 0.034309
v 0.067174 0.231233 -0.007102
v 0.062911 0.226109 0.020184
v 0.086193 0.236883 -0.028744
v 0.099431 0.243006 -0.035714
v 0.114220 0.256517 -0.041240
v 0.114220 0.263841 -0.044118
v 0.084335 0.256517 0.073379
v 0.086193 0.236883 0.069112
v 0.075807 0.231233 0.058773
v 0.064659 0.226109 0.006872
v 0.075807 0.231233 -0.018405
v 0.087058 0.231233 -0.027078
v 0.099713 0.236883 -0.034388
v 0.114220 0.249561 -0.039165
v 0.099150 0.249561 0.077512
v 0.098181 0.263841 0.082296
v 0.099431 0.243006 0.076082
v 0.069785 0.226109 0.045901
v 0.064659 0.226109 0.033496
v 0.069785 0.226109 -0.005533
v 0.069267 0.221579 0.008125
v 0.114220 0.243006 -0.037685
v 0.129690 0.256517 -0.039147
v 0.130259 0.263841 -0.041927
v 0.098751 0.256517 0.079515
v 0.099713 0.236883 0.074756
v 0.087058 0.231233 0.067446
v 0.077939 0.226109 0.056553
v 0.067681 0.221579 0.020184
v 0.077939 0.226109 -0.016185
v 0.100160 0.231233 -0.032530
v 0.114220 0.236883 -0.036313
v 0.129290 0.249561 -0.037143
v 0.114220 0.243006 0.078054
v 0.114220 0.256517 0.081608
v 0.114220 0.263841 0.084487
v 0.088566 0.226109 0.064727
v 0.069267 0.221579 0.032243
v 0.081312 0.221579 0.053130
v 0.073916 0.221579 -0.003112
v 0.088566 0.226109 -0.024359
v 0.075722 0.217720 0.009864
v 0.129010 0.243006 -0.035714
v 0.144106 0.256517 -0.033010
v 0.114220 0.249561 0.079534
v 0.114220 0.236883 0.076681
v 0.100160 0.231233 0.072898
v 0.073916 0.221579 0.043481
v 0.090951 0.221579 0.060535
v 0.075722 0.217720 0.030505
v 0.081312 0.221579 -0.012762
v 0.090951 0.221579 -0.020166
v 0.074364 0.217720 0.020184
v 0.100940 0.226109 -0.029497
v 0.114220 0.231233 -0.034389
v 0.128728 0.236883 -0.034388
v 0.143333 0.249561 -0.031214
v 0.145205 0.263841 -0.035503
v 0.129290 0.249561 0.077512
v 0.130259 0.263841 0.082296
v 0.129010 0.243006 0.076082
v 0.100940 0.226109 0.069865
v 0.079704 0.217720 0.040121
v 0.102175 0.221579 0.065189
v 0.086038 0.217720 0.048380
v 0.079704 0.217720 0.000247
v 0.082791 0.214614 0.020184
v 0.142791 0.243006 -0.029932
v 0.156484 0.256517 -0.023249
v 0.158040 0.263841 -0.025284
v 0.129690 0.256517 0.079515
v 0.128728 0.236883 0.074756
v 0.114220 0.231233 0.074758
v 0.114220 0.226109 0.071618
v 0.103905 0.217720 0.058700
v 0.094292 0.217720 0.054717
v 0.087001 0.214614 0.035901
v 0.083862 0.214614 0.028320
v 0.087001 0.214614 0.004467
v 0.086038 0.217720 -0.008011
v 0.102175 0.221579 -0.024821
v 0.083862 0.214614 0.012048
v 0.114220 0.226109 -0.031249
v 0.128281 0.231233 -0.032530
v 0.142247 0.236883 -0.028744
v 0.155392 0.249561 -0.021782
v 0.143333 0.249561 0.071583
v 0.144106 0.256517 0.073379
v 0.142247 0.236883 0.069112
v 0.114220 0.221579 0.066777
v 0.091996 0.214614 0.042412
v 0.114220 0.217720 0.060059
v 0.098505 0.214614 0.047407
v 0.091996 0.214614 -0.002043
v 0.094292 0.217720 -0.014348
v 0.103905 0.217720 -0.018332
v 0.092560 0.212334 0.020184
v 0.154626 0.243006 -0.020736
v 0.165983 0.256517 -0.010528
v 0.142791 0.243006 0.070301
v 0.145205 0.263841 0.075872
v 0.128281 0.231233 0.072898
v 0.127500 0.226109 0.069865
v 0.106086 0.214614 0.050547
v 0.114220 0.214614 0.051618
v 0.093298 0.212334 0.025791
v 0.095462 0.212334 0.031015
v 0.093298 0.212334 0.014578
v 0.095462 0.212334 0.009354
v 0.114220 0.217720 -0.019690
v 0.114220 0.221579 -0.026408
v 0.127500 0.226109 -0.029497
v 0.141383 0.231233 -0.027078
v 0.153856 0.236883 -0.019765
v 0.164645 0.249561 -0.009491
v 0.167888 0.263841 -0.011967
v 0.154626 0.243006 0.061104
v 0.156484 0.256517 0.063617
v 0.158040 0.263841 0.065653
v 0.153856 0.236883 0.060134
v 0.141383 0.231233 0.067446
v 0.126266 0.221579 0.065189
v 0.098904 0.212334 0.035501
v 0.124536 0.217720 0.058700
v 0.108614 0.212334 0.041107
v 0.098904 0.212334 0.004867
v 0.098505 0.214614 -0.007039
v 0.106086 0.214614 -0.010179
v 0.103564 0.210940 0.023040
v 0.103564 0.210940 0.017329
v 0.152634 0.231233 -0.018405
v 0.162764 0.236883 -0.008064
v 0.163707 0.243006 -0.008751
v 0.170462 0.249561 0.004823
v 0.174078 0.263841 0.003542
v 0.155392 0.249561 0.062151
v 0.152634 0.231233 0.058773
v 0.139875 0.226109 0.064727
v 0.103390 0.212334 0.038943
v 0.114220 0.212334 0.041846
v 0.122355 0.214614 0.050547
v 0.104666 0.210940 0.025701
v 0.106419 0.210940 0.012383
v 0.114220 0.214614 -0.011250
v 0.126266 0.221579 -0.024821
v 0.103188 0.210940 0.020184
v 0.139875 0.226109 -0.024359
v 0.171954 0.256517 0.004287
v 0.164645 0.249561 0.049859
v 0.163707 0.243006 0.049119
v 0.167888 0.263841 0.052335
v 0.161267 0.231233 0.047471
v 0.150502 0.226109 0.056553
v 0.137490 0.221579 0.060535
v 0.108704 0.210940 0.029739
v 0.134148 0.217720 0.054717
v 0.111365 0.210940 0.030841
v 0.114220 0.210940 0.031217
v 0.106419 0.210940 0.027985
v 0.104666 0.210940 0.014668
v 0.103390 0.212334 0.001425
v 0.108614 0.212334 -0.000739
v 0.114220 0.212334 -0.001477
v 0.122355 0.214614 -0.010179
v 0.124536 0.217720 -0.018332
v 0.114220 0.210471 0.020184
v 0.150502 0.226109 -0.016185
v 0.161267 0.231233 -0.007102
v 0.168364 0.236883 0.005562
v 0.169415 0.243006 0.005206
v 0.173991 0.256517 0.020184
v 0.162764 0.236883 0.048433
v 0.165983 0.256517 0.050896
v 0.158656 0.226109 0.045901
v 0.147129 0.221579 0.053130
v 0.119827 0.212334 0.041107
v 0.129935 0.214614 0.047407
v 0.108704 0.210940 0.010630
v 0.119827 0.212334 -0.000739
v 0.134148 0.217720 -0.014348
v 0.137490 0.221579 -0.020166
v 0.158656 0.226109 -0.005533
v 0.166694 0.231233 0.006060
v 0.171362 0.243006 0.020184
v 0.172446 0.249561 0.020184
v 0.176190 0.263841 0.020184
v 0.169415 0.243006 0.035162
v 0.168364 0.236883 0.034807
v 0.171954 0.256517 0.036082
v 0.166694 0.231233 0.034309
v 0.154525 0.221579 0.043481
v 0.136445 0.214614 0.042412
v 0.117076 0.210940 0.030841
v 0.114220 0.210940 0.009152
v 0.117076 0.210940 0.009528
v 0.129935 0.214614 -0.007039
v 0.147129 0.221579 -0.012762
v 0.154525 0.221579 -0.003112
v 0.170274 0.236883 0.020184
v 0.170462 0.249561 0.035545
v 0.174078 0.263841 0.036827
v 0.163781 0.226109 0.033496
v 0.159174 0.221579 0.032243
v 0.142403 0.217720 0.048380
v 0.125051 0.212334 0.038943
v 0.129537 0.212334 0.035501
v 0.111365 0.210940 0.009528
v 0.125051 0.212334 0.001425
v 0.159174 0.221579 0.008125
v 0.163781 0.226109 0.006872
v 0.168545 0.231233 0.020184
v 0.148737 0.217720 0.040121
v 0.152718 0.217720 0.030505
v 0.132979 0.212334 0.031015
v 0.119737 0.210940 0.029739
v 0.119737 0.210940 0.010630
v 0.136445 0.214614 -0.002043
v 0.142403 0.217720 -0.008011
v 0.148737 0.217720 0.000247
v 0.165530 0.226109 0.020184
v 0.160760 0.221579 0.020184
v 0.122021 0.210940 0.027985
v 0.123775 0.210940 0.025701
v 0.141439 0.214614 0.035901
v 0.122021 0.210940 0.012383
v 0.129537 0.212334 0.004867
v 0.152718 0.217720 0.009864
v 0.154076 0.217720 0.020184
v 0.124877 0.210940 0.023040
v 0.135143 0.212334 0.025791
v 0.141439 0.214614 0.004467
v 0.144579 0.214614 0.028320
v 0.123775 0.210940 0.014668
v 0.132979 0.212334 0.009354
v 0.144579 0.214614 0.012048
v 0.145650 0.214614 0.020184
v 0.125253 0.210940 0.020184
v 0.135881 0.212334 0.020184
v 0.124877 0.210940 0.017329
v 0.135143 0.212334 0.014578
v -0.094672 0.331889 0.052201
v -0.098423 0.334107 0.036589
v -0.102354 0.331889 0.053331
v -0.102354 0.328285 0.067864
v -0.094759 0.334107 0.034893
v -0.102354 0.334107 0.037168
v -0.091280 0.328285 0.066240
v -0.113428 0.328285 0.066240
v -0.087513 0.331889 0.048890
v -0.102354 0.334856 0.020184
v -0.110036 0.331889 0.052201
v -0.102354 0.323430 0.080022
v -0.091614 0.334107 0.032194
v -0.106285 0.334107 0.036589
v -0.088412 0.323430 0.077983
v -0.080960 0.328285 0.061476
v -0.116296 0.323430 0.077983
v -0.123747 0.328285 0.061476
v -0.081366 0.331889 0.043622
v -0.089200 0.334107 0.028676
v -0.109948 0.334107 0.034893
v -0.102354 0.317502 0.089213
v -0.117194 0.331889 0.048890
v -0.087682 0.334107 0.024580
v -0.113094 0.334107 0.032194
v -0.086199 0.317502 0.086861
v -0.075419 0.323430 0.072005
v -0.072099 0.328285 0.053899
v -0.129288 0.323430 0.072005
v -0.118508 0.317502 0.086861
v -0.123341 0.331889 0.043622
v -0.076650 0.331889 0.036758
v -0.087165 0.334107 0.020184
v -0.115508 0.334107 0.028676
v -0.102354 0.310710 0.095121
v -0.064263 0.323430 0.062496
v -0.140445 0.323430 0.062496
v -0.119991 0.310710 0.092568
v -0.132609 0.328285 0.053899
v -0.073684 0.331889 0.028763
v -0.072673 0.331889 0.020184
v -0.087682 0.334107 0.015788
v -0.128058 0.331889 0.036758
v -0.117025 0.334107 0.024580
v -0.084716 0.310710 0.092568
v -0.071146 0.317502 0.079965
v -0.065299 0.328285 0.044024
v -0.146489 0.317502 0.068995
v -0.133562 0.317502 0.079965
v -0.139408 0.328285 0.044024
v -0.089200 0.334107 0.011692
v -0.131023 0.331889 0.028763
v -0.117543 0.334107 0.020184
v -0.102354 0.303283 0.097791
v -0.120750 0.303283 0.095147
v -0.058219 0.317502 0.068995
v -0.055702 0.323430 0.050103
v -0.149006 0.323430 0.050103
v -0.156408 0.317502 0.054699
v -0.136427 0.310710 0.085081
v -0.061025 0.328285 0.032525
v -0.059567 0.328285 0.020184
v -0.073684 0.331889 0.011605
v -0.091614 0.334107 0.008175
v -0.143683 0.328285 0.032525
v -0.132035 0.331889 0.020184
v -0.117025 0.334107 0.015788
v -0.083957 0.303283 0.095147
v -0.068281 0.310710 0.085081
v -0.161369 0.310710 0.057653
v -0.150540 0.310710 0.073173
v -0.154387 0.323430 0.035671
v -0.076650 0.331889 0.003611
v -0.094759 0.334107 0.005476
v -0.145141 0.328285 0.020184
v -0.115508 0.334107 0.011692
v -0.083834 0.295448 0.095005
v -0.102354 0.295448 0.097645
v -0.137893 0.303283 0.087394
v -0.054168 0.310710 0.073173
v -0.048300 0.317502 0.054699
v -0.050320 0.323430 0.035671
v -0.162643 0.317502 0.038050
v -0.168177 0.310710 0.039579
v -0.061025 0.328285 0.007844
v -0.081366 0.331889 -0.003254
v -0.098423 0.334107 0.003779
v -0.156223 0.323430 0.020184
v -0.131023 0.331889 0.011605
v -0.113094 0.334107 0.008175
v -0.066576 0.295448 0.087267
v -0.066814 0.303283 0.087394
v -0.120874 0.295448 0.095005
v -0.138132 0.295448 0.087267
v -0.163910 0.303283 0.058988
v -0.152614 0.303283 0.075060
v -0.164770 0.317502 0.020184
v -0.048485 0.323430 0.020184
v -0.050320 0.323430 0.004697
v -0.065299 0.328285 -0.003656
v -0.087513 0.331889 -0.008522
v -0.102354 0.334107 0.003200
v -0.143683 0.328285 0.007844
v -0.128058 0.331889 0.003611
v -0.123341 0.331889 -0.003254
v -0.109948 0.334107 0.005476
v -0.084192 0.287419 0.092839
v -0.120516 0.287419 0.092839
v -0.152952 0.295448 0.074957
v -0.052094 0.303283 0.075060
v -0.043338 0.310710 0.057653
v -0.042065 0.317502 0.038050
v -0.170499 0.310710 0.020184
v -0.171011 0.303283 0.040270
v -0.039938 0.317502 0.020184
v -0.055702 0.323430 -0.009735
v -0.072099 0.328285 -0.013531
v -0.094672 0.331889 -0.011833
v -0.106285 0.334107 0.003779
v -0.154387 0.323430 0.004697
v -0.117194 0.331889 -0.008522
v -0.102354 0.287419 0.095402
v -0.067268 0.287419 0.085325
v -0.051756 0.295448 0.074957
v -0.151973 0.287419 0.073371
v -0.173433 0.303283 0.020184
v -0.164323 0.295448 0.058915
v -0.171472 0.295448 0.040233
v -0.162643 0.317502 0.002318
v -0.042065 0.317502 0.002318
v -0.080960 0.328285 -0.021108
v -0.102354 0.331889 -0.012962
v -0.139408 0.328285 -0.003656
v -0.132609 0.328285 -0.013531
v -0.123747 0.328285 -0.021108
v -0.110036 0.331889 -0.011833
v -0.084844 0.279383 0.089483
v -0.068527 0.279383 0.082316
v -0.137440 0.287419 0.085325
v -0.119864 0.279383 0.089483
v -0.163124 0.287419 0.057793
v -0.040798 0.303283 0.058988
v -0.036530 0.310710 0.039579
v -0.034208 0.310710 0.020184
v -0.168177 0.310710 0.000789
v -0.173910 0.295448 0.020184
v -0.048300 0.317502 -0.014330
v -0.064263 0.323430 -0.022127
v -0.091280 0.328285 -0.025871
v -0.149006 0.323430 -0.009735
v -0.113428 0.328285 -0.025871
v -0.102354 0.279383 0.091928
v -0.054516 0.279383 0.070915
v -0.052735 0.287419 0.073371
v -0.160944 0.279383 0.056056
v -0.150192 0.279383 0.070915
v -0.040385 0.295448 0.058915
v -0.171011 0.303283 0.000098
v -0.170134 0.287419 0.039652
v -0.156408 0.317502 -0.014330
v -0.036530 0.310710 0.000789
v -0.043338 0.310710 -0.017284
v -0.075419 0.323430 -0.031637
v -0.088412 0.323430 -0.037615
v -0.102354 0.328285 -0.027496
v -0.140445 0.323430 -0.022127
v -0.129288 0.323430 -0.031637
v -0.116296 0.323430 -0.037615
v -0.102354 0.271488 0.088065
v -0.085602 0.271488 0.085752
v -0.069993 0.271488 0.078970
v -0.136181 0.279383 0.082316
v -0.119105 0.271488 0.085752
v -0.167702 0.279383 0.038753
v -0.033697 0.303283 0.040270
v -0.031275 0.303283 0.020184
v -0.161369 0.310710 -0.017284
v -0.171472 0.295448 0.000136
v -0.172526 0.287419 0.020184
v -0.033697 0.303283 0.000098
v -0.058219 0.317502 -0.028627
v -0.071146 0.317502 -0.039597
v -0.146489 0.317502 -0.028627
v -0.102354 0.323430 -0.039653
v -0.056588 0.271488 0.068183
v -0.043764 0.279383 0.056056
v -0.041583 0.287419 0.057793
v -0.158405 0.271488 0.054124
v -0.164871 0.271488 0.037753
v -0.134715 0.271488 0.078970
v -0.033236 0.295448 0.040233
v -0.163910 0.303283 -0.018619
v -0.170134 0.287419 0.000716
v -0.054168 0.310710 -0.032804
v -0.086199 0.317502 -0.046493
v -0.133562 0.317502 -0.039597
v -0.118508 0.317502 -0.046493
v -0.102354 0.317502 -0.048845
v -0.102354 0.263841 0.084487
v -0.118393 0.263841 0.082296
v -0.071369 0.263841 0.075872
v -0.034573 0.287419 0.039652
v -0.148119 0.271488 0.068183
v -0.167076 0.271488 0.020184
v -0.033236 0.295448 0.000136
v -0.150540 0.310710 -0.032804
v -0.164323 0.295448 -0.018546
v -0.163124 0.287419 -0.017425
v -0.167702 0.279383 0.001616
v -0.170007 0.279383 0.020184
v -0.040798 0.303283 -0.018619
v -0.068281 0.310710 -0.044713
v -0.136427 0.310710 -0.044713
v -0.086315 0.263841 0.082296
v -0.058535 0.263841 0.065653
v -0.046303 0.271488 0.054124
v -0.156021 0.263841 0.052335
v -0.164324 0.263841 0.020184
v -0.146173 0.263841 0.065653
v -0.032182 0.287419 0.020184
v -0.030798 0.295448 0.020184
v -0.152614 0.303283 -0.034692
v -0.152952 0.295448 -0.034589
v -0.160944 0.279383 -0.015688
v -0.052094 0.303283 -0.034692
v -0.084716 0.310710 -0.052199
v -0.119991 0.310710 -0.052199
v -0.133339 0.263841 0.075872
v -0.037006 0.279383 0.038753
v -0.162212 0.263841 0.036827
v -0.162212 0.263841 0.003542
v -0.034700 0.279383 0.020184
v -0.040385 0.295448 -0.018546
v -0.034573 0.287419 0.000716
v -0.137893 0.303283 -0.047025
v -0.150192 0.279383 -0.030546
v -0.164871 0.271488 0.002616
v -0.066814 0.303283 -0.047025
v -0.102354 0.310710 -0.054752
v -0.048686 0.263841 0.052335
v -0.039837 0.271488 0.037753
v -0.037006 0.279383 0.001616
v -0.138132 0.295448 -0.046899
v -0.151973 0.287419 -0.033003
v -0.158405 0.271488 -0.013756
v -0.051756 0.295448 -0.034589
v -0.083957 0.303283 -0.054778
v -0.102354 0.303283 -0.057422
v -0.039837 0.271488 0.002616
v -0.041583 0.287419 -0.017425
v -0.120874 0.295448 -0.054637
v -0.148119 0.271488 -0.027814
v -0.137440 0.287419 -0.044956
v -0.120750 0.303283 -0.054778
v -0.066576 0.295448 -0.046899
v -0.042496 0.263841 0.036827
v -0.037632 0.271488 0.020184
v -0.156021 0.263841 -0.011967
v -0.043764 0.279383 -0.015688
v -0.120516 0.287419 -0.052470
v -0.134715 0.271488 -0.038602
v -0.146173 0.263841 -0.025284
v -0.136181 0.279383 -0.041948
v -0.052735 0.287419 -0.033003
v -0.083834 0.295448 -0.054637
v -0.102354 0.295448 -0.057276
v -0.040384 0.263841 0.020184
v -0.046303 0.271488 -0.013756
v -0.102354 0.287419 -0.055033
v -0.133339 0.263841 -0.035503
v -0.067268 0.287419 -0.044956
v -0.048686 0.263841 -0.011967
v -0.056588 0.271488 -0.027814
v -0.042496 0.263841 0.003542
v -0.102354 0.279383 -0.051559
v -0.118393 0.263841 -0.041927
v -0.119105 0.271488 -0.045383
v -0.119864 0.279383 -0.049115
v -0.054516 0.279383 -0.030546
v -0.084192 0.287419 -0.052470
v -0.058535 0.263841 -0.025284
v -0.084844 0.279383 -0.049115
v -0.069993 0.271488 -0.038602
v -0.102354 0.271488 -0.047696
v -0.085602 0.271488 -0.045383
v -0.068527 0.279383 -0.041948
v -0.071369 0.263841 -0.035503
v -0.102354 0.263841 -0.044118
v -0.086315 0.263841 -0.041927
v 0.114220 0.331889 0.053331
v 0.110289 0.334107 0.036589
v 0.106538 0.331889 0.052201
v 0.114220 0.328285 0.067864
v 0.106626 0.334107 0.034893
v 0.114220 0.334107 0.037168
v 0.103146 0.328285 0.066240
v 0.125294 0.328285 0.066240
v 0.099380 0.331889 0.048890
v 0.114220 0.334856 0.020184
v 0.121902 0.331889 0.052201
v 0.114220 0.323430 0.080022
v 0.103480 0.334107 0.032194
v 0.118152 0.334107 0.036589
v 0.100278 0.323430 0.077983
v 0.092827 0.328285 0.061476
v 0.128163 0.323430 0.077983
v 0.135614 0.328285 0.061476
v 0.093233 0.331889 0.043622
v 0.101066 0.334107 0.028676
v 0.121815 0.334107 0.034893
v 0.114220 0.317502 0.089213
v 0.129061 0.331889 0.048890
v 0.099549 0.334107 0.024580
v 0.124961 0.334107 0.032194
v 0.098066 0.317502 0.086861
v 0.087286 0.323430 0.072005
v 0.083965 0.328285 0.053899
v 0.141155 0.323430 0.072005
v 0.130375 0.317502 0.086861
v 0.135208 0.331889 0.043622
v 0.088516 0.331889 0.036758
v 0.099031 0.334107 0.020184
v 0.127374 0.334107 0.028676
v 0.114220 0.310710 0.095121
v 0.076129 0.323430 0.062496
v 0.152311 0.323430 0.062496
v 0.131858 0.310710 0.092568
v 0.144475 0.328285 0.053899
v 0.085551 0.331889 0.028763
v 0.084540 0.331889 0.020184
v 0.099549 0.334107 0.015788
v 0.139925 0.331889 0.036758
v 0.128892 0.334107 0.024580
v 0.096583 0.310710 0.092568
v 0.083012 0.317502 0.079965
v 0.077166 0.328285 0.044024
v 0.158355 0.317502 0.068995
v 0.145428 0.317502 0.079965
v 0.151275 0.328285 0.044024
v 0.101066 0.334107 0.011692
v 0.142890 0.331889 0.028763
v 0.129409 0.334107 0.020184
v 0.114220 0.303283 0.097791
v 0.132617 0.303283 0.095147
v 0.070086 0.317502 0.068995
v 0.067569 0.323430 0.050103
v 0.160872 0.323430 0.050103
v 0.168274 0.317502 0.054699
v 0.148293 0.310710 0.085081
v 0.072891 0.328285 0.032525
v 0.071433 0.328285 0.020184
v 0.085551 0.331889 0.011605
v 0.103480 0.334107 0.008175
v 0.155549 0.328285 0.032525
v 0.143901 0.331889 0.020184
v 0.128892 0.334107 0.015788
v 0.095824 0.303283 0.095147
v 0.080148 0.310710 0.085081
v 0.173236 0.310710 0.057653
v 0.162406 0.310710 0.073173
v 0.166254 0.323430 0.035671
v 0.088516 0.331889 0.003611
v 0.106626 0.334107 0.005476
v 0.157007 0.328285 0.020184
v 0.127374 0.334107 0.011692
v 0.095700 0.295448 0.095005
v 0.114220 0.295448 0.097645
v 0.149760 0.303283 0.087394
v 0.066034 0.310710 0.073173
v 0.060167 0.317502 0.054699
v 0.062187 0.323430 0.035671
v 0.174510 0.317502 0.038050
v 0.180044 0.310710 0.039579
v 0.072891 0.328285 0.007844
v 0.093233 0.331889 -0.003254
v 0.110289 0.334107 0.003779
v 0.168089 0.323430 0.020184
v 0.142890 0.331889 0.011605
v 0.124961 0.334107 0.008175
v 0.078442 0.295448 0.087267
v 0.078681 0.303283 0.087394
v 0.132740 0.295448 0.095005
v 0.149998 0.295448 0.087267
v 0.175776 0.303283 0.058988
v 0.164481 0.303283 0.075060
v 0.176636 0.317502 0.020184
v 0.060351 0.323430 0.020184
v 0.062187 0.323430 0.004697
v 0.077166 0.328285 -0.003656
v 0.099380 0.331889 -0.008522
v 0.114220 0.334107 0.003200
v 0.155549 0.328285 0.007844
v 0.139925 0.331889 0.003611
v 0.135208 0.331889 -0.003254
v 0.121815 0.334107 0.005476
v 0.096059 0.287419 0.092839
v 0.132382 0.287419 0.092839
v 0.164818 0.295448 0.074957
v 0.063960 0.303283 0.075060
v 0.055205 0.310710 0.057653
v 0.053931 0.317502 0.038050
v 0.182366 0.310710 0.020184
v 0.182877 0.303283 0.040270
v 0.051804 0.317502 0.020184
v 0.067569 0.323430 -0.009735
v 0.083965 0.328285 -0.013531
v 0.106538 0.331889 -0.011833
v 0.118152 0.334107 0.003779
v 0.166254 0.323430 0.004697
v 0.129061 0.331889 -0.008522
v 0.114220 0.287419 0.095402
v 0.079135 0.287419 0.085325
v 0.063623 0.295448 0.074957
v 0.163839 0.287419 0.073371
v 0.185299 0.303283 0.020184
v 0.176190 0.295448 0.058915
v 0.183338 0.295448 0.040233
v 0.174510 0.317502 0.002318
v 0.053931 0.317502 0.002318
v 0.092827 0.328285 -0.021108
v 0.114220 0.331889 -0.012962
v 0.151275 0.328285 -0.003656
v 0.144475 0.328285 -0.013531
v 0.135614 0.328285 -0.021108
v 0.121902 0.331889 -0.011833
v 0.096710 0.279383 0.089483
v 0.080394 0.279383 0.082316
v 0.149306 0.287419 0.085325
v 0.131730 0.279383 0.089483
v 0.174991 0.287419 0.057793
v 0.052664 0.303283 0.058988
v 0.048397 0.310710 0.039579
v 0.046075 0.310710 0.020184
v 0.180044 0.310710 0.000789
v 0.185776 0.295448 0.020184
v 0.060167 0.317502 -0.014330
v 0.076129 0.323430 -0.022127
v 0.103146 0.328285 -0.025871
v 0.160872 0.323430 -0.009735
v 0.125294 0.328285 -0.025871
v 0.114220 0.279383 0.091928
v 0.066382 0.279383 0.070915
v 0.064601 0.287419 0.073371
v 0.172810 0.279383 0.056056
v 0.162059 0.279383 0.070915
v 0.052251 0.295448 0.058915
v 0.182877 0.303283 0.000098
v 0.182001 0.287419 0.039652
v 0.168274 0.317502 -0.014330
v 0.048397 0.310710 0.000789
v 0.055205 0.310710 -0.017284
v 0.087286 0.323430 -0.031637
v 0.100278 0.323430 -0.037615
v 0.114220 0.328285 -0.027496
v 0.152311 0.323430 -0.022127
v 0.141155 0.323430 -0.031637
v 0.128163 0.323430 -0.037615
v 0.114220 0.271488 0.088065
v 0.097469 0.271488 0.085752
v 0.081859 0.271488 0.078970
v 0.148047 0.279383 0.082316
v 0.130972 0.271488 0.085752
v 0.179569 0.279383 0.038753
v 0.045563 0.303283 0.040270
v 0.043142 0.303283 0.020184
v 0.173236 0.310710 -0.017284
v 0.183338 0.295448 0.000136
v 0.184392 0.287419 0.020184
v 0.045563 0.303283 0.000098
v 0.070086 0.317502 -0.028627
v 0.083012 0.317502 -0.039597
v 0.158355 0.317502 -0.028627
v 0.114220 0.323430 -0.039653
v 0.068455 0.271488 0.068183
v 0.055631 0.279383 0.056056
v 0.053450 0.287419 0.057793
v 0.170272 0.271488 0.054124
v 0.176737 0.271488 0.037753
v 0.146582 0.271488 0.078970
v 0.045103 0.295448 0.040233
v 0.175776 0.303283 -0.018619
v 0.182001 0.287419 0.000716
v 0.066034 0.310710 -0.032804
v 0.098066 0.317502 -0.046493
v 0.145428 0.317502 -0.039597
v 0.130375 0.317502 -0.046493
v 0.114220 0.317502 -0.048845
v 0.114220 0.263841 0.084487
v 0.130259 0.263841 0.082296
v 0.083236 0.263841 0.075872
v 0.046440 0.287419 0.039652
v 0.159986 0.271488 0.068183
v 0.178943 0.271488 0.020184
v 0.045103 0.295448 0.000136
v 0.162406 0.310710 -0.032804
v 0.176190 0.295448 -0.018546
v 0.174991 0.287419 -0.017425
v 0.179569 0.279383 0.001616
v 0.181874 0.279383 0.020184
v 0.052664 0.303283 -0.018619
v 0.080148 0.310710 -0.044713
v 0.148293 0.310710 -0.044713
v 0.098181 0.263841 0.082296
v 0.070401 0.263841 0.065653
v 0.058169 0.271488 0.054124
v 0.167888 0.263841 0.052335
v 0.176190 0.263841 0.020184
v 0.158040 0.263841 0.065653
v 0.044049 0.287419 0.020184
v 0.042664 0.295448 0.020184
v 0.164481 0.303283 -0.034692
v 0.164818 0.295448 -0.034589
v 0.172810 0.279383 -0.015688
v 0.063960 0.303283 -0.034692
v 0.096583 0.310710 -0.052199
v 0.131858 0.310710 -0.052199
v 0.145205 0.263841 0.075872
v 0.048872 0.279383 0.038753
v 0.174078 0.263841 0.036827
v 0.174078 0.263841 0.003542
v 0.046567 0.279383 0.020184
v 0.052251 0.295448 -0.018546
v 0.046440 0.287419 0.000716
v 0.149760 0.303283 -0.047025
v 0.162059 0.279383 -0.030546
v 0.176737 0.271488 0.002616
v 0.078681 0.303283 -0.047025
v 0.114220 0.310710 -0.054752
v 0.060553 0.263841 0.052335
v 0.051703 0.271488 0.037753
v 0.048872 0.279383 0.001616
v 0.149998 0.295448 -0.046899
v 0.163839 0.287419 -0.033003
v 0.170272 0.271488 -0.013756
v 0.063623 0.295448 -0.034589
v 0.095824 0.303283 -0.054778
v 0.114220 0.303283 -0.057422
v 0.051703 0.271488 0.002616
v 0.053450 0.287419 -0.017425
v 0.132740 0.295448 -0.054637
v 0.159986 0.271488 -0.027814
v 0.149306 0.287419 -0.044956
v 0.132617 0.303283 -0.054778
v 0.078442 0.295448 -0.046899
v 0.054362 0.263841 0.036827
v 0.049498 0.271488 0.020184
v 0.167888 0.263841 -0.011967
v 0.055631 0.279383 -0.015688
v 0.132382 0.287419 -0.052470
v 0.146582 0.271488 -0.038602
v 0.158040 0.263841 -0.025284
v 0.148047 0.279383 -0.041948
v 0.064601 0.287419 -0.033003
v 0.095700 0.295448 -0.054637
v 0.114220 0.295448 -0.057276
v 0.052251 0.263841 0.020184
v 0.058169 0.271488 -0.013756
v 0.114220 0.287419 -0.055033
v 0.145205 0.263841 -0.035503
v 0.079135 0.287419 -0.044956
v 0.060553 0.263841 -0.011967
v 0.068455 0.271488 -0.027814
v 0.054362 0.263841 0.003542
v 0.114220 0.279383 -0.051559
v 0.130259 0.263841 -0.041927
v 0.130972 0.271488 -0.045383
v 0.131730 0.279383 -0.049115
v 0.066382 0.279383 -0.030546
v 0.096059 0.287419 -0.052470
v 0.070401 0.263841 -0.025284
v 0.096710 0.279383 -0.049115
v 0.081859 0.271488 -0.038602
v 0.114220 0.271488 -0.047696
v 0.097469 0.271488 -0.045383
v 0.080394 0.279383 -0.041948
v 0.083236 0.263841 -0.035503
v 0.114220 0.263841 -0.044118
v 0.098181 0.263841 -0.041927
v 0.035684 0.268914 -0.009133
v 0.010345 0.268152 0.016205
v 0.028251 0.268914 -0.014836
v 0.019595 0.268914 -0.018422
v 0.060276 0.271240 -0.033725
v 0.041387 0.268914 -0.001700
v 0.010307 0.268914 -0.019644
v 0.028523 0.271240 -0.052058
v 0.045606 0.271240 -0.044982
v 0.071533 0.271240 -0.019056
v 0.044972 0.268914 0.006955
v 0.001018 0.268914 -0.018422
v 0.010190 0.271240 -0.054472
v 0.083445 0.275249 -0.056894
v 0.099953 0.275249 -0.035380
v 0.078609 0.271240 -0.001972
v 0.046195 0.268914 0.016244
v -0.007637 0.268914 -0.014836
v -0.008143 0.271240 -0.052058
v 0.009991 0.275249 -0.087320
v 0.036877 0.275249 -0.083780
v 0.061931 0.275249 -0.073403
v 0.110331 0.275249 -0.010327
v 0.044972 0.268914 0.025532
v -0.015070 0.268914 -0.009133
v -0.025226 0.271240 -0.044982
v -0.016894 0.275249 -0.083780
v 0.076748 0.281113 -0.099274
v 0.104517 0.281113 -0.077966
v 0.139219 0.281113 -0.017859
v 0.113870 0.275249 0.016559
v 0.081022 0.271240 0.016361
v 0.078609 0.271240 0.034693
v 0.041387 0.268914 0.034188
v -0.020773 0.268914 -0.001700
v -0.024995 0.281113 -0.112669
v 0.044410 0.281113 -0.112669
v 0.125825 0.281113 -0.050197
v 0.143788 0.281113 0.016843
v 0.035684 0.268914 0.041620
v -0.024358 0.268914 0.006955
v -0.051153 0.271240 -0.019056
v -0.039896 0.271240 -0.033725
v -0.041948 0.275249 -0.073403
v -0.057333 0.281113 -0.099274
v 0.009707 0.281113 -0.117237
v 0.122868 0.289034 -0.096317
v 0.148383 0.289034 -0.063064
v 0.164423 0.289034 -0.024341
v 0.169894 0.289034 0.017215
v 0.139219 0.281113 0.051546
v 0.071533 0.271240 0.051777
v 0.060276 0.271240 0.066447
v 0.028251 0.268914 0.047324
v -0.025581 0.268914 0.016244
v -0.063462 0.275249 -0.056894
v -0.070943 0.289034 -0.121833
v 0.009336 0.289034 -0.143343
v 0.050891 0.289034 -0.137872
v 0.089615 0.289034 -0.121833
v 0.164423 0.289034 0.058770
v 0.110331 0.275249 0.043445
v 0.099953 0.275249 0.068499
v 0.019595 0.268914 0.050909
v -0.024358 0.268914 0.025532
v -0.060642 0.271240 0.016361
v -0.058229 0.271240 -0.001972
v -0.079970 0.275249 -0.035380
v -0.104196 0.289034 -0.096317
v -0.032220 0.289034 -0.137872
v 0.100179 0.299204 -0.140464
v 0.137997 0.299204 -0.111446
v 0.185257 0.299204 -0.029589
v 0.191479 0.299204 0.017671
v 0.185257 0.299204 0.064931
v 0.125825 0.281113 0.083884
v 0.083445 0.275249 0.090013
v 0.045606 0.271240 0.077703
v 0.028523 0.271240 0.084780
v 0.010307 0.268914 0.052132
v -0.020773 0.268914 0.034188
v -0.058229 0.271240 0.034693
v -0.090348 0.275249 -0.010327
v -0.106410 0.281113 -0.050197
v -0.085102 0.281113 -0.077966
v -0.120238 0.299204 -0.111446
v -0.082420 0.299204 -0.140464
v -0.038381 0.299204 -0.158706
v 0.056140 0.299204 -0.158706
v 0.167015 0.299204 -0.073628
v 0.167015 0.299204 0.108971
v 0.148383 0.289034 0.097494
v 0.010190 0.271240 0.087193
v 0.001018 0.268914 0.050909
v -0.015070 0.268914 0.041620
v -0.090348 0.275249 0.043445
v -0.119805 0.281113 -0.017859
v -0.129712 0.289034 -0.063064
v -0.149256 0.299204 -0.073628
v 0.008879 0.299204 -0.164928
v 0.149609 0.311772 -0.123058
v 0.181357 0.311772 -0.081684
v 0.201314 0.311772 -0.033502
v 0.208121 0.311772 0.018203
v 0.201314 0.311772 0.069909
v 0.122868 0.289034 0.130747
v 0.104517 0.281113 0.111653
v 0.061931 0.275249 0.106521
v 0.036877 0.275249 0.116899
v -0.007637 0.268914 0.047324
v -0.039896 0.271240 0.066447
v -0.051153 0.271240 0.051777
v -0.093887 0.275249 0.016559
v -0.124373 0.281113 0.016843
v -0.145751 0.289034 -0.024341
v -0.164662 0.311772 -0.081684
v -0.132914 0.311772 -0.123058
v -0.091540 0.311772 -0.154806
v -0.043358 0.311772 -0.174763
v 0.060053 0.311772 -0.174763
v 0.108234 0.311772 -0.154806
v 0.181357 0.311772 0.118090
v 0.137997 0.299204 0.146788
v 0.076748 0.281113 0.132961
v 0.009991 0.275249 0.120438
v -0.008143 0.271240 0.084780
v -0.025226 0.271240 0.077703
v -0.079970 0.275249 0.068499
v -0.119805 0.281113 0.051546
v -0.151222 0.289034 0.017215
v -0.167498 0.299204 -0.029589
v -0.184619 0.311772 -0.033502
v 0.008347 0.311772 -0.181571
v 0.113769 0.326808 -0.164825
v 0.191375 0.326808 -0.087219
v 0.212557 0.326808 -0.036083
v 0.219781 0.326808 0.018793
v 0.212557 0.326808 0.073669
v 0.191375 0.326808 0.124805
v 0.149609 0.311772 0.159465
v 0.089615 0.289034 0.156262
v 0.044410 0.281113 0.146355
v -0.016894 0.275249 0.116899
v -0.041948 0.275249 0.106521
v -0.063462 0.275249 0.090013
v -0.197042 0.326808 -0.036083
v -0.142166 0.326808 -0.131130
v -0.098255 0.326808 -0.164825
v -0.047118 0.326808 -0.186006
v 0.062633 0.326808 -0.186006
v 0.157681 0.326808 -0.131130
v 0.157681 0.326808 0.168717
v 0.100179 0.299204 0.175807
v 0.009707 0.281113 0.150924
v -0.085102 0.281113 0.111653
v -0.106410 0.281113 0.083884
v -0.145751 0.289034 0.058770
v -0.173720 0.299204 0.017671
v -0.191426 0.311772 0.018203
v -0.204266 0.326808 0.018793
v -0.175861 0.326808 -0.087219
v 0.007757 0.326808 -0.193230
v 0.116981 0.344274 -0.170843
v 0.162481 0.344274 -0.135930
v 0.219341 0.344274 -0.037445
v 0.226827 0.344274 0.019415
v 0.219341 0.344274 0.076275
v 0.197394 0.344274 0.129261
v 0.108234 0.311772 0.191212
v 0.050891 0.289034 0.172302
v 0.009336 0.289034 0.177773
v -0.024995 0.281113 0.146355
v -0.057333 0.281113 0.132961
v -0.167498 0.299204 0.064931
v -0.212556 0.344274 0.019415
v -0.183123 0.344274 -0.090431
v -0.148210 0.344274 -0.135930
v -0.102710 0.344274 -0.170843
v -0.049725 0.344274 -0.192791
v 0.063996 0.344274 -0.192791
v 0.197394 0.344274 -0.090431
v 0.162481 0.344274 0.174760
v 0.113769 0.326808 0.202411
v 0.056140 0.299204 0.194049
v -0.070943 0.289034 0.156262
v -0.129712 0.289034 0.097494
v -0.149256 0.299204 0.108971
v -0.184619 0.311772 0.069909
v -0.197042 0.326808 0.073669
v -0.205070 0.344274 -0.037445
v 0.007136 0.344274 -0.200276
v 0.164526 0.364011 -0.137975
v 0.200038 0.364011 -0.091695
v 0.222362 0.364011 -0.037800
v 0.229976 0.364011 0.020035
v 0.222362 0.364011 0.077871
v 0.164526 0.364011 0.178046
v 0.116981 0.344274 0.209673
v 0.060053 0.311772 0.211170
v -0.032220 0.289034 0.172302
v -0.104196 0.289034 0.130747
v -0.205070 0.344274 0.076275
v -0.216945 0.364011 0.020035
v -0.187007 0.364011 -0.091695
v -0.151495 0.364011 -0.137975
v -0.105215 0.364011 -0.173487
v -0.051321 0.364011 -0.195811
v 0.064351 0.364011 -0.195811
v 0.006515 0.364011 -0.203425
v 0.118245 0.364011 -0.173487
v 0.200038 0.364011 0.131766
v 0.062633 0.326808 0.223592
v 0.008347 0.311772 0.217977
v 0.008879 0.299204 0.200271
v -0.038381 0.299204 0.194049
v -0.082420 0.299204 0.175807
v -0.120238 0.299204 0.146788
v -0.164662 0.311772 0.118090
v -0.175861 0.326808 0.124805
v -0.209331 0.364011 0.077871
v -0.209331 0.364011 -0.037800
v 0.164481 0.385731 -0.137931
v 0.222514 0.385731 -0.037415
v 0.230154 0.385731 0.020617
v 0.200114 0.385731 0.132728
v 0.118245 0.364011 0.213558
v 0.063996 0.344274 0.231621
v 0.007757 0.326808 0.230817
v -0.132914 0.311772 0.159465
v -0.183123 0.344274 0.129261
v -0.187007 0.364011 0.131766
v -0.218287 0.385731 0.020617
v -0.152615 0.385731 -0.137931
v -0.210647 0.385731 -0.037415
v -0.106177 0.385731 -0.173563
v -0.052099 0.385731 -0.195963
v 0.005933 0.385731 -0.203603
v 0.063966 0.385731 -0.195963
v 0.118044 0.385731 -0.173563
v 0.200114 0.385731 -0.091493
v 0.222514 0.385731 0.078650
v 0.164481 0.385731 0.179165
v -0.047118 0.326808 0.223592
v -0.043358 0.311772 0.211170
v -0.091540 0.311772 0.191212
v -0.142166 0.326808 0.168717
v -0.188248 0.385731 0.132728
v -0.210647 0.385731 0.078650
v -0.188248 0.385731 -0.091493
v 0.163024 0.409029 -0.136474
v 0.198443 0.409029 -0.090314
v 0.220709 0.409029 -0.036561
v 0.220709 0.409029 0.078809
v 0.163024 0.409029 0.178722
v 0.118044 0.385731 0.214798
v 0.064351 0.364011 0.235882
v 0.007136 0.344274 0.239106
v -0.148210 0.344274 0.174760
v -0.151495 0.364011 0.178046
v -0.152615 0.385731 0.179165
v -0.209856 0.409029 0.078809
v -0.217450 0.409029 0.021124
v -0.187590 0.409029 -0.090314
v -0.209856 0.409029 -0.036561
v -0.106012 0.409029 -0.171893
v 0.005426 0.409029 -0.201753
v 0.063111 0.409029 -0.194158
v 0.116865 0.409029 -0.171893
v 0.228303 0.409029 0.021124
v 0.198443 0.409029 0.132563
v 0.006515 0.364011 0.243496
v -0.049725 0.344274 0.231621
v -0.098255 0.326808 0.202411
v -0.187590 0.409029 0.132563
v -0.152171 0.409029 -0.136474
v -0.052258 0.409029 -0.194158
v 0.160700 0.433397 -0.134150
v 0.195687 0.433397 -0.088554
v 0.217681 0.433397 -0.035457
v 0.225183 0.433397 0.021524
v 0.195687 0.433397 0.131602
v 0.160700 0.433397 0.177198
v 0.116865 0.409029 0.214141
v 0.063966 0.385731 0.237198
v -0.051321 0.364011 0.235882
v -0.102710 0.344274 0.209673
v -0.105215 0.364011 0.213558
v -0.106177 0.385731 0.214798
v -0.152171 0.409029 0.178722
v -0.215130 0.433397 0.021524
v -0.185634 0.433397 -0.088554
v -0.105052 0.433397 -0.169137
v 0.062007 0.433397 -0.191131
v -0.051954 0.433397 -0.191131
v 0.115105 0.433397 -0.169137
v 0.217681 0.433397 0.078505
v 0.063111 0.409029 0.236407
v 0.005933 0.385731 0.244838
v -0.106012 0.409029 0.214141
v -0.185634 0.433397 0.131602
v -0.207628 0.433397 0.078505
v -0.207628 0.433397 -0.035457
v -0.150647 0.433397 -0.134150
v 0.005027 0.433397 -0.198632
v 0.157805 0.458256 -0.131254
v 0.213825 0.458256 -0.034225
v 0.221200 0.458256 0.021795
v 0.213825 0.458256 0.077815
v 0.192202 0.458256 0.130017
v 0.157805 0.458256 0.174845
v 0.115105 0.433397 0.212185
v -0.052099 0.385731 0.237198
v -0.052258 0.409029 0.236407
v -0.105052 0.433397 0.212185
v -0.150647 0.433397 0.177198
v -0.204314 0.458256 0.077815
v -0.211689 0.458256 0.021795
v -0.204314 0.458256 -0.034225
v -0.148294 0.458256 -0.131254
v -0.051264 0.458256 -0.187274
v 0.004756 0.458256 -0.194650
v 0.060776 0.458256 -0.187274
v 0.112978 0.458256 -0.165652
v 0.192202 0.458256 -0.086427
v 0.112978 0.458256 0.209242
v 0.062007 0.433397 0.234179
v 0.005426 0.409029 0.244001
v -0.051954 0.433397 0.234179
v -0.182691 0.458256 0.130017
v -0.182691 0.458256 -0.086427
v -0.103467 0.458256 -0.165652
v 0.154308 0.482985 -0.127757
v 0.187949 0.482985 -0.083916
v 0.209096 0.482985 -0.032861
v 0.216309 0.482985 0.021927
v 0.209096 0.482985 0.076716
v 0.187949 0.482985 0.127770
v 0.154308 0.482985 0.171612
v 0.005027 0.433397 0.241680
v -0.051264 0.458256 0.230865
v -0.103467 0.458256 0.209242
v -0.148294 0.458256 0.174845
v -0.178702 0.482985 0.127770
v -0.199850 0.482985 0.076716
v -0.199850 0.482985 -0.032861
v -0.145061 0.482985 -0.127757
v -0.101220 0.482985 -0.161398
v 0.004623 0.482985 -0.189759
v 0.059412 0.482985 -0.182546
v 0.110466 0.482985 -0.161398
v 0.110466 0.482985 0.205253
v 0.060776 0.458256 0.230865
v 0.004756 0.458256 0.238240
v -0.145061 0.482985 0.171612
v -0.207063 0.482985 0.021927
v -0.178702 0.482985 -0.083916
v -0.050165 0.482985 -0.182546
v 0.107305 0.506958 -0.155920
v 0.149836 0.506958 -0.123285
v 0.202986 0.506958 -0.031226
v 0.209984 0.506958 0.021925
v 0.202986 0.506958 0.075075
v 0.182471 0.506958 0.124604
v 0.107305 0.506958 0.199770
v -0.050165 0.482985 0.226400
v -0.173219 0.506958 0.124604
v -0.200732 0.506958 0.021925
v -0.173219 0.506958 -0.080754
v -0.098053 0.506958 -0.155920
v -0.048525 0.506958 -0.176436
v 0.057776 0.506958 -0.176436
v 0.182471 0.506958 -0.080754
v 0.149836 0.506958 0.167135
v 0.057776 0.506958 0.220285
v 0.059412 0.482985 0.226400
v 0.004623 0.482985 0.233613
v -0.101220 0.482985 0.205253
v -0.140584 0.506958 0.167135
v -0.193735 0.506958 0.075075
v -0.193735 0.506958 -0.031226
v -0.140584 0.506958 -0.123285
v 0.004626 0.506958 -0.183433
v 0.143720 0.529572 -0.117170
v 0.194588 0.529572 -0.029064
v 0.201285 0.529572 0.021804
v 0.194588 0.529572 0.072672
v 0.143720 0.529572 0.160778
v 0.103016 0.529572 0.192012
v 0.055614 0.529572 0.211646
v 0.004626 0.506958 0.227283
v -0.048525 0.506958 0.220285
v -0.134228 0.529572 0.160778
v -0.185096 0.529572 0.072672
v -0.191793 0.529572 0.021804
v -0.185096 0.529572 -0.029064
v -0.134228 0.529572 -0.117170
v -0.093523 0.529572 -0.148403
v -0.046122 0.529572 -0.168038
v 0.055614 0.529572 -0.168038
v 0.004746 0.529572 -0.174735
v 0.103016 0.529572 -0.148403
v 0.174954 0.529572 -0.076465
v 0.174954 0.529572 0.120074
v -0.098053 0.506958 0.199770
v -0.165462 0.529572 0.120074
v -0.165462 0.529572 -0.076465
v 0.135110 0.550272 -0.108559
v 0.164361 0.550272 -0.070438
v 0.189021 0.550272 0.021594
v 0.164361 0.550272 0.113626
v 0.135110 0.550272 0.151747
v 0.096989 0.550272 0.180998
v 0.004746 0.529572 0.218343
v -0.046122 0.529572 0.211646
v -0.093523 0.529572 0.192012
v -0.125196 0.550272 0.151747
v -0.172835 0.550272 0.069233
v -0.154447 0.550272 0.113626
v -0.172835 0.550272 -0.026045
v -0.125196 0.550272 -0.108559
v -0.087075 0.550272 -0.137810
v -0.042682 0.550272 -0.156198
v 0.004957 0.550272 -0.162470
v 0.052596 0.550272 -0.156198
v 0.096989 0.550272 -0.137810
v 0.182749 0.550272 -0.026045
v 0.182749 0.550272 0.069233
v 0.052596 0.550272 0.199386
v -0.087075 0.550272 0.180998
v -0.179107 0.550272 0.021594
v -0.154447 0.550272 -0.070438
v 0.088605 0.568574 -0.123095
v 0.149645 0.568574 -0.062055
v 0.166305 0.568574 -0.021834
v 0.166305 0.568574 0.064490
v 0.149645 0.568574 0.104710
v 0.088605 0.568574 0.165750
v 0.004957 0.550272 0.205658
v -0.042682 0.550272 0.199386
v -0.112698 0.568574 0.139248
v -0.139200 0.568574 0.104710
v -0.155860 0.568574 0.064490
v -0.161542 0.568574 0.021328
v -0.139200 0.568574 -0.062055
v -0.112698 0.568574 -0.096593
v -0.078160 0.568574 -0.123095
v 0.005223 0.568574 -0.145437
v 0.048385 0.568574 -0.139755
v 0.123143 0.568574 -0.096593
v 0.171988 0.568574 0.021328
v 0.123143 0.568574 0.139248
v 0.048385 0.568574 0.182410
v -0.078160 0.568574 0.165750
v -0.155860 0.568574 -0.021834
v -0.037939 0.568574 -0.139755
v 0.042714 0.584072 -0.117817
v 0.077386 0.584072 -0.103455
v 0.130006 0.584072 -0.050836
v 0.144368 0.584072 -0.016164
v 0.144368 0.584072 0.058251
v 0.107160 0.584073 0.122697
v 0.077386 0.584073 0.145543
v 0.005223 0.568574 0.188092
v -0.037939 0.568574 0.182410
v -0.096146 0.584073 0.122697
v -0.118992 0.584073 0.092923
v -0.133354 0.584072 0.058251
v -0.138252 0.584072 0.021044
v -0.118992 0.584072 -0.050836
v -0.133354 0.584072 -0.016164
v -0.096146 0.584072 -0.080609
v -0.066373 0.584072 -0.103455
v 0.005507 0.584072 -0.122716
v -0.031701 0.584072 -0.117817
v 0.107160 0.584072 -0.080609
v 0.149266 0.584072 0.021044
v 0.130006 0.584073 0.092923
v 0.042714 0.584073 0.159904
v -0.031701 0.584073 0.159904
v -0.066373 0.584073 0.145543
v 0.005772 0.596444 -0.093954
v 0.063138 0.596444 -0.078583
v 0.086900 0.596444 -0.060350
v 0.105134 0.596444 -0.036588
v 0.120505 0.596444 0.020778
v 0.105134 0.596444 0.078145
v 0.086900 0.596444 0.101907
v 0.063138 0.596444 0.120140
v 0.005507 0.584073 0.164803
v -0.075356 0.596444 0.101907
v -0.105051 0.596444 0.050473
v -0.105051 0.596444 -0.008917
v -0.093589 0.596444 -0.036588
v -0.051594 0.596444 -0.078583
v -0.023923 0.596444 -0.090045
v 0.035467 0.596444 -0.090045
v 0.116596 0.596444 -0.008917
v 0.116596 0.596444 0.050473
v 0.035467 0.596444 0.131602
v 0.005772 0.596444 0.135511
v -0.023923 0.596444 0.131602
v -0.051594 0.596444 0.120140
v -0.093589 0.596444 0.078145
v -0.108961 0.596444 0.020778
v -0.075356 0.596444 -0.060350
v -0.014754 0.605445 -0.056843
v 0.005987 0.605445 -0.059573
v 0.062652 0.605445 -0.036102
v 0.026728 0.605445 -0.056843
v 0.075388 0.605445 -0.019505
v 0.086124 0.605445 0.020564
v 0.075388 0.605445 0.060632
v 0.062652 0.605445 0.077230
v 0.026728 0.605445 0.097971
v -0.050679 0.605445 0.077230
v -0.063414 0.605445 0.060632
v -0.071420 0.605445 0.041305
v -0.074151 0.605445 0.020564
v -0.071420 0.605445 -0.000177
v -0.063414 0.605445 -0.019505
v -0.050679 0.605445 -0.036102
v 0.046055 0.605445 -0.048837
v 0.083393 0.605445 -0.000177
v 0.083393 0.605445 0.041305
v 0.046055 0.605445 0.089965
v -0.014754 0.605445 0.097971
v -0.034082 0.605445 0.089965
v -0.034082 0.605445 -0.048837
v 0.006126 0.610911 -0.020817
v 0.026747 0.610911 -0.015292
v 0.041842 0.610911 -0.000196
v 0.045962 0.610911 0.009750
v 0.047368 0.610911 0.020425
v 0.041842 0.610911 0.041045
v 0.045962 0.610911 0.031099
v 0.026747 0.610911 0.056141
v 0.005987 0.605445 0.100701
v 0.016800 0.610911 0.060261
v -0.029590 0.610911 0.041045
v -0.014495 0.610911 0.056141
v -0.033710 0.610911 0.031099
v -0.035116 0.610911 0.020425
v -0.033710 0.610911 0.009750
v -0.029590 0.610911 -0.000196
v -0.023036 0.610911 -0.008738
v -0.004548 0.610911 -0.019412
v 0.016800 0.610911 -0.019412
v 0.035288 0.610911 -0.008738
v 0.035288 0.610911 0.049587
v -0.004548 0.610911 0.060261
v -0.023036 0.610911 0.049587
v -0.014495 0.610911 -0.015292
v 0.006174 0.612743 0.020376
v 0.006126 0.610911 0.061666
vn 0.9247 -0.2935 -0.2425
vn 0.9673 -0.2537 -0.0000
vn 0.9349 -0.2580 -0.2437
vn 0.9488 -0.1949 -0.2486
vn 0.8389 -0.2714 -0.4718
vn 0.9578 -0.2876 -0.0000
vn 0.9817 -0.1906 -0.0001
vn 0.8286 -0.3087 -0.4671
vn 0.9247 -0.2935 0.2425
vn 0.9485 -0.1948 0.2497
vn 0.9524 -0.1725 -0.2514
vn 0.8510 -0.2065 -0.4830
vn 0.6871 -0.2901 -0.6662
vn 0.9347 -0.2585 0.2442
vn 0.9856 -0.1691 -0.0002
vn 0.6971 -0.2221 -0.6817
vn 0.6775 -0.3270 -0.6589
vn 0.8390 -0.2717 0.4714
vn 0.8518 -0.2059 0.4817
vn 0.9523 -0.1723 0.2520
vn 0.8543 -0.1814 -0.4872
vn 0.9724 -0.2333 -0.0001
vn 0.6987 -0.1939 -0.6886
vn 0.4849 -0.3082 -0.8185
vn 0.4766 -0.3463 -0.8080
vn 0.8286 -0.3087 0.4671
vn 0.8545 -0.1818 0.4866
vn 0.9393 -0.2358 -0.2493
vn 0.4927 -0.2380 -0.8370
vn 0.6959 -0.2216 0.6831
vn 0.6865 -0.2907 0.6665
vn 0.9392 -0.2359 0.2495
vn 0.8420 -0.2424 -0.4819
vn 0.8854 -0.4007 -0.2357
vn 0.4937 -0.2071 -0.8446
vn 0.2518 -0.3215 -0.9128
vn 0.6775 -0.3270 0.6589
vn 0.6978 -0.1946 0.6894
vn 0.8418 -0.2425 0.4823
vn 0.9169 -0.3992 -0.0001
vn 0.6871 -0.2518 -0.6815
vn 0.2550 -0.2494 -0.9342
vn 0.2477 -0.3606 -0.8992
vn 0.4934 -0.2374 0.8368
vn 0.4778 -0.3453 0.8078
vn 0.4949 -0.2067 0.8440
vn 0.6876 -0.2511 0.6813
vn 0.7931 -0.4046 0.4553
vn 0.8853 -0.4007 0.2361
vn 0.7930 -0.4049 -0.4552
vn 0.7872 -0.6167 -0.0000
vn 0.4857 -0.2606 -0.8343
vn 0.2559 -0.2163 -0.9422
vn -0.0004 -0.3268 -0.9451
vn -0.0004 -0.3654 -0.9308
vn 0.4853 -0.3096 0.8177
vn 0.4862 -0.2603 0.8342
vn 0.6467 -0.4103 0.6429
vn 0.7600 -0.6174 -0.2029
vn 0.6464 -0.4102 -0.6433
vn 0.4568 -0.4157 -0.7864
vn 0.2516 -0.2670 -0.9303
vn -0.0003 -0.2536 -0.9673
vn 0.2554 -0.2491 0.9342
vn 0.2468 -0.3597 0.8998
vn 0.2555 -0.2159 0.9424
vn 0.6807 -0.6192 0.3915
vn 0.7601 -0.6173 0.2031
vn 0.6806 -0.6192 -0.3916
vn 0.5839 -0.7967 -0.1561
vn -0.0003 -0.2193 -0.9757
vn -0.2512 -0.3224 -0.9127
vn -0.2463 -0.3601 -0.8998
vn 0.2515 -0.3224 0.9126
vn 0.2513 -0.2672 0.9303
vn 0.4566 -0.4161 0.7864
vn 0.5547 -0.6217 0.5530
vn 0.6046 -0.7965 -0.0000
vn 0.5547 -0.6218 -0.5529
vn 0.2360 -0.4200 -0.8763
vn -0.0002 -0.2696 -0.9630
vn -0.2556 -0.2493 -0.9341
vn -0.0001 -0.2192 0.9757
vn -0.0002 -0.3267 0.9451
vn -0.0004 -0.3654 0.9308
vn 0.3918 -0.6241 0.6760
vn 0.5838 -0.7967 0.1561
vn 0.4266 -0.7979 0.4258
vn 0.5230 -0.7973 -0.3014
vn 0.3916 -0.6242 -0.6760
vn 0.4155 -0.9028 -0.1112
vn -0.2561 -0.2159 -0.9422
vn -0.4862 -0.3089 -0.8174
vn -0.0000 -0.2538 0.9672
vn -0.0002 -0.2696 0.9630
vn 0.2360 -0.4200 0.8763
vn 0.5230 -0.7972 0.3015
vn 0.3013 -0.7987 0.5209
vn 0.4155 -0.9028 0.1113
vn 0.4265 -0.7980 -0.4259
vn 0.3013 -0.7987 -0.5208
vn 0.4302 -0.9027 -0.0000
vn 0.2024 -0.6259 -0.7531
vn -0.0001 -0.4214 -0.9069
vn -0.2516 -0.2671 -0.9302
vn -0.4930 -0.2377 -0.8369
vn -0.4788 -0.3464 -0.8067
vn -0.2552 -0.2499 0.9340
vn -0.2463 -0.3601 0.8998
vn -0.2558 -0.2156 0.9424
vn 0.2024 -0.6260 0.7531
vn 0.3724 -0.9029 0.2148
vn 0.1558 -0.7992 0.5805
vn 0.3039 -0.9030 0.3036
vn 0.3724 -0.9029 -0.2148
vn 0.2918 -0.9565 -0.0000
vn -0.4942 -0.2067 -0.8444
vn -0.6853 -0.2908 -0.6677
vn -0.6753 -0.3272 -0.6610
vn -0.2509 -0.3218 0.9129
vn -0.2513 -0.2674 0.9303
vn -0.0001 -0.4214 0.9069
vn -0.0000 -0.6265 0.7794
vn 0.1111 -0.9033 0.4144
vn 0.2147 -0.9032 0.3717
vn 0.2527 -0.9565 0.1459
vn 0.2819 -0.9565 0.0755
vn 0.2527 -0.9565 -0.1459
vn 0.3039 -0.9030 -0.3036
vn 0.1558 -0.7993 -0.5804
vn 0.2819 -0.9565 -0.0755
vn -0.0001 -0.6266 -0.7794
vn -0.2362 -0.4199 -0.8763
vn -0.4858 -0.2602 -0.8344
vn -0.6962 -0.2220 -0.6826
vn -0.4930 -0.2377 0.8369
vn -0.4867 -0.3085 0.8173
vn -0.4856 -0.2608 0.8344
vn -0.0000 -0.7994 0.6008
vn 0.2063 -0.9565 0.2062
vn -0.0000 -0.9033 0.4289
vn 0.1458 -0.9565 0.2525
vn 0.2063 -0.9565 -0.2062
vn 0.2147 -0.9032 -0.3717
vn 0.1111 -0.9033 -0.4144
vn 0.1829 -0.9831 -0.0000
vn -0.6980 -0.1938 -0.6893
vn -0.8391 -0.2720 -0.4710
vn -0.4936 -0.2066 0.8448
vn -0.4788 -0.3464 0.8067
vn -0.2362 -0.4199 0.8763
vn -0.2026 -0.6259 0.7532
vn 0.0755 -0.9566 0.2816
vn -0.0000 -0.9566 0.2915
vn 0.1766 -0.9831 0.0473
vn 0.1584 -0.9831 0.0914
vn 0.1766 -0.9831 -0.0473
vn 0.1584 -0.9831 -0.0914
vn -0.0000 -0.9033 -0.4289
vn -0.0000 -0.7994 -0.6007
vn -0.2026 -0.6259 -0.7532
vn -0.4564 -0.4160 -0.7866
vn -0.6872 -0.2515 -0.6815
vn -0.8511 -0.2068 -0.4826
vn -0.8297 -0.3073 -0.4659
vn -0.6990 -0.1942 0.6883
vn -0.6857 -0.2896 0.6678
vn -0.6760 -0.3283 0.6597
vn -0.6877 -0.2512 0.6811
vn -0.4563 -0.4159 0.7867
vn -0.1558 -0.7992 0.5805
vn 0.1293 -0.9831 0.1293
vn -0.1111 -0.9033 0.4144
vn 0.0473 -0.9831 0.1766
vn 0.1293 -0.9831 -0.1293
vn 0.1458 -0.9565 -0.2525
vn 0.0755 -0.9566 -0.2816
vn 0.0869 -0.9959 0.0233
vn 0.0869 -0.9959 -0.0233
vn -0.6467 -0.4104 -0.6429
vn -0.8419 -0.2427 -0.4821
vn -0.8545 -0.1810 -0.4868
vn -0.9486 -0.1952 -0.2491
vn -0.9247 -0.2935 -0.2425
vn -0.6961 -0.2222 0.6827
vn -0.6466 -0.4104 0.6430
vn -0.3915 -0.6241 0.6762
vn 0.0914 -0.9831 0.1583
vn -0.0000 -0.9831 0.1828
vn -0.0755 -0.9566 0.2816
vn 0.0779 -0.9959 0.0450
vn 0.0636 -0.9959 -0.0636
vn -0.0000 -0.9566 -0.2915
vn -0.1558 -0.7992 -0.5805
vn 0.0900 -0.9959 -0.0000
vn -0.3917 -0.6241 -0.6761
vn -0.9349 -0.2580 -0.2437
vn -0.8515 -0.2066 0.4819
vn -0.8540 -0.1817 0.4875
vn -0.8283 -0.3078 0.4681
vn -0.7932 -0.4048 0.4550
vn -0.5548 -0.6217 0.5529
vn -0.3012 -0.7987 0.5209
vn 0.0450 -0.9959 0.0779
vn -0.2148 -0.9032 0.3717
vn 0.0233 -0.9959 0.0869
vn -0.0000 -0.9959 0.0900
vn 0.0636 -0.9959 0.0636
vn 0.0779 -0.9959 -0.0450
vn 0.0914 -0.9831 -0.1583
vn 0.0473 -0.9831 -0.1766
vn -0.0000 -0.9831 -0.1828
vn -0.0755 -0.9566 -0.2816
vn -0.1111 -0.9033 -0.4144
vn -0.0000 -1.0000 -0.0000
vn -0.5546 -0.6217 -0.5531
vn -0.7929 -0.4048 -0.4554
vn -0.9393 -0.2358 -0.2493
vn -0.9523 -0.1723 -0.2520
vn -0.9674 -0.2534 0.0001
vn -0.8420 -0.2423 0.4821
vn -0.8391 -0.2717 0.4714
vn -0.6807 -0.6192 0.3915
vn -0.4265 -0.7980 0.4258
vn -0.0473 -0.9831 0.1766
vn -0.1458 -0.9565 0.2525
vn 0.0450 -0.9959 -0.0779
vn -0.0473 -0.9831 -0.1766
vn -0.2148 -0.9032 -0.3717
vn -0.3013 -0.7987 -0.5209
vn -0.6807 -0.6192 -0.3915
vn -0.8853 -0.4008 -0.2358
vn -0.9856 -0.1691 0.0002
vn -0.9816 -0.1907 -0.0001
vn -0.9577 -0.2879 0.0004
vn -0.9524 -0.1725 0.2514
vn -0.9392 -0.2359 0.2495
vn -0.9348 -0.2586 0.2435
vn -0.8853 -0.4007 0.2361
vn -0.5230 -0.7973 0.3014
vn -0.2063 -0.9565 0.2062
vn -0.0233 -0.9959 0.0869
vn -0.0000 -0.9959 -0.0900
vn -0.0233 -0.9959 -0.0869
vn -0.1458 -0.9565 -0.2525
vn -0.4265 -0.7980 -0.4258
vn -0.5230 -0.7973 -0.3014
vn -0.9724 -0.2333 -0.0001
vn -0.9486 -0.1947 0.2493
vn -0.9252 -0.2929 0.2411
vn -0.7601 -0.6173 0.2030
vn -0.5839 -0.7967 0.1561
vn -0.3039 -0.9030 0.3037
vn -0.0914 -0.9831 0.1583
vn -0.1293 -0.9831 0.1293
vn 0.0233 -0.9959 -0.0869
vn -0.0914 -0.9831 -0.1583
vn -0.5838 -0.7967 -0.1561
vn -0.7601 -0.6173 -0.2031
vn -0.9169 -0.3992 -0.0000
vn -0.3724 -0.9029 0.2148
vn -0.4155 -0.9028 0.1112
vn -0.1584 -0.9831 0.0914
vn -0.0450 -0.9959 0.0779
vn -0.0450 -0.9959 -0.0779
vn -0.2063 -0.9565 -0.2062
vn -0.3039 -0.9030 -0.3037
vn -0.3724 -0.9029 -0.2148
vn -0.7872 -0.6167 0.0001
vn -0.6046 -0.7965 -0.0000
vn -0.0636 -0.9959 0.0636
vn -0.0779 -0.9959 0.0450
vn -0.2527 -0.9565 0.1459
vn -0.0636 -0.9959 -0.0636
vn -0.1293 -0.9831 -0.1293
vn -0.4155 -0.9028 -0.1113
vn -0.4302 -0.9027 -0.0000
vn -0.0869 -0.9959 0.0233
vn -0.1766 -0.9831 0.0473
vn -0.2527 -0.9565 -0.1459
vn -0.2819 -0.9565 0.0755
vn -0.0779 -0.9959 -0.0450
vn -0.1584 -0.9831 -0.0914
vn -0.2819 -0.9565 -0.0755
vn -0.2918 -0.9565 -0.0000
vn -0.0900 -0.9959 -0.0000
vn -0.1829 -0.9831 -0.0000
vn -0.0869 -0.9959 -0.0233
vn -0.1766 -0.9831 -0.0473
vn -0.9673 -0.2537 -0.0000
vn -0.9488 -0.1949 -0.2486
vn -0.8389 -0.2714 -0.4718
vn -0.9578 -0.2876 -0.0000
vn -0.9817 -0.1906 -0.0001
vn -0.8286 -0.3087 -0.4671
vn -0.9247 -0.2935 0.2425
vn -0.9485 -0.1948 0.2497
vn -0.9524 -0.1725 -0.2514
vn -0.8510 -0.2065 -0.4830
vn -0.6871 -0.2901 -0.6662
vn -0.9347 -0.2585 0.2442
vn -0.9856 -0.1691 -0.0002
vn -0.6971 -0.2221 -0.6817
vn -0.6775 -0.3270 -0.6589
vn -0.8390 -0.2717 0.4714
vn -0.8518 -0.2059 0.4817
vn -0.9523 -0.1723 0.2520
vn -0.8543 -0.1814 -0.4872
vn -0.6987 -0.1939 -0.6886
vn -0.4849 -0.3082 -0.8185
vn -0.4766 -0.3463 -0.8080
vn -0.8286 -0.3087 0.4671
vn -0.8545 -0.1818 0.4866
vn -0.4927 -0.2380 -0.8370
vn -0.6959 -0.2216 0.6831
vn -0.6865 -0.2907 0.6665
vn -0.8420 -0.2424 -0.4819
vn -0.8854 -0.4007 -0.2357
vn -0.4937 -0.2071 -0.8446
vn -0.2518 -0.3215 -0.9128
vn -0.6775 -0.3270 0.6589
vn -0.6978 -0.1946 0.6894
vn -0.8418 -0.2425 0.4823
vn -0.9169 -0.3992 -0.0001
vn -0.6871 -0.2518 -0.6815
vn -0.2550 -0.2494 -0.9342
vn -0.2477 -0.3606 -0.8992
vn -0.4934 -0.2374 0.8368
vn -0.4778 -0.3453 0.8078
vn -0.4949 -0.2067 0.8440
vn -0.6876 -0.2511 0.6813
vn -0.7931 -0.4046 0.4553
vn -0.7930 -0.4049 -0.4552
vn -0.7872 -0.6167 -0.0000
vn -0.4857 -0.2606 -0.8343
vn -0.2559 -0.2162 -0.9422
vn 0.0004 -0.3268 -0.9451
vn 0.0004 -0.3654 -0.9308
vn -0.4853 -0.3096 0.8177
vn -0.4862 -0.2603 0.8342
vn -0.6467 -0.4104 0.6429
vn -0.7600 -0.6174 -0.2029
vn -0.6464 -0.4102 -0.6433
vn -0.4568 -0.4157 -0.7864
vn -0.2516 -0.2670 -0.9303
vn 0.0003 -0.2536 -0.9673
vn -0.2554 -0.2491 0.9342
vn -0.2468 -0.3597 0.8998
vn -0.2555 -0.2159 0.9424
vn -0.7601 -0.6173 0.2031
vn -0.6806 -0.6192 -0.3916
vn -0.5839 -0.7967 -0.1561
vn 0.0003 -0.2193 -0.9757
vn 0.2512 -0.3224 -0.9127
vn 0.2463 -0.3601 -0.8998
vn -0.2515 -0.3224 0.9126
vn -0.2513 -0.2672 0.9303
vn -0.4566 -0.4161 0.7864
vn -0.5547 -0.6217 0.5530
vn -0.5547 -0.6218 -0.5529
vn -0.2360 -0.4200 -0.8763
vn 0.0002 -0.2696 -0.9630
vn 0.2556 -0.2493 -0.9341
vn 0.0001 -0.2192 0.9757
vn 0.0002 -0.3267 0.9451
vn 0.0004 -0.3654 0.9308
vn -0.3918 -0.6241 0.6760
vn -0.5838 -0.7967 0.1561
vn -0.4266 -0.7979 0.4258
vn -0.3916 -0.6242 -0.6760
vn -0.4155 -0.9028 -0.1112
vn 0.2561 -0.2159 -0.9422
vn 0.4862 -0.3089 -0.8174
vn 0.0002 -0.2696 0.9630
vn -0.2360 -0.4200 0.8763
vn -0.5230 -0.7972 0.3015
vn -0.3013 -0.7987 0.5209
vn -0.4155 -0.9028 0.1113
vn -0.4265 -0.7980 -0.4259
vn -0.3013 -0.7987 -0.5208
vn -0.2024 -0.6259 -0.7531
vn 0.0001 -0.4214 -0.9069
vn 0.2516 -0.2671 -0.9302
vn 0.4930 -0.2377 -0.8369
vn 0.4788 -0.3464 -0.8067
vn 0.2552 -0.2499 0.9340
vn 0.2463 -0.3601 0.8998
vn 0.2558 -0.2156 0.9424
vn -0.2024 -0.6259 0.7531
vn -0.3039 -0.9030 0.3036
vn 0.4942 -0.2067 -0.8444
vn 0.6853 -0.2908 -0.6677
vn 0.6753 -0.3272 -0.6610
vn 0.2509 -0.3218 0.9129
vn 0.2513 -0.2674 0.9303
vn 0.0001 -0.4214 0.9069
vn -0.2147 -0.9032 0.3717
vn -0.3039 -0.9030 -0.3036
vn -0.1558 -0.7993 -0.5804
vn 0.0001 -0.6266 -0.7794
vn 0.2362 -0.4199 -0.8763
vn 0.4858 -0.2602 -0.8344
vn 0.6962 -0.2220 -0.6826
vn 0.4930 -0.2377 0.8369
vn 0.4867 -0.3085 0.8173
vn 0.4856 -0.2608 0.8344
vn -0.2147 -0.9032 -0.3717
vn 0.6980 -0.1938 -0.6893
vn 0.8391 -0.2720 -0.4710
vn 0.4936 -0.2066 0.8448
vn 0.4788 -0.3464 0.8067
vn 0.2362 -0.4199 0.8763
vn 0.2026 -0.6259 0.7532
vn 0.2026 -0.6259 -0.7532
vn 0.4564 -0.4160 -0.7866
vn 0.6872 -0.2515 -0.6815
vn 0.8511 -0.2068 -0.4826
vn 0.8297 -0.3073 -0.4659
vn 0.6990 -0.1942 0.6883
vn 0.6857 -0.2896 0.6678
vn 0.6760 -0.3283 0.6597
vn 0.6877 -0.2512 0.6811
vn 0.4563 -0.4159 0.7867
vn 0.6467 -0.4104 -0.6429
vn 0.8419 -0.2427 -0.4821
vn 0.8545 -0.1810 -0.4868
vn 0.9486 -0.1952 -0.2491
vn 0.6961 -0.2222 0.6827
vn 0.6466 -0.4105 0.6430
vn 0.3915 -0.6241 0.6762
vn 0.1558 -0.7992 -0.5805
vn 0.3917 -0.6241 -0.6761
vn 0.8515 -0.2066 0.4819
vn 0.8540 -0.1817 0.4875
vn 0.8283 -0.3078 0.4681
vn 0.7932 -0.4048 0.4550
vn 0.5548 -0.6217 0.5529
vn 0.3012 -0.7987 0.5209
vn 0.2148 -0.9032 0.3717
vn 0.5546 -0.6217 -0.5531
vn 0.7929 -0.4048 -0.4554
vn 0.9523 -0.1723 -0.2520
vn 0.9674 -0.2534 -0.0000
vn 0.8420 -0.2423 0.4821
vn 0.8391 -0.2717 0.4714
vn 0.6807 -0.6191 0.3915
vn 0.4265 -0.7980 0.4258
vn 0.2148 -0.9032 -0.3717
vn 0.3013 -0.7987 -0.5209
vn 0.6807 -0.6192 -0.3915
vn 0.8853 -0.4008 -0.2358
vn 0.9856 -0.1691 0.0002
vn 0.9816 -0.1907 -0.0001
vn 0.9577 -0.2879 0.0004
vn 0.9524 -0.1725 0.2514
vn 0.9348 -0.2586 0.2435
vn 0.5230 -0.7973 0.3014
vn 0.4265 -0.7980 -0.4258
vn 0.9486 -0.1947 0.2493
vn 0.9252 -0.2929 0.2411
vn 0.7601 -0.6173 0.2030
vn 0.5839 -0.7967 0.1561
vn 0.3039 -0.9030 0.3037
vn 0.5838 -0.7967 -0.1561
vn 0.7601 -0.6173 -0.2031
vn 0.9169 -0.3992 -0.0000
vn 0.4155 -0.9028 0.1112
vn 0.3039 -0.9030 -0.3037
vn 0.7872 -0.6167 0.0001
vn 0.4155 -0.9028 -0.1113
vn 0.0560 0.9808 0.1865
vn 0.0275 0.9955 0.0910
vn -0.0000 0.9811 0.1934
vn -0.0000 0.9500 0.3122
vn 0.0529 0.9953 0.0813
vn -0.0000 0.9955 0.0944
vn 0.0900 0.9494 0.3010
vn -0.0900 0.9494 0.3010
vn 0.1079 0.9801 0.1666
vn -0.0000 1.0000 -0.0000
vn -0.0560 0.9809 0.1865
vn -0.0000 0.8850 0.4655
vn 0.0744 0.9950 0.0660
vn -0.0275 0.9955 0.0910
vn 0.1334 0.8839 0.4482
vn 0.1728 0.9477 0.2684
vn -0.1334 0.8839 0.4482
vn -0.1729 0.9477 0.2684
vn 0.1518 0.9791 0.1354
vn 0.0907 0.9948 0.0464
vn -0.0529 0.9953 0.0813
vn 0.0001 0.7496 0.6619
vn -0.1079 0.9801 0.1666
vn 0.1008 0.9946 0.0239
vn -0.0744 0.9950 0.0660
vn 0.1879 0.7484 0.6361
vn 0.2553 0.8810 0.3984
vn 0.2429 0.9453 0.2176
vn -0.2550 0.8811 0.3984
vn -0.1880 0.7485 0.6360
vn -0.1518 0.9791 0.1354
vn 0.1851 0.9781 0.0953
vn 0.1042 0.9946 -0.0000
vn -0.0907 0.9948 0.0464
vn 0.0003 0.4990 0.8666
vn 0.3569 0.8771 0.3215
vn -0.3567 0.8772 0.3214
vn -0.2438 0.4995 0.8313
vn -0.2428 0.9454 0.2176
vn 0.2057 0.9774 0.0492
vn 0.2127 0.9771 -0.0000
vn 0.1008 0.9946 -0.0239
vn -0.1850 0.9781 0.0953
vn -0.1008 0.9946 0.0239
vn 0.2435 0.4994 0.8314
vn 0.3578 0.7454 0.5625
vn 0.2955 0.9430 0.1529
vn -0.4966 0.7418 0.4508
vn -0.3572 0.7455 0.5626
vn -0.2954 0.9431 0.1528
vn 0.0907 0.9948 -0.0464
vn -0.2057 0.9774 0.0492
vn -0.1042 0.9946 -0.0000
vn -0.0001 0.1602 0.9871
vn -0.2751 0.1643 0.9473
vn 0.4968 0.7416 0.4509
vn 0.4321 0.8734 0.2248
vn -0.4320 0.8735 0.2247
vn -0.5976 0.7382 0.3131
vn -0.4615 0.5006 0.7324
vn 0.3279 0.9414 0.0788
vn 0.3389 0.9408 -0.0000
vn 0.2057 0.9774 -0.0492
vn 0.0744 0.9950 -0.0660
vn -0.3279 0.9414 0.0787
vn -0.2127 0.9771 -0.0000
vn -0.1008 0.9946 -0.0239
vn 0.2751 0.1647 0.9472
vn 0.4617 0.5008 0.7321
vn -0.7634 0.5050 0.4027
vn -0.6371 0.5028 0.5842
vn -0.4780 0.8708 0.1154
vn 0.1850 0.9781 -0.0953
vn 0.0529 0.9953 -0.0813
vn -0.3389 0.9408 -0.0000
vn -0.0907 0.9948 -0.0464
vn 0.2751 -0.1373 0.9516
vn -0.0002 -0.1428 0.9897
vn -0.5224 0.1754 0.8345
vn 0.6375 0.5029 0.5837
vn 0.5977 0.7380 0.3133
vn 0.4780 0.8707 0.1155
vn -0.6582 0.7356 0.1600
vn -0.8374 0.5065 0.2056
vn 0.3280 0.9414 -0.0788
vn 0.1518 0.9791 -0.1354
vn 0.0275 0.9955 -0.0910
vn -0.4934 0.8698 -0.0000
vn -0.2057 0.9774 -0.0492
vn -0.0744 0.9950 -0.0660
vn 0.5244 -0.1212 0.8428
vn 0.5224 0.1754 0.8345
vn -0.2749 -0.1371 0.9517
vn -0.5238 -0.1206 0.8433
vn -0.8649 0.2017 0.4597
vn -0.7216 0.1887 0.6661
vn -0.6784 0.7347 -0.0000
vn 0.4934 0.8698 -0.0001
vn 0.4780 0.8708 -0.1153
vn 0.2955 0.9430 -0.1528
vn 0.1078 0.9801 -0.1666
vn -0.0000 0.9955 -0.0944
vn -0.3279 0.9414 -0.0787
vn -0.1850 0.9781 -0.0953
vn -0.1518 0.9791 -0.1354
vn -0.0529 0.9953 -0.0813
vn 0.2610 -0.3243 0.9092
vn -0.2615 -0.3248 0.9089
vn -0.7296 -0.0976 0.6768
vn 0.7225 0.1886 0.6651
vn 0.7630 0.5051 0.4034
vn 0.6582 0.7356 0.1604
vn -0.8617 0.5074 -0.0000
vn -0.9489 0.2110 0.2345
vn 0.6783 0.7347 -0.0000
vn 0.4319 0.8735 -0.2246
vn 0.2428 0.9454 -0.2176
vn 0.0560 0.9809 -0.1865
vn -0.0275 0.9955 -0.0910
vn -0.4780 0.8707 -0.1155
vn -0.1079 0.9801 -0.1666
vn -0.0000 -0.3315 0.9435
vn 0.5004 -0.3055 0.8101
vn 0.7300 -0.0984 0.6763
vn -0.7008 -0.2822 0.6551
vn -0.9768 0.2140 -0.0000
vn -0.8793 -0.0763 0.4701
vn -0.9686 -0.0610 0.2408
vn -0.6581 0.7357 -0.1600
vn 0.6583 0.7355 -0.1602
vn 0.1729 0.9477 -0.2685
vn -0.0000 0.9811 -0.1934
vn -0.2954 0.9431 -0.1530
vn -0.2429 0.9453 -0.2177
vn -0.1730 0.9476 -0.2685
vn -0.0560 0.9808 -0.1865
vn 0.2489 -0.4115 0.8767
vn 0.4794 -0.3949 0.7837
vn -0.4989 -0.3068 0.8106
vn -0.2499 -0.4108 0.8768
vn -0.8507 -0.2575 0.4582
vn 0.8646 0.2011 0.4604
vn 0.8372 0.5067 0.2058
vn 0.8618 0.5073 -0.0002
vn -0.8373 0.5068 -0.2051
vn -0.9985 -0.0551 -0.0000
vn 0.5979 0.7380 -0.3129
vn 0.3566 0.8771 -0.3217
vn 0.0901 0.9494 -0.3010
vn -0.4321 0.8733 -0.2249
vn -0.0900 0.9494 -0.3010
vn 0.0002 -0.4173 0.9088
vn 0.6752 -0.3716 0.6372
vn 0.7012 -0.2809 0.6554
vn -0.8237 -0.3468 0.4486
vn -0.6748 -0.3710 0.6380
vn 0.8786 -0.0756 0.4715
vn -0.9491 0.2107 -0.2341
vn -0.9417 -0.2400 0.2357
vn -0.5974 0.7383 -0.3130
vn 0.8372 0.5069 -0.2052
vn 0.7630 0.5055 -0.4028
vn 0.2553 0.8810 -0.3984
vn 0.1334 0.8840 -0.4481
vn -0.0000 0.9500 -0.3122
vn -0.3568 0.8771 -0.3215
vn -0.2553 0.8810 -0.3984
vn -0.1334 0.8839 -0.4482
vn 0.0005 -0.4316 0.9021
vn 0.2447 -0.4253 0.8713
vn 0.4733 -0.4093 0.7801
vn -0.4790 -0.3944 0.7843
vn -0.2457 -0.4258 0.8709
vn -0.9155 -0.3294 0.2309
vn 0.9490 0.2104 0.2349
vn 0.9769 0.2138 -0.0001
vn -0.7630 0.5053 -0.4030
vn -0.9686 -0.0610 -0.2408
vn -0.9722 -0.2342 -0.0000
vn 0.9492 0.2107 -0.2338
vn 0.4964 0.7419 -0.4508
vn 0.3575 0.7458 -0.5622
vn -0.4963 0.7418 -0.4511
vn -0.0001 0.8851 -0.4655
vn 0.6671 -0.3879 0.6361
vn 0.8237 -0.3474 0.4481
vn 0.8502 -0.2578 0.4590
vn -0.8155 -0.3664 0.4481
vn -0.9074 -0.3503 0.2321
vn -0.4722 -0.4092 0.7808
vn 0.9687 -0.0598 0.2408
vn -0.8645 0.2008 -0.4608
vn -0.9414 -0.2406 -0.2363
vn 0.6374 0.5032 -0.5835
vn 0.1877 0.7486 -0.6359
vn -0.3580 0.7455 -0.5621
vn -0.1876 0.7486 -0.6359
vn -0.0000 0.7496 -0.6618
vn 0.0005 -0.4235 0.9059
vn -0.2471 -0.4175 0.8744
vn 0.4762 -0.4021 0.7820
vn 0.9414 -0.2410 0.2361
vn -0.6666 -0.3874 0.6369
vn -0.9390 -0.3440 -0.0002
vn 0.9689 -0.0604 -0.2401
vn -0.6368 0.5031 -0.5843
vn -0.8790 -0.0757 -0.4708
vn -0.8503 -0.2587 -0.4583
vn -0.9155 -0.3290 -0.2315
vn -0.9464 -0.3230 -0.0000
vn 0.8648 0.2014 -0.4600
vn 0.4615 0.5012 -0.7321
vn -0.4624 0.5010 -0.7316
vn 0.2453 -0.4182 0.8746
vn 0.6701 -0.3800 0.6377
vn 0.8151 -0.3659 0.4491
vn -0.8183 -0.3603 0.4479
vn -0.9408 -0.3391 -0.0005
vn -0.6692 -0.3826 0.6370
vn 0.9722 -0.2342 -0.0004
vn 0.9985 -0.0546 -0.0002
vn -0.7217 0.1875 -0.6663
vn -0.7297 -0.0964 -0.6769
vn -0.8240 -0.3456 -0.4489
vn 0.7221 0.1882 -0.6657
vn 0.2429 0.4995 -0.8316
vn -0.2429 0.4995 -0.8316
vn -0.4734 -0.4027 0.7834
vn 0.9151 -0.3298 0.2321
vn -0.9095 -0.3444 0.2328
vn -0.9097 -0.3450 -0.2311
vn 0.9462 -0.3236 -0.0002
vn 0.8791 -0.0759 -0.4706
vn 0.9418 -0.2405 -0.2351
vn -0.5231 0.1739 -0.8344
vn -0.6757 -0.3702 -0.6374
vn -0.9078 -0.3500 -0.2313
vn 0.5224 0.1745 -0.8347
vn -0.0000 0.4987 -0.8667
vn 0.8179 -0.3591 0.4496
vn 0.9076 -0.3496 0.2325
vn 0.9155 -0.3296 -0.2306
vn -0.5241 -0.1195 -0.8433
vn -0.7012 -0.2828 -0.6544
vn -0.8147 -0.3667 -0.4492
vn 0.7296 -0.0976 -0.6768
vn 0.2745 0.1641 -0.9475
vn 0.0002 0.1604 -0.9871
vn 0.9076 -0.3501 -0.2318
vn 0.8503 -0.2580 -0.4587
vn -0.2755 -0.1370 -0.9515
vn -0.6661 -0.3886 -0.6366
vn -0.4995 -0.3062 -0.8104
vn -0.2753 0.1638 -0.9473
vn 0.5244 -0.1200 -0.8430
vn 0.9095 -0.3444 0.2328
vn 0.9391 -0.3435 -0.0000
vn -0.8169 -0.3601 -0.4506
vn 0.8231 -0.3475 -0.4492
vn -0.2605 -0.3243 -0.9094
vn -0.4727 -0.4098 -0.7802
vn -0.6701 -0.3800 -0.6377
vn -0.4794 -0.3949 -0.7837
vn 0.7008 -0.2822 -0.6551
vn 0.2743 -0.1366 -0.9519
vn -0.0000 -0.1430 -0.9897
vn 0.9406 -0.3394 -0.0000
vn 0.8146 -0.3665 -0.4496
vn -0.0005 -0.3315 -0.9435
vn -0.4753 -0.4013 -0.7830
vn 0.4994 -0.3073 -0.8101
vn 0.8179 -0.3591 -0.4496
vn 0.6678 -0.3872 -0.6357
vn 0.9095 -0.3444 -0.2328
vn -0.0005 -0.4171 -0.9088
vn -0.2471 -0.4175 -0.8744
vn -0.2454 -0.4256 -0.8710
vn -0.2487 -0.4114 -0.8769
vn 0.6752 -0.3716 -0.6372
vn 0.2608 -0.3253 -0.9089
vn 0.6709 -0.3812 -0.6361
vn 0.2499 -0.4108 -0.8768
vn 0.4728 -0.4087 -0.7807
vn -0.0003 -0.4315 -0.9021
vn 0.2452 -0.4253 -0.8712
vn 0.4790 -0.3944 -0.7843
vn 0.4743 -0.4036 -0.7824
vn -0.0000 -0.4238 -0.9057
vn 0.2457 -0.4185 -0.8744
vn -0.0560 0.9808 0.1865
vn 0.0560 0.9809 0.1865
vn -0.1728 0.9477 0.2684
vn 0.1729 0.9477 0.2684
vn -0.0001 0.7496 0.6619
vn -0.1879 0.7484 0.6361
vn -0.2553 0.8810 0.3984
vn -0.2429 0.9453 0.2176
vn 0.2550 0.8811 0.3984
vn 0.1880 0.7485 0.6360
vn -0.1851 0.9781 0.0953
vn -0.0003 0.4990 0.8666
vn -0.3569 0.8771 0.3215
vn 0.3567 0.8772 0.3214
vn 0.2438 0.4995 0.8313
vn 0.2428 0.9454 0.2176
vn 0.1850 0.9781 0.0953
vn -0.2435 0.4994 0.8314
vn -0.3578 0.7454 0.5625
vn -0.2955 0.9430 0.1529
vn 0.4966 0.7418 0.4508
vn 0.3572 0.7455 0.5626
vn 0.2954 0.9431 0.1528
vn 0.0001 0.1602 0.9871
vn 0.2751 0.1643 0.9473
vn -0.4968 0.7416 0.4509
vn -0.4321 0.8734 0.2248
vn 0.4320 0.8735 0.2247
vn 0.5976 0.7382 0.3131
vn 0.4615 0.5006 0.7324
vn -0.3279 0.9414 0.0788
vn 0.3279 0.9414 0.0787
vn -0.2751 0.1647 0.9472
vn -0.4617 0.5008 0.7321
vn 0.7634 0.5050 0.4027
vn 0.6371 0.5028 0.5842
vn 0.4780 0.8708 0.1154
vn -0.2751 -0.1373 0.9516
vn 0.0002 -0.1428 0.9897
vn -0.6375 0.5029 0.5837
vn -0.5977 0.7380 0.3133
vn -0.4780 0.8707 0.1155
vn 0.6582 0.7356 0.1600
vn 0.8374 0.5065 0.2056
vn -0.3280 0.9414 -0.0788
vn 0.4934 0.8698 -0.0000
vn -0.5244 -0.1212 0.8428
vn 0.2749 -0.1371 0.9517
vn 0.5238 -0.1206 0.8433
vn 0.8649 0.2017 0.4597
vn 0.7216 0.1887 0.6661
vn 0.6784 0.7347 -0.0000
vn -0.4934 0.8698 -0.0001
vn -0.4780 0.8708 -0.1153
vn -0.2955 0.9430 -0.1528
vn -0.1078 0.9801 -0.1666
vn 0.3279 0.9414 -0.0787
vn -0.2610 -0.3243 0.9092
vn 0.2615 -0.3248 0.9089
vn 0.7296 -0.0976 0.6768
vn -0.7225 0.1886 0.6651
vn -0.7630 0.5051 0.4034
vn -0.6582 0.7356 0.1604
vn 0.8617 0.5074 -0.0000
vn 0.9489 0.2110 0.2345
vn -0.6783 0.7347 -0.0000
vn -0.4319 0.8735 -0.2246
vn -0.2428 0.9454 -0.2176
vn -0.0560 0.9809 -0.1865
vn 0.4780 0.8707 -0.1155
vn 0.1079 0.9801 -0.1666
vn -0.5004 -0.3055 0.8101
vn -0.7300 -0.0984 0.6763
vn 0.7008 -0.2822 0.6551
vn 0.9768 0.2140 -0.0000
vn 0.8793 -0.0763 0.4701
vn 0.9686 -0.0610 0.2408
vn 0.6581 0.7357 -0.1600
vn -0.6583 0.7355 -0.1602
vn -0.1729 0.9477 -0.2685
vn 0.2954 0.9431 -0.1530
vn 0.2429 0.9453 -0.2177
vn 0.1730 0.9476 -0.2685
vn 0.0560 0.9808 -0.1865
vn -0.2489 -0.4115 0.8767
vn -0.4794 -0.3949 0.7837
vn 0.4989 -0.3068 0.8106
vn 0.2499 -0.4108 0.8768
vn 0.8507 -0.2575 0.4582
vn -0.8646 0.2011 0.4604
vn -0.8372 0.5067 0.2058
vn -0.8618 0.5073 -0.0002
vn 0.8373 0.5068 -0.2051
vn 0.9985 -0.0551 -0.0000
vn -0.5979 0.7380 -0.3129
vn -0.3566 0.8771 -0.3217
vn -0.0901 0.9494 -0.3010
vn 0.4321 0.8733 -0.2249
vn 0.0900 0.9494 -0.3010
vn -0.0002 -0.4173 0.9088
vn -0.6752 -0.3716 0.6372
vn -0.7012 -0.2809 0.6554
vn 0.8237 -0.3468 0.4486
vn 0.6748 -0.3710 0.6380
vn -0.8786 -0.0756 0.4715
vn 0.9491 0.2107 -0.2341
vn 0.9417 -0.2400 0.2357
vn 0.5974 0.7383 -0.3130
vn -0.8372 0.5069 -0.2052
vn -0.7630 0.5055 -0.4028
vn -0.1334 0.8840 -0.4481
vn 0.3568 0.8771 -0.3215
vn 0.1334 0.8839 -0.4482
vn -0.0005 -0.4316 0.9021
vn -0.2447 -0.4253 0.8713
vn -0.4733 -0.4093 0.7801
vn 0.4790 -0.3944 0.7843
vn 0.2457 -0.4258 0.8709
vn 0.9155 -0.3294 0.2309
vn -0.9490 0.2104 0.2349
vn -0.9769 0.2138 -0.0001
vn 0.7630 0.5053 -0.4030
vn 0.9686 -0.0610 -0.2408
vn 0.9722 -0.2342 -0.0000
vn -0.9492 0.2107 -0.2338
vn -0.4964 0.7419 -0.4508
vn -0.3575 0.7458 -0.5622
vn 0.4963 0.7418 -0.4511
vn 0.0001 0.8851 -0.4655
vn -0.6671 -0.3879 0.6361
vn -0.8237 -0.3474 0.4481
vn -0.8502 -0.2578 0.4590
vn 0.8155 -0.3664 0.4481
vn 0.9074 -0.3503 0.2321
vn 0.4722 -0.4092 0.7808
vn -0.9687 -0.0598 0.2408
vn 0.8645 0.2008 -0.4608
vn 0.9414 -0.2406 -0.2363
vn -0.6374 0.5032 -0.5835
vn -0.1877 0.7486 -0.6359
vn 0.3580 0.7455 -0.5621
vn 0.1876 0.7486 -0.6359
vn -0.0005 -0.4235 0.9059
vn 0.2471 -0.4175 0.8744
vn -0.4762 -0.4021 0.7820
vn -0.9414 -0.2410 0.2361
vn 0.6666 -0.3874 0.6369
vn 0.9390 -0.3440 -0.0002
vn -0.9689 -0.0604 -0.2401
vn 0.6368 0.5031 -0.5843
vn 0.8790 -0.0757 -0.4708
vn 0.8503 -0.2587 -0.4583
vn 0.9155 -0.3290 -0.2315
vn 0.9464 -0.3230 -0.0000
vn -0.8648 0.2014 -0.4600
vn -0.4615 0.5012 -0.7321
vn 0.4624 0.5010 -0.7316
vn -0.2453 -0.4182 0.8746
vn -0.6701 -0.3800 0.6377
vn -0.8151 -0.3659 0.4491
vn 0.8183 -0.3603 0.4479
vn 0.9408 -0.3391 -0.0005
vn 0.6692 -0.3826 0.6370
vn -0.9722 -0.2342 -0.0004
vn -0.9985 -0.0546 -0.0002
vn 0.7217 0.1875 -0.6663
vn 0.7297 -0.0964 -0.6769
vn 0.8240 -0.3456 -0.4489
vn -0.7221 0.1882 -0.6657
vn 0.4734 -0.4027 0.7834
vn -0.9151 -0.3298 0.2321
vn 0.9097 -0.3450 -0.2311
vn -0.9462 -0.3236 -0.0002
vn -0.8791 -0.0759 -0.4706
vn -0.9418 -0.2405 -0.2351
vn 0.5231 0.1739 -0.8344
vn 0.6757 -0.3702 -0.6374
vn 0.9078 -0.3500 -0.2313
vn -0.5224 0.1745 -0.8347
vn -0.8179 -0.3591 0.4496
vn -0.9076 -0.3496 0.2325
vn -0.9155 -0.3296 -0.2306
vn 0.5241 -0.1195 -0.8433
vn 0.7012 -0.2828 -0.6544
vn 0.8147 -0.3667 -0.4492
vn -0.7296 -0.0976 -0.6768
vn -0.2745 0.1641 -0.9475
vn -0.0002 0.1604 -0.9871
vn -0.9076 -0.3501 -0.2318
vn -0.8503 -0.2580 -0.4587
vn 0.2755 -0.1370 -0.9515
vn 0.6661 -0.3886 -0.6366
vn 0.4995 -0.3062 -0.8104
vn 0.2753 0.1638 -0.9473
vn -0.5244 -0.1200 -0.8430
vn -0.9391 -0.3435 -0.0000
vn 0.8169 -0.3601 -0.4506
vn -0.8231 -0.3475 -0.4492
vn 0.2605 -0.3243 -0.9094
vn 0.4727 -0.4098 -0.7802
vn 0.6701 -0.3800 -0.6377
vn 0.4794 -0.3949 -0.7837
vn -0.7008 -0.2822 -0.6551
vn -0.2743 -0.1366 -0.9519
vn -0.9406 -0.3394 -0.0000
vn -0.8146 -0.3665 -0.4496
vn 0.0005 -0.3315 -0.9435
vn 0.4753 -0.4013 -0.7830
vn -0.4994 -0.3073 -0.8101
vn -0.8179 -0.3591 -0.4496
vn -0.6678 -0.3872 -0.6357
vn -0.9095 -0.3444 -0.2328
vn 0.0005 -0.4171 -0.9088
vn 0.2471 -0.4175 -0.8744
vn 0.2454 -0.4256 -0.8710
vn 0.2487 -0.4114 -0.8769
vn -0.6752 -0.3716 -0.6372
vn -0.2608 -0.3253 -0.9089
vn -0.6709 -0.3812 -0.6361
vn -0.2499 -0.4108 -0.8768
vn -0.4728 -0.4087 -0.7807
vn 0.0003 -0.4315 -0.9021
vn -0.2452 -0.4253 -0.8712
vn -0.4790 -0.3944 -0.7843
vn -0.4743 -0.4036 -0.7824
vn -0.2457 -0.4185 -0.8744
vn 0.0325 -0.9989 -0.0325
vn 0.0230 -0.9989 -0.0397
vn 0.0119 -0.9989 -0.0443
vn 0.0682 -0.9953 -0.0682
vn 0.0397 -0.9989 -0.0230
vn -0.0000 -0.9989 -0.0459
vn 0.0249 -0.9954 -0.0930
vn 0.0482 -0.9953 -0.0835
vn 0.0835 -0.9953 -0.0482
vn 0.0443 -0.9989 -0.0119
vn -0.0118 -0.9990 -0.0443
vn -0.0000 -0.9954 -0.0962
vn 0.1134 -0.9871 -0.1134
vn 0.1388 -0.9871 -0.0801
vn 0.0930 -0.9954 -0.0249
vn 0.0459 -0.9989 -0.0000
vn -0.0229 -0.9990 -0.0396
vn -0.0248 -0.9954 -0.0928
vn 0.0001 -0.9872 -0.1598
vn 0.0415 -0.9871 -0.1546
vn 0.0801 -0.9871 -0.1388
vn 0.1546 -0.9871 -0.0415
vn 0.0443 -0.9990 0.0118
vn -0.0323 -0.9990 -0.0323
vn -0.0479 -0.9954 -0.0831
vn -0.0412 -0.9872 -0.1540
vn 0.1234 -0.9691 -0.2136
vn 0.1745 -0.9691 -0.1745
vn 0.2378 -0.9692 -0.0638
vn 0.1598 -0.9872 -0.0001
vn 0.0962 -0.9954 -0.0000
vn 0.0928 -0.9954 0.0248
vn 0.0396 -0.9990 0.0229
vn -0.0395 -0.9990 -0.0228
vn -0.0632 -0.9696 -0.2365
vn 0.0638 -0.9692 -0.2378
vn 0.2136 -0.9691 -0.1234
vn 0.2456 -0.9694 -0.0001
vn 0.0323 -0.9990 0.0323
vn -0.0441 -0.9990 -0.0118
vn -0.0827 -0.9954 -0.0478
vn -0.0676 -0.9954 -0.0677
vn -0.0794 -0.9873 -0.1377
vn -0.1217 -0.9698 -0.2112
vn 0.0001 -0.9694 -0.2456
vn 0.2594 -0.9303 -0.2594
vn 0.3175 -0.9304 -0.1834
vn 0.3533 -0.9307 -0.0949
vn 0.3645 -0.9312 -0.0003
vn 0.2365 -0.9696 0.0632
vn 0.0831 -0.9954 0.0479
vn 0.0677 -0.9954 0.0676
vn 0.0228 -0.9990 0.0395
vn -0.0456 -0.9990 -0.0000
vn -0.1120 -0.9874 -0.1121
vn -0.1801 -0.9326 -0.3127
vn 0.0003 -0.9312 -0.3645
vn 0.0949 -0.9307 -0.3533
vn 0.1834 -0.9304 -0.3175
vn 0.3505 -0.9319 0.0936
vn 0.1540 -0.9872 0.0412
vn 0.1377 -0.9873 0.0794
vn 0.0118 -0.9990 0.0441
vn -0.0440 -0.9990 0.0118
vn -0.0952 -0.9955 -0.0000
vn -0.0921 -0.9954 -0.0247
vn -0.1368 -0.9874 -0.0791
vn -0.2535 -0.9334 -0.2540
vn -0.0936 -0.9319 -0.3505
vn 0.2637 -0.8498 -0.4565
vn 0.3731 -0.8494 -0.3731
vn 0.5077 -0.8506 -0.1364
vn 0.5234 -0.8521 -0.0005
vn 0.5029 -0.8539 0.1342
vn 0.2112 -0.9698 0.1217
vn 0.1121 -0.9874 0.1120
vn 0.0478 -0.9954 0.0827
vn 0.0247 -0.9954 0.0921
vn -0.0000 -0.9990 0.0456
vn -0.0394 -0.9990 0.0228
vn -0.0919 -0.9955 0.0246
vn -0.1522 -0.9875 -0.0409
vn -0.2093 -0.9703 -0.1210
vn -0.1715 -0.9701 -0.1718
vn -0.3626 -0.8581 -0.3635
vn -0.2580 -0.8560 -0.4481
vn -0.1342 -0.8539 -0.5029
vn 0.1364 -0.8506 -0.5077
vn 0.4565 -0.8498 -0.2637
vn 0.4481 -0.8560 0.2580
vn 0.3127 -0.9326 0.1801
vn -0.0000 -0.9955 0.0952
vn -0.0118 -0.9990 0.0440
vn -0.0322 -0.9990 0.0322
vn -0.1516 -0.9876 0.0406
vn -0.2326 -0.9706 -0.0625
vn -0.3088 -0.9342 -0.1787
vn -0.4412 -0.8603 -0.2554
vn 0.0005 -0.8521 -0.5234
vn 0.5048 -0.7002 -0.5048
vn 0.6176 -0.7009 -0.3568
vn 0.6869 -0.7030 -0.1845
vn 0.7081 -0.7062 -0.0006
vn 0.6801 -0.7103 0.1815
vn 0.2540 -0.9334 0.2535
vn 0.1718 -0.9701 0.1715
vn 0.0791 -0.9874 0.1368
vn 0.0409 -0.9875 0.1522
vn -0.0228 -0.9990 0.0394
vn -0.0672 -0.9955 0.0672
vn -0.0823 -0.9955 0.0475
vn -0.1572 -0.9876 -0.0001
vn -0.2400 -0.9708 -0.0001
vn -0.3427 -0.9349 -0.0922
vn -0.5963 -0.7248 -0.3452
vn -0.4902 -0.7199 -0.4914
vn -0.3489 -0.7150 -0.6059
vn -0.1815 -0.7103 -0.6801
vn 0.1845 -0.7029 -0.6869
vn 0.3568 -0.7009 -0.6176
vn 0.6059 -0.7150 0.3489
vn 0.3635 -0.8581 0.3626
vn 0.1210 -0.9703 0.2093
vn 0.0001 -0.9876 0.1572
vn -0.0246 -0.9955 0.0919
vn -0.0475 -0.9955 0.0823
vn -0.1358 -0.9876 0.0784
vn -0.2312 -0.9709 0.0619
vn -0.3533 -0.9355 -0.0003
vn -0.4891 -0.8622 -0.1316
vn -0.6608 -0.7292 -0.1778
vn 0.0006 -0.7062 -0.7081
vn 0.4375 -0.4845 -0.7575
vn 0.7575 -0.4845 -0.4375
vn 0.8431 -0.4879 -0.2262
vn 0.8699 -0.4933 -0.0005
vn 0.8365 -0.5002 0.2235
vn 0.7462 -0.5082 0.4300
vn 0.4914 -0.7199 0.4902
vn 0.1787 -0.9342 0.3088
vn 0.0625 -0.9706 0.2326
vn -0.0406 -0.9876 0.1516
vn -0.0784 -0.9876 0.1358
vn -0.1108 -0.9876 0.1108
vn -0.8175 -0.5324 -0.2197
vn -0.6050 -0.5166 -0.6059
vn -0.4300 -0.5082 -0.7462
vn -0.2235 -0.5002 -0.8365
vn 0.2262 -0.4879 -0.8431
vn 0.6190 -0.4833 -0.6190
vn 0.6059 -0.5166 0.6050
vn 0.2554 -0.8603 0.4412
vn 0.0001 -0.9708 0.2400
vn -0.1689 -0.9711 0.1689
vn -0.2070 -0.9710 0.1195
vn -0.3401 -0.9360 0.0909
vn -0.5037 -0.8639 -0.0004
vn -0.6803 -0.7330 -0.0006
vn -0.8424 -0.5389 -0.0005
vn -0.7368 -0.5249 -0.4262
vn 0.0005 -0.4933 -0.8699
vn 0.4836 -0.2544 -0.8375
vn 0.6841 -0.2530 -0.6841
vn 0.9331 -0.2585 -0.2501
vn 0.9642 -0.2651 -0.0001
vn 0.9291 -0.2737 0.2488
vn 0.8306 -0.2836 0.4793
vn 0.3452 -0.7248 0.5963
vn 0.0922 -0.9349 0.3427
vn 0.0003 -0.9355 0.3533
vn -0.0619 -0.9709 0.2312
vn -0.1195 -0.9710 0.2070
vn -0.4845 -0.8651 0.1295
vn -0.9467 -0.3221 -0.0002
vn -0.8248 -0.3044 -0.4765
vn -0.6757 -0.2940 -0.6760
vn -0.4793 -0.2836 -0.8306
vn -0.2488 -0.2737 -0.9291
vn 0.2501 -0.2585 -0.9331
vn 0.8375 -0.2544 -0.4836
vn 0.6760 -0.2940 0.6757
vn 0.4262 -0.5249 0.7368
vn 0.1316 -0.8622 0.4891
vn -0.1756 -0.9363 0.3043
vn -0.3043 -0.9363 0.1756
vn -0.4332 -0.8659 0.2500
vn -0.6543 -0.7358 0.1749
vn -0.8108 -0.5437 0.2169
vn -0.9170 -0.3140 -0.2460
vn 0.0001 -0.2651 -0.9642
vn 0.7053 -0.0708 -0.7053
vn 0.8638 -0.0722 -0.4987
vn 0.9631 -0.0762 -0.2580
vn 0.9966 -0.0826 0.0001
vn 0.9619 -0.0909 0.2579
vn 0.7026 -0.1109 0.7028
vn 0.4765 -0.3044 0.8248
vn 0.1778 -0.7292 0.6608
vn -0.0909 -0.9360 0.3401
vn -0.2482 -0.9364 0.2482
vn -0.9124 -0.3284 0.2443
vn -0.9903 -0.1389 0.0001
vn -0.8597 -0.1212 -0.4962
vn -0.7028 -0.1109 -0.7026
vn -0.4976 -0.1006 -0.8616
vn -0.2579 -0.0909 -0.9619
vn 0.2580 -0.0762 -0.9631
vn -0.0001 -0.0826 -0.9966
vn 0.4987 -0.0722 -0.8638
vn 0.8616 -0.1006 0.4976
vn 0.2197 -0.5324 0.8175
vn 0.0006 -0.7329 0.6803
vn 0.0004 -0.8639 0.5037
vn -0.1295 -0.8651 0.4845
vn -0.2500 -0.8659 0.4332
vn -0.3534 -0.8662 0.3534
vn -0.5849 -0.7375 0.3375
vn -0.7252 -0.5467 0.4185
vn -0.9557 -0.1452 0.2561
vn -0.9577 -0.1308 -0.2565
vn 0.7064 0.0454 -0.7064
vn 0.9652 0.0408 -0.2584
vn 0.9994 0.0354 0.0002
vn 0.8657 0.0201 0.5002
vn 0.4962 -0.1212 0.8597
vn 0.2460 -0.3140 0.9170
vn 0.0005 -0.5389 0.8424
vn -0.4771 -0.7381 0.4771
vn -0.8169 -0.3322 0.4715
vn -0.8563 -0.1491 0.4944
vn -0.9999 -0.0129 0.0002
vn -0.7073 0.0113 -0.7068
vn -0.9660 -0.0058 -0.2586
vn -0.5002 0.0201 -0.8657
vn -0.2590 0.0283 -0.9655
vn -0.0002 0.0354 -0.9994
vn 0.2584 0.0408 -0.9652
vn 0.4994 0.0442 -0.8652
vn 0.8652 0.0442 -0.4994
vn 0.9655 0.0283 0.2590
vn 0.7068 0.0113 0.7073
vn -0.2169 -0.5437 0.8108
vn -0.1749 -0.7358 0.6543
vn -0.3375 -0.7375 0.5849
vn -0.5916 -0.5478 0.5916
vn -0.8658 -0.0217 0.4999
vn -0.9657 -0.0183 0.2589
vn -0.8662 0.0024 -0.4998
vn 0.7028 0.1107 -0.7028
vn 0.8608 0.1098 -0.4969
vn 0.9604 0.1071 -0.2572
vn 0.9612 0.0974 0.2579
vn 0.7043 0.0841 0.7049
vn 0.4998 0.0024 0.8662
vn 0.2565 -0.1308 0.9577
vn 0.0002 -0.3221 0.9467
vn -0.6666 -0.3336 0.6666
vn -0.6991 -0.1504 0.6991
vn -0.7069 -0.0228 0.7069
vn -0.9641 0.0610 0.2585
vn -0.9979 0.0652 0.0002
vn -0.8636 0.0772 -0.4982
vn -0.9636 0.0708 -0.2579
vn -0.4982 0.0910 -0.8623
vn -0.0003 0.1029 -0.9947
vn 0.2572 0.1071 -0.9604
vn 0.4969 0.1098 -0.8608
vn 0.9947 0.1029 0.0003
vn 0.8623 0.0910 0.4982
vn -0.0001 -0.1389 0.9903
vn -0.2443 -0.3284 0.9124
vn -0.4185 -0.5467 0.7252
vn -0.8645 0.0583 0.4992
vn -0.7049 0.0841 -0.7043
vn -0.2579 0.0974 -0.9613
vn 0.6993 0.1479 -0.6993
vn 0.8566 0.1473 -0.4945
vn 0.9557 0.1454 -0.2559
vn 0.9898 0.1424 0.0003
vn 0.8580 0.1340 0.4958
vn 0.7009 0.1291 0.7014
vn 0.4982 0.0772 0.8636
vn 0.2586 -0.0058 0.9660
vn -0.2561 -0.1452 0.9557
vn -0.4715 -0.3322 0.8169
vn -0.4944 -0.1491 0.8563
vn -0.4999 -0.0217 0.8658
vn -0.7059 0.0574 0.7059
vn -0.9933 0.1158 0.0003
vn -0.8595 0.1242 -0.4958
vn -0.4958 0.1340 -0.8580
vn 0.2559 0.1454 -0.9557
vn -0.2566 0.1385 -0.9565
vn 0.4945 0.1473 -0.8566
vn 0.9565 0.1385 0.2566
vn 0.2579 0.0708 0.9636
vn -0.0002 -0.0129 0.9999
vn -0.4992 0.0583 0.8645
vn -0.8606 0.1109 0.4970
vn -0.9597 0.1128 0.2573
vn -0.9591 0.1197 -0.2567
vn -0.7014 0.1291 -0.7009
vn -0.0003 0.1424 -0.9898
vn 0.6957 0.1791 -0.6957
vn 0.9506 0.1776 -0.2545
vn 0.9844 0.1759 0.0002
vn 0.9512 0.1736 0.2552
vn 0.8531 0.1709 0.4929
vn 0.6968 0.1681 0.6973
vn 0.4958 0.1242 0.8595
vn -0.2589 -0.0183 0.9657
vn -0.2585 0.0610 0.9641
vn -0.4970 0.1109 0.8606
vn -0.7028 0.1102 0.7028
vn -0.9537 0.1585 0.2557
vn -0.9871 0.1602 0.0003
vn -0.9532 0.1625 -0.2551
vn -0.6973 0.1681 -0.6968
vn -0.2552 0.1736 -0.9512
vn -0.0003 0.1759 -0.9844
vn 0.2545 0.1776 -0.9506
vn 0.4919 0.1787 -0.8521
vn 0.8521 0.1787 -0.4919
vn 0.4928 0.1652 0.8543
vn 0.2567 0.1197 0.9591
vn -0.0002 0.0652 0.9979
vn -0.2573 0.1128 0.9597
vn -0.8552 0.1574 0.4938
vn -0.8543 0.1652 -0.4928
vn -0.4929 0.1709 -0.8531
vn 0.6890 0.2251 -0.6889
vn 0.8439 0.2250 -0.4871
vn 0.9413 0.2247 -0.2520
vn 0.9746 0.2241 0.0002
vn 0.9414 0.2234 0.2526
vn 0.8442 0.2225 0.4877
vn 0.6893 0.2216 0.6898
vn -0.0003 0.1158 0.9933
vn -0.2557 0.1585 0.9537
vn -0.4938 0.1574 0.8552
vn -0.6983 0.1570 0.6983
vn -0.8451 0.2182 0.4880
vn -0.9425 0.2185 0.2527
vn -0.9424 0.2198 -0.2522
vn -0.6898 0.2216 -0.6893
vn -0.4877 0.2225 -0.8442
vn -0.0002 0.2241 -0.9746
vn 0.2520 0.2247 -0.9413
vn 0.4871 0.2250 -0.8439
vn 0.4874 0.2207 0.8448
vn 0.2551 0.1625 0.9532
vn -0.0002 0.1602 0.9871
vn -0.6901 0.2181 0.6901
vn -0.9757 0.2191 0.0002
vn -0.8448 0.2207 -0.4874
vn -0.2525 0.2234 -0.9414
vn 0.4761 0.3054 -0.8247
vn 0.6733 0.3053 -0.6733
vn 0.9197 0.3057 -0.2463
vn 0.9520 0.3062 0.0002
vn 0.9193 0.3069 0.2465
vn 0.8239 0.3076 0.4760
vn 0.4753 0.3092 0.8237
vn -0.2527 0.2185 0.9425
vn -0.8229 0.3114 0.4752
vn -0.9506 0.3106 0.0002
vn -0.8237 0.3092 -0.4753
vn -0.4760 0.3076 -0.8239
vn -0.2465 0.3069 -0.9193
vn 0.2463 0.3057 -0.9197
vn 0.8247 0.3054 -0.4761
vn 0.6725 0.3084 0.6728
vn 0.2459 0.3099 0.9184
vn 0.2522 0.2198 0.9424
vn -0.0002 0.2191 0.9757
vn -0.4880 0.2182 0.8451
vn -0.6719 0.3115 0.6719
vn -0.9180 0.3111 0.2461
vn -0.9184 0.3099 -0.2459
vn -0.6728 0.3084 -0.6725
vn -0.0002 0.3062 -0.9520
vn 0.6381 0.4310 -0.6381
vn 0.8712 0.4320 -0.2334
vn 0.9013 0.4332 0.0001
vn 0.8698 0.4348 0.2332
vn 0.6354 0.4386 0.6355
vn 0.4488 0.4405 0.7775
vn 0.2320 0.4423 0.8663
vn -0.0002 0.3106 0.9506
vn -0.2461 0.3111 0.9180
vn -0.6329 0.4461 0.6329
vn -0.8650 0.4451 0.2318
vn -0.8961 0.4439 0.0001
vn -0.8663 0.4423 -0.2320
vn -0.6355 0.4386 -0.6354
vn -0.4499 0.4366 -0.7791
vn -0.2332 0.4348 -0.8698
vn 0.2334 0.4320 -0.8712
vn -0.0001 0.4332 -0.9013
vn 0.4511 0.4312 -0.7814
vn 0.7814 0.4312 -0.4511
vn 0.7791 0.4366 0.4499
vn -0.4752 0.3114 0.8229
vn -0.7752 0.4458 0.4476
vn -0.7775 0.4405 -0.4488
vn 0.5698 0.5922 -0.5698
vn 0.6977 0.5925 -0.4028
vn 0.8039 0.5947 -0.0001
vn 0.6938 0.5986 0.4005
vn 0.5653 0.6008 0.5652
vn 0.3990 0.6030 0.6908
vn -0.0001 0.4439 0.8961
vn -0.2318 0.4451 0.8650
vn -0.4476 0.4458 0.7752
vn -0.5608 0.6092 0.5608
vn -0.7669 0.6080 0.2054
vn -0.6870 0.6089 0.3966
vn -0.7691 0.6050 -0.2062
vn -0.5652 0.6008 -0.5653
vn -0.4005 0.5986 -0.6938
vn -0.2077 0.5965 -0.7753
vn 0.0001 0.5947 -0.8039
vn 0.2084 0.5933 -0.7775
vn 0.4028 0.5925 -0.6977
vn 0.7775 0.5933 -0.2084
vn 0.7753 0.5965 0.2077
vn 0.2062 0.6050 0.7691
vn -0.3966 0.6089 0.6870
vn -0.7949 0.6067 -0.0001
vn -0.6908 0.6030 -0.3990
vn 0.3295 0.7522 -0.5706
vn 0.5706 0.7522 -0.3295
vn 0.6357 0.7528 -0.1705
vn 0.6333 0.7552 0.1695
vn 0.5663 0.7567 0.3267
vn 0.3252 0.7599 0.5629
vn 0.0001 0.6067 0.7949
vn -0.2054 0.6080 0.7669
vn -0.4559 0.7644 0.4559
vn -0.5586 0.7642 0.3225
vn -0.6238 0.7636 0.1670
vn -0.6469 0.7626 -0.0002
vn -0.5629 0.7599 -0.3252
vn -0.4608 0.7583 -0.4612
vn -0.3267 0.7567 -0.5663
vn 0.0002 0.7538 -0.6571
vn 0.1705 0.7528 -0.6357
vn 0.4661 0.7520 -0.4661
vn 0.6571 0.7538 -0.0002
vn 0.4612 0.7583 0.4608
vn 0.1680 0.7613 0.6262
vn -0.3225 0.7642 0.5586
vn -0.6262 0.7614 -0.1680
vn -0.1695 0.7552 -0.6333
vn 0.1266 0.8725 -0.4719
vn 0.2446 0.8722 -0.4236
vn 0.4236 0.8722 -0.2446
vn 0.4719 0.8725 -0.1266
vn 0.4699 0.8737 0.1257
vn 0.3421 0.8753 0.3418
vn 0.2413 0.8761 0.4174
vn 0.0002 0.7626 0.6469
vn -0.1670 0.7636 0.6238
vn -0.3380 0.8784 0.3380
vn -0.4141 0.8783 0.2390
vn -0.4624 0.8780 0.1238
vn -0.4796 0.8775 -0.0002
vn -0.4174 0.8761 -0.2413
vn -0.4643 0.8768 -0.1246
vn -0.3418 0.8753 -0.3421
vn -0.2423 0.8745 -0.4202
vn 0.0002 0.8730 -0.4876
vn -0.1257 0.8737 -0.4699
vn 0.3460 0.8721 -0.3460
vn 0.4876 0.8730 -0.0002
vn 0.4202 0.8745 0.2423
vn 0.1246 0.8768 0.4643
vn -0.1238 0.8780 0.4624
vn -0.2390 0.8783 0.4141
vn 0.0001 0.9437 -0.3307
vn 0.1658 0.9434 -0.2871
vn 0.2345 0.9434 -0.2345
vn 0.2871 0.9434 -0.1658
vn 0.3307 0.9437 -0.0001
vn 0.2852 0.9443 0.1645
vn 0.2323 0.9446 0.2321
vn 0.1639 0.9449 0.2835
vn 0.0002 0.8775 0.4796
vn -0.2299 0.9457 0.2299
vn -0.3144 0.9455 0.0842
vn -0.3155 0.9451 -0.0847
vn -0.2835 0.9449 -0.1639
vn -0.1645 0.9443 -0.2852
vn -0.0853 0.9440 -0.3188
vn 0.0858 0.9436 -0.3199
vn 0.3199 0.9436 -0.0858
vn 0.3188 0.9440 0.0853
vn 0.0847 0.9451 0.3155
vn 0.0001 0.9454 0.3260
vn -0.0842 0.9455 0.3144
vn -0.1626 0.9457 0.2816
vn -0.2816 0.9457 0.1626
vn -0.3260 0.9454 -0.0001
vn -0.2321 0.9446 -0.2323
vn -0.0520 0.9796 -0.1943
vn 0.0001 0.9795 -0.2014
vn 0.1427 0.9794 -0.1427
vn 0.0522 0.9795 -0.1948
vn 0.1748 0.9794 -0.1009
vn 0.2014 0.9795 -0.0001
vn 0.1739 0.9796 0.1003
vn 0.1418 0.9797 0.1416
vn 0.0518 0.9799 0.1929
vn -0.1407 0.9800 0.1407
vn -0.1724 0.9800 0.0995
vn -0.1924 0.9800 0.0515
vn -0.1994 0.9799 -0.0001
vn -0.1929 0.9799 -0.0518
vn -0.1732 0.9798 -0.1001
vn -0.1416 0.9797 -0.1418
vn 0.1009 0.9794 -0.1748
vn 0.1948 0.9795 -0.0522
vn 0.1943 0.9796 0.0520
vn 0.1001 0.9798 0.1732
vn -0.0515 0.9800 0.1924
vn -0.0995 0.9800 0.1724
vn -0.1003 0.9796 -0.1739
vn -0.0000 0.9954 -0.0961
vn 0.0481 0.9954 -0.0833
vn 0.0833 0.9954 -0.0481
vn 0.0929 0.9954 -0.0249
vn 0.0961 0.9954 -0.0000
vn 0.0831 0.9954 0.0479
vn 0.0927 0.9954 0.0248
vn 0.0479 0.9954 0.0829
vn 0.0001 0.9799 0.1994
vn 0.0248 0.9954 0.0923
vn -0.0826 0.9954 0.0477
vn -0.0477 0.9954 0.0826
vn -0.0922 0.9954 0.0247
vn -0.0955 0.9954 -0.0000
vn -0.0923 0.9954 -0.0248
vn -0.0829 0.9954 -0.0479
vn -0.0677 0.9954 -0.0678
vn -0.0248 0.9954 -0.0927
vn 0.0249 0.9954 -0.0929
vn 0.0680 0.9954 -0.0680
vn 0.0678 0.9954 0.0677
vn -0.0247 0.9954 0.0922
vn -0.0675 0.9954 0.0675
vn -0.0479 0.9954 -0.0831
vn 0.0001 1.0000 -0.0001
vn -0.0000 0.9954 0.0955
vt 0.126667 0.126667
vt 0.206667 0.126667
vt 0.166667 0.206667
vt 0.460000 0.126667
vt 0.540000 0.126667
vt 0.500000 0.206667
s 1
f 1/1/1 2/2/2 3/3/3
f 3/1/3 2/2/2 4/3/4
f 5/1/5 1/2/1 3/3/3
f 1/1/1 6/2/6 2/3/2
f 4/1/4 2/2/2 7/3/7
f 5/1/5 3/2/3 4/3/4
f 8/1/8 1/2/1 5/3/5
f 6/1/6 9/2/9 2/3/2
f 2/1/2 10/2/10 7/3/7
f 4/1/4 7/2/7 11/3/11
f 5/1/5 4/2/4 12/3/12
f 13/1/13 8/2/8 5/3/5
f 2/1/2 9/2/9 14/3/14
f 2/1/2 14/2/14 10/3/10
f 7/1/7 10/2/10 15/3/15
f 12/1/12 4/2/4 11/3/11
f 11/1/11 7/2/7 15/3/15
f 16/1/16 5/2/5 12/3/12
f 13/1/13 5/2/5 16/3/16
f 17/1/17 8/2/8 13/3/13
f 14/1/14 9/2/9 18/3/18
f 10/1/10 14/2/14 19/3/19
f 15/1/15 10/2/10 20/3/20
f 12/1/12 11/2/11 21/3/21
f 11/1/11 15/2/15 22/3/22
f 16/1/16 12/2/12 23/3/23
f 13/1/13 16/2/16 24/3/24
f 17/1/17 13/2/13 25/3/25
f 14/1/14 18/2/18 19/3/19
f 9/1/9 26/2/26 18/3/18
f 10/1/10 19/2/19 27/3/27
f 20/1/20 10/2/10 27/3/27
f 22/1/22 15/2/15 20/3/20
f 21/1/21 11/2/11 28/3/28
f 23/1/23 12/2/12 21/3/21
f 11/1/11 22/2/22 28/3/28
f 16/1/16 23/2/23 29/3/29
f 24/1/24 16/2/16 29/3/29
f 25/1/25 13/2/13 24/3/24
f 19/1/19 18/2/18 30/3/30
f 18/1/18 26/2/26 31/3/31
f 27/1/27 19/2/19 30/3/30
f 32/1/32 20/2/20 27/3/27
f 22/1/22 20/2/20 32/3/32
f 21/1/21 28/2/28 33/3/33
f 23/1/23 21/2/21 33/3/33
f 28/1/28 22/2/22 34/3/34
f 29/1/29 23/2/23 35/3/35
f 24/1/24 29/2/29 36/3/36
f 25/1/25 24/2/24 36/3/36
f 18/1/18 31/2/31 30/3/30
f 26/1/26 37/2/37 31/3/31
f 27/1/27 30/2/30 38/3/38
f 32/1/32 27/2/27 39/3/39
f 22/1/22 32/2/32 40/3/40
f 33/1/33 28/2/28 34/3/34
f 23/1/23 33/2/33 41/3/41
f 34/1/34 22/2/22 40/3/40
f 23/1/23 41/2/41 35/3/35
f 29/1/29 35/2/35 42/3/42
f 36/1/36 29/2/29 42/3/42
f 25/1/25 36/2/36 43/3/43
f 31/1/31 44/2/44 30/3/30
f 45/1/45 31/2/31 37/3/37
f 30/1/30 46/2/46 38/3/38
f 27/1/27 38/2/38 47/3/47
f 39/1/39 27/2/27 47/3/47
f 32/1/32 39/2/39 48/3/48
f 40/1/40 32/2/32 49/3/49
f 33/1/33 34/2/34 50/3/50
f 41/1/41 33/2/33 50/3/50
f 34/1/34 40/2/40 51/3/51
f 35/1/35 41/2/41 52/3/52
f 42/1/42 35/2/35 53/3/53
f 36/1/36 42/2/42 54/3/54
f 43/1/43 36/2/36 55/3/55
f 44/1/44 46/2/46 30/3/30
f 56/1/56 44/2/44 31/3/31
f 45/1/45 56/2/56 31/3/31
f 46/1/46 57/2/57 38/3/38
f 38/1/38 57/2/57 47/3/47
f 39/1/39 47/2/47 58/3/58
f 49/1/49 32/2/32 48/3/48
f 48/1/48 39/2/39 58/3/58
f 40/1/40 49/2/49 51/3/51
f 50/1/50 34/2/34 59/3/59
f 41/1/41 50/2/50 60/3/60
f 34/1/34 51/2/51 59/3/59
f 52/1/52 41/2/41 61/3/61
f 35/1/35 52/2/52 62/3/62
f 35/1/35 62/2/62 53/3/53
f 42/1/42 53/2/53 63/3/63
f 54/1/54 42/2/42 63/3/63
f 55/1/55 36/2/36 54/3/54
f 64/1/64 46/2/46 44/3/44
f 56/1/56 64/2/64 44/3/44
f 65/1/65 56/2/56 45/3/45
f 66/1/66 57/2/57 46/3/46
f 57/1/57 58/2/58 47/3/47
f 49/1/49 48/2/48 67/3/67
f 67/1/67 48/2/48 58/3/58
f 51/1/51 49/2/49 68/3/68
f 50/1/50 59/2/59 69/3/69
f 60/1/60 50/2/50 69/3/69
f 41/1/41 60/2/60 61/3/61
f 51/1/51 70/2/70 59/3/59
f 52/1/52 61/2/61 62/3/62
f 53/1/53 62/2/62 71/3/71
f 63/1/63 53/2/53 71/3/71
f 54/1/54 63/2/63 72/3/72
f 55/1/55 54/2/54 73/3/73
f 64/1/64 66/2/66 46/3/46
f 74/1/74 64/2/64 56/3/56
f 65/1/65 74/2/74 56/3/56
f 66/1/66 75/2/75 57/3/57
f 57/1/57 76/2/76 58/3/58
f 68/1/68 49/2/49 67/3/67
f 67/1/67 58/2/58 77/3/77
f 51/1/51 68/2/68 78/3/78
f 59/1/59 70/2/70 69/3/69
f 60/1/60 69/2/69 79/3/79
f 61/1/61 60/2/60 79/3/79
f 51/1/51 78/2/78 70/3/70
f 62/1/62 61/2/61 80/3/80
f 71/1/71 62/2/62 81/3/81
f 63/1/63 71/2/71 82/3/82
f 72/1/72 63/2/63 82/3/82
f 73/1/73 54/2/54 72/3/72
f 64/1/64 83/2/83 66/3/66
f 84/1/84 64/2/64 74/3/74
f 85/1/85 74/2/74 65/3/65
f 83/1/83 75/2/75 66/3/66
f 75/1/75 76/2/76 57/3/57
f 76/1/76 86/2/86 58/3/58
f 68/1/68 67/2/67 87/3/87
f 58/1/58 86/2/86 77/3/77
f 67/1/67 77/2/77 88/3/88
f 68/1/68 87/2/87 78/3/78
f 70/1/70 89/2/89 69/3/69
f 69/1/69 89/2/89 79/3/79
f 61/1/61 79/2/79 90/3/90
f 78/1/78 91/2/91 70/3/70
f 61/1/61 90/2/90 80/3/80
f 62/1/62 80/2/80 81/3/81
f 71/1/71 81/2/81 92/3/92
f 82/1/82 71/2/71 92/3/92
f 72/1/72 82/2/82 93/3/93
f 73/1/73 72/2/72 93/3/93
f 94/1/94 83/2/83 64/3/64
f 84/1/84 94/2/94 64/3/64
f 85/1/85 84/2/84 74/3/74
f 83/1/83 95/2/95 75/3/75
f 75/1/75 96/2/96 76/3/76
f 96/1/96 86/2/86 76/3/76
f 87/1/87 67/2/67 97/3/97
f 77/1/77 86/2/86 98/3/98
f 67/1/67 88/2/88 97/3/97
f 77/1/77 98/2/98 88/3/88
f 78/1/78 87/2/87 99/3/99
f 70/1/70 91/2/91 89/3/89
f 89/1/89 100/2/100 79/3/79
f 79/1/79 101/2/101 90/3/90
f 78/1/78 102/2/102 91/3/91
f 80/1/80 90/2/90 103/3/103
f 81/1/81 80/2/80 104/3/104
f 92/1/92 81/2/81 105/3/105
f 82/1/82 92/2/92 106/3/106
f 93/1/93 82/2/82 106/3/106
f 73/1/73 93/2/93 107/3/107
f 108/1/108 83/2/83 94/3/94
f 84/1/84 108/2/108 94/3/94
f 109/1/109 84/2/84 85/3/85
f 110/1/110 95/2/95 83/3/83
f 95/1/95 96/2/96 75/3/75
f 96/1/96 111/2/111 86/3/86
f 87/1/87 97/2/97 112/3/112
f 86/1/86 113/2/113 98/3/98
f 97/1/97 88/2/88 114/3/114
f 88/1/88 98/2/98 114/3/114
f 87/1/87 112/2/112 99/3/99
f 78/1/78 99/2/99 102/3/102
f 89/1/89 91/2/91 115/3/115
f 89/1/89 115/2/115 100/3/100
f 79/1/79 100/2/100 101/3/101
f 90/1/90 101/2/101 103/3/103
f 102/1/102 116/2/116 91/3/91
f 80/1/80 103/2/103 104/3/104
f 81/1/81 104/2/104 105/3/105
f 92/1/92 105/2/105 117/3/117
f 106/1/106 92/2/92 117/3/117
f 93/1/93 106/2/106 118/3/118
f 107/1/107 93/2/93 119/3/119
f 108/1/108 110/2/110 83/3/83
f 120/1/120 108/2/108 84/3/84
f 109/1/109 120/2/120 84/3/84
f 110/1/110 121/2/121 95/3/95
f 95/1/95 122/2/122 96/3/96
f 96/1/96 123/2/123 111/3/111
f 86/1/86 111/2/111 113/3/113
f 97/1/97 114/2/114 112/3/112
f 98/1/98 113/2/113 124/3/124
f 114/1/114 98/2/98 125/3/125
f 99/1/99 112/2/112 126/3/126
f 102/1/102 99/2/99 127/3/127
f 91/1/91 128/2/128 115/3/115
f 115/1/115 129/2/129 100/3/100
f 100/1/100 129/2/129 101/3/101
f 101/1/101 130/2/130 103/3/103
f 102/1/102 127/2/127 116/3/116
f 91/1/91 116/2/116 131/3/131
f 104/1/104 103/2/103 132/3/132
f 105/1/105 104/2/104 133/3/133
f 117/1/117 105/2/105 134/3/134
f 106/1/106 117/2/117 135/3/135
f 118/1/118 106/2/106 135/3/135
f 119/1/119 93/2/93 118/3/118
f 136/1/136 110/2/110 108/3/108
f 120/1/120 136/2/136 108/3/108
f 109/1/109 137/2/137 120/3/120
f 110/1/110 138/2/138 121/3/121
f 121/1/121 122/2/122 95/3/95
f 122/1/122 123/2/123 96/3/96
f 111/1/111 123/2/123 139/3/139
f 111/1/111 139/2/139 113/3/113
f 112/1/112 114/2/114 140/3/140
f 98/1/98 124/2/124 125/3/125
f 113/1/113 141/2/141 124/3/124
f 114/1/114 125/2/125 142/3/142
f 99/1/99 126/2/126 127/3/127
f 112/1/112 140/2/140 126/3/126
f 91/1/91 131/2/131 128/3/128
f 115/1/115 128/2/128 143/3/143
f 115/1/115 143/2/143 129/3/129
f 129/1/129 144/2/144 101/3/101
f 101/1/101 145/2/145 130/3/130
f 103/1/103 130/2/130 132/3/132
f 116/1/116 127/2/127 146/3/146
f 116/1/116 146/2/146 131/3/131
f 104/1/104 132/2/132 133/3/133
f 105/1/105 133/2/133 134/3/134
f 117/1/117 134/2/134 147/3/147
f 135/1/135 117/2/117 147/3/147
f 118/1/118 135/2/135 148/3/148
f 119/1/119 118/2/118 148/3/148
f 136/1/136 149/2/149 110/3/110
f 137/1/137 136/2/136 120/3/120
f 150/1/150 137/2/137 109/3/109
f 149/1/149 138/2/138 110/3/110
f 138/1/138 151/2/151 121/3/121
f 121/1/121 151/2/151 122/3/122
f 151/1/151 123/2/123 122/3/122
f 123/1/123 152/2/152 139/3/139
f 113/1/113 139/2/139 141/3/141
f 114/1/114 142/2/142 140/3/140
f 125/1/125 124/2/124 153/3/153
f 124/1/124 141/2/141 154/3/154
f 125/1/125 153/2/153 142/3/142
f 127/1/127 126/2/126 155/3/155
f 126/1/126 140/2/140 156/3/156
f 131/1/131 157/2/157 128/3/128
f 128/1/128 158/2/158 143/3/143
f 129/1/129 143/2/143 144/3/144
f 101/1/101 144/2/144 145/3/145
f 130/1/130 145/2/145 159/3/159
f 130/1/130 160/2/160 132/3/132
f 127/1/127 155/2/155 146/3/146
f 131/1/131 146/2/146 157/3/157
f 133/1/133 132/2/132 161/3/161
f 134/1/134 133/2/133 162/3/162
f 147/1/147 134/2/134 163/3/163
f 135/1/135 147/2/147 164/3/164
f 135/1/135 164/2/164 148/3/148
f 119/1/119 148/2/148 165/3/165
f 136/1/136 166/2/166 149/3/149
f 167/1/167 136/2/136 137/3/137
f 168/1/168 137/2/137 150/3/150
f 149/1/149 169/2/169 138/3/138
f 138/1/138 170/2/170 151/3/151
f 151/1/151 152/2/152 123/3/123
f 139/1/139 152/2/152 171/3/171
f 139/1/139 171/2/171 141/3/141
f 140/1/140 142/2/142 172/3/172
f 124/1/124 154/2/154 153/3/153
f 141/1/141 173/2/173 154/3/154
f 142/1/142 153/2/153 174/3/174
f 126/1/126 156/2/156 155/3/155
f 140/1/140 172/2/172 156/3/156
f 128/1/128 157/2/157 158/3/158
f 143/1/143 158/2/158 175/3/175
f 143/1/143 176/2/176 144/3/144
f 144/1/144 176/2/176 145/3/145
f 145/1/145 177/2/177 159/3/159
f 130/1/130 159/2/159 160/3/160
f 160/1/160 161/2/161 132/3/132
f 146/1/146 155/2/155 178/3/178
f 146/1/146 179/2/179 157/3/157
f 133/1/133 161/2/161 162/3/162
f 134/1/134 162/2/162 180/3/180
f 134/1/134 180/2/180 163/3/163
f 147/1/147 163/2/163 181/3/181
f 147/1/147 182/2/182 164/3/164
f 148/1/148 164/2/164 183/3/183
f 165/1/165 148/2/148 184/3/184
f 185/1/185 166/2/166 136/3/136
f 166/1/166 169/2/169 149/3/149
f 168/1/168 167/2/167 137/3/137
f 167/1/167 185/2/185 136/3/136
f 169/1/169 186/2/186 138/3/138
f 138/1/138 186/2/186 170/3/170
f 170/1/170 152/2/152 151/3/151
f 171/1/171 152/2/152 187/3/187
f 141/1/141 171/2/171 173/3/173
f 142/1/142 188/2/188 172/3/172
f 153/1/153 154/2/154 189/3/189
f 154/1/154 173/2/173 190/3/190
f 142/1/142 174/2/174 188/3/188
f 153/1/153 189/2/189 174/3/174
f 155/1/155 156/2/156 191/3/191
f 156/1/156 172/2/172 191/3/191
f 157/1/157 179/2/179 158/3/158
f 158/1/158 192/2/192 175/3/175
f 143/1/143 175/2/175 176/3/176
f 176/1/176 177/2/177 145/3/145
f 177/1/177 193/2/193 159/3/159
f 159/1/159 194/2/194 160/3/160
f 160/1/160 194/2/194 161/3/161
f 155/1/155 191/2/191 178/3/178
f 146/1/146 178/2/178 195/3/195
f 146/1/146 195/2/195 179/3/179
f 162/1/162 161/2/161 196/3/196
f 162/1/162 196/2/196 180/3/180
f 163/1/163 180/2/180 181/3/181
f 147/1/147 181/2/181 182/3/182
f 164/1/164 182/2/182 183/3/183
f 148/1/148 183/2/183 197/3/197
f 148/1/148 197/2/197 184/3/184
f 198/1/198 166/2/166 185/3/185
f 199/1/199 169/2/169 166/3/166
f 200/1/200 167/2/167 168/3/168
f 198/1/198 185/2/185 167/3/167
f 201/1/201 186/2/186 169/3/169
f 186/1/186 202/2/202 170/3/170
f 170/1/170 187/2/187 152/3/152
f 171/1/171 187/2/187 203/3/203
f 173/1/173 171/2/171 203/3/203
f 172/1/172 188/2/188 204/3/204
f 154/1/154 190/2/190 189/3/189
f 190/1/190 173/2/173 205/3/205
f 188/1/188 174/2/174 206/3/206
f 174/1/174 189/2/189 207/3/207
f 172/1/172 208/2/208 191/3/191
f 158/1/158 179/2/179 209/3/209
f 158/1/158 209/2/209 192/3/192
f 175/1/175 192/2/192 210/3/210
f 176/1/176 175/2/175 210/3/210
f 176/1/176 211/2/211 177/3/177
f 177/1/177 212/2/212 193/3/193
f 159/1/159 193/2/193 213/3/213
f 159/1/159 214/2/214 194/3/194
f 194/1/194 196/2/196 161/3/161
f 178/1/178 191/2/191 215/3/215
f 195/1/195 178/2/178 215/3/215
f 195/1/195 215/2/215 179/3/179
f 180/1/180 196/2/196 216/3/216
f 180/1/180 217/2/217 181/3/181
f 182/1/182 181/2/181 218/3/218
f 182/1/182 219/2/219 183/3/183
f 197/1/197 183/2/183 220/3/220
f 184/1/184 197/2/197 220/3/220
f 199/1/199 166/2/166 198/3/198
f 221/1/221 169/2/169 199/3/199
f 222/1/222 167/2/167 200/3/200
f 198/1/198 167/2/167 222/3/222
f 223/1/223 186/2/186 201/3/201
f 201/1/201 169/2/169 221/3/221
f 170/1/170 202/2/202 187/3/187
f 223/1/223 202/2/202 186/3/186
f 203/1/203 187/2/187 224/3/224
f 173/1/173 203/2/203 205/3/205
f 172/1/172 204/2/204 208/3/208
f 188/1/188 206/2/206 204/3/204
f 189/1/189 190/2/190 225/3/225
f 190/1/190 205/2/205 226/3/226
f 174/1/174 207/2/207 206/3/206
f 189/1/189 225/2/225 207/3/207
f 191/1/191 208/2/208 215/3/215
f 179/1/179 215/2/215 209/3/209
f 209/1/209 215/2/215 192/3/192
f 210/1/210 192/2/192 227/3/227
f 176/1/176 210/2/210 211/3/211
f 177/1/177 211/2/211 212/3/212
f 212/1/212 228/2/228 193/3/193
f 193/1/193 228/2/228 213/3/213
f 159/1/159 213/2/213 214/3/214
f 214/1/214 229/2/229 194/3/194
f 194/1/194 230/2/230 196/3/196
f 230/1/230 216/2/216 196/3/196
f 180/1/180 216/2/216 231/3/231
f 180/1/180 231/2/231 217/3/217
f 181/1/181 217/2/217 232/3/232
f 182/1/182 218/2/218 219/3/219
f 181/1/181 232/2/232 218/3/218
f 183/1/183 219/2/219 233/3/233
f 183/1/183 234/2/234 220/3/220
f 184/1/184 220/2/220 235/3/235
f 236/1/236 199/2/199 198/3/198
f 237/1/237 221/2/221 199/3/199
f 238/1/238 222/2/222 200/3/200
f 238/1/238 198/2/198 222/3/222
f 239/1/239 223/2/223 201/3/201
f 237/1/237 201/2/201 221/3/221
f 187/1/187 202/2/202 224/3/224
f 202/1/202 223/2/223 240/3/240
f 205/1/205 203/2/203 224/3/224
f 208/1/208 204/2/204 215/3/215
f 204/1/204 206/2/206 215/3/215
f 225/1/225 190/2/190 226/3/226
f 226/1/226 205/2/205 241/3/241
f 206/1/206 207/2/207 215/3/215
f 207/1/207 225/2/225 242/3/242
f 192/1/192 215/2/215 227/3/227
f 210/1/210 227/2/227 211/3/211
f 211/1/211 243/2/243 212/3/212
f 212/1/212 244/2/244 228/3/228
f 228/1/228 245/2/245 213/3/213
f 213/1/213 229/2/229 214/3/214
f 194/1/194 229/2/229 230/3/230
f 230/1/230 246/2/246 216/3/216
f 216/1/216 247/2/247 231/3/231
f 217/1/217 231/2/231 232/3/232
f 219/1/219 218/2/218 248/3/248
f 218/1/218 232/2/232 248/3/248
f 219/1/219 248/2/248 233/3/233
f 183/1/183 233/2/233 234/3/234
f 234/1/234 238/2/238 220/3/220
f 220/1/220 238/2/238 235/3/235
f 237/1/237 199/2/199 236/3/236
f 236/1/236 198/2/198 249/3/249
f 238/1/238 200/2/200 250/3/250
f 249/1/249 198/2/198 238/3/238
f 251/1/251 223/2/223 239/3/239
f 239/1/239 201/2/201 237/3/237
f 224/1/224 202/2/202 240/3/240
f 240/1/240 223/2/223 252/3/252
f 205/1/205 224/2/224 253/3/253
f 225/1/225 226/2/226 254/3/254
f 255/1/255 226/2/226 241/3/241
f 205/1/205 253/2/253 241/3/241
f 207/1/207 242/2/242 215/3/215
f 242/1/242 225/2/225 254/3/254
f 227/1/227 215/2/215 256/3/256
f 211/1/211 227/2/227 256/3/256
f 211/1/211 256/2/256 243/3/243
f 243/1/243 244/2/244 212/3/212
f 244/1/244 257/2/257 228/3/228
f 228/1/228 257/2/257 245/3/245
f 213/1/213 245/2/245 229/3/229
f 229/1/229 246/2/246 230/3/230
f 246/1/246 247/2/247 216/3/216
f 247/1/247 258/2/258 231/3/231
f 231/1/231 259/2/259 232/3/232
f 232/1/232 260/2/260 248/3/248
f 248/1/248 236/2/236 233/3/233
f 233/1/233 236/2/236 234/3/234
f 234/1/234 249/2/249 238/3/238
f 235/1/235 238/2/238 250/3/250
f 248/1/248 237/2/237 236/3/236
f 234/1/234 236/2/236 249/3/249
f 260/1/260 251/2/251 239/3/239
f 223/1/223 251/2/251 252/3/252
f 260/1/260 239/2/239 237/3/237
f 224/1/224 240/2/240 261/3/261
f 262/1/262 240/2/240 252/3/252
f 253/1/253 224/2/224 261/3/261
f 254/1/254 226/2/226 255/3/255
f 255/1/255 241/2/241 263/3/263
f 241/1/241 253/2/253 261/3/261
f 215/1/215 242/2/242 264/3/264
f 242/1/242 254/2/254 264/3/264
f 256/1/256 215/2/215 243/3/243
f 215/1/215 244/2/244 243/3/243
f 244/1/244 265/2/265 257/3/257
f 257/1/257 266/2/266 245/3/245
f 245/1/245 267/2/267 229/3/229
f 229/1/229 267/2/267 246/3/246
f 267/1/267 247/2/247 246/3/246
f 231/1/231 258/2/258 259/3/259
f 268/1/268 258/2/258 247/3/247
f 232/1/232 259/2/259 269/3/269
f 232/1/232 269/2/269 260/3/260
f 260/1/260 237/2/237 248/3/248
f 269/1/269 251/2/251 260/3/260
f 252/1/252 251/2/251 270/3/270
f 261/1/261 240/2/240 262/3/262
f 262/1/262 252/2/252 270/3/270
f 271/1/271 254/2/254 255/3/255
f 272/1/272 255/2/255 263/3/263
f 263/1/263 241/2/241 273/3/273
f 241/1/241 261/2/261 273/3/273
f 215/1/215 264/2/264 271/3/271
f 264/1/264 254/2/254 271/3/271
f 215/1/215 265/2/265 244/3/244
f 265/1/265 274/2/274 257/3/257
f 257/1/257 275/2/275 266/3/266
f 245/1/245 266/2/266 267/3/267
f 267/1/267 268/2/268 247/3/247
f 258/1/258 270/2/270 259/3/259
f 268/1/268 276/2/276 258/3/258
f 270/1/270 269/2/269 259/3/259
f 270/1/270 251/2/251 269/3/269
f 273/1/273 261/2/261 262/3/262
f 262/1/262 270/2/270 277/3/277
f 271/1/271 255/2/255 272/3/272
f 272/1/272 263/2/263 278/3/278
f 263/1/263 273/2/273 279/3/279
f 215/1/215 271/2/271 272/3/272
f 215/1/215 274/2/274 265/3/265
f 274/1/274 275/2/275 257/3/257
f 275/1/275 280/2/280 266/3/266
f 266/1/266 268/2/268 267/3/267
f 276/1/276 270/2/270 258/3/258
f 280/1/280 276/2/276 268/3/268
f 273/1/273 262/2/262 281/3/281
f 276/1/276 277/2/277 270/3/270
f 281/1/281 262/2/262 277/3/277
f 215/1/215 272/2/272 278/3/278
f 278/1/278 263/2/263 279/3/279
f 279/1/279 273/2/273 281/3/281
f 215/1/215 282/2/282 274/3/274
f 274/1/274 282/2/282 275/3/275
f 275/1/275 283/2/283 280/3/280
f 266/1/266 280/2/280 268/3/268
f 280/1/280 284/2/284 276/3/276
f 284/1/284 277/2/277 276/3/276
f 281/1/281 277/2/277 285/3/285
f 215/1/215 278/2/278 286/3/286
f 278/1/278 279/2/279 287/3/287
f 279/1/279 281/2/281 285/3/285
f 215/1/215 288/2/288 282/3/282
f 282/1/282 283/2/283 275/3/275
f 283/1/283 284/2/284 280/3/280
f 284/1/284 285/2/285 277/3/277
f 278/1/278 287/2/287 286/3/286
f 215/1/215 286/2/286 288/3/288
f 279/1/279 285/2/285 287/3/287
f 282/1/282 288/2/288 289/3/289
f 282/1/282 289/2/289 283/3/283
f 283/1/283 289/2/289 284/3/284
f 287/1/287 285/2/285 284/3/284
f 286/1/286 287/2/287 289/3/289
f 288/1/288 286/2/286 289/3/289
f 289/1/289 287/2/287 284/3/284
f 290/1/197 291/2/290 292/3/184
f 293/1/291 291/2/290 290/3/197
f 290/1/197 292/2/184 294/3/292
f 291/1/290 295/2/293 292/3/184
f 296/1/294 291/2/290 293/3/291
f 293/1/291 290/2/197 294/3/292
f 294/1/292 292/2/184 297/3/295
f 291/1/290 298/2/296 295/3/293
f 296/1/294 299/2/297 291/3/290
f 300/1/298 296/2/294 293/3/291
f 301/1/299 293/2/291 294/3/292
f 294/1/292 297/2/295 302/3/300
f 303/1/301 298/2/296 291/3/290
f 299/1/297 303/2/301 291/3/290
f 304/1/302 299/2/297 296/3/294
f 300/1/298 293/2/291 301/3/299
f 304/1/302 296/2/294 300/3/298
f 301/1/299 294/2/292 305/3/303
f 305/1/303 294/2/292 302/3/300
f 302/1/300 297/2/295 306/3/304
f 307/1/305 298/2/296 303/3/301
f 308/1/306 303/2/301 299/3/297
f 309/1/307 299/2/297 304/3/302
f 310/1/308 300/2/298 301/3/299
f 311/1/248 304/2/302 300/3/298
f 312/1/309 301/2/299 305/3/303
f 313/1/310 305/2/303 302/3/300
f 314/1/311 302/2/300 306/3/304
f 308/1/306 307/2/305 303/3/301
f 307/1/305 315/2/312 298/3/296
f 316/1/313 308/2/306 299/3/297
f 316/1/313 299/2/297 309/3/307
f 309/1/307 304/2/302 311/3/248
f 317/1/218 300/2/298 310/3/308
f 310/1/308 301/2/299 312/3/309
f 317/1/218 311/2/248 300/3/298
f 318/1/314 312/2/309 305/3/303
f 318/1/314 305/2/303 313/3/310
f 313/1/310 302/2/300 314/3/311
f 319/1/315 307/2/305 308/3/306
f 320/1/316 315/2/312 307/3/305
f 319/1/315 308/2/306 316/3/313
f 316/1/313 309/2/307 321/3/237
f 321/1/237 309/2/307 311/3/248
f 322/1/317 317/2/218 310/3/308
f 322/1/317 310/2/308 312/3/309
f 323/1/318 311/2/248 317/3/218
f 324/1/319 312/2/309 318/3/314
f 325/1/320 318/2/314 313/3/310
f 325/1/320 313/2/310 314/3/311
f 319/1/315 320/2/316 307/3/305
f 320/1/316 326/2/321 315/3/312
f 327/1/322 319/2/315 316/3/313
f 328/1/323 316/2/313 321/3/237
f 329/1/324 321/2/237 311/3/248
f 323/1/318 317/2/218 322/3/317
f 330/1/325 322/2/317 312/3/309
f 329/1/324 311/2/248 323/3/318
f 324/1/319 330/2/325 312/3/309
f 331/1/326 324/2/319 318/3/314
f 331/1/326 318/2/314 325/3/320
f 332/1/327 325/2/320 314/3/311
f 319/1/315 333/2/328 320/3/316
f 326/1/321 320/2/316 334/3/329
f 327/1/322 335/2/330 319/3/315
f 336/1/331 327/2/322 316/3/313
f 336/1/331 316/2/313 328/3/323
f 337/1/332 328/2/323 321/3/237
f 338/1/239 321/2/237 329/3/324
f 339/1/333 323/2/318 322/3/317
f 339/1/333 322/2/317 330/3/325
f 340/1/334 329/2/324 323/3/318
f 341/1/335 330/2/325 324/3/319
f 342/1/336 324/2/319 331/3/326
f 343/1/337 331/2/326 325/3/320
f 344/1/338 325/2/320 332/3/327
f 319/1/315 335/2/330 333/3/328
f 320/1/316 333/2/328 345/3/339
f 320/1/316 345/2/339 334/3/329
f 327/1/322 346/2/340 335/3/330
f 336/1/331 346/2/340 327/3/322
f 347/1/341 336/2/331 328/3/323
f 337/1/332 321/2/237 338/3/239
f 347/1/341 328/2/323 337/3/332
f 340/1/334 338/2/239 329/3/324
f 348/1/342 323/2/318 339/3/333
f 349/1/343 339/2/333 330/3/325
f 348/1/342 340/2/334 323/3/318
f 350/1/344 330/2/325 341/3/335
f 351/1/345 341/2/335 324/3/319
f 342/1/336 351/2/345 324/3/319
f 352/1/346 342/2/336 331/3/326
f 352/1/346 331/2/326 343/3/337
f 343/1/337 325/2/320 344/3/338
f 333/1/328 335/2/330 353/3/347
f 333/1/328 353/2/347 345/3/339
f 334/1/329 345/2/339 354/3/348
f 335/1/330 346/2/340 355/3/349
f 336/1/331 347/2/341 346/3/340
f 356/1/223 337/2/332 338/3/239
f 347/1/341 337/2/332 356/3/223
f 357/1/350 338/2/239 340/3/334
f 358/1/351 348/2/342 339/3/333
f 358/1/351 339/2/333 349/3/343
f 350/1/344 349/2/343 330/3/325
f 348/1/342 359/2/352 340/3/334
f 351/1/345 350/2/344 341/3/335
f 360/1/353 351/2/345 342/3/336
f 360/1/353 342/2/336 352/3/346
f 361/1/354 352/2/346 343/3/337
f 362/1/355 343/2/337 344/3/338
f 335/1/330 355/2/349 353/3/347
f 345/1/339 353/2/347 363/3/356
f 345/1/339 363/2/356 354/3/348
f 346/1/340 364/2/357 355/3/349
f 347/1/341 365/2/358 346/3/340
f 356/1/223 338/2/239 357/3/350
f 366/1/359 347/2/341 356/3/223
f 367/1/270 357/2/350 340/3/334
f 358/1/351 359/2/352 348/3/342
f 368/1/360 358/2/351 349/3/343
f 368/1/360 349/2/343 350/3/344
f 359/1/352 367/2/270 340/3/334
f 369/1/361 350/2/344 351/3/345
f 370/1/362 351/2/345 360/3/353
f 371/1/363 360/2/353 352/3/346
f 371/1/363 352/2/346 361/3/354
f 361/1/354 343/2/337 362/3/355
f 355/1/349 372/2/364 353/3/347
f 363/1/356 353/2/347 373/3/365
f 354/1/348 363/2/356 374/3/366
f 355/1/349 364/2/357 372/3/364
f 346/1/340 365/2/358 364/3/357
f 347/1/341 375/2/367 365/3/358
f 376/1/368 356/2/223 357/3/350
f 366/1/359 375/2/367 347/3/341
f 377/1/369 366/2/359 356/3/223
f 367/1/270 376/2/368 357/3/350
f 358/1/351 378/2/247 359/3/352
f 368/1/360 378/2/247 358/3/351
f 379/1/370 368/2/360 350/3/344
f 359/1/352 380/2/371 367/3/270
f 369/1/361 379/2/370 350/3/344
f 370/1/362 369/2/361 351/3/345
f 381/1/372 370/2/362 360/3/353
f 381/1/372 360/2/353 371/3/363
f 382/1/373 371/2/363 361/3/354
f 382/1/373 361/2/354 362/3/355
f 353/1/347 372/2/364 383/3/94
f 353/1/347 383/2/94 373/3/365
f 363/1/356 373/2/365 374/3/366
f 364/1/357 384/2/374 372/3/364
f 365/1/358 385/2/375 364/3/357
f 365/1/358 375/2/367 385/3/375
f 386/1/376 356/2/223 376/3/368
f 387/1/377 375/2/367 366/3/359
f 386/1/376 377/2/369 356/3/223
f 377/1/369 387/2/377 366/3/359
f 388/1/378 376/2/368 367/3/270
f 378/1/247 380/2/371 359/3/352
f 368/1/360 389/2/379 378/3/247
f 379/1/370 390/2/380 368/3/360
f 380/1/371 391/2/277 367/3/270
f 392/1/381 379/2/370 369/3/361
f 393/1/382 369/2/361 370/3/362
f 394/1/383 370/2/362 381/3/372
f 395/1/384 381/2/372 371/3/363
f 395/1/384 371/2/363 382/3/373
f 396/1/385 382/2/373 362/3/355
f 383/1/94 372/2/364 397/3/386
f 383/1/94 397/2/386 373/3/365
f 374/1/366 373/2/365 398/3/387
f 372/1/364 384/2/374 399/3/388
f 364/1/357 385/2/375 384/3/374
f 375/1/367 400/2/389 385/3/375
f 401/1/261 386/2/376 376/3/368
f 387/1/377 402/2/171 375/3/367
f 403/1/390 377/2/369 386/3/376
f 403/1/390 387/2/377 377/3/369
f 388/1/378 401/2/261 376/3/368
f 391/1/277 388/2/378 367/3/270
f 404/1/268 380/2/371 378/3/247
f 389/1/379 404/2/268 378/3/247
f 390/1/380 389/2/379 368/3/360
f 392/1/381 390/2/380 379/3/370
f 380/1/371 405/2/285 391/3/277
f 393/1/382 392/2/381 369/3/361
f 394/1/383 393/2/382 370/3/362
f 406/1/391 394/2/383 381/3/372
f 406/1/391 381/2/372 395/3/384
f 407/1/392 395/2/384 382/3/373
f 408/1/393 382/2/373 396/3/385
f 372/1/364 399/2/388 397/3/386
f 373/1/365 397/2/386 409/3/394
f 373/1/365 409/2/394 398/3/387
f 384/1/374 410/2/395 399/3/388
f 385/1/375 411/2/396 384/3/374
f 400/1/389 412/2/123 385/3/375
f 402/1/171 400/2/389 375/3/367
f 401/1/261 403/2/390 386/3/376
f 413/1/173 402/2/171 387/3/377
f 414/1/397 387/2/377 403/3/390
f 415/1/273 401/2/261 388/3/378
f 416/1/281 388/2/378 391/3/277
f 404/1/268 417/2/280 380/3/371
f 389/1/379 418/2/398 404/3/268
f 390/1/380 418/2/398 389/3/379
f 392/1/381 419/2/399 390/3/380
f 405/1/285 416/2/281 391/3/277
f 420/1/284 405/2/285 380/3/371
f 421/1/400 392/2/381 393/3/382
f 422/1/401 393/2/382 394/3/383
f 423/1/402 394/2/383 406/3/391
f 424/1/403 406/2/391 395/3/384
f 424/1/403 395/2/384 407/3/392
f 407/1/392 382/2/373 408/3/393
f 397/1/386 399/2/388 425/3/404
f 397/1/386 425/2/404 409/3/394
f 409/1/394 426/2/405 398/3/387
f 410/1/395 427/2/406 399/3/388
f 384/1/374 411/2/396 410/3/395
f 385/1/375 412/2/123 411/3/396
f 428/1/139 412/2/123 400/3/389
f 402/1/171 428/2/139 400/3/389
f 429/1/241 403/2/390 401/3/261
f 414/1/397 413/2/173 387/3/377
f 413/1/173 430/2/141 402/3/171
f 431/1/226 414/2/397 403/3/390
f 416/1/281 415/2/273 388/3/378
f 415/1/273 429/2/241 401/3/261
f 417/1/280 420/2/284 380/3/371
f 432/1/266 417/2/280 404/3/268
f 418/1/398 432/2/266 404/3/268
f 390/1/380 433/2/407 418/3/398
f 419/1/399 434/2/214 390/3/380
f 421/1/400 419/2/399 392/3/381
f 435/1/287 416/2/281 405/3/285
f 420/1/284 435/2/287 405/3/285
f 422/1/401 421/2/400 393/3/382
f 423/1/402 422/2/401 394/3/383
f 436/1/408 423/2/402 406/3/391
f 436/1/408 406/2/391 424/3/403
f 437/1/409 424/2/403 407/3/392
f 437/1/409 407/2/392 408/3/393
f 399/1/388 438/2/410 425/3/404
f 409/1/394 425/2/404 426/3/405
f 398/1/387 426/2/405 439/3/411
f 399/1/388 427/2/406 438/3/410
f 410/1/395 440/2/412 427/3/406
f 411/1/396 440/2/412 410/3/395
f 411/1/396 412/2/123 440/3/412
f 428/1/139 441/2/413 412/3/123
f 430/1/141 428/2/139 402/3/171
f 429/1/241 431/2/226 403/3/390
f 442/1/190 413/2/173 414/3/397
f 443/1/154 430/2/141 413/3/173
f 431/1/226 442/2/190 414/3/397
f 444/1/279 415/2/273 416/3/281
f 445/1/263 429/2/241 415/3/273
f 417/1/280 446/2/289 420/3/284
f 432/1/266 447/2/283 417/3/280
f 433/1/407 432/2/266 418/3/398
f 434/1/214 433/2/407 390/3/380
f 448/1/159 434/2/214 419/3/399
f 421/1/400 449/2/160 419/3/399
f 435/1/287 444/2/279 416/3/281
f 446/1/289 435/2/287 420/3/284
f 450/1/414 421/2/400 422/3/401
f 451/1/415 422/2/401 423/3/402
f 452/1/416 423/2/402 436/3/408
f 453/1/417 436/2/408 424/3/403
f 437/1/409 453/2/417 424/3/403
f 454/1/418 437/2/409 408/3/393
f 438/1/410 455/2/419 425/3/404
f 426/1/405 425/2/404 456/3/420
f 439/1/411 426/2/405 457/3/421
f 427/1/406 458/2/422 438/3/410
f 440/1/412 459/2/423 427/3/406
f 412/1/123 441/2/413 440/3/412
f 460/1/113 441/2/413 428/3/139
f 430/1/141 460/2/113 428/3/139
f 461/1/255 431/2/226 429/3/241
f 442/1/190 443/2/154 413/3/173
f 443/1/154 462/2/124 430/3/141
f 463/1/225 442/2/190 431/3/226
f 444/1/279 445/2/263 415/3/273
f 445/1/263 461/2/255 429/3/241
f 447/1/283 446/2/289 417/3/280
f 464/1/275 447/2/283 432/3/266
f 433/1/407 465/2/245 432/3/266
f 434/1/214 465/2/245 433/3/407
f 448/1/159 466/2/213 434/3/214
f 449/1/160 448/2/159 419/3/399
f 421/1/400 450/2/414 449/3/160
f 467/1/278 444/2/279 435/3/287
f 446/1/289 468/2/288 435/3/287
f 451/1/415 450/2/414 422/3/401
f 469/1/424 451/2/415 423/3/402
f 452/1/416 469/2/424 423/3/402
f 470/1/425 452/2/416 436/3/408
f 453/1/417 471/2/426 436/3/408
f 472/1/427 453/2/417 437/3/409
f 473/1/1 437/2/409 454/3/418
f 425/1/404 455/2/419 474/3/428
f 438/1/410 458/2/422 455/3/419
f 426/1/405 456/2/420 457/3/421
f 425/1/404 474/2/428 456/3/420
f 427/1/406 475/2/429 458/3/422
f 459/1/423 475/2/429 427/3/406
f 440/1/412 441/2/413 459/3/423
f 476/1/430 441/2/413 460/3/113
f 462/1/124 460/2/113 430/3/141
f 461/1/255 477/2/254 431/3/226
f 478/1/189 443/2/154 442/3/190
f 479/1/153 462/2/124 443/3/154
f 477/1/254 463/2/225 431/3/226
f 463/1/225 478/2/189 442/3/190
f 480/1/272 445/2/263 444/3/279
f 480/1/272 461/2/255 445/3/263
f 447/1/283 468/2/288 446/3/289
f 464/1/275 481/2/274 447/3/283
f 465/1/245 464/2/275 432/3/266
f 434/1/214 466/2/213 465/3/245
f 448/1/159 482/2/193 466/3/213
f 449/1/160 483/2/431 448/3/159
f 450/1/414 483/2/431 449/3/160
f 467/1/278 480/2/272 444/3/279
f 484/1/286 467/2/278 435/3/287
f 468/1/288 484/2/286 435/3/287
f 485/1/432 450/2/414 451/3/415
f 469/1/424 485/2/432 451/3/415
f 470/1/425 469/2/424 452/3/416
f 471/1/426 470/2/425 436/3/408
f 472/1/427 471/2/426 453/3/417
f 486/1/3 472/2/427 437/3/409
f 473/1/1 486/2/3 437/3/409
f 474/1/428 455/2/419 487/3/433
f 455/1/419 458/2/422 488/3/434
f 457/1/421 456/2/420 489/3/435
f 456/1/420 474/2/428 487/3/433
f 458/1/422 475/2/429 490/3/436
f 459/1/423 491/2/437 475/3/429
f 441/1/413 476/2/430 459/3/423
f 492/1/438 476/2/430 460/3/113
f 492/1/438 460/2/113 462/3/124
f 493/1/264 477/2/254 461/3/255
f 478/1/189 479/2/153 443/3/154
f 494/1/439 462/2/124 479/3/153
f 495/1/242 463/2/225 477/3/254
f 496/1/207 478/2/189 463/3/225
f 480/1/272 497/2/271 461/3/255
f 498/1/282 468/2/288 447/3/283
f 481/1/274 498/2/282 447/3/283
f 499/1/257 481/2/274 464/3/275
f 499/1/257 464/2/275 465/3/245
f 466/1/213 500/2/228 465/3/245
f 482/1/193 501/2/212 466/3/213
f 502/1/177 482/2/193 448/3/159
f 483/1/431 503/2/145 448/3/159
f 450/1/414 485/2/432 483/3/431
f 504/1/215 480/2/272 467/3/278
f 504/1/215 467/2/278 484/3/286
f 468/1/288 504/2/215 484/3/286
f 505/1/440 485/2/432 469/3/424
f 470/1/425 506/2/441 469/3/424
f 507/1/28 470/2/425 471/3/426
f 472/1/427 508/2/442 471/3/426
f 509/1/443 472/2/427 486/3/3
f 509/1/443 486/2/3 473/3/1
f 487/1/433 455/2/419 488/3/434
f 488/1/434 458/2/422 510/3/444
f 489/1/435 456/2/420 511/3/445
f 511/1/445 456/2/420 487/3/433
f 490/1/436 475/2/429 512/3/446
f 510/1/444 458/2/422 490/3/436
f 476/1/430 491/2/437 459/3/423
f 475/1/429 491/2/437 512/3/446
f 513/1/447 476/2/430 492/3/438
f 494/1/439 492/2/438 462/3/124
f 497/1/271 493/2/264 461/3/255
f 493/1/264 495/2/242 477/3/254
f 514/1/174 479/2/153 478/3/189
f 515/1/142 494/2/439 479/3/153
f 495/1/242 496/2/207 463/3/225
f 496/1/207 514/2/174 478/3/189
f 504/1/215 497/2/271 480/3/272
f 498/1/282 504/2/215 468/3/288
f 481/1/274 504/2/215 498/3/282
f 516/1/265 481/2/274 499/3/257
f 500/1/228 499/2/257 465/3/245
f 501/1/212 500/2/228 466/3/213
f 482/1/193 517/2/211 501/3/212
f 502/1/177 517/2/211 482/3/193
f 503/1/145 502/2/177 448/3/159
f 483/1/431 518/2/448 503/3/145
f 485/1/432 519/2/449 483/3/431
f 485/1/432 505/2/440 519/3/449
f 520/1/450 505/2/440 469/3/424
f 506/1/441 520/2/450 469/3/424
f 521/1/451 506/2/441 470/3/425
f 508/1/442 507/2/28 471/3/426
f 507/1/28 521/2/451 470/3/425
f 522/1/452 508/2/442 472/3/427
f 509/1/443 523/2/453 472/3/427
f 524/1/454 509/2/443 473/3/1
f 487/1/433 488/2/434 525/3/455
f 488/1/434 510/2/444 526/3/32
f 489/1/435 511/2/445 527/3/456
f 511/1/445 487/2/433 527/3/456
f 490/1/436 512/2/446 528/3/49
f 510/1/444 490/2/436 526/3/32
f 513/1/447 491/2/437 476/3/430
f 529/1/457 512/2/446 491/3/437
f 513/1/447 492/2/438 494/3/439
f 504/1/215 493/2/264 497/3/271
f 504/1/215 495/2/242 493/3/264
f 515/1/142 479/2/153 514/3/174
f 530/1/140 494/2/439 515/3/142
f 504/1/215 496/2/207 495/3/242
f 531/1/206 514/2/174 496/3/207
f 516/1/265 504/2/215 481/3/274
f 500/1/228 516/2/265 499/3/257
f 501/1/212 532/2/243 500/3/228
f 517/1/211 533/2/256 501/3/212
f 502/1/177 534/2/176 517/3/211
f 503/1/145 518/2/448 502/3/177
f 519/1/449 518/2/448 483/3/431
f 505/1/440 535/2/458 519/3/449
f 520/1/450 536/2/89 505/3/440
f 521/1/451 520/2/450 506/3/441
f 537/1/22 507/2/28 508/3/442
f 537/1/22 521/2/451 507/3/28
f 522/1/452 537/2/22 508/3/442
f 523/1/453 522/2/452 472/3/427
f 509/1/443 527/2/456 523/3/453
f 524/1/454 527/2/456 509/3/443
f 525/1/455 488/2/434 526/3/32
f 538/1/459 487/2/433 525/3/455
f 539/1/460 489/2/435 527/3/456
f 527/1/456 487/2/433 538/3/459
f 528/1/49 512/2/446 540/3/461
f 526/1/32 490/2/436 528/3/49
f 529/1/457 491/2/437 513/3/447
f 541/1/462 512/2/446 529/3/457
f 542/1/463 513/2/447 494/3/439
f 543/1/188 515/2/142 514/3/174
f 530/1/140 515/2/142 544/3/172
f 530/1/140 542/2/463 494/3/439
f 504/1/215 531/2/206 496/3/207
f 543/1/188 514/2/174 531/3/206
f 545/1/244 504/2/215 516/3/265
f 545/1/244 516/2/265 500/3/228
f 532/1/243 545/2/244 500/3/228
f 501/1/212 533/2/256 532/3/243
f 517/1/211 546/2/210 533/3/256
f 534/1/176 546/2/210 517/3/211
f 518/1/448 534/2/176 502/3/177
f 519/1/449 535/2/458 518/3/448
f 505/1/440 536/2/89 535/3/458
f 520/1/450 547/2/464 536/3/89
f 521/1/451 548/2/465 520/3/450
f 537/1/22 549/2/466 521/3/451
f 522/1/452 525/2/455 537/3/22
f 523/1/453 525/2/455 522/3/452
f 527/1/456 538/2/459 523/3/453
f 539/1/460 527/2/456 524/3/454
f 525/1/455 526/2/32 537/3/22
f 538/1/459 525/2/455 523/3/453
f 528/1/49 540/2/461 549/3/466
f 541/1/462 540/2/461 512/3/446
f 526/1/32 528/2/49 549/3/466
f 550/1/112 529/2/457 513/3/447
f 541/1/462 529/2/457 551/3/467
f 550/1/112 513/2/447 542/3/463
f 544/1/172 515/2/142 543/3/188
f 552/1/156 530/2/140 544/3/172
f 550/1/112 542/2/463 530/3/140
f 553/1/204 531/2/206 504/3/215
f 553/1/204 543/2/188 531/3/206
f 532/1/243 504/2/215 545/3/244
f 532/1/243 533/2/256 504/3/215
f 546/1/210 554/2/227 533/3/256
f 534/1/176 555/2/143 546/3/210
f 518/1/448 556/2/468 534/3/176
f 535/1/458 556/2/468 518/3/448
f 535/1/458 536/2/89 556/3/468
f 548/1/465 547/2/464 520/3/450
f 536/1/89 547/2/464 557/3/115
f 558/1/469 548/2/465 521/3/451
f 549/1/466 558/2/469 521/3/451
f 537/1/22 526/2/32 549/3/466
f 549/1/466 540/2/461 558/3/469
f 559/1/78 540/2/461 541/3/462
f 551/1/467 529/2/457 550/3/112
f 559/1/78 541/2/462 551/3/467
f 544/1/172 543/2/188 560/3/208
f 552/1/156 544/2/172 561/3/191
f 562/1/126 530/2/140 552/3/156
f 562/1/126 550/2/112 530/3/140
f 560/1/208 553/2/204 504/3/215
f 560/1/208 543/2/188 553/3/204
f 533/1/256 554/2/227 504/3/215
f 546/1/210 563/2/192 554/3/227
f 555/1/143 564/2/175 546/3/210
f 556/1/468 555/2/143 534/3/176
f 536/1/89 557/2/115 556/3/468
f 548/1/465 559/2/78 547/3/464
f 547/1/464 565/2/470 557/3/115
f 548/1/465 558/2/469 559/3/78
f 558/1/469 540/2/461 559/3/78
f 551/1/467 550/2/112 562/3/126
f 566/1/102 559/2/78 551/3/467
f 561/1/191 544/2/172 560/3/208
f 567/1/178 552/2/156 561/3/191
f 568/1/155 562/2/126 552/3/156
f 561/1/191 560/2/208 504/3/215
f 554/1/227 563/2/192 504/3/215
f 546/1/210 564/2/175 563/3/192
f 555/1/143 569/2/128 564/3/175
f 556/1/468 557/2/115 555/3/143
f 547/1/464 559/2/78 565/3/470
f 557/1/115 565/2/470 569/3/128
f 570/1/127 551/2/467 562/3/126
f 559/1/78 566/2/102 565/3/470
f 566/1/102 551/2/467 570/3/127
f 567/1/178 561/2/191 504/3/215
f 568/1/155 552/2/156 567/3/178
f 570/1/127 562/2/126 568/3/155
f 563/1/192 571/2/209 504/3/215
f 564/1/175 571/2/209 563/3/192
f 569/1/128 572/2/158 564/3/175
f 557/1/115 569/2/128 555/3/143
f 565/1/470 573/2/131 569/3/128
f 565/1/470 566/2/102 573/3/131
f 574/1/116 566/2/102 570/3/127
f 575/1/195 567/2/178 504/3/215
f 576/1/146 568/2/155 567/3/178
f 574/1/116 570/2/127 568/3/155
f 571/1/209 577/2/179 504/3/215
f 564/1/175 572/2/158 571/3/209
f 569/1/128 573/2/131 572/3/158
f 566/1/102 574/2/116 573/3/131
f 575/1/195 576/2/146 567/3/178
f 577/1/179 575/2/195 504/3/215
f 576/1/146 574/2/116 568/3/155
f 578/1/157 577/2/179 571/3/209
f 572/1/158 578/2/157 571/3/209
f 573/1/131 578/2/157 572/3/158
f 573/1/131 574/2/116 576/3/146
f 578/1/157 576/2/146 575/3/195
f 578/1/157 575/2/195 577/3/179
f 573/1/131 576/2/146 578/3/157
f 579/4/471 580/5/472 581/6/473
f 579/4/471 581/5/473 582/6/474
f 579/4/471 583/5/475 580/6/472
f 580/4/472 584/5/476 581/6/473
f 585/4/477 579/5/471 582/6/474
f 581/4/473 586/5/478 582/6/474
f 587/4/479 583/5/475 579/6/471
f 583/4/475 588/5/480 580/6/472
f 580/4/472 588/5/480 584/6/476
f 584/4/476 589/5/481 581/6/473
f 585/4/477 582/5/474 590/6/482
f 587/4/479 579/5/471 585/6/477
f 582/4/474 586/5/478 590/6/482
f 581/4/473 589/5/481 586/6/478
f 587/4/479 591/5/483 583/6/475
f 591/4/483 588/5/480 583/6/475
f 588/4/480 592/5/484 584/6/476
f 584/4/476 592/5/484 589/6/481
f 593/4/485 585/5/477 590/6/482
f 594/4/486 587/5/479 585/6/477
f 590/4/482 586/5/478 595/6/487
f 589/4/481 596/5/488 586/6/478
f 597/4/489 591/5/483 587/6/479
f 598/4/490 588/5/480 591/6/483
f 588/4/480 599/5/491 592/6/484
f 592/4/484 599/5/491 589/6/481
f 593/4/485 590/5/482 600/6/492
f 594/4/486 585/5/477 593/6/485
f 594/4/486 597/5/489 587/6/479
f 586/4/478 596/5/488 595/6/487
f 590/4/482 595/5/487 600/6/492
f 589/4/481 601/5/493 596/6/488
f 597/4/489 598/5/490 591/6/483
f 602/4/494 588/5/480 598/6/490
f 588/4/480 603/5/495 599/6/491
f 599/4/491 601/5/493 589/6/481
f 604/4/496 593/5/485 600/6/492
f 605/4/497 594/5/486 593/6/485
f 606/4/498 597/5/489 594/6/486
f 595/4/487 596/5/488 607/6/499
f 600/4/492 595/5/487 608/6/500
f 601/4/493 609/5/501 596/6/488
f 610/4/502 598/5/490 597/6/489
f 610/4/502 602/5/494 598/6/490
f 611/4/503 588/5/480 602/6/494
f 599/4/491 603/5/495 601/6/493
f 588/4/480 612/5/504 603/6/495
f 600/4/492 613/5/505 604/6/496
f 605/4/497 593/5/485 604/6/496
f 614/4/506 594/5/486 605/6/497
f 614/4/506 606/5/498 594/6/486
f 606/4/498 610/5/502 597/6/489
f 596/4/488 615/5/507 607/6/499
f 595/4/487 607/5/499 608/6/500
f 608/4/500 616/5/508 600/6/492
f 603/4/495 609/5/501 601/6/493
f 609/4/501 617/5/509 596/6/488
f 618/4/510 602/5/494 610/6/502
f 619/4/511 611/5/503 602/6/494
f 611/4/503 620/5/512 588/6/480
f 603/4/495 612/5/504 621/6/513
f 588/4/480 622/5/514 612/6/504
f 604/4/496 613/5/505 623/6/515
f 600/4/492 616/5/508 613/6/505
f 624/4/516 605/5/497 604/6/496
f 614/4/506 605/5/497 624/6/516
f 614/4/506 625/5/517 606/6/498
f 625/4/517 610/5/502 606/6/498
f 596/4/488 617/5/509 615/6/507
f 607/4/499 615/5/507 626/6/518
f 608/4/500 607/5/499 627/6/519
f 627/4/519 616/5/508 608/6/500
f 603/4/495 621/5/513 609/6/501
f 609/4/501 628/5/520 617/6/509
f 625/4/517 618/5/510 610/6/502
f 619/4/511 602/5/494 618/6/510
f 619/4/511 620/5/512 611/6/503
f 620/4/512 629/5/521 588/6/480
f 612/4/504 630/5/522 621/6/513
f 612/4/504 622/5/514 630/6/522
f 588/4/480 631/5/523 622/6/514
f 613/4/505 632/5/524 623/6/515
f 604/4/496 623/5/515 624/6/516
f 616/4/508 633/5/525 613/6/505
f 634/4/526 614/5/506 624/6/516
f 635/4/527 625/5/517 614/6/506
f 617/4/509 636/5/528 615/6/507
f 615/4/507 637/5/529 626/6/518
f 607/4/499 626/5/518 627/6/519
f 627/4/519 638/5/530 616/6/508
f 609/4/501 621/5/513 628/6/520
f 617/4/509 628/5/520 636/6/528
f 639/4/531 618/5/510 625/6/517
f 640/4/532 619/5/511 618/6/510
f 619/4/511 641/5/533 620/6/512
f 641/4/533 629/5/521 620/6/512
f 629/4/521 642/5/534 588/6/480
f 621/4/513 630/5/522 643/6/535
f 622/4/514 644/5/536 630/6/522
f 622/4/514 631/5/523 644/6/536
f 588/4/480 645/5/537 631/6/523
f 623/4/515 632/5/524 646/6/538
f 613/4/505 633/5/525 632/6/524
f 624/4/516 623/5/515 647/6/539
f 638/4/530 633/5/525 616/6/508
f 634/4/526 624/5/516 647/6/539
f 635/4/527 614/5/506 634/6/526
f 635/4/527 639/5/531 625/6/517
f 615/4/507 636/5/528 637/6/529
f 626/4/518 637/5/529 648/6/540
f 627/4/519 626/5/518 649/6/541
f 627/4/519 649/5/541 638/6/530
f 621/4/513 643/5/535 628/6/520
f 628/4/520 650/5/542 636/6/528
f 640/4/532 618/5/510 639/6/531
f 640/4/532 641/5/533 619/6/511
f 641/4/533 651/5/543 629/6/521
f 651/4/543 642/5/534 629/6/521
f 642/4/534 652/5/544 588/6/480
f 630/4/522 653/5/545 643/6/535
f 630/4/522 644/5/536 653/6/545
f 645/4/537 644/5/536 631/6/523
f 588/4/480 654/5/546 645/6/537
f 632/4/524 655/5/547 646/6/538
f 623/4/515 646/5/538 647/6/539
f 633/4/525 656/5/548 632/6/524
f 638/4/530 657/5/549 633/6/525
f 658/4/550 634/5/526 647/6/539
f 659/4/551 635/5/527 634/6/526
f 660/4/552 639/5/531 635/6/527
f 636/4/528 661/5/553 637/6/529
f 626/4/518 648/5/540 649/6/541
f 662/4/554 648/5/540 637/6/529
f 649/4/541 657/5/549 638/6/530
f 628/4/520 643/5/535 650/6/542
f 636/4/528 650/5/542 661/6/553
f 660/4/552 640/5/532 639/6/531
f 640/4/532 663/5/555 641/6/533
f 663/4/555 651/5/543 641/6/533
f 651/4/543 664/5/556 642/6/534
f 664/4/556 652/5/544 642/6/534
f 652/4/544 665/5/557 588/6/480
f 643/4/535 653/5/545 666/6/558
f 667/4/559 653/5/545 644/6/536
f 645/4/537 667/5/559 644/6/536
f 654/4/546 667/5/559 645/6/537
f 588/4/480 668/5/560 654/6/546
f 632/4/524 656/5/548 655/6/547
f 646/4/538 655/5/547 669/6/561
f 647/4/539 646/5/538 670/6/562
f 633/4/525 671/5/563 656/6/548
f 657/4/549 672/5/564 633/6/525
f 647/4/539 670/5/562 658/6/550
f 659/4/551 634/5/526 658/6/550
f 659/4/551 660/5/552 635/6/527
f 661/4/553 662/5/554 637/6/529
f 648/4/540 673/5/565 649/6/541
f 662/4/554 673/5/565 648/6/540
f 649/4/541 674/5/566 657/6/549
f 643/4/535 666/5/558 650/6/542
f 650/4/542 675/5/567 661/6/553
f 676/4/568 640/5/532 660/6/552
f 677/4/569 663/5/555 640/6/532
f 663/4/555 678/5/570 651/6/543
f 678/4/570 664/5/556 651/6/543
f 664/4/556 679/5/571 652/6/544
f 679/4/571 665/5/557 652/6/544
f 665/4/557 680/5/572 588/6/480
f 681/4/573 666/5/558 653/6/545
f 667/4/559 681/5/573 653/6/545
f 654/4/546 682/5/574 667/6/559
f 668/4/560 683/5/575 654/6/546
f 588/4/480 684/5/576 668/6/560
f 656/4/548 685/5/577 655/6/547
f 655/4/547 685/5/577 669/6/561
f 646/4/538 669/5/561 670/6/562
f 633/4/525 672/5/564 671/6/563
f 671/4/563 686/5/578 656/6/548
f 657/4/549 687/5/579 672/6/564
f 658/4/550 670/5/562 688/6/580
f 689/4/581 659/5/551 658/6/550
f 690/4/582 660/5/552 659/6/551
f 691/4/583 662/5/554 661/6/553
f 673/4/565 674/5/566 649/6/541
f 662/4/554 692/5/584 673/6/565
f 674/4/566 687/5/579 657/6/549
f 650/4/542 666/5/558 675/6/567
f 691/4/583 661/5/553 675/6/567
f 693/4/585 676/5/568 660/6/552
f 676/4/568 677/5/569 640/6/532
f 677/4/569 694/5/586 663/6/555
f 694/4/586 678/5/570 663/6/555
f 678/4/570 695/5/587 664/6/556
f 695/4/587 679/5/571 664/6/556
f 679/4/571 696/5/588 665/6/557
f 696/4/588 680/5/572 665/6/557
f 680/4/572 697/5/589 588/6/480
f 681/4/573 698/5/590 666/6/558
f 682/4/574 681/5/573 667/6/559
f 654/4/546 683/5/575 682/6/574
f 668/4/560 699/5/591 683/6/575
f 684/4/576 699/5/591 668/6/560
f 588/4/480 697/5/589 684/6/576
f 656/4/548 700/5/592 685/6/577
f 669/4/561 685/5/577 701/6/593
f 670/4/562 669/5/561 702/6/594
f 672/4/564 686/5/578 671/6/563
f 656/4/548 686/5/578 700/6/592
f 687/4/579 703/5/595 672/6/564
f 670/4/562 702/5/594 688/6/580
f 689/4/581 658/5/550 688/6/580
f 690/4/582 659/5/551 689/6/581
f 693/4/585 660/5/552 690/6/582
f 704/4/596 662/5/554 691/6/583
f 705/4/597 674/5/566 673/6/565
f 704/4/596 692/5/584 662/6/554
f 706/4/598 673/5/565 692/6/584
f 705/4/597 687/5/579 674/6/566
f 698/4/590 675/5/567 666/6/558
f 707/4/599 691/5/583 675/6/567
f 693/4/585 708/5/600 676/6/568
f 708/4/600 677/5/569 676/6/568
f 708/4/600 694/5/586 677/6/569
f 694/4/586 695/5/587 678/6/570
f 695/4/587 709/5/601 679/6/571
f 709/4/601 696/5/588 679/6/571
f 696/4/588 710/5/602 680/6/572
f 710/4/602 697/5/589 680/6/572
f 711/4/603 698/5/590 681/6/573
f 682/4/574 711/5/603 681/6/573
f 683/4/575 712/5/604 682/6/574
f 699/4/591 713/5/605 683/6/575
f 684/4/576 714/5/606 699/6/591
f 697/4/589 714/5/606 684/6/576
f 700/4/592 715/5/607 685/6/577
f 685/4/577 716/5/608 701/6/593
f 669/4/561 701/5/593 702/6/594
f 672/4/564 717/5/609 686/6/578
f 686/4/578 718/5/610 700/6/592
f 719/4/611 703/5/595 687/6/579
f 672/4/564 703/5/595 717/6/609
f 720/4/612 688/5/580 702/6/594
f 689/4/581 688/5/580 720/6/612
f 690/4/582 689/5/581 721/6/613
f 693/4/585 690/5/582 722/6/614
f 723/4/615 704/5/596 691/6/583
f 706/4/598 705/5/597 673/6/565
f 724/4/616 692/5/584 704/6/596
f 724/4/616 706/5/598 692/6/584
f 719/4/611 687/5/579 705/6/597
f 698/4/590 707/5/599 675/6/567
f 723/4/615 691/5/583 707/6/599
f 708/4/600 693/5/585 722/6/614
f 708/4/600 725/5/617 694/6/586
f 694/4/586 726/5/618 695/6/587
f 726/4/618 709/5/601 695/6/587
f 709/4/601 727/5/619 696/6/588
f 727/4/619 710/5/602 696/6/588
f 710/4/602 714/5/606 697/6/589
f 711/4/603 728/5/620 698/6/590
f 682/4/574 712/5/604 711/6/603
f 683/4/575 713/5/605 712/6/604
f 729/4/621 713/5/605 699/6/591
f 714/4/606 729/5/621 699/6/591
f 700/4/592 730/5/622 715/6/607
f 685/4/577 715/5/607 716/6/608
f 701/4/593 716/5/608 731/6/623
f 702/4/594 701/5/593 732/6/624
f 717/4/609 718/5/610 686/6/578
f 700/4/592 718/5/610 730/6/622
f 733/4/625 703/5/595 719/6/611
f 703/4/595 734/5/626 717/6/609
f 735/4/627 720/5/612 702/6/594
f 721/4/613 689/5/581 720/6/612
f 722/4/614 690/5/582 721/6/613
f 736/4/628 704/5/596 723/6/615
f 706/4/598 719/5/611 705/6/597
f 736/4/628 724/5/616 704/6/596
f 724/4/616 737/5/629 706/6/598
f 698/4/590 738/5/630 707/6/599
f 738/4/630 723/5/615 707/6/599
f 739/4/631 708/5/600 722/6/614
f 740/4/632 725/5/617 708/6/600
f 725/4/617 726/5/618 694/6/586
f 726/4/618 741/5/633 709/6/601
f 709/4/601 742/5/634 727/6/619
f 727/4/619 743/5/635 710/6/602
f 743/4/635 714/5/606 710/6/602
f 711/4/603 744/5/636 728/6/620
f 728/4/620 738/5/630 698/6/590
f 712/4/604 744/5/636 711/6/603
f 713/4/605 745/5/637 712/6/604
f 729/4/621 746/5/638 713/6/605
f 743/4/635 729/5/621 714/6/606
f 730/4/622 747/5/639 715/6/607
f 715/4/607 748/5/640 716/6/608
f 716/4/608 749/5/641 731/6/623
f 701/4/593 731/5/623 732/6/624
f 735/4/627 702/5/594 732/6/624
f 717/4/609 750/5/642 718/6/610
f 718/4/610 751/5/643 730/6/622
f 733/4/625 734/5/626 703/6/595
f 752/4/644 733/5/625 719/6/611
f 717/4/609 734/5/626 750/6/642
f 753/4/645 720/5/612 735/6/627
f 721/4/613 720/5/612 753/6/645
f 722/4/614 721/5/613 754/6/646
f 755/4/647 736/5/628 723/6/615
f 737/4/629 719/5/611 706/6/598
f 736/4/628 756/5/648 724/6/616
f 757/4/649 737/5/629 724/6/616
f 755/4/647 723/5/615 738/6/630
f 758/4/650 739/5/631 722/6/614
f 740/4/632 708/5/600 739/6/631
f 740/4/632 759/5/651 725/6/617
f 725/4/617 759/5/651 726/6/618
f 726/4/618 760/5/652 741/6/633
f 741/4/633 742/5/634 709/6/601
f 742/4/634 743/5/635 727/6/619
f 744/4/636 761/5/653 728/6/620
f 761/4/653 738/5/630 728/6/620
f 745/4/637 744/5/636 712/6/604
f 746/4/638 745/5/637 713/6/605
f 762/4/654 746/5/638 729/6/621
f 762/4/654 729/5/621 743/6/635
f 715/4/607 747/5/639 748/6/640
f 730/4/622 751/5/643 747/6/639
f 716/4/608 748/5/640 749/6/641
f 731/4/623 749/5/641 763/6/655
f 764/4/656 732/5/624 731/6/623
f 765/4/657 735/5/627 732/6/624
f 750/4/642 751/5/643 718/6/610
f 766/4/658 734/5/626 733/6/625
f 767/4/659 733/5/625 752/6/644
f 752/4/644 719/5/611 737/6/629
f 734/4/626 768/5/660 750/6/642
f 769/4/661 753/5/645 735/6/627
f 754/4/646 721/5/613 753/6/645
f 758/4/650 722/5/614 754/6/646
f 770/4/662 736/5/628 755/6/647
f 770/4/662 756/5/648 736/6/628
f 756/4/648 771/5/663 724/6/616
f 771/4/663 757/5/649 724/6/616
f 757/4/649 752/5/644 737/6/629
f 761/4/653 755/5/647 738/6/630
f 740/4/632 739/5/631 758/6/650
f 740/4/632 772/5/664 759/6/651
f 759/4/651 760/5/652 726/6/618
f 760/4/652 773/5/665 741/6/633
f 741/4/633 773/5/665 742/6/634
f 742/4/634 762/5/654 743/6/635
f 774/4/666 761/5/653 744/6/636
f 745/4/637 774/5/666 744/6/636
f 746/4/638 775/5/667 745/6/637
f 776/4/668 746/5/638 762/6/654
f 747/4/639 777/5/669 748/6/640
f 751/4/643 778/5/670 747/6/639
f 748/4/640 779/5/671 749/6/641
f 749/4/641 779/5/671 763/6/655
f 764/4/656 731/5/623 763/6/655
f 764/4/656 765/5/657 732/6/624
f 780/4/672 735/5/627 765/6/657
f 750/4/642 768/5/660 751/6/643
f 766/4/658 781/5/673 734/6/626
f 767/4/659 766/5/658 733/6/625
f 782/4/674 767/5/659 752/6/644
f 734/4/626 781/5/673 768/6/660
f 780/4/672 769/5/661 735/6/627
f 754/4/646 753/5/645 769/6/661
f 758/4/650 754/5/646 783/6/675
f 784/4/676 770/5/662 755/6/647
f 770/4/662 785/5/677 756/6/648
f 786/4/678 771/5/663 756/6/648
f 771/4/663 787/5/679 757/6/649
f 788/4/680 752/5/644 757/6/649
f 761/4/653 784/5/676 755/6/647
f 789/4/681 740/5/632 758/6/650
f 772/4/664 740/5/632 789/6/681
f 772/4/664 760/5/652 759/6/651
f 760/4/652 790/5/682 773/6/665
f 773/4/665 762/5/654 742/6/634
f 774/4/666 791/5/683 761/6/653
f 775/4/667 774/5/666 745/6/637
f 776/4/668 775/5/667 746/6/638
f 773/4/665 776/5/668 762/6/654
f 748/4/640 777/5/669 792/6/684
f 747/4/639 778/5/670 777/6/669
f 768/4/660 778/5/670 751/6/643
f 748/4/640 792/5/684 779/6/671
f 763/4/655 779/5/671 793/6/685
f 794/4/686 764/5/656 763/6/655
f 780/4/672 765/5/657 764/6/656
f 795/4/687 781/5/673 766/6/658
f 767/4/659 795/5/687 766/6/658
f 796/4/688 767/5/659 782/6/674
f 782/4/674 752/5/644 788/6/680
f 781/4/673 797/5/689 768/6/660
f 798/4/690 769/5/661 780/6/672
f 754/4/646 769/5/661 799/6/691
f 789/4/681 758/5/650 783/6/675
f 783/4/675 754/5/646 799/6/691
f 800/4/692 770/5/662 784/6/676
f 801/4/693 785/5/677 770/6/662
f 785/4/677 786/5/678 756/6/648
f 786/4/678 802/5/694 771/6/663
f 802/4/694 787/5/679 771/6/663
f 787/4/679 788/5/680 757/6/649
f 791/4/683 784/5/676 761/6/653
f 803/4/695 772/5/664 789/6/681
f 772/4/664 790/5/682 760/6/652
f 773/4/665 790/5/682 804/6/696
f 775/4/667 791/5/683 774/6/666
f 776/4/668 805/5/697 775/6/667
f 773/4/665 804/5/696 776/6/668
f 768/4/660 806/5/698 778/6/670
f 794/4/686 763/5/655 793/6/685
f 807/4/699 764/5/656 794/6/686
f 807/4/699 780/5/672 764/6/656
f 795/4/687 797/5/689 781/6/673
f 808/4/700 795/5/687 767/6/659
f 796/4/688 808/5/700 767/6/659
f 809/4/701 796/5/688 782/6/674
f 787/4/679 782/5/674 788/6/680
f 768/4/660 797/5/689 806/6/698
f 798/4/690 799/5/691 769/6/661
f 798/4/690 780/5/672 810/6/702
f 789/4/681 783/5/675 811/6/703
f 783/4/675 799/5/691 812/6/704
f 784/4/676 813/5/705 800/6/692
f 800/4/692 801/5/693 770/6/662
f 801/4/693 786/5/678 785/6/677
f 814/4/706 802/5/694 786/6/678
f 802/4/694 815/5/707 787/6/679
f 791/4/683 813/5/705 784/6/676
f 803/4/695 789/5/681 811/6/703
f 772/4/664 803/5/695 790/6/682
f 790/4/682 816/5/708 804/6/696
f 775/4/667 805/5/697 791/6/683
f 776/4/668 817/5/709 805/6/697
f 776/4/668 804/5/696 817/6/709
f 818/4/710 794/5/686 793/6/685
f 819/4/711 807/5/699 794/6/686
f 810/4/702 780/5/672 807/6/699
f 815/4/707 809/5/701 782/6/674
f 787/4/679 815/5/707 782/6/674
f 812/4/704 799/5/691 798/6/690
f 820/4/712 798/5/690 810/6/702
f 811/4/703 783/5/675 812/6/704
f 813/4/705 821/5/713 800/6/692
f 800/4/692 821/5/713 801/6/693
f 801/4/693 822/5/714 786/6/678
f 814/4/706 823/5/715 802/6/694
f 822/4/714 814/5/706 786/6/678
f 802/4/694 823/5/715 815/6/707
f 805/4/697 813/5/705 791/6/683
f 803/4/695 811/5/703 824/6/716
f 790/4/682 803/5/695 816/6/708
f 804/4/696 816/5/708 825/6/717
f 817/4/709 826/5/718 805/6/697
f 804/4/696 826/5/718 817/6/709
f 819/4/711 794/5/686 818/6/710
f 810/4/702 807/5/699 819/6/711
f 823/4/715 809/5/701 815/6/707
f 812/4/704 798/5/690 820/6/712
f 820/4/712 810/5/702 827/6/719
f 811/4/703 812/5/704 828/6/720
f 813/4/705 829/5/721 821/6/713
f 821/4/713 822/5/714 801/6/693
f 814/4/706 830/5/722 823/6/715
f 831/4/723 814/5/706 822/6/714
f 805/4/697 832/5/724 813/6/705
f 824/4/716 811/5/703 828/6/720
f 803/4/695 824/5/716 816/6/708
f 816/4/708 833/5/725 825/6/717
f 804/4/696 825/5/717 826/6/718
f 805/4/697 826/5/718 832/6/724
f 834/4/726 819/5/711 818/6/710
f 810/4/702 819/5/711 835/6/727
f 823/4/715 836/5/728 809/6/701
f 828/4/720 812/5/704 820/6/712
f 837/4/729 820/5/712 827/6/719
f 827/4/719 810/5/702 835/6/727
f 829/4/721 838/5/730 821/6/713
f 832/4/724 829/5/721 813/6/705
f 821/4/713 831/5/723 822/6/714
f 814/4/706 839/5/731 830/6/722
f 830/4/722 840/5/732 823/6/715
f 831/4/723 841/5/733 814/6/706
f 824/4/716 828/5/720 842/6/734
f 816/4/708 824/5/716 833/6/725
f 825/4/717 833/5/725 843/6/735
f 825/4/717 844/5/736 826/6/718
f 826/4/718 829/5/721 832/6/724
f 845/4/737 819/5/711 834/6/726
f 835/4/727 819/5/711 845/6/737
f 840/4/732 836/5/728 823/6/715
f 828/4/720 820/5/712 837/6/729
f 837/4/729 827/5/719 846/6/738
f 827/4/719 835/5/727 845/6/737
f 821/4/713 838/5/730 831/6/723
f 829/4/721 847/5/739 838/6/730
f 839/4/731 848/5/740 830/6/722
f 841/4/733 839/5/731 814/6/706
f 830/4/722 848/5/740 840/6/732
f 838/4/730 841/5/733 831/6/723
f 842/4/734 828/5/720 837/6/729
f 824/4/716 842/5/734 833/6/725
f 833/4/725 849/5/741 843/6/735
f 825/4/717 843/5/735 844/6/736
f 826/4/718 844/5/736 829/6/721
f 846/4/738 827/5/719 850/6/742
f 851/4/743 837/5/729 846/6/738
f 827/4/719 845/5/737 852/6/744
f 847/4/739 853/5/745 838/6/730
f 844/4/736 847/5/739 829/6/721
f 839/4/731 854/5/746 848/6/740
f 841/4/733 855/5/747 839/6/731
f 838/4/730 856/5/748 841/6/733
f 842/4/734 837/5/729 857/6/749
f 833/4/725 842/5/734 849/6/741
f 843/4/735 849/5/741 858/6/750
f 843/4/735 858/5/750 844/6/736
f 850/4/742 827/5/719 852/6/744
f 859/4/751 846/5/738 850/6/742
f 851/4/743 846/5/738 859/6/751
f 857/4/749 837/5/729 851/6/743
f 838/4/730 853/5/745 856/6/748
f 847/4/739 860/5/752 853/6/745
f 844/4/736 858/5/750 847/6/739
f 855/4/747 854/5/746 839/6/731
f 856/4/748 855/5/747 841/6/733
f 842/4/734 857/5/749 849/6/741
f 849/4/741 860/5/752 858/6/750
f 851/4/743 859/5/751 861/6/753
f 857/4/749 851/5/743 861/6/753
f 853/4/745 862/5/754 856/6/748
f 860/4/752 863/5/755 853/6/745
f 858/4/750 860/5/752 847/6/739
f 862/4/754 854/5/746 855/6/747
f 856/4/748 862/5/754 855/6/747
f 849/4/741 857/5/749 864/6/756
f 849/4/741 864/5/756 860/6/752
f 861/4/753 859/5/751 865/6/757
f 857/4/749 861/5/753 864/6/756
f 853/4/745 863/5/755 862/6/754
f 864/4/756 863/5/755 860/6/752
f 862/4/754 866/5/758 854/6/746
f 861/4/753 865/5/757 863/6/755
f 864/4/756 861/5/753 863/6/755
f 863/4/755 867/5/759 862/6/754
f 862/4/754 867/5/759 866/6/758
f 863/4/755 865/5/757 867/6/759
f 868/4/473 869/5/484 870/6/760
f 871/4/474 868/5/473 870/6/760
f 869/4/484 872/5/491 870/6/760
f 868/4/473 873/5/476 869/6/484
f 871/4/474 870/5/760 874/6/478
f 871/4/474 875/5/477 868/6/473
f 870/4/760 872/5/491 876/6/493
f 869/4/484 877/5/480 872/6/491
f 873/4/476 877/5/480 869/6/484
f 868/4/473 878/5/761 873/6/476
f 879/4/482 871/5/474 874/6/478
f 874/4/478 870/5/760 876/6/493
f 879/4/482 875/5/477 871/6/474
f 875/4/477 878/5/761 868/6/473
f 872/4/491 880/5/495 876/6/493
f 872/4/491 877/5/480 880/6/495
f 873/4/476 881/5/472 877/6/480
f 878/4/761 881/5/472 873/6/476
f 879/4/482 874/5/478 882/6/487
f 874/4/478 876/5/493 883/6/762
f 884/4/485 875/5/477 879/6/482
f 875/4/477 885/5/763 878/6/761
f 876/4/493 880/5/495 886/6/501
f 880/4/495 877/5/480 887/6/504
f 881/4/472 888/5/475 877/6/480
f 878/4/761 888/5/475 881/6/472
f 889/4/764 879/5/482 882/6/487
f 882/4/487 874/5/478 883/6/762
f 876/4/493 886/5/501 883/6/762
f 884/4/485 885/5/763 875/6/477
f 889/4/764 884/5/485 879/6/482
f 885/4/763 890/5/479 878/6/761
f 880/4/495 887/5/504 886/6/501
f 887/4/504 877/5/480 891/6/514
f 888/4/475 892/5/483 877/6/480
f 878/4/761 890/5/479 888/6/475
f 889/4/764 882/5/487 893/6/765
f 882/4/487 883/5/762 894/6/766
f 883/4/762 886/5/501 895/6/767
f 896/4/768 885/5/763 884/6/485
f 897/4/769 884/5/485 889/6/764
f 885/4/763 898/5/489 890/6/479
f 886/4/501 887/5/504 899/6/770
f 887/4/504 891/5/514 899/6/770
f 891/4/514 877/5/480 900/6/523
f 890/4/479 892/5/483 888/6/475
f 892/4/483 901/5/490 877/6/480
f 893/4/765 902/5/771 889/6/764
f 893/4/765 882/5/487 894/6/766
f 894/4/766 883/5/762 903/6/772
f 883/4/762 895/5/767 903/6/772
f 886/4/501 899/5/770 895/6/767
f 896/4/768 904/5/773 885/6/763
f 897/4/769 896/5/768 884/6/485
f 889/4/764 905/5/774 897/6/769
f 890/4/479 898/5/489 892/6/483
f 885/4/763 906/5/775 898/6/489
f 899/4/770 891/5/514 907/6/522
f 891/4/514 900/5/523 908/6/536
f 877/4/480 909/5/537 900/6/523
f 910/4/776 901/5/490 892/6/483
f 901/4/490 911/5/494 877/6/480
f 912/4/777 902/5/771 893/6/765
f 902/4/771 905/5/774 889/6/764
f 893/4/765 894/5/766 913/6/778
f 913/4/778 894/5/766 903/6/772
f 895/4/767 914/5/779 903/6/772
f 895/4/767 899/5/770 914/6/779
f 904/4/773 906/5/775 885/6/763
f 915/4/780 904/5/773 896/6/768
f 916/4/781 896/5/768 897/6/769
f 897/4/769 905/5/774 916/6/781
f 898/4/489 910/5/776 892/6/483
f 906/4/775 917/5/782 898/6/489
f 899/4/770 907/5/522 914/6/779
f 907/4/522 891/5/514 908/6/536
f 900/4/523 909/5/537 908/6/536
f 877/4/480 918/5/546 909/6/537
f 910/4/776 919/5/510 901/6/490
f 919/4/510 911/5/494 901/6/490
f 911/4/494 920/5/503 877/6/480
f 912/4/777 921/5/783 902/6/771
f 913/4/778 912/5/777 893/6/765
f 902/4/771 922/5/784 905/6/774
f 913/4/778 903/5/772 923/6/785
f 903/4/772 914/5/779 924/6/786
f 904/4/773 925/5/787 906/6/775
f 915/4/780 926/5/788 904/6/773
f 916/4/781 915/5/780 896/6/768
f 905/4/774 927/5/789 916/6/781
f 917/4/782 910/5/776 898/6/489
f 925/4/787 917/5/782 906/6/775
f 914/4/779 907/5/522 928/6/790
f 907/4/522 908/5/536 929/6/545
f 909/4/537 930/5/559 908/6/536
f 909/4/537 918/5/546 930/6/559
f 877/4/480 931/5/560 918/6/546
f 932/4/791 919/5/510 910/6/776
f 919/4/510 933/5/511 911/6/494
f 933/4/511 920/5/503 911/6/494
f 920/4/503 934/5/512 877/6/480
f 935/4/792 921/5/783 912/6/777
f 921/4/783 922/5/784 902/6/771
f 936/4/793 912/5/777 913/6/778
f 905/4/774 922/5/784 927/6/789
f 936/4/793 913/5/778 923/6/785
f 923/4/785 903/5/772 924/6/786
f 914/4/779 928/5/790 924/6/786
f 926/4/788 925/5/787 904/6/773
f 937/4/794 926/5/788 915/6/780
f 938/4/795 915/5/780 916/6/781
f 927/4/789 938/5/795 916/6/781
f 917/4/782 932/5/791 910/6/776
f 925/4/787 939/5/796 917/6/782
f 928/4/790 907/5/522 929/6/545
f 908/4/536 930/5/559 929/6/545
f 918/4/546 940/5/574 930/6/559
f 918/4/546 931/5/560 940/6/574
f 877/4/480 941/5/576 931/6/560
f 932/4/791 942/5/532 919/6/510
f 942/4/532 933/5/511 919/6/510
f 920/4/503 933/5/511 934/6/512
f 934/4/512 943/5/521 877/6/480
f 935/4/792 944/5/797 921/6/783
f 936/4/793 935/5/792 912/6/777
f 921/4/783 945/5/798 922/6/784
f 922/4/784 946/5/562 927/6/789
f 936/4/793 923/5/785 947/6/799
f 923/4/785 924/5/786 948/6/800
f 924/4/786 928/5/790 949/6/801
f 926/4/788 950/5/802 925/6/787
f 938/4/795 937/5/794 915/6/780
f 926/4/788 937/5/794 951/6/803
f 927/4/789 946/5/562 938/6/795
f 939/4/796 932/5/791 917/6/782
f 950/4/802 939/5/796 925/6/787
f 928/4/790 929/5/545 949/6/801
f 930/4/559 952/5/804 929/6/545
f 930/4/559 940/5/574 952/6/804
f 931/4/560 953/5/575 940/6/574
f 931/4/560 941/5/576 953/6/575
f 877/4/480 954/5/589 941/6/576
f 955/4/805 942/5/532 932/6/791
f 933/4/511 942/5/532 956/6/533
f 933/4/511 956/5/533 934/6/512
f 934/4/512 956/5/533 943/6/521
f 943/4/521 957/5/534 877/6/480
f 944/4/797 945/5/798 921/6/783
f 958/4/806 944/5/797 935/6/792
f 959/4/549 935/5/792 936/6/793
f 945/4/798 960/5/807 922/6/784
f 922/4/784 961/5/808 946/6/562
f 947/4/799 959/5/549 936/6/793
f 947/4/799 923/5/785 948/6/800
f 924/4/786 949/5/801 948/6/800
f 926/4/788 951/5/803 950/6/802
f 938/4/795 962/5/809 937/6/794
f 937/4/794 962/5/809 951/6/803
f 946/4/562 963/5/810 938/6/795
f 939/4/796 955/5/805 932/6/791
f 950/4/802 964/5/811 939/6/796
f 949/4/801 929/5/545 965/6/812
f 929/4/545 952/5/804 966/6/813
f 940/4/574 967/5/814 952/6/804
f 940/4/574 953/5/575 967/6/814
f 941/4/576 968/5/815 953/6/575
f 941/4/576 954/5/589 968/6/815
f 877/4/480 969/5/572 954/6/589
f 942/4/532 955/5/805 970/6/816
f 942/4/532 970/5/816 956/6/533
f 956/4/533 971/5/543 943/6/521
f 943/4/521 972/5/556 957/6/534
f 957/4/534 973/5/544 877/6/480
f 944/4/797 974/5/817 945/6/798
f 958/4/806 974/5/817 944/6/797
f 959/4/549 958/5/806 935/6/792
f 960/4/807 961/5/808 922/6/784
f 945/4/798 975/5/818 960/6/807
f 961/4/808 976/5/819 946/6/562
f 977/4/820 959/5/549 947/6/799
f 947/4/799 948/5/800 978/6/821
f 948/4/800 949/5/801 979/6/822
f 950/4/802 951/5/803 980/6/823
f 938/4/795 963/5/810 962/6/809
f 962/4/809 981/5/824 951/6/803
f 946/4/562 976/5/819 963/6/810
f 964/4/811 955/5/805 939/6/796
f 964/4/811 950/5/802 980/6/823
f 949/4/801 965/5/812 982/6/825
f 929/4/545 966/5/813 965/6/812
f 952/4/804 983/5/826 966/6/813
f 952/4/804 967/5/814 983/6/826
f 953/4/575 984/5/827 967/6/814
f 953/4/575 968/5/815 984/6/827
f 954/4/589 985/5/828 968/6/815
f 954/4/589 969/5/572 985/6/828
f 877/4/480 986/5/557 969/6/572
f 955/4/805 987/5/829 970/6/816
f 956/4/533 970/5/816 971/6/543
f 971/4/543 972/5/556 943/6/521
f 972/4/556 988/5/830 957/6/534
f 957/4/534 988/5/830 973/6/544
f 973/4/544 986/5/557 877/6/480
f 974/4/817 989/5/592 945/6/798
f 990/4/831 974/5/817 958/6/806
f 991/4/832 958/5/806 959/6/549
f 960/4/807 975/5/818 961/6/808
f 989/4/592 975/5/818 945/6/798
f 961/4/808 992/5/833 976/6/819
f 977/4/820 991/5/832 959/6/549
f 977/4/820 947/5/799 978/6/821
f 978/4/821 948/5/800 979/6/822
f 979/4/822 949/5/801 982/6/825
f 980/4/823 951/5/803 993/6/834
f 962/4/809 963/5/810 994/6/835
f 951/4/803 981/5/824 993/6/834
f 981/4/824 962/5/809 995/6/836
f 963/4/810 976/5/819 994/6/835
f 955/4/805 964/5/811 987/6/829
f 964/4/811 980/5/823 996/6/837
f 965/4/812 997/5/838 982/6/825
f 965/4/812 966/5/813 997/6/838
f 966/4/813 983/5/826 997/6/838
f 967/4/814 984/5/827 983/6/826
f 968/4/815 998/5/839 984/6/827
f 968/4/815 985/5/828 998/6/839
f 969/4/572 999/5/602 985/6/828
f 969/4/572 986/5/557 999/6/602
f 970/4/816 987/5/829 1000/6/840
f 970/4/816 1000/5/840 971/6/543
f 971/4/543 1001/5/841 972/6/556
f 972/4/556 1002/5/842 988/6/830
f 988/4/830 1003/5/843 973/6/544
f 973/4/544 1003/5/843 986/6/557
f 974/4/817 1004/5/844 989/6/592
f 990/4/831 1005/5/845 974/6/817
f 991/4/832 990/5/831 958/6/806
f 975/4/818 1006/5/846 961/6/808
f 989/4/592 1007/5/847 975/6/818
f 976/4/819 992/5/833 1008/6/848
f 1006/4/846 992/5/833 961/6/808
f 991/4/832 977/5/820 1009/6/849
f 1009/4/849 977/5/820 978/6/821
f 1010/4/850 978/5/821 979/6/822
f 1011/4/851 979/5/822 982/6/825
f 980/4/823 993/5/834 1012/6/852
f 962/4/809 994/5/835 995/6/836
f 993/4/834 981/5/824 1013/6/853
f 981/4/824 995/5/836 1013/6/853
f 994/4/835 976/5/819 1008/6/848
f 964/4/811 996/5/837 987/6/829
f 996/4/837 980/5/823 1012/6/852
f 1011/4/851 982/5/825 997/6/838
f 983/4/826 1014/5/854 997/6/838
f 984/4/827 1015/5/855 983/6/826
f 984/4/827 998/5/839 1015/6/855
f 985/4/828 1016/5/856 998/6/839
f 985/4/828 999/5/602 1016/6/856
f 986/4/557 1003/5/843 999/6/602
f 987/4/829 1017/5/857 1000/6/840
f 1000/4/840 1001/5/841 971/6/543
f 1001/4/841 1002/5/842 972/6/556
f 988/4/830 1002/5/842 1018/6/858
f 988/4/830 1018/5/858 1003/6/843
f 1004/4/844 1019/5/859 989/6/592
f 1005/4/845 1004/5/844 974/6/817
f 1020/4/860 1005/5/845 990/6/831
f 1021/4/861 990/5/831 991/6/832
f 975/4/818 1007/5/847 1006/6/846
f 1019/4/859 1007/5/847 989/6/592
f 1008/4/848 992/5/833 1022/6/862
f 1006/4/846 1023/5/863 992/6/833
f 991/4/832 1009/5/849 1024/6/864
f 1009/4/849 978/5/821 1010/6/850
f 1010/4/850 979/5/822 1011/6/851
f 1012/4/852 993/5/834 1025/6/865
f 994/4/835 1008/5/848 995/6/836
f 993/4/834 1013/5/853 1025/6/865
f 995/4/836 1026/5/866 1013/6/853
f 996/4/837 1027/5/867 987/6/829
f 996/4/837 1012/5/852 1027/6/867
f 1011/4/851 997/5/838 1028/6/868
f 997/4/838 1014/5/854 1029/6/869
f 983/4/826 1015/5/855 1014/6/854
f 998/4/839 1030/5/637 1015/6/855
f 1016/4/856 1031/5/870 998/6/839
f 999/4/602 1032/5/635 1016/6/856
f 999/4/602 1003/5/843 1032/6/635
f 1017/4/857 1033/5/871 1000/6/840
f 987/4/829 1027/5/867 1017/6/857
f 1000/4/840 1033/5/871 1001/6/841
f 1001/4/841 1034/5/633 1002/6/842
f 1002/4/842 1035/5/872 1018/6/858
f 1003/4/843 1018/5/858 1032/6/635
f 1004/4/844 1036/5/873 1019/6/859
f 1005/4/845 1037/5/874 1004/6/844
f 1020/4/860 1038/5/875 1005/6/845
f 1021/4/861 1020/5/860 990/6/831
f 1021/4/861 991/5/832 1024/6/864
f 1007/4/847 1039/5/876 1006/6/846
f 1019/4/859 1040/5/877 1007/6/847
f 992/4/833 1023/5/863 1022/6/862
f 1008/4/848 1022/5/862 1041/6/878
f 1039/4/876 1023/5/863 1006/6/846
f 1024/4/864 1009/5/849 1042/6/879
f 1042/4/879 1009/5/849 1010/6/850
f 1043/4/880 1010/5/850 1011/6/851
f 1012/4/852 1025/5/865 1044/6/881
f 995/4/836 1008/5/848 1026/6/866
f 1013/4/853 1045/5/882 1025/6/865
f 1013/4/853 1026/5/866 1046/6/883
f 1027/4/867 1012/5/852 1044/6/881
f 1011/4/851 1028/5/868 1047/6/884
f 1028/4/868 997/5/838 1029/6/869
f 1014/4/854 1048/5/885 1029/6/869
f 1015/4/855 1048/5/885 1014/6/854
f 1030/4/637 1049/5/886 1015/6/855
f 998/4/839 1031/5/870 1030/6/637
f 1016/4/856 1032/5/635 1031/6/870
f 1017/4/857 1050/5/887 1033/6/871
f 1017/4/857 1027/5/867 1050/6/887
f 1001/4/841 1033/5/871 1034/6/633
f 1002/4/842 1034/5/633 1035/6/872
f 1018/4/858 1035/5/872 1051/6/888
f 1032/4/635 1018/5/858 1051/6/888
f 1037/4/874 1036/5/873 1004/6/844
f 1036/4/873 1040/5/877 1019/6/859
f 1038/4/875 1037/5/874 1005/6/845
f 1052/4/889 1038/5/875 1020/6/860
f 1020/4/860 1021/5/861 1053/6/890
f 1021/4/861 1024/5/864 1054/6/891
f 1007/4/847 1040/5/877 1039/6/876
f 1022/4/862 1023/5/863 1055/6/892
f 1041/4/878 1022/5/862 1056/6/893
f 1026/4/866 1008/5/848 1041/6/878
f 1039/4/876 1057/5/894 1023/6/863
f 1024/4/864 1042/5/879 1058/6/895
f 1042/4/879 1010/5/850 1043/6/880
f 1043/4/880 1011/5/851 1047/6/884
f 1044/4/881 1025/5/865 1059/6/896
f 1025/4/865 1045/5/882 1059/6/896
f 1013/4/853 1060/5/897 1045/6/882
f 1013/4/853 1046/5/883 1060/6/897
f 1026/4/866 1041/5/878 1046/6/883
f 1027/4/867 1044/5/881 1050/6/887
f 1047/4/884 1028/5/868 1029/6/869
f 1048/4/885 1061/5/898 1029/6/869
f 1015/4/855 1049/5/886 1048/6/885
f 1030/4/637 1062/5/899 1049/6/886
f 1031/4/870 1062/5/899 1030/6/637
f 1032/4/635 1051/5/888 1031/6/870
f 1033/4/871 1050/5/887 1063/6/900
f 1033/4/871 1063/5/900 1034/6/633
f 1034/4/633 1064/5/901 1035/6/872
f 1051/4/888 1035/5/872 1065/6/668
f 1037/4/874 1066/5/902 1036/6/873
f 1036/4/873 1067/5/903 1040/6/877
f 1038/4/875 1068/5/904 1037/6/874
f 1052/4/889 1068/5/904 1038/6/875
f 1052/4/889 1020/5/860 1053/6/890
f 1021/4/861 1054/5/891 1053/6/890
f 1054/4/891 1024/5/864 1069/6/905
f 1040/4/877 1057/5/894 1039/6/876
f 1023/4/863 1070/5/906 1055/6/892
f 1022/4/862 1055/5/892 1056/6/893
f 1041/4/878 1056/5/893 1071/6/907
f 1057/4/894 1070/5/906 1023/6/863
f 1024/4/864 1058/5/895 1069/6/905
f 1058/4/895 1042/5/879 1043/6/880
f 1072/4/908 1043/5/880 1047/6/884
f 1044/4/881 1059/5/896 1073/6/909
f 1045/4/882 1074/5/910 1059/6/896
f 1045/4/882 1060/5/897 1075/6/911
f 1046/4/883 1076/5/912 1060/6/897
f 1046/4/883 1041/5/878 1077/6/913
f 1044/4/881 1073/5/909 1050/6/887
f 1047/4/884 1029/5/869 1078/6/914
f 1078/4/914 1029/5/869 1061/6/898
f 1048/4/885 1049/5/886 1061/6/898
f 1062/4/899 1079/5/915 1049/6/886
f 1031/4/870 1051/5/888 1062/6/899
f 1050/4/887 1080/5/916 1063/6/900
f 1034/4/633 1063/5/900 1064/6/901
f 1035/4/872 1064/5/901 1065/6/668
f 1051/4/888 1065/5/668 1062/6/899
f 1081/4/917 1066/5/902 1037/6/874
f 1066/4/902 1067/5/903 1036/6/873
f 1040/4/877 1067/5/903 1057/6/894
f 1068/4/904 1081/5/917 1037/6/874
f 1082/4/918 1068/5/904 1052/6/889
f 1052/4/889 1053/5/890 1083/6/919
f 1053/4/890 1054/5/891 1069/6/905
f 1055/4/892 1070/5/906 1084/6/920
f 1055/4/892 1084/5/920 1056/6/893
f 1071/4/907 1056/5/893 1085/6/921
f 1077/4/913 1041/5/878 1071/6/907
f 1057/4/894 1086/5/922 1070/6/906
f 1069/4/905 1058/5/895 1087/6/923
f 1088/4/924 1058/5/895 1043/6/880
f 1072/4/908 1047/5/884 1078/6/914
f 1088/4/924 1043/5/880 1072/6/908
f 1073/4/909 1059/5/896 1089/6/925
f 1059/4/896 1074/5/910 1090/6/926
f 1045/4/882 1075/5/911 1074/6/910
f 1060/4/897 1091/5/927 1075/6/911
f 1060/4/897 1076/5/912 1091/6/927
f 1046/4/883 1077/5/913 1076/6/912
f 1050/4/887 1073/5/909 1080/6/916
f 1078/4/914 1061/5/898 1092/6/928
f 1049/4/886 1079/5/915 1061/6/898
f 1093/4/697 1079/5/915 1062/6/899
f 1063/4/900 1080/5/916 1064/6/901
f 1064/4/901 1094/5/696 1065/6/668
f 1065/4/668 1093/5/697 1062/6/899
f 1067/4/903 1095/5/929 1057/6/894
f 1082/4/918 1052/5/889 1083/6/919
f 1083/4/919 1053/5/890 1096/6/930
f 1053/4/890 1069/5/905 1096/6/930
f 1070/4/906 1086/5/922 1084/6/920
f 1056/4/893 1084/5/920 1097/6/726
f 1056/4/893 1097/5/726 1085/6/921
f 1071/4/907 1085/5/921 1098/6/931
f 1077/4/913 1071/5/907 1076/6/912
f 1095/4/929 1086/5/922 1057/6/894
f 1058/4/895 1088/5/924 1087/6/923
f 1099/4/932 1069/5/905 1087/6/923
f 1100/4/933 1072/5/908 1078/6/914
f 1101/4/934 1088/5/924 1072/6/908
f 1089/4/925 1102/5/935 1073/6/909
f 1059/4/896 1090/5/926 1089/6/925
f 1074/4/910 1075/5/911 1090/6/926
f 1075/4/911 1091/5/927 1103/6/936
f 1076/4/912 1104/5/937 1091/6/927
f 1073/4/909 1102/5/935 1080/6/916
f 1100/4/933 1078/5/914 1092/6/928
f 1079/4/915 1092/5/928 1061/6/898
f 1093/4/697 1105/5/938 1079/6/915
f 1080/4/916 1094/5/696 1064/6/901
f 1094/4/696 1106/5/709 1065/6/668
f 1106/4/709 1093/5/697 1065/6/668
f 1082/4/918 1083/5/919 1107/6/939
f 1083/4/919 1096/5/930 1108/6/940
f 1096/4/930 1069/5/905 1099/6/932
f 1071/4/907 1098/5/931 1104/6/937
f 1071/4/907 1104/5/937 1076/6/912
f 1087/4/923 1088/5/924 1101/6/934
f 1099/4/932 1087/5/923 1109/6/941
f 1101/4/934 1072/5/908 1100/6/933
f 1089/4/925 1110/5/942 1102/6/935
f 1090/4/926 1110/5/942 1089/6/925
f 1075/4/911 1111/5/943 1090/6/926
f 1091/4/927 1112/5/944 1103/6/936
f 1075/4/911 1103/5/936 1111/6/943
f 1104/4/937 1112/5/944 1091/6/927
f 1080/4/916 1102/5/935 1094/6/696
f 1113/4/945 1100/5/933 1092/6/928
f 1105/4/938 1092/5/928 1079/6/915
f 1114/4/946 1105/5/938 1093/6/697
f 1094/4/696 1115/5/947 1106/6/709
f 1106/4/709 1115/5/947 1093/6/697
f 1107/4/939 1083/5/919 1108/6/940
f 1108/4/940 1096/5/930 1099/6/932
f 1104/4/937 1098/5/931 1112/6/944
f 1109/4/941 1087/5/923 1101/6/934
f 1116/4/948 1099/5/932 1109/6/941
f 1117/4/949 1101/5/934 1100/6/933
f 1110/4/942 1118/5/950 1102/6/935
f 1090/4/926 1111/5/943 1110/6/942
f 1112/4/944 1119/5/951 1103/6/936
f 1111/4/943 1103/5/936 1120/6/952
f 1102/4/935 1121/5/953 1094/6/696
f 1117/4/949 1100/5/933 1113/6/945
f 1105/4/938 1113/5/945 1092/6/928
f 1114/4/946 1122/5/954 1105/6/938
f 1115/4/947 1114/5/946 1093/6/697
f 1121/4/953 1115/5/947 1094/6/696
f 1107/4/939 1108/5/940 1123/6/700
f 1124/4/955 1108/5/940 1099/6/932
f 1098/4/931 1125/5/956 1112/6/944
f 1109/4/941 1101/5/934 1117/6/949
f 1116/4/948 1109/5/941 1126/6/957
f 1124/4/955 1099/5/932 1116/6/948
f 1110/4/942 1127/5/958 1118/6/950
f 1102/4/935 1118/5/950 1121/6/953
f 1111/4/943 1120/5/952 1110/6/942
f 1119/4/951 1128/5/959 1103/6/936
f 1112/4/944 1129/5/960 1119/6/951
f 1103/4/936 1130/5/961 1120/6/952
f 1131/4/962 1117/5/949 1113/6/945
f 1122/4/954 1113/5/945 1105/6/938
f 1132/4/963 1122/5/954 1114/6/946
f 1115/4/947 1133/5/736 1114/6/946
f 1121/4/953 1118/5/950 1115/6/947
f 1123/4/700 1108/5/940 1134/6/964
f 1134/4/964 1108/5/940 1124/6/955
f 1112/4/944 1125/5/956 1129/6/960
f 1126/4/957 1109/5/941 1117/6/949
f 1135/4/965 1116/5/948 1126/6/957
f 1134/4/964 1124/5/955 1116/6/948
f 1120/4/952 1127/5/958 1110/6/942
f 1127/4/958 1136/5/966 1118/6/950
f 1119/4/951 1137/5/967 1128/6/959
f 1103/4/936 1128/5/959 1130/6/961
f 1129/4/960 1137/5/967 1119/6/951
f 1120/4/952 1130/5/961 1127/6/958
f 1126/4/957 1117/5/949 1131/6/962
f 1122/4/954 1131/5/962 1113/6/945
f 1132/4/963 1138/5/968 1122/6/954
f 1133/4/736 1132/5/963 1114/6/946
f 1118/4/950 1133/5/736 1115/6/947
f 1139/4/969 1116/5/948 1135/6/965
f 1135/4/965 1126/5/957 1140/6/970
f 1141/4/971 1134/5/964 1116/6/948
f 1127/4/958 1142/5/972 1136/6/966
f 1118/4/950 1136/5/966 1133/6/736
f 1137/4/967 1143/5/973 1128/6/959
f 1128/4/959 1144/5/974 1130/6/961
f 1130/4/961 1145/5/975 1127/6/958
f 1146/4/976 1126/5/957 1131/6/962
f 1138/4/968 1131/5/962 1122/6/954
f 1147/4/977 1138/5/968 1132/6/963
f 1133/4/736 1147/5/977 1132/6/963
f 1141/4/971 1116/5/948 1139/6/969
f 1139/4/969 1135/5/965 1148/6/978
f 1148/4/978 1135/5/965 1140/6/970
f 1140/4/970 1126/5/957 1146/6/976
f 1145/4/975 1142/5/972 1127/6/958
f 1142/4/972 1149/5/979 1136/6/966
f 1136/4/966 1147/5/977 1133/6/736
f 1128/4/959 1143/5/973 1144/6/974
f 1130/4/961 1144/5/974 1145/6/975
f 1138/4/968 1146/5/976 1131/6/962
f 1147/4/977 1149/5/979 1138/6/968
f 1150/4/980 1148/5/978 1140/6/970
f 1150/4/980 1140/5/970 1146/6/976
f 1145/4/975 1151/5/981 1142/6/972
f 1142/4/972 1152/5/982 1149/6/979
f 1136/4/966 1149/5/979 1147/6/977
f 1144/4/974 1143/5/973 1151/6/981
f 1144/4/974 1151/5/981 1145/6/975
f 1153/4/983 1146/5/976 1138/6/968
f 1149/4/979 1153/5/983 1138/6/968
f 1154/4/984 1148/5/978 1150/6/980
f 1153/4/983 1150/5/980 1146/6/976
f 1151/4/981 1152/5/982 1142/6/972
f 1149/4/979 1152/5/982 1153/6/983
f 1143/4/973 1155/5/758 1151/6/981
f 1152/4/982 1154/5/984 1150/6/980
f 1152/4/982 1150/5/980 1153/6/983
f 1151/4/981 1156/5/985 1152/6/982
f 1155/4/758 1156/5/985 1151/6/981
f 1156/4/985 1154/5/984 1152/6/982
f 1157/4/986 1158/5/215 1159/6/987
f 1159/4/987 1158/5/215 1160/6/988
f 1161/4/989 1157/5/986 1159/6/987
f 1162/4/990 1158/5/215 1157/6/986
f 1160/4/988 1158/5/215 1163/6/991
f 1164/4/992 1159/5/987 1160/6/988
f 1161/4/989 1159/5/987 1165/6/993
f 1166/4/994 1157/5/986 1161/6/989
f 1166/4/994 1162/5/990 1157/6/986
f 1167/4/995 1158/5/215 1162/6/990
f 1158/4/215 1168/5/996 1163/6/991
f 1160/4/988 1163/5/991 1169/6/997
f 1164/4/992 1160/5/988 1169/6/997
f 1165/4/993 1159/5/987 1164/6/992
f 1170/4/998 1161/5/989 1165/6/993
f 1171/4/999 1166/5/994 1161/6/989
f 1172/4/1000 1162/5/990 1166/6/994
f 1172/4/1000 1167/5/995 1162/6/990
f 1173/4/1001 1158/5/215 1167/6/995
f 1158/4/215 1174/5/1002 1168/6/996
f 1163/4/991 1168/5/996 1175/6/1003
f 1163/4/991 1175/5/1003 1169/6/997
f 1164/4/992 1169/5/997 1176/6/1004
f 1165/4/993 1164/5/992 1177/6/1005
f 1170/4/998 1165/5/993 1178/6/1006
f 1171/4/999 1161/5/989 1170/6/998
f 1179/4/1007 1166/5/994 1171/6/999
f 1179/4/1007 1172/5/1000 1166/6/994
f 1172/4/1000 1173/5/1001 1167/6/995
f 1173/4/1001 1180/5/1008 1158/6/215
f 1158/4/215 1181/5/1009 1174/6/1002
f 1168/4/996 1174/5/1002 1182/6/1010
f 1168/4/996 1182/5/1010 1175/6/1003
f 1169/4/997 1175/5/1003 1183/6/1011
f 1169/4/997 1183/5/1011 1176/6/1004
f 1177/4/1005 1164/5/992 1176/6/1004
f 1178/4/1006 1165/5/993 1177/6/1005
f 1170/4/998 1178/5/1006 1184/6/1012
f 1185/4/1013 1171/5/999 1170/6/998
f 1186/4/1014 1179/5/1007 1171/6/999
f 1187/4/1015 1172/5/1000 1179/6/1007
f 1188/4/1016 1173/5/1001 1172/6/1000
f 1189/4/1017 1180/5/1008 1173/6/1001
f 1180/4/1008 1190/5/1018 1158/6/215
f 1158/4/215 1191/5/1019 1181/6/1009
f 1174/4/1002 1181/5/1009 1182/6/1010
f 1175/4/1003 1182/5/1010 1183/6/1011
f 1176/4/1004 1183/5/1011 1192/6/1020
f 1193/4/1021 1177/5/1005 1176/6/1004
f 1184/4/1012 1178/5/1006 1177/6/1005
f 1185/4/1013 1170/5/998 1184/6/1012
f 1194/4/1022 1171/5/999 1185/6/1013
f 1186/4/1014 1171/5/999 1194/6/1022
f 1195/4/1023 1179/5/1007 1186/6/1014
f 1195/4/1023 1187/5/1015 1179/6/1007
f 1187/4/1015 1188/5/1016 1172/6/1000
f 1188/4/1016 1189/5/1017 1173/6/1001
f 1189/4/1017 1190/5/1018 1180/6/1008
f 1190/4/1018 1196/5/1024 1158/6/215
f 1158/4/215 1197/5/1025 1191/6/1019
f 1181/4/1009 1191/5/1019 1198/6/1026
f 1181/4/1009 1199/5/1027 1182/6/1010
f 1183/4/1011 1182/5/1010 1200/6/1028
f 1183/4/1011 1201/5/1029 1192/6/1020
f 1176/4/1004 1192/5/1020 1202/6/1030
f 1193/4/1021 1176/5/1004 1202/6/1030
f 1184/4/1012 1177/5/1005 1193/6/1021
f 1203/4/1031 1185/5/1013 1184/6/1012
f 1204/4/1032 1194/5/1022 1185/6/1013
f 1205/4/1033 1186/5/1014 1194/6/1022
f 1206/4/1034 1195/5/1023 1186/6/1014
f 1195/4/1023 1207/5/1035 1187/6/1015
f 1187/4/1015 1189/5/1017 1188/6/1016
f 1189/4/1017 1208/5/1036 1190/6/1018
f 1209/4/1037 1196/5/1024 1190/6/1018
f 1196/4/1024 1210/5/1038 1158/6/215
f 1158/4/215 1211/5/1039 1197/6/1025
f 1191/4/1019 1197/5/1025 1198/6/1026
f 1181/4/1009 1198/5/1026 1199/6/1027
f 1182/4/1010 1199/5/1027 1212/6/1040
f 1182/4/1010 1212/5/1040 1200/6/1028
f 1183/4/1011 1200/5/1028 1201/6/1029
f 1192/4/1020 1201/5/1029 1213/6/1041
f 1202/4/1030 1192/5/1020 1214/6/1042
f 1193/4/1021 1202/5/1030 1214/6/1042
f 1184/4/1012 1193/5/1021 1215/6/1043
f 1203/4/1031 1184/5/1012 1216/6/1044
f 1204/4/1032 1185/5/1013 1203/6/1031
f 1205/4/1033 1194/5/1022 1204/6/1032
f 1206/4/1034 1186/5/1014 1205/6/1033
f 1206/4/1034 1217/5/1045 1195/6/1023
f 1217/4/1045 1207/5/1035 1195/6/1023
f 1207/4/1035 1218/5/1046 1187/6/1015
f 1187/4/1015 1218/5/1046 1189/6/1017
f 1219/4/1047 1208/5/1036 1189/6/1017
f 1208/4/1036 1209/5/1037 1190/6/1018
f 1209/4/1037 1210/5/1038 1196/6/1024
f 1210/4/1038 1220/5/1048 1158/6/215
f 1158/4/215 1221/5/1049 1211/6/1039
f 1197/4/1025 1211/5/1039 1222/6/1050
f 1197/4/1025 1223/5/1051 1198/6/1026
f 1199/4/1027 1198/5/1026 1224/6/1052
f 1199/4/1027 1224/5/1052 1212/6/1040
f 1200/4/1028 1212/5/1040 1201/6/1029
f 1201/4/1029 1225/5/1053 1213/6/1041
f 1192/4/1020 1213/5/1041 1226/6/1054
f 1214/4/1042 1192/5/1020 1226/6/1054
f 1215/4/1043 1193/5/1021 1214/6/1042
f 1216/4/1044 1184/5/1012 1215/6/1043
f 1203/4/1031 1216/5/1044 1227/6/1055
f 1204/4/1032 1203/5/1031 1228/6/1056
f 1229/4/1057 1205/5/1033 1204/6/1032
f 1230/4/1058 1206/5/1034 1205/6/1033
f 1231/4/1059 1217/5/1045 1206/6/1034
f 1217/4/1045 1232/5/1060 1207/6/1035
f 1207/4/1035 1232/5/1060 1218/6/1046
f 1218/4/1046 1219/5/1047 1189/6/1017
f 1219/4/1047 1233/5/1061 1208/6/1036
f 1233/4/1061 1209/5/1037 1208/6/1036
f 1209/4/1037 1234/5/1062 1210/6/1038
f 1235/4/1063 1220/5/1048 1210/6/1038
f 1220/4/1048 1236/5/1064 1158/6/215
f 1158/4/215 1237/5/1065 1221/6/1049
f 1221/4/1049 1238/5/1066 1211/6/1039
f 1211/4/1039 1238/5/1066 1222/6/1050
f 1197/4/1025 1222/5/1050 1223/6/1051
f 1198/4/1026 1223/5/1051 1239/6/1067
f 1198/4/1026 1239/5/1067 1224/6/1052
f 1212/4/1040 1224/5/1052 1240/6/1068
f 1201/4/1029 1212/5/1040 1241/6/1069
f 1201/4/1029 1241/5/1069 1225/6/1053
f 1213/4/1041 1225/5/1053 1242/6/1070
f 1226/4/1054 1213/5/1041 1243/6/1071
f 1214/4/1042 1226/5/1054 1244/6/1072
f 1245/4/1073 1215/5/1043 1214/6/1042
f 1227/4/1055 1216/5/1044 1215/6/1043
f 1228/4/1056 1203/5/1031 1227/6/1055
f 1246/4/1074 1204/5/1032 1228/6/1056
f 1229/4/1057 1204/5/1032 1246/6/1074
f 1230/4/1058 1205/5/1033 1229/6/1057
f 1230/4/1058 1231/5/1059 1206/6/1034
f 1231/4/1059 1247/5/1075 1217/6/1045
f 1217/4/1045 1248/5/1076 1232/6/1060
f 1232/4/1060 1219/5/1047 1218/6/1046
f 1232/4/1060 1233/5/1061 1219/6/1047
f 1233/4/1061 1234/5/1062 1209/6/1037
f 1234/4/1062 1235/5/1063 1210/6/1038
f 1235/4/1063 1249/5/1077 1220/6/1048
f 1220/4/1048 1249/5/1077 1236/6/1064
f 1158/4/215 1236/5/1064 1250/6/1078
f 1158/4/215 1251/5/1079 1237/6/1065
f 1237/4/1065 1238/5/1066 1221/6/1049
f 1238/4/1066 1252/5/1080 1222/6/1050
f 1223/4/1051 1222/5/1050 1239/6/1067
f 1224/4/1052 1239/5/1067 1253/6/1081
f 1224/4/1052 1253/5/1081 1240/6/1068
f 1212/4/1040 1240/5/1068 1241/6/1069
f 1241/4/1069 1254/5/1082 1225/6/1053
f 1225/4/1053 1255/5/1083 1242/6/1070
f 1213/4/1041 1242/5/1070 1243/6/1071
f 1226/4/1054 1243/5/1071 1244/6/1072
f 1214/4/1042 1244/5/1072 1256/6/1084
f 1245/4/1073 1214/5/1042 1256/6/1084
f 1227/4/1055 1215/5/1043 1245/6/1073
f 1257/4/1085 1228/5/1056 1227/6/1055
f 1258/4/1086 1246/5/1074 1228/6/1056
f 1259/4/1087 1229/5/1057 1246/6/1074
f 1260/4/1088 1230/5/1058 1229/6/1057
f 1261/4/1089 1231/5/1059 1230/6/1058
f 1261/4/1089 1247/5/1075 1231/6/1059
f 1247/4/1075 1248/5/1076 1217/6/1045
f 1248/4/1076 1262/5/1090 1232/6/1060
f 1232/4/1060 1263/5/1091 1233/6/1061
f 1233/4/1061 1264/5/1092 1234/6/1062
f 1234/4/1062 1265/5/1093 1235/6/1063
f 1265/4/1093 1249/5/1077 1235/6/1063
f 1236/4/1064 1249/5/1077 1250/6/1078
f 1158/4/215 1250/5/1078 1266/6/1094
f 1158/4/215 1266/5/1094 1251/6/1079
f 1251/4/1079 1267/5/1095 1237/6/1065
f 1237/4/1065 1268/5/1096 1238/6/1066
f 1268/4/1096 1252/5/1080 1238/6/1066
f 1222/4/1050 1252/5/1080 1269/6/1097
f 1222/4/1050 1269/5/1097 1239/6/1067
f 1239/4/1067 1270/5/1098 1253/6/1081
f 1240/4/1068 1253/5/1081 1271/6/1099
f 1241/4/1069 1240/5/1068 1254/6/1082
f 1225/4/1053 1254/5/1082 1255/6/1083
f 1242/4/1070 1255/5/1083 1272/6/1100
f 1243/4/1071 1242/5/1070 1273/6/1101
f 1244/4/1072 1243/5/1071 1274/6/1102
f 1256/4/1084 1244/5/1072 1275/6/1103
f 1276/4/1104 1245/5/1073 1256/6/1084
f 1227/4/1055 1245/5/1073 1276/6/1104
f 1257/4/1085 1227/5/1055 1277/6/1105
f 1258/4/1086 1228/5/1056 1257/6/1085
f 1259/4/1087 1246/5/1074 1258/6/1086
f 1260/4/1088 1229/5/1057 1259/6/1087
f 1260/4/1088 1261/5/1089 1230/6/1058
f 1261/4/1089 1278/5/1106 1247/6/1075
f 1247/4/1075 1279/5/1107 1248/6/1076
f 1248/4/1076 1279/5/1107 1262/6/1090
f 1232/4/1060 1262/5/1090 1263/6/1091
f 1263/4/1091 1280/5/1108 1233/6/1061
f 1233/4/1061 1280/5/1108 1264/6/1092
f 1264/4/1092 1265/5/1093 1234/6/1062
f 1265/4/1093 1281/5/1109 1249/6/1077
f 1249/4/1077 1282/5/1110 1250/6/1078
f 1250/4/1078 1282/5/1110 1266/6/1094
f 1266/4/1094 1283/5/1111 1251/6/1079
f 1251/4/1079 1283/5/1111 1267/6/1095
f 1237/4/1065 1267/5/1095 1268/6/1096
f 1268/4/1096 1284/5/1112 1252/6/1080
f 1252/4/1080 1285/5/1113 1269/6/1097
f 1239/4/1067 1269/5/1097 1270/6/1098
f 1253/4/1081 1270/5/1098 1286/6/1114
f 1253/4/1081 1286/5/1114 1271/6/1099
f 1240/4/1068 1271/5/1099 1254/6/1082
f 1254/4/1082 1287/5/1115 1255/6/1083
f 1255/4/1083 1288/5/1116 1272/6/1100
f 1242/4/1070 1272/5/1100 1273/6/1101
f 1243/4/1071 1273/5/1101 1274/6/1102
f 1244/4/1072 1274/5/1102 1275/6/1103
f 1256/4/1084 1275/5/1103 1289/6/1117
f 1276/4/1104 1256/5/1084 1289/6/1117
f 1277/4/1105 1227/5/1055 1276/6/1104
f 1290/4/1118 1257/5/1085 1277/6/1105
f 1257/4/1085 1291/5/1119 1258/6/1086
f 1258/4/1086 1292/5/1120 1259/6/1087
f 1259/4/1087 1293/5/1121 1260/6/1088
f 1260/4/1088 1294/5/1122 1261/6/1089
f 1261/4/1089 1295/5/1123 1278/6/1106
f 1278/4/1106 1296/5/1124 1247/6/1075
f 1247/4/1075 1296/5/1124 1279/6/1107
f 1279/4/1107 1297/5/1125 1262/6/1090
f 1262/4/1090 1280/5/1108 1263/6/1091
f 1280/4/1108 1265/5/1093 1264/6/1092
f 1298/4/1126 1281/5/1109 1265/6/1093
f 1249/4/1077 1281/5/1109 1299/6/1127
f 1249/4/1077 1299/5/1127 1282/6/1110
f 1266/4/1094 1282/5/1110 1283/6/1111
f 1283/4/1111 1300/5/1128 1267/6/1095
f 1267/4/1095 1301/5/1129 1268/6/1096
f 1268/4/1096 1301/5/1129 1284/6/1112
f 1284/4/1112 1285/5/1113 1252/6/1080
f 1269/4/1097 1285/5/1113 1270/6/1098
f 1285/4/1113 1286/5/1114 1270/6/1098
f 1271/4/1099 1286/5/1114 1287/6/1115
f 1254/4/1082 1271/5/1099 1287/6/1115
f 1255/4/1083 1287/5/1115 1288/6/1116
f 1272/4/1100 1288/5/1116 1302/6/1130
f 1273/4/1101 1272/5/1100 1303/6/1131
f 1274/4/1102 1273/5/1101 1303/6/1131
f 1304/4/1132 1275/5/1103 1274/6/1102
f 1305/4/1133 1289/5/1117 1275/6/1103
f 1306/4/1134 1276/5/1104 1289/6/1117
f 1290/4/1118 1277/5/1105 1276/6/1104
f 1307/4/1135 1257/5/1085 1290/6/1118
f 1307/4/1135 1291/5/1119 1257/6/1085
f 1291/4/1119 1292/5/1120 1258/6/1086
f 1292/4/1120 1293/5/1121 1259/6/1087
f 1260/4/1088 1293/5/1121 1294/6/1122
f 1261/4/1089 1294/5/1122 1295/6/1123
f 1295/4/1123 1308/5/1136 1278/6/1106
f 1278/4/1106 1308/5/1136 1296/6/1124
f 1296/4/1124 1309/5/1137 1279/6/1107
f 1262/4/1090 1297/5/1125 1280/6/1108
f 1279/4/1107 1309/5/1137 1297/6/1125
f 1280/4/1108 1298/5/1126 1265/6/1093
f 1298/4/1126 1310/5/1138 1281/6/1109
f 1281/4/1109 1310/5/1138 1299/6/1127
f 1282/4/1110 1299/5/1127 1300/6/1128
f 1282/4/1110 1300/5/1128 1283/6/1111
f 1267/4/1095 1300/5/1128 1301/6/1129
f 1301/4/1129 1311/5/1139 1284/6/1112
f 1284/4/1112 1312/5/1140 1285/6/1113
f 1285/4/1113 1313/5/1141 1286/6/1114
f 1286/4/1114 1314/5/1142 1287/6/1115
f 1287/4/1115 1315/5/1143 1288/6/1116
f 1302/4/1130 1288/5/1116 1316/6/1144
f 1317/4/1145 1272/5/1100 1302/6/1130
f 1303/4/1131 1272/5/1100 1317/6/1145
f 1274/4/1102 1303/5/1131 1304/6/1132
f 1305/4/1133 1275/5/1103 1304/6/1132
f 1318/4/1146 1289/5/1117 1305/6/1133
f 1306/4/1134 1289/5/1117 1318/6/1146
f 1306/4/1134 1290/5/1118 1276/6/1104
f 1319/4/1147 1307/5/1135 1290/6/1118
f 1320/4/1148 1291/5/1119 1307/6/1135
f 1291/4/1119 1321/5/1149 1292/6/1120
f 1292/4/1120 1322/5/1150 1293/6/1121
f 1293/4/1121 1323/5/1151 1294/6/1122
f 1294/4/1122 1324/5/1152 1295/6/1123
f 1295/4/1123 1324/5/1152 1308/6/1136
f 1308/4/1136 1325/5/1153 1296/6/1124
f 1296/4/1124 1325/5/1153 1309/6/1137
f 1297/4/1125 1298/5/1126 1280/6/1108
f 1309/4/1137 1326/5/1154 1297/6/1125
f 1298/4/1126 1327/5/1155 1310/6/1138
f 1310/4/1138 1328/5/1156 1299/6/1127
f 1299/4/1127 1329/5/1157 1300/6/1128
f 1300/4/1128 1329/5/1157 1301/6/1129
f 1329/4/1157 1311/5/1139 1301/6/1129
f 1284/4/1112 1311/5/1139 1312/6/1140
f 1312/4/1140 1313/5/1141 1285/6/1113
f 1313/4/1141 1330/5/1158 1286/6/1114
f 1286/4/1114 1330/5/1158 1314/6/1142
f 1287/4/1115 1314/5/1142 1315/6/1143
f 1288/4/1116 1315/5/1143 1316/6/1144
f 1302/4/1130 1316/5/1144 1331/6/1159
f 1332/4/1160 1317/5/1145 1302/6/1130
f 1333/4/1161 1303/5/1131 1317/6/1145
f 1334/4/1162 1304/5/1132 1303/6/1131
f 1335/4/1163 1305/5/1133 1304/6/1132
f 1335/4/1163 1318/5/1146 1305/6/1133
f 1336/4/1164 1306/5/1134 1318/6/1146
f 1319/4/1147 1290/5/1118 1306/6/1134
f 1320/4/1148 1307/5/1135 1319/6/1147
f 1320/4/1148 1337/5/1165 1291/6/1119
f 1337/4/1165 1321/5/1149 1291/6/1119
f 1321/4/1149 1322/5/1150 1292/6/1120
f 1293/4/1121 1322/5/1150 1323/6/1151
f 1294/4/1122 1323/5/1151 1324/6/1152
f 1324/4/1152 1338/5/1166 1308/6/1136
f 1308/4/1136 1339/5/1167 1325/6/1153
f 1325/4/1153 1340/5/1168 1309/6/1137
f 1297/4/1125 1326/5/1154 1298/6/1126
f 1309/4/1137 1340/5/1168 1326/6/1154
f 1310/4/1138 1327/5/1155 1328/6/1156
f 1326/4/1154 1327/5/1155 1298/6/1126
f 1299/4/1127 1328/5/1156 1329/6/1157
f 1329/4/1157 1341/5/1169 1311/6/1139
f 1311/4/1139 1342/5/1170 1312/6/1140
f 1312/4/1140 1342/5/1170 1313/6/1141
f 1313/4/1141 1343/5/1171 1330/6/1158
f 1330/4/1158 1344/5/1172 1314/6/1142
f 1314/4/1142 1344/5/1172 1315/6/1143
f 1315/4/1143 1345/5/1173 1316/6/1144
f 1316/4/1144 1345/5/1173 1331/6/1159
f 1346/4/1174 1302/5/1130 1331/6/1159
f 1333/4/1161 1317/5/1145 1332/6/1160
f 1332/4/1160 1302/5/1130 1346/6/1174
f 1334/4/1162 1303/5/1131 1333/6/1161
f 1335/4/1163 1304/5/1132 1334/6/1162
f 1347/4/1175 1318/5/1146 1335/6/1163
f 1336/4/1164 1319/5/1147 1306/6/1134
f 1336/4/1164 1318/5/1146 1347/6/1175
f 1348/4/1176 1320/5/1148 1319/6/1147
f 1320/4/1148 1349/5/1177 1337/6/1165
f 1337/4/1165 1350/5/1178 1321/6/1149
f 1321/4/1149 1351/5/1179 1322/6/1150
f 1322/4/1150 1351/5/1179 1323/6/1151
f 1323/4/1151 1352/5/1180 1324/6/1152
f 1324/4/1152 1353/5/1181 1338/6/1166
f 1354/4/1182 1308/5/1136 1338/6/1166
f 1354/4/1182 1339/5/1167 1308/6/1136
f 1339/4/1167 1355/5/1183 1325/6/1153
f 1325/4/1153 1355/5/1183 1340/6/1168
f 1340/4/1168 1327/5/1155 1326/6/1154
f 1327/4/1155 1356/5/1184 1328/6/1156
f 1328/4/1156 1356/5/1184 1329/6/1157
f 1356/4/1184 1341/5/1169 1329/6/1157
f 1341/4/1169 1357/5/1185 1311/6/1139
f 1311/4/1139 1357/5/1185 1342/6/1170
f 1342/4/1170 1343/5/1171 1313/6/1141
f 1343/4/1171 1344/5/1172 1330/6/1158
f 1315/4/1143 1344/5/1172 1345/6/1173
f 1331/4/1159 1345/5/1173 1358/6/1186
f 1346/4/1174 1331/5/1159 1359/6/1187
f 1333/4/1161 1332/5/1160 1360/6/1188
f 1360/4/1188 1332/5/1160 1346/6/1174
f 1361/4/1189 1334/5/1162 1333/6/1161
f 1362/4/1190 1335/5/1163 1334/6/1162
f 1363/4/1191 1347/5/1175 1335/6/1163
f 1364/4/1192 1319/5/1147 1336/6/1164
f 1365/4/1193 1336/5/1164 1347/6/1175
f 1348/4/1176 1319/5/1147 1366/6/1194
f 1348/4/1176 1349/5/1177 1320/6/1148
f 1349/4/1177 1350/5/1178 1337/6/1165
f 1350/4/1178 1351/5/1179 1321/6/1149
f 1351/4/1179 1352/5/1180 1323/6/1151
f 1352/4/1180 1367/5/1195 1324/6/1152
f 1324/4/1152 1367/5/1195 1353/6/1181
f 1353/4/1181 1354/5/1182 1338/6/1166
f 1354/4/1182 1368/5/1196 1339/6/1167
f 1368/4/1196 1355/5/1183 1339/6/1167
f 1355/4/1183 1369/5/1197 1340/6/1168
f 1340/4/1168 1370/5/1198 1327/6/1155
f 1327/4/1155 1370/5/1198 1356/6/1184
f 1356/4/1184 1371/5/1199 1341/6/1169
f 1341/4/1169 1372/5/1200 1357/6/1185
f 1357/4/1185 1373/5/1201 1342/6/1170
f 1373/4/1201 1343/5/1171 1342/6/1170
f 1343/4/1171 1374/5/1202 1344/6/1172
f 1344/4/1172 1375/5/1203 1345/6/1173
f 1345/4/1173 1375/5/1203 1358/6/1186
f 1331/4/1159 1358/5/1186 1376/6/1204
f 1331/4/1159 1376/5/1204 1359/6/1187
f 1377/4/1205 1346/5/1174 1359/6/1187
f 1361/4/1189 1333/5/1161 1360/6/1188
f 1360/4/1188 1346/5/1174 1377/6/1205
f 1362/4/1190 1334/5/1162 1361/6/1189
f 1363/4/1191 1335/5/1163 1362/6/1190
f 1363/4/1191 1365/5/1193 1347/6/1175
f 1364/4/1192 1336/5/1164 1365/6/1193
f 1364/4/1192 1366/5/1194 1319/6/1147
f 1378/4/1206 1348/5/1176 1366/6/1194
f 1348/4/1176 1378/5/1206 1349/6/1177
f 1349/4/1177 1379/5/1207 1350/6/1178
f 1350/4/1178 1380/5/1208 1351/6/1179
f 1351/4/1179 1380/5/1208 1352/6/1180
f 1352/4/1180 1381/5/1209 1367/6/1195
f 1367/4/1195 1381/5/1209 1353/6/1181
f 1382/4/1210 1354/5/1182 1353/6/1181
f 1383/4/1211 1368/5/1196 1354/6/1182
f 1384/4/1212 1355/5/1183 1368/6/1196
f 1384/4/1212 1369/5/1197 1355/6/1183
f 1340/4/1168 1369/5/1197 1370/6/1198
f 1370/4/1198 1371/5/1199 1356/6/1184
f 1371/4/1199 1372/5/1200 1341/6/1169
f 1372/4/1200 1373/5/1201 1357/6/1185
f 1373/4/1201 1385/5/1213 1343/6/1171
f 1385/4/1213 1374/5/1202 1343/6/1171
f 1344/4/1172 1374/5/1202 1375/6/1203
f 1358/4/1186 1375/5/1203 1386/6/1214
f 1358/4/1186 1387/5/1215 1376/6/1204
f 1359/4/1187 1376/5/1204 1388/6/1216
f 1377/4/1205 1359/5/1187 1388/6/1216
f 1361/4/1189 1360/5/1188 1389/6/1217
f 1360/4/1188 1377/5/1205 1390/6/1218
f 1389/4/1217 1362/5/1190 1361/6/1189
f 1391/4/1219 1363/5/1191 1362/6/1190
f 1392/4/1220 1365/5/1193 1363/6/1191
f 1393/4/1221 1364/5/1192 1365/6/1193
f 1394/4/1222 1366/5/1194 1364/6/1192
f 1378/4/1206 1366/5/1194 1395/6/1223
f 1378/4/1206 1396/5/1224 1349/6/1177
f 1349/4/1177 1396/5/1224 1379/6/1207
f 1350/4/1178 1379/5/1207 1380/6/1208
f 1380/4/1208 1397/5/1225 1352/6/1180
f 1352/4/1180 1397/5/1225 1381/6/1209
f 1381/4/1209 1398/5/1226 1353/6/1181
f 1398/4/1226 1382/5/1210 1353/6/1181
f 1382/4/1210 1383/5/1211 1354/6/1182
f 1383/4/1211 1384/5/1212 1368/6/1196
f 1399/4/1227 1369/5/1197 1384/6/1212
f 1370/4/1198 1369/5/1197 1371/6/1199
f 1371/4/1199 1400/5/1228 1372/6/1200
f 1372/4/1200 1401/5/1229 1373/6/1201
f 1401/4/1229 1385/5/1213 1373/6/1201
f 1385/4/1213 1402/5/1230 1374/6/1202
f 1402/4/1230 1375/5/1203 1374/6/1202
f 1375/4/1203 1402/5/1230 1386/6/1214
f 1358/4/1186 1386/5/1214 1387/6/1215
f 1376/4/1204 1387/5/1215 1403/6/1231
f 1388/4/1216 1376/5/1204 1404/6/1232
f 1377/4/1205 1388/5/1216 1390/6/1218
f 1389/4/1217 1360/5/1188 1405/6/1233
f 1360/4/1188 1390/5/1218 1405/6/1233
f 1391/4/1219 1362/5/1190 1389/6/1217
f 1392/4/1220 1363/5/1191 1391/6/1219
f 1392/4/1220 1393/5/1221 1365/6/1193
f 1394/4/1222 1364/5/1192 1393/6/1221
f 1394/4/1222 1395/5/1223 1366/6/1194
f 1406/4/1234 1378/5/1206 1395/6/1223
f 1378/4/1206 1407/5/1235 1396/6/1224
f 1396/4/1224 1408/5/1236 1379/6/1207
f 1379/4/1207 1408/5/1236 1380/6/1208
f 1380/4/1208 1409/5/1237 1397/6/1225
f 1397/4/1225 1409/5/1237 1381/6/1209
f 1381/4/1209 1410/5/1238 1398/6/1226
f 1411/4/1239 1382/5/1210 1398/6/1226
f 1412/4/1240 1383/5/1211 1382/6/1210
f 1413/4/1241 1384/5/1212 1383/6/1211
f 1399/4/1227 1400/5/1228 1369/6/1197
f 1413/4/1241 1399/5/1227 1384/6/1212
f 1369/4/1197 1400/5/1228 1371/6/1199
f 1400/4/1228 1401/5/1229 1372/6/1200
f 1401/4/1229 1402/5/1230 1385/6/1213
f 1386/4/1214 1402/5/1230 1414/6/1242
f 1386/4/1214 1415/5/1243 1387/6/1215
f 1387/4/1215 1416/5/1244 1403/6/1231
f 1376/4/1204 1403/5/1231 1404/6/1232
f 1388/4/1216 1404/5/1232 1417/6/1245
f 1390/4/1218 1388/5/1216 1418/6/1246
f 1389/4/1217 1405/5/1233 1419/6/1247
f 1405/4/1233 1390/5/1218 1420/6/1248
f 1421/4/1249 1391/5/1219 1389/6/1217
f 1421/4/1249 1392/5/1220 1391/6/1219
f 1422/4/1250 1393/5/1221 1392/6/1220
f 1423/4/1251 1394/5/1222 1393/6/1221
f 1423/4/1251 1395/5/1223 1394/6/1222
f 1406/4/1234 1395/5/1223 1424/6/1252
f 1378/4/1206 1406/5/1234 1407/6/1235
f 1396/4/1224 1407/5/1235 1408/6/1236
f 1408/4/1236 1425/5/1253 1380/6/1208
f 1380/4/1208 1425/5/1253 1409/6/1237
f 1409/4/1237 1426/5/1254 1381/6/1209
f 1426/4/1254 1410/5/1238 1381/6/1209
f 1410/4/1238 1411/5/1239 1398/6/1226
f 1411/4/1239 1412/5/1240 1382/6/1210
f 1427/4/1255 1383/5/1211 1412/6/1240
f 1427/4/1255 1413/5/1241 1383/6/1211
f 1399/4/1227 1401/5/1229 1400/6/1228
f 1428/4/1256 1399/5/1227 1413/6/1241
f 1401/4/1229 1429/5/1257 1402/6/1230
f 1414/4/1242 1402/5/1230 1429/6/1257
f 1386/4/1214 1414/5/1242 1415/6/1243
f 1387/4/1215 1415/5/1243 1416/6/1244
f 1430/4/1258 1403/5/1231 1416/6/1244
f 1404/4/1232 1403/5/1231 1417/6/1245
f 1388/4/1216 1417/5/1245 1418/6/1246
f 1390/4/1218 1418/5/1246 1420/6/1248
f 1405/4/1233 1420/5/1248 1419/6/1247
f 1389/4/1217 1419/5/1247 1431/6/1259
f 1421/4/1249 1389/5/1217 1431/6/1259
f 1432/4/1260 1392/5/1220 1421/6/1249
f 1423/4/1251 1393/5/1221 1422/6/1250
f 1422/4/1250 1392/5/1220 1432/6/1260
f 1423/4/1251 1424/5/1252 1395/6/1223
f 1433/4/1261 1406/5/1234 1424/6/1252
f 1406/4/1234 1434/5/1262 1407/6/1235
f 1407/4/1235 1435/5/1263 1408/6/1236
f 1408/4/1236 1436/5/1264 1425/6/1253
f 1425/4/1253 1436/5/1264 1409/6/1237
f 1409/4/1237 1437/5/1265 1426/6/1254
f 1426/4/1254 1438/5/1266 1410/6/1238
f 1439/4/1267 1411/5/1239 1410/6/1238
f 1440/4/1268 1412/5/1240 1411/6/1239
f 1440/4/1268 1427/5/1255 1412/6/1240
f 1441/4/1269 1413/5/1241 1427/6/1255
f 1399/4/1227 1429/5/1257 1401/6/1229
f 1441/4/1269 1428/5/1256 1413/6/1241
f 1428/4/1256 1442/5/1270 1399/6/1227
f 1414/4/1242 1429/5/1257 1442/6/1270
f 1415/4/1243 1414/5/1242 1443/6/1271
f 1416/4/1244 1415/5/1243 1444/6/1272
f 1430/4/1258 1416/5/1244 1445/6/1273
f 1417/4/1245 1403/5/1231 1430/6/1258
f 1418/4/1246 1417/5/1245 1446/6/1274
f 1420/4/1248 1418/5/1246 1446/6/1274
f 1419/4/1247 1420/5/1248 1447/6/1275
f 1431/4/1259 1419/5/1247 1447/6/1275
f 1448/4/1276 1421/5/1249 1431/6/1259
f 1448/4/1276 1432/5/1260 1421/6/1249
f 1449/4/1277 1423/5/1251 1422/6/1250
f 1450/4/1278 1422/5/1250 1432/6/1260
f 1449/4/1277 1424/5/1252 1423/6/1251
f 1433/4/1261 1424/5/1252 1451/6/1279
f 1406/4/1234 1433/5/1261 1434/6/1262
f 1407/4/1235 1434/5/1262 1435/6/1263
f 1408/4/1236 1435/5/1263 1436/6/1264
f 1436/4/1264 1452/5/1280 1409/6/1237
f 1452/4/1280 1437/5/1265 1409/6/1237
f 1437/4/1265 1438/5/1266 1426/6/1254
f 1438/4/1266 1439/5/1267 1410/6/1238
f 1453/4/1281 1411/5/1239 1439/6/1267
f 1453/4/1281 1440/5/1268 1411/6/1239
f 1454/4/1282 1427/5/1255 1440/6/1268
f 1454/4/1282 1441/5/1269 1427/6/1255
f 1442/4/1270 1429/5/1257 1399/6/1227
f 1441/4/1269 1442/5/1270 1428/6/1256
f 1443/4/1271 1414/5/1242 1442/6/1270
f 1444/4/1272 1415/5/1243 1443/6/1271
f 1455/4/1283 1416/5/1244 1444/6/1272
f 1445/4/1273 1416/5/1244 1455/6/1283
f 1456/4/1284 1430/5/1258 1445/6/1273
f 1417/4/1245 1430/5/1258 1456/6/1284
f 1446/4/1274 1417/5/1245 1457/6/1285
f 1420/4/1248 1446/5/1274 1458/6/1286
f 1447/4/1275 1420/5/1248 1458/6/1286
f 1431/4/1259 1447/5/1275 1459/6/1287
f 1448/4/1276 1431/5/1259 1459/6/1287
f 1450/4/1278 1432/5/1260 1448/6/1276
f 1449/4/1277 1422/5/1250 1460/6/1288
f 1460/4/1288 1422/5/1250 1450/6/1278
f 1451/4/1279 1424/5/1252 1449/6/1277
f 1461/4/1289 1433/5/1261 1451/6/1279
f 1433/4/1261 1461/5/1289 1434/6/1262
f 1434/4/1262 1462/5/1290 1435/6/1263
f 1435/4/1263 1463/5/1291 1436/6/1264
f 1436/4/1264 1464/5/1292 1452/6/1280
f 1452/4/1280 1465/5/1293 1437/6/1265
f 1437/4/1265 1466/5/1294 1438/6/1266
f 1467/4/1295 1439/5/1267 1438/6/1266
f 1467/4/1295 1453/5/1281 1439/6/1267
f 1453/4/1281 1454/5/1282 1440/6/1268
f 1468/4/1296 1441/5/1269 1454/6/1282
f 1441/4/1269 1443/5/1271 1442/6/1270
f 1468/4/1296 1444/5/1272 1443/6/1271
f 1469/4/1297 1455/5/1283 1444/6/1272
f 1470/4/1298 1445/5/1273 1455/6/1283
f 1456/4/1284 1445/5/1273 1471/6/1299
f 1457/4/1285 1417/5/1245 1456/6/1284
f 1446/4/1274 1457/5/1285 1472/6/1300
f 1458/4/1286 1446/5/1274 1473/6/1301
f 1447/4/1275 1458/5/1286 1474/6/1302
f 1459/4/1287 1447/5/1275 1475/6/1303
f 1475/4/1303 1448/5/1276 1459/6/1287
f 1476/4/1304 1450/5/1278 1448/6/1276
f 1477/4/1305 1449/5/1277 1460/6/1288
f 1476/4/1304 1460/5/1288 1450/6/1278
f 1478/4/1306 1451/5/1279 1449/6/1277
f 1461/4/1289 1451/5/1279 1479/6/1307
f 1461/4/1289 1480/5/1308 1434/6/1262
f 1434/4/1262 1480/5/1308 1462/6/1290
f 1435/4/1263 1462/5/1290 1463/6/1291
f 1436/4/1264 1463/5/1291 1464/6/1292
f 1464/4/1292 1465/5/1293 1452/6/1280
f 1465/4/1293 1466/5/1294 1437/6/1265
f 1481/4/1309 1438/5/1266 1466/6/1294
f 1481/4/1309 1467/5/1295 1438/6/1266
f 1482/4/1310 1453/5/1281 1467/6/1295
f 1483/4/1311 1454/5/1282 1453/6/1281
f 1483/4/1311 1468/5/1296 1454/6/1282
f 1468/4/1296 1443/5/1271 1441/6/1269
f 1469/4/1297 1444/5/1272 1468/6/1296
f 1484/4/1312 1455/5/1283 1469/6/1297
f 1470/4/1298 1455/5/1283 1484/6/1312
f 1471/4/1299 1445/5/1273 1470/6/1298
f 1485/4/1313 1456/5/1284 1471/6/1299
f 1457/4/1285 1456/5/1284 1485/6/1313
f 1472/4/1300 1457/5/1285 1485/6/1313
f 1446/4/1274 1472/5/1300 1473/6/1301
f 1458/4/1286 1473/5/1301 1474/6/1302
f 1447/4/1275 1474/5/1302 1486/6/1314
f 1475/4/1303 1447/5/1275 1486/6/1314
f 1487/4/1315 1448/5/1276 1475/6/1303
f 1476/4/1304 1448/5/1276 1487/6/1315
f 1477/4/1305 1460/5/1288 1476/6/1304
f 1478/4/1306 1449/5/1277 1477/6/1305
f 1479/4/1307 1451/5/1279 1478/6/1306
f 1488/4/1316 1461/5/1289 1479/6/1307
f 1461/4/1289 1489/5/1317 1480/6/1308
f 1480/4/1308 1490/5/1318 1462/6/1290
f 1462/4/1290 1491/5/1319 1463/6/1291
f 1463/4/1291 1492/5/1320 1464/6/1292
f 1464/4/1292 1493/5/1321 1465/6/1293
f 1465/4/1293 1494/5/1322 1466/6/1294
f 1494/4/1322 1481/5/1309 1466/6/1294
f 1481/4/1309 1482/5/1310 1467/6/1295
f 1495/4/1323 1453/5/1281 1482/6/1310
f 1495/4/1323 1483/5/1311 1453/6/1281
f 1469/4/1297 1468/5/1296 1483/6/1311
f 1484/4/1312 1469/5/1297 1483/6/1311
f 1496/4/1324 1470/5/1298 1484/6/1312
f 1497/4/1325 1471/5/1299 1470/6/1298
f 1485/4/1313 1471/5/1299 1498/6/1326
f 1472/4/1300 1485/5/1313 1499/6/1327
f 1473/4/1301 1472/5/1300 1500/6/1328
f 1474/4/1302 1473/5/1301 1501/6/1329
f 1486/4/1314 1474/5/1302 1501/6/1329
f 1475/4/1303 1486/5/1314 1502/6/1330
f 1502/4/1330 1487/5/1315 1475/6/1303
f 1503/4/1331 1476/5/1304 1487/6/1315
f 1504/4/1332 1477/5/1305 1476/6/1304
f 1504/4/1332 1478/5/1306 1477/6/1305
f 1505/4/1333 1479/5/1307 1478/6/1306
f 1488/4/1316 1479/5/1307 1506/6/1334
f 1461/4/1289 1488/5/1316 1489/6/1317
f 1480/4/1308 1489/5/1317 1490/6/1318
f 1462/4/1290 1490/5/1318 1491/6/1319
f 1463/4/1291 1491/5/1319 1492/6/1320
f 1492/4/1320 1493/5/1321 1464/6/1292
f 1493/4/1321 1494/5/1322 1465/6/1293
f 1507/4/1335 1481/5/1309 1494/6/1322
f 1508/4/1336 1482/5/1310 1481/6/1309
f 1508/4/1336 1495/5/1323 1482/6/1310
f 1484/4/1312 1483/5/1311 1495/6/1323
f 1496/4/1324 1484/5/1312 1509/6/1337
f 1496/4/1324 1497/5/1325 1470/6/1298
f 1498/4/1326 1471/5/1299 1497/6/1325
f 1485/4/1313 1498/5/1326 1510/6/1338
f 1499/4/1327 1485/5/1313 1510/6/1338
f 1500/4/1328 1472/5/1300 1499/6/1327
f 1473/4/1301 1500/5/1328 1511/6/1339
f 1501/4/1329 1473/5/1301 1511/6/1339
f 1486/4/1314 1501/5/1329 1512/6/1340
f 1502/4/1330 1486/5/1314 1512/6/1340
f 1503/4/1331 1487/5/1315 1502/6/1330
f 1513/4/1341 1476/5/1304 1503/6/1331
f 1504/4/1332 1476/5/1304 1513/6/1341
f 1505/4/1333 1478/5/1306 1504/6/1332
f 1506/4/1334 1479/5/1307 1505/6/1333
f 1514/4/1342 1488/5/1316 1506/6/1334
f 1488/4/1316 1515/5/1343 1489/6/1317
f 1489/4/1317 1516/5/1344 1490/6/1318
f 1490/4/1318 1516/5/1344 1491/6/1319
f 1517/4/1345 1492/5/1320 1491/6/1319
f 1518/4/1346 1493/5/1321 1492/6/1320
f 1519/4/1347 1494/5/1322 1493/6/1321
f 1520/4/1348 1507/5/1335 1494/6/1322
f 1507/4/1335 1508/5/1336 1481/6/1309
f 1509/4/1337 1495/5/1323 1508/6/1336
f 1509/4/1337 1484/5/1312 1495/6/1323
f 1521/4/1349 1496/5/1324 1509/6/1337
f 1521/4/1349 1497/5/1325 1496/6/1324
f 1510/4/1338 1498/5/1326 1497/6/1325
f 1522/4/1350 1499/5/1327 1510/6/1338
f 1500/4/1328 1499/5/1327 1522/6/1350
f 1523/4/1351 1511/5/1339 1500/6/1328
f 1501/4/1329 1511/5/1339 1523/6/1351
f 1512/4/1340 1501/5/1329 1524/6/1352
f 1502/4/1330 1512/5/1340 1524/6/1352
f 1525/4/1353 1503/5/1331 1502/6/1330
f 1525/4/1353 1513/5/1341 1503/6/1331
f 1526/4/1354 1504/5/1332 1513/6/1341
f 1527/4/1355 1505/5/1333 1504/6/1332
f 1514/4/1342 1506/5/1334 1505/6/1333
f 1515/4/1343 1488/5/1316 1514/6/1342
f 1515/4/1343 1528/5/1356 1489/6/1317
f 1489/4/1317 1528/5/1356 1516/6/1344
f 1516/4/1344 1517/5/1345 1491/6/1319
f 1517/4/1345 1518/5/1346 1492/6/1320
f 1518/4/1346 1519/5/1347 1493/6/1321
f 1519/4/1347 1529/5/1357 1494/6/1322
f 1520/4/1348 1494/5/1322 1529/6/1357
f 1530/4/1358 1507/5/1335 1520/6/1348
f 1531/4/1359 1508/5/1336 1507/6/1335
f 1532/4/1360 1509/5/1337 1508/6/1336
f 1521/4/1349 1509/5/1337 1532/6/1360
f 1521/4/1349 1533/5/1361 1497/6/1325
f 1510/4/1338 1497/5/1325 1533/6/1361
f 1522/4/1350 1510/5/1338 1534/6/1362
f 1535/4/1363 1500/5/1328 1522/6/1350
f 1523/4/1351 1500/5/1328 1535/6/1363
f 1501/4/1329 1523/5/1351 1536/6/1364
f 1524/4/1352 1501/5/1329 1536/6/1364
f 1502/4/1330 1524/5/1352 1537/6/1365
f 1525/4/1353 1502/5/1330 1537/6/1365
f 1526/4/1354 1513/5/1341 1525/6/1353
f 1538/4/1366 1504/5/1332 1526/6/1354
f 1514/4/1342 1505/5/1333 1527/6/1355
f 1527/4/1355 1504/5/1332 1538/6/1366
f 1539/4/1367 1515/5/1343 1514/6/1342
f 1515/4/1343 1539/5/1367 1528/6/1356
f 1528/4/1356 1540/5/1368 1516/6/1344
f 1516/4/1344 1541/5/1369 1517/6/1345
f 1517/4/1345 1542/5/1370 1518/6/1346
f 1542/4/1370 1519/5/1347 1518/6/1346
f 1519/4/1347 1543/5/1371 1529/6/1357
f 1544/4/1372 1520/5/1348 1529/6/1357
f 1545/4/1373 1530/5/1358 1520/6/1348
f 1530/4/1358 1531/5/1359 1507/6/1335
f 1532/4/1360 1508/5/1336 1531/6/1359
f 1546/4/1374 1521/5/1349 1532/6/1360
f 1547/4/1375 1533/5/1361 1521/6/1349
f 1534/4/1362 1510/5/1338 1533/6/1361
f 1522/4/1350 1534/5/1362 1548/6/1376
f 1549/4/1377 1535/5/1363 1522/6/1350
f 1550/4/1378 1523/5/1351 1535/6/1363
f 1536/4/1364 1523/5/1351 1550/6/1378
f 1524/4/1352 1536/5/1364 1551/6/1379
f 1537/4/1365 1524/5/1352 1552/6/1380
f 1552/4/1380 1525/5/1353 1537/6/1365
f 1553/4/1381 1526/5/1354 1525/6/1353
f 1554/4/1382 1538/5/1366 1526/6/1354
f 1555/4/1383 1514/5/1342 1527/6/1355
f 1556/4/1384 1527/5/1355 1538/6/1366
f 1539/4/1367 1514/5/1342 1557/6/1385
f 1539/4/1367 1558/5/1386 1528/6/1356
f 1528/4/1356 1558/5/1386 1540/6/1368
f 1516/4/1344 1540/5/1368 1541/6/1369
f 1541/4/1369 1542/5/1370 1517/6/1345
f 1542/4/1370 1559/5/1387 1519/6/1347
f 1559/4/1387 1543/5/1371 1519/6/1347
f 1544/4/1372 1529/5/1357 1543/6/1371
f 1545/4/1373 1520/5/1348 1544/6/1372
f 1545/4/1373 1546/5/1374 1530/6/1358
f 1546/4/1374 1531/5/1359 1530/6/1358
f 1546/4/1374 1532/5/1360 1531/6/1359
f 1547/4/1375 1521/5/1349 1546/6/1374
f 1547/4/1375 1560/5/1388 1533/6/1361
f 1534/4/1362 1533/5/1361 1560/6/1388
f 1548/4/1376 1534/5/1362 1560/6/1388
f 1561/4/1389 1522/5/1350 1548/6/1376
f 1550/4/1378 1535/5/1363 1549/6/1377
f 1549/4/1377 1522/5/1350 1561/6/1389
f 1536/4/1364 1550/5/1378 1551/6/1379
f 1524/4/1352 1551/5/1379 1562/6/1390
f 1552/4/1380 1524/5/1352 1562/6/1390
f 1552/4/1380 1553/5/1381 1525/6/1353
f 1554/4/1382 1526/5/1354 1553/6/1381
f 1556/4/1384 1538/5/1366 1554/6/1382
f 1555/4/1383 1527/5/1355 1556/6/1384
f 1557/4/1385 1514/5/1342 1555/6/1383
f 1563/4/1391 1539/5/1367 1557/6/1385
f 1539/4/1367 1563/5/1391 1558/6/1386
f 1558/4/1386 1564/5/1392 1540/6/1368
f 1540/4/1368 1565/5/1393 1541/6/1369
f 1565/4/1393 1542/5/1370 1541/6/1369
f 1542/4/1370 1566/5/1394 1559/6/1387
f 1559/4/1387 1567/5/1395 1543/6/1371
f 1567/4/1395 1544/5/1372 1543/6/1371
f 1568/4/1396 1545/5/1373 1544/6/1372
f 1569/4/1397 1546/5/1374 1545/6/1373
f 1569/4/1397 1547/5/1375 1546/6/1374
f 1570/4/1398 1560/5/1388 1547/6/1375
f 1548/4/1376 1560/5/1388 1571/6/1399
f 1561/4/1389 1548/5/1376 1572/6/1400
f 1550/4/1378 1549/5/1377 1573/6/1401
f 1549/4/1377 1561/5/1389 1574/6/1402
f 1551/4/1379 1550/5/1378 1575/6/1403
f 1562/4/1390 1551/5/1379 1575/6/1403
f 1552/4/1380 1562/5/1390 1576/6/1404
f 1576/4/1404 1553/5/1381 1552/6/1380
f 1577/4/1405 1554/5/1382 1553/6/1381
f 1578/4/1406 1556/5/1384 1554/6/1382
f 1579/4/1407 1555/5/1383 1556/6/1384
f 1580/4/1408 1557/5/1385 1555/6/1383
f 1563/4/1391 1557/5/1385 1581/6/1409
f 1563/4/1391 1564/5/1392 1558/6/1386
f 1564/4/1392 1582/5/1410 1540/6/1368
f 1540/4/1368 1582/5/1410 1565/6/1393
f 1565/4/1393 1583/5/1411 1542/6/1370
f 1566/4/1394 1567/5/1395 1559/6/1387
f 1583/4/1411 1566/5/1394 1542/6/1370
f 1568/4/1396 1544/5/1372 1567/6/1395
f 1584/4/1412 1545/5/1373 1568/6/1396
f 1584/4/1412 1569/5/1397 1545/6/1373
f 1569/4/1397 1570/5/1398 1547/6/1375
f 1571/4/1399 1560/5/1388 1570/6/1398
f 1585/4/1413 1548/5/1376 1571/6/1399
f 1572/4/1400 1548/5/1376 1585/6/1413
f 1574/4/1402 1561/5/1389 1572/6/1400
f 1573/4/1401 1549/5/1377 1574/6/1402
f 1586/4/1414 1550/5/1378 1573/6/1401
f 1575/4/1403 1550/5/1378 1586/6/1414
f 1562/4/1390 1575/5/1403 1587/6/1415
f 1576/4/1404 1562/5/1390 1587/6/1415
f 1576/4/1404 1577/5/1405 1553/6/1381
f 1578/4/1406 1554/5/1382 1577/6/1405
f 1579/4/1407 1556/5/1384 1578/6/1406
f 1580/4/1408 1555/5/1383 1579/6/1407
f 1581/4/1409 1557/5/1385 1580/6/1408
f 1563/4/1391 1581/5/1409 1588/6/1416
f 1564/4/1392 1563/5/1391 1589/6/1417
f 1564/4/1392 1589/5/1417 1582/6/1410
f 1582/4/1410 1590/5/1418 1565/6/1393
f 1565/4/1393 1591/5/1419 1583/6/1411
f 1566/4/1394 1592/5/1420 1567/6/1395
f 1583/4/1411 1591/5/1419 1566/6/1394
f 1567/4/1395 1593/5/1421 1568/6/1396
f 1568/4/1396 1593/5/1421 1584/6/1412
f 1594/4/1422 1569/5/1397 1584/6/1412
f 1595/4/1423 1570/5/1398 1569/6/1397
f 1585/4/1413 1571/5/1399 1570/6/1398
f 1585/4/1413 1596/5/1424 1572/6/1400
f 1572/4/1400 1597/5/1425 1574/6/1402
f 1597/4/1425 1573/5/1401 1574/6/1402
f 1586/4/1414 1573/5/1401 1598/6/1426
f 1575/4/1403 1586/5/1414 1599/6/1427
f 1600/4/1428 1587/5/1415 1575/6/1403
f 1601/4/1429 1576/5/1404 1587/6/1415
f 1577/4/1405 1576/5/1404 1601/6/1429
f 1578/4/1406 1577/5/1405 1602/6/1430
f 1603/4/1431 1579/5/1407 1578/6/1406
f 1604/4/1432 1580/5/1408 1579/6/1407
f 1604/4/1432 1581/5/1409 1580/6/1408
f 1588/4/1416 1581/5/1409 1604/6/1432
f 1563/4/1391 1588/5/1416 1605/6/1433
f 1589/4/1417 1563/5/1391 1605/6/1433
f 1589/4/1417 1590/5/1418 1582/6/1410
f 1590/4/1418 1606/5/1434 1565/6/1393
f 1606/4/1434 1591/5/1419 1565/6/1393
f 1591/4/1419 1592/5/1420 1566/6/1394
f 1592/4/1420 1607/5/1435 1567/6/1395
f 1567/4/1395 1607/5/1435 1593/6/1421
f 1593/4/1421 1608/5/1436 1584/6/1412
f 1608/4/1436 1594/5/1422 1584/6/1412
f 1595/4/1423 1569/5/1397 1594/6/1422
f 1585/4/1413 1570/5/1398 1595/6/1423
f 1609/4/1437 1596/5/1424 1585/6/1413
f 1596/4/1424 1597/5/1425 1572/6/1400
f 1597/4/1425 1598/5/1426 1573/6/1401
f 1599/4/1427 1586/5/1414 1598/6/1426
f 1575/4/1403 1599/5/1427 1610/6/1438
f 1601/4/1429 1587/5/1415 1600/6/1428
f 1600/4/1428 1575/5/1403 1610/6/1438
f 1602/4/1430 1577/5/1405 1601/6/1429
f 1611/4/1439 1578/5/1406 1602/6/1430
f 1604/4/1432 1579/5/1407 1603/6/1431
f 1603/4/1431 1578/5/1406 1611/6/1439
f 1588/4/1416 1604/5/1432 1612/6/1440
f 1605/4/1433 1588/5/1416 1613/6/1441
f 1589/4/1417 1605/5/1433 1614/6/1442
f 1590/4/1418 1589/5/1417 1615/6/1443
f 1606/4/1434 1590/5/1418 1615/6/1443
f 1606/4/1434 1616/5/1444 1591/6/1419
f 1591/4/1419 1616/5/1444 1592/6/1420
f 1592/4/1420 1617/5/1445 1607/6/1435
f 1607/4/1435 1618/5/1446 1593/6/1421
f 1593/4/1421 1618/5/1446 1608/6/1436
f 1619/4/1447 1594/5/1422 1608/6/1436
f 1619/4/1447 1595/5/1423 1594/6/1422
f 1620/4/1448 1585/5/1413 1595/6/1423
f 1620/4/1448 1609/5/1437 1585/6/1413
f 1609/4/1437 1621/5/1449 1596/6/1424
f 1621/4/1449 1597/5/1425 1596/6/1424
f 1622/4/1450 1598/5/1426 1597/6/1425
f 1623/4/1451 1599/5/1427 1598/6/1426
f 1624/4/1452 1610/5/1438 1599/6/1427
f 1601/4/1429 1600/5/1428 1625/6/1453
f 1626/4/1454 1600/5/1428 1610/6/1438
f 1602/4/1430 1601/5/1429 1627/6/1455
f 1611/4/1439 1602/5/1430 1628/6/1456
f 1604/4/1432 1603/5/1431 1629/6/1457
f 1603/4/1431 1611/5/1439 1630/6/1458
f 1604/4/1432 1629/5/1457 1612/6/1440
f 1588/4/1416 1612/5/1440 1613/6/1441
f 1605/4/1433 1613/5/1441 1631/6/1459
f 1614/4/1442 1605/5/1433 1631/6/1459
f 1589/4/1417 1614/5/1442 1615/6/1443
f 1606/4/1434 1615/5/1443 1632/6/1460
f 1606/4/1434 1632/5/1460 1616/6/1444
f 1592/4/1420 1616/5/1444 1633/6/1461
f 1592/4/1420 1633/5/1461 1617/6/1445
f 1607/4/1435 1617/5/1445 1618/6/1446
f 1618/4/1446 1634/5/1462 1608/6/1436
f 1608/4/1436 1634/5/1462 1619/6/1447
f 1620/4/1448 1595/5/1423 1619/6/1447
f 1635/4/1463 1609/5/1437 1620/6/1448
f 1636/4/1464 1621/5/1449 1609/6/1437
f 1621/4/1449 1622/5/1450 1597/6/1425
f 1622/4/1450 1623/5/1451 1598/6/1426
f 1623/4/1451 1624/5/1452 1599/6/1427
f 1626/4/1454 1610/5/1438 1624/6/1452
f 1625/4/1453 1600/5/1428 1626/6/1454
f 1627/4/1455 1601/5/1429 1625/6/1453
f 1628/4/1456 1602/5/1430 1627/6/1455
f 1630/4/1458 1611/5/1439 1628/6/1456
f 1629/4/1457 1603/5/1431 1630/6/1458
f 1612/4/1440 1629/5/1457 1637/6/1465
f 1613/4/1441 1612/5/1440 1638/6/1466
f 1631/4/1459 1613/5/1441 1639/6/1467
f 1614/4/1442 1631/5/1459 1639/6/1467
f 1615/4/1443 1614/5/1442 1640/6/1468
f 1632/4/1460 1615/5/1443 1641/6/1469
f 1632/4/1460 1641/5/1469 1616/6/1444
f 1616/4/1444 1642/5/1470 1633/6/1461
f 1633/4/1461 1643/5/1471 1617/6/1445
f 1617/4/1445 1644/5/1472 1618/6/1446
f 1618/4/1446 1644/5/1472 1634/6/1462
f 1634/4/1462 1645/5/1473 1619/6/1447
f 1645/4/1473 1620/5/1448 1619/6/1447
f 1645/4/1473 1635/5/1463 1620/6/1448
f 1635/4/1463 1636/5/1464 1609/6/1437
f 1636/4/1464 1646/5/1474 1621/6/1449
f 1646/4/1474 1622/5/1450 1621/6/1449
f 1647/4/1475 1623/5/1451 1622/6/1450
f 1647/4/1475 1624/5/1452 1623/6/1451
f 1648/4/1476 1626/5/1454 1624/6/1452
f 1648/4/1476 1625/5/1453 1626/6/1454
f 1649/4/1477 1627/5/1455 1625/6/1453
f 1650/4/1478 1628/5/1456 1627/6/1455
f 1630/4/1458 1628/5/1456 1650/6/1478
f 1629/4/1457 1630/5/1458 1651/6/1479
f 1637/4/1465 1629/5/1457 1651/6/1479
f 1612/4/1440 1637/5/1465 1652/6/1480
f 1639/4/1467 1613/5/1441 1638/6/1466
f 1638/4/1466 1612/5/1440 1652/6/1480
f 1614/4/1442 1639/5/1467 1640/6/1468
f 1615/4/1443 1640/5/1468 1653/6/1481
f 1615/4/1443 1653/5/1481 1641/6/1469
f 1616/4/1444 1641/5/1469 1654/6/1482
f 1616/4/1444 1654/5/1482 1642/6/1470
f 1633/4/1461 1642/5/1470 1643/6/1471
f 1617/4/1445 1643/5/1471 1644/6/1472
f 1644/4/1472 1655/5/1483 1634/6/1462
f 1634/4/1462 1656/5/1484 1645/6/1473
f 1656/4/1484 1635/5/1463 1645/6/1473
f 1657/4/1485 1636/5/1464 1635/6/1463
f 1658/4/1486 1646/5/1474 1636/6/1464
f 1646/4/1474 1659/5/1487 1622/6/1450
f 1659/4/1487 1647/5/1475 1622/6/1450
f 1647/4/1475 1660/5/1488 1624/6/1452
f 1648/4/1476 1624/5/1452 1660/6/1488
f 1649/4/1477 1625/5/1453 1648/6/1476
f 1661/4/1489 1627/5/1455 1649/6/1477
f 1650/4/1478 1627/5/1455 1661/6/1489
f 1651/4/1479 1630/5/1458 1650/6/1478
f 1637/4/1465 1651/5/1479 1662/6/1490
f 1652/4/1480 1637/5/1465 1663/6/1491
f 1639/4/1467 1638/5/1466 1664/6/1492
f 1638/4/1466 1652/5/1480 1665/6/1493
f 1640/4/1468 1639/5/1467 1664/6/1492
f 1653/4/1481 1640/5/1468 1666/6/1494
f 1641/4/1469 1653/5/1481 1667/6/1495
f 1641/4/1469 1667/5/1495 1654/6/1482
f 1654/4/1482 1668/5/1496 1642/6/1470
f 1642/4/1470 1669/5/1497 1643/6/1471
f 1643/4/1471 1669/5/1497 1644/6/1472
f 1644/4/1472 1670/5/1498 1655/6/1483
f 1634/4/1462 1655/5/1483 1656/6/1484
f 1656/4/1484 1657/5/1485 1635/6/1463
f 1657/4/1485 1658/5/1486 1636/6/1464
f 1671/4/1499 1646/5/1474 1658/6/1486
f 1672/4/1500 1659/5/1487 1646/6/1474
f 1672/4/1500 1647/5/1475 1659/6/1487
f 1673/4/1501 1660/5/1488 1647/6/1475
f 1674/4/1502 1648/5/1476 1660/6/1488
f 1675/4/1503 1649/5/1477 1648/6/1476
f 1676/4/1504 1661/5/1489 1649/6/1477
f 1677/4/1505 1650/5/1478 1661/6/1489
f 1662/4/1490 1651/5/1479 1650/6/1478
f 1663/4/1491 1637/5/1465 1662/6/1490
f 1652/4/1480 1663/5/1491 1665/6/1493
f 1638/4/1466 1678/5/1506 1664/6/1492
f 1638/4/1466 1665/5/1493 1678/6/1506
f 1640/4/1468 1664/5/1492 1666/6/1494
f 1653/4/1481 1666/5/1494 1679/6/1507
f 1653/4/1481 1679/5/1507 1667/6/1495
f 1654/4/1482 1667/5/1495 1680/6/1508
f 1642/4/1470 1668/5/1496 1669/6/1497
f 1654/4/1482 1680/5/1508 1668/6/1496
f 1644/4/1472 1669/5/1497 1681/6/1509
f 1655/4/1483 1670/5/1498 1656/6/1484
f 1644/4/1472 1681/5/1509 1670/6/1498
f 1656/4/1484 1682/5/1510 1657/6/1485
f 1682/4/1510 1658/5/1486 1657/6/1485
f 1671/4/1499 1672/5/1500 1646/6/1474
f 1683/4/1511 1671/5/1499 1658/6/1486
f 1672/4/1500 1673/5/1501 1647/6/1475
f 1673/4/1501 1674/5/1502 1660/6/1488
f 1675/4/1503 1648/5/1476 1674/6/1502
f 1676/4/1504 1649/5/1477 1675/6/1503
f 1677/4/1505 1661/5/1489 1676/6/1504
f 1684/4/1512 1650/5/1478 1677/6/1505
f 1662/4/1490 1650/5/1478 1684/6/1512
f 1685/4/1513 1663/5/1491 1662/6/1490
f 1665/4/1493 1663/5/1491 1685/6/1513
f 1664/4/1492 1678/5/1506 1686/6/1514
f 1678/4/1506 1665/5/1493 1686/6/1514
f 1666/4/1494 1664/5/1492 1687/6/1515
f 1679/4/1507 1666/5/1494 1688/6/1516
f 1667/4/1495 1679/5/1507 1688/6/1516
f 1667/4/1495 1689/5/1517 1680/6/1508
f 1668/4/1496 1690/5/1518 1669/6/1497
f 1680/4/1508 1691/5/1519 1668/6/1496
f 1669/4/1497 1692/5/1520 1681/6/1509
f 1670/4/1498 1693/5/1521 1656/6/1484
f 1681/4/1509 1694/5/1522 1670/6/1498
f 1693/4/1521 1682/5/1510 1656/6/1484
f 1682/4/1510 1683/5/1511 1658/6/1486
f 1695/4/1523 1672/5/1500 1671/6/1499
f 1696/4/1524 1671/5/1499 1683/6/1511
f 1695/4/1523 1673/5/1501 1672/6/1500
f 1697/4/1525 1674/5/1502 1673/6/1501
f 1698/4/1526 1675/5/1503 1674/6/1502
f 1699/4/1527 1676/5/1504 1675/6/1503
f 1700/4/1528 1677/5/1505 1676/6/1504
f 1701/4/1529 1684/5/1512 1677/6/1505
f 1702/4/1530 1662/5/1490 1684/6/1512
f 1685/4/1513 1662/5/1490 1702/6/1530
f 1665/4/1493 1685/5/1513 1703/6/1531
f 1664/4/1492 1686/5/1514 1704/6/1532
f 1686/4/1514 1665/5/1493 1703/6/1531
f 1664/4/1492 1704/5/1532 1687/6/1515
f 1666/4/1494 1687/5/1515 1688/6/1516
f 1667/4/1495 1688/5/1516 1689/6/1517
f 1680/4/1508 1689/5/1517 1691/6/1519
f 1668/4/1496 1691/5/1519 1690/6/1518
f 1669/4/1497 1690/5/1518 1705/6/1533
f 1669/4/1497 1705/5/1533 1692/6/1520
f 1681/4/1509 1692/5/1520 1694/6/1522
f 1670/4/1498 1694/5/1522 1693/6/1521
f 1693/4/1521 1706/5/1534 1682/6/1510
f 1706/4/1534 1683/5/1511 1682/6/1510
f 1707/4/1535 1695/5/1523 1671/6/1499
f 1706/4/1534 1696/5/1524 1683/6/1511
f 1696/4/1524 1707/5/1535 1671/6/1499
f 1695/4/1523 1697/5/1525 1673/6/1501
f 1697/4/1525 1698/5/1526 1674/6/1502
f 1699/4/1527 1675/5/1503 1698/6/1526
f 1700/4/1528 1676/5/1504 1699/6/1527
f 1701/4/1529 1677/5/1505 1700/6/1528
f 1708/4/1536 1684/5/1512 1701/6/1529
f 1702/4/1530 1684/5/1512 1708/6/1536
f 1709/4/1537 1685/5/1513 1702/6/1530
f 1703/4/1531 1685/5/1513 1709/6/1537
f 1704/4/1532 1686/5/1514 1709/6/1537
f 1686/4/1514 1703/5/1531 1709/6/1537
f 1687/4/1515 1704/5/1532 1709/6/1537
f 1688/4/1516 1687/5/1515 1709/6/1537
f 1689/4/1517 1688/5/1516 1709/6/1537
f 1689/4/1517 1709/5/1537 1691/6/1519
f 1691/4/1519 1709/5/1537 1690/6/1518
f 1690/4/1518 1709/5/1537 1705/6/1533
f 1705/4/1533 1709/5/1537 1692/6/1520
f 1692/4/1520 1709/5/1537 1694/6/1522
f 1694/4/1522 1710/5/1538 1693/6/1521
f 1710/4/1538 1706/5/1534 1693/6/1521
f 1709/4/1537 1695/5/1523 1707/6/1535
f 1709/4/1537 1696/5/1524 1706/6/1534
f 1709/4/1537 1707/5/1535 1696/6/1524
f 1709/4/1537 1697/5/1525 1695/6/1523
f 1709/4/1537 1698/5/1526 1697/6/1525
f 1709/4/1537 1699/5/1527 1698/6/1526
f 1709/4/1537 1700/5/1528 1699/6/1527
f 1709/4/1537 1701/5/1529 1700/6/1528
f 1709/4/1537 1708/5/1536 1701/6/1529
f 1709/4/1537 1702/5/1530 1708/6/1536
f 1694/4/1522 1709/5/1537 1710/6/1538
f 1709/4/1537 1706/5/1534 1710/6/1538
