# Blender 5.2.0 LTS
# www.blender.org
o Head
v 0.042614 0.526167 0.073553
v 0.023748 0.526361 0.080804
v 0.003475 0.524227 0.008804
v 0.058789 0.525962 0.061894
v 0.043462 0.532022 0.148622
v 0.003473 0.526531 0.083237
v 0.071194 0.525756 0.046539
v 0.111664 0.531260 0.113314
v 0.080306 0.531631 0.135270
v 0.003681 0.532375 0.152954
v -0.016812 0.526663 0.080730
v 0.079020 0.525558 0.028487
v 0.061840 0.541636 0.209235
v 0.004007 0.542216 0.214775
v -0.036158 0.532639 0.148212
v -0.035707 0.526747 0.073438
v 0.081759 0.525377 0.008972
v 0.150541 0.530606 0.048403
v 0.135537 0.530928 0.083764
v 0.159895 0.540503 0.161155
v 0.115064 0.541000 0.191418
v -0.053949 0.542585 0.208316
v -0.051916 0.526778 0.061798
v 0.079226 0.525224 -0.010624
v 0.155865 0.530254 0.009749
v 0.077998 0.555778 0.260502
v 0.004336 0.556616 0.266590
v -0.069517 0.557040 0.259016
v -0.107503 0.542756 0.189863
v -0.073152 0.532797 0.134586
v -0.104706 0.532864 0.112592
v -0.064344 0.526753 0.046528
v 0.071563 0.525117 -0.028898
v 0.214676 0.539917 0.067868
v 0.193635 0.540195 0.119199
v 0.201472 0.554275 0.203486
v 0.145356 0.554848 0.239898
v -0.072165 0.526671 0.028611
v 0.059246 0.525070 -0.044552
v 0.151196 0.529885 -0.029206
v 0.222213 0.539452 0.011084
v 0.243173 0.554169 0.151270
v 0.169924 0.573754 0.279233
v 0.091162 0.574940 0.301285
v -0.082267 0.576434 0.299289
v -0.137395 0.557135 0.237372
v -0.128753 0.532843 0.083274
v -0.074862 0.526536 0.009254
v 0.043070 0.525093 -0.056499
v 0.113060 0.529426 -0.096136
v 0.136695 0.529575 -0.065405
v 0.268931 0.554143 0.085925
v 0.282702 0.573424 0.178381
v 0.004573 0.576005 0.307454
v -0.152770 0.542842 0.159455
v -0.186915 0.542894 0.117913
v -0.143843 0.532713 0.048368
v -0.072247 0.526357 -0.010203
v 0.024123 0.525182 -0.063938
v 0.081630 0.529488 -0.119303
v 0.215914 0.538764 -0.046244
v 0.278206 0.553659 0.012883
v 0.234930 0.573188 0.238593
v 0.100914 0.599324 0.331477
v 0.004668 0.600500 0.337511
v -0.091869 0.600914 0.329106
v -0.161710 0.576415 0.275830
v -0.194203 0.557223 0.200687
v -0.149121 0.532451 0.010285
v -0.064474 0.526148 -0.028396
v 0.003712 0.525324 -0.066391
v 0.044439 0.529730 -0.133524
v 0.162490 0.537716 -0.143469
v 0.195811 0.538076 -0.099150
v 0.311942 0.573802 0.101540
v 0.259694 0.597615 0.265408
v 0.188152 0.598041 0.308794
v -0.179896 0.600839 0.304744
v -0.236560 0.557448 0.149074
v -0.208197 0.542818 0.067469
v -0.144262 0.532068 -0.028130
v -0.052036 0.525927 -0.044053
v -0.016725 0.525504 -0.063715
v 0.004137 0.530065 -0.138082
v 0.117473 0.537857 -0.176317
v 0.270754 0.552566 -0.060842
v 0.322492 0.573388 0.015002
v 0.343558 0.599071 0.113920
v 0.311853 0.598259 0.199390
v 0.107329 0.628728 0.351893
v 0.004631 0.629847 0.357779
v -0.192142 0.630269 0.324517
v -0.252496 0.601050 0.260880
v -0.227626 0.576526 0.234800
v -0.262731 0.557569 0.085068
v -0.215714 0.542465 0.011824
v -0.129454 0.531620 -0.063969
v -0.105457 0.531180 -0.094628
v -0.035750 0.525709 -0.056098
v 0.063525 0.538378 -0.196114
v 0.148832 0.550858 -0.224585
v 0.246370 0.551315 -0.128305
v 0.314243 0.571881 -0.072182
v 0.331333 0.628527 0.213990
v 0.276197 0.627474 0.283846
v 0.200249 0.627599 0.328940
v -0.098377 0.630259 0.349305
v -0.276268 0.577015 0.175354
v -0.209107 0.541814 -0.044405
v -0.073687 0.530785 -0.118052
v -0.036254 0.530421 -0.132815
v 0.004640 0.538988 -0.202268
v 0.080358 0.551763 -0.248584
v 0.205263 0.550621 -0.184017
v 0.286731 0.569986 -0.151297
v 0.346172 0.596943 -0.079879
v 0.354992 0.598778 0.017246
v 0.364713 0.629695 0.122756
v 0.110914 0.662571 0.364028
v -0.102199 0.663905 0.361357
v -0.269223 0.630704 0.278895
v -0.305672 0.601858 0.195746
v -0.306070 0.577450 0.100241
v -0.272027 0.557194 0.013757
v -0.188459 0.541032 -0.096547
v -0.154470 0.540352 -0.140661
v -0.054411 0.539476 -0.194764
v 0.005096 0.552699 -0.255835
v 0.094053 0.570402 -0.289081
v 0.174259 0.569142 -0.262105
v 0.377106 0.665020 0.128259
v 0.342673 0.663617 0.222757
v 0.285710 0.662192 0.294821
v 0.207138 0.661859 0.340910
v 0.004515 0.663461 0.369846
v -0.279004 0.664959 0.289707
v -0.325450 0.631842 0.209984
v -0.199280 0.664169 0.336346
v -0.338045 0.602640 0.112274
v -0.316684 0.577122 0.015933
v -0.264161 0.556213 -0.058289
v -0.108815 0.539871 -0.173952
v -0.070410 0.553245 -0.246586
v 0.005406 0.571629 -0.297061
v 0.239692 0.568864 -0.215813
v 0.316424 0.594470 -0.167388
v 0.376725 0.629527 0.019386
v 0.389466 0.664952 0.021182
v 0.112418 0.700006 0.369714
v 0.004394 0.700535 0.375535
v -0.337080 0.666419 0.218605
v -0.103943 0.701046 0.367041
v -0.359553 0.632923 0.120890
v -0.307941 0.575801 -0.069093
v -0.238998 0.554977 -0.124565
v -0.196920 0.554010 -0.179917
v -0.139555 0.553527 -0.221102
v 0.104137 0.594476 -0.317342
v 0.193039 0.593058 -0.288328
v 0.265085 0.592890 -0.238089
v 0.367473 0.627510 -0.084167
v 0.395322 0.704117 0.022426
v 0.347812 0.702588 0.226858
v 0.289939 0.700824 0.299898
v 0.210130 0.699913 0.346470
v -0.283457 0.702957 0.294775
v -0.202505 0.701707 0.341900
v -0.349576 0.602404 0.018166
v -0.083547 0.572168 -0.286570
v 0.005530 0.595851 -0.325839
v 0.336158 0.624634 -0.176968
v 0.382790 0.704119 0.130988
v 0.379891 0.662899 -0.085818
v 0.112599 0.740050 0.370744
v -0.104235 0.740751 0.368088
v -0.342435 0.704728 0.222688
v -0.372252 0.667712 0.126282
v -0.371684 0.632787 0.020246
v -0.340213 0.600805 -0.076495
v -0.279464 0.574049 -0.146675
v -0.231209 0.572747 -0.210702
v -0.164601 0.572275 -0.257741
v -0.093427 0.596361 -0.314534
v 0.110694 0.623721 -0.334621
v 0.205388 0.622464 -0.304247
v 0.281880 0.622614 -0.251516
v 0.347540 0.659812 -0.181372
v 0.383754 0.745926 0.131610
v 0.385544 0.702125 -0.085871
v 0.348650 0.744327 0.227613
v 0.290585 0.742243 0.300781
v 0.210549 0.740688 0.347446
v 0.004337 0.740149 0.376587
v -0.284197 0.743668 0.295689
v -0.203028 0.741894 0.342906
v -0.183291 0.596366 -0.283453
v -0.100089 0.625538 -0.331729
v 0.005487 0.625035 -0.343520
v 0.291438 0.657387 -0.257911
v 0.396321 0.745962 0.022962
v 0.386481 0.744063 -0.085325
v 0.112051 0.781702 0.368555
v 0.004395 0.781362 0.374389
v -0.103573 0.782065 0.365894
v -0.343356 0.745747 0.223464
v -0.378149 0.706159 0.128976
v -0.384741 0.667660 0.021963
v -0.361870 0.631021 -0.080710
v -0.309382 0.598578 -0.162259
v -0.256669 0.596914 -0.232394
v 0.212311 0.656706 -0.312009
v 0.005349 0.658509 -0.352432
v 0.352623 0.698965 -0.182387
v 0.381585 0.789342 0.130689
v 0.353414 0.740882 -0.181732
v 0.346701 0.787693 0.226114
v 0.288997 0.785295 0.298870
v 0.209439 0.783089 0.345324
v -0.201809 0.783709 0.340775
v -0.282506 0.786021 0.293770
v -0.390812 0.706163 0.023136
v -0.329419 0.628440 -0.171690
v -0.195797 0.625627 -0.299228
v 0.114289 0.657469 -0.343223
v -0.103964 0.659052 -0.340395
v 0.295599 0.696153 -0.259609
v 0.394084 0.789393 0.022696
v 0.384331 0.787566 -0.084927
v 0.111107 0.824013 0.364038
v 0.004591 0.823272 0.369809
v -0.102245 0.824071 0.361332
v -0.341311 0.788406 0.221958
v -0.379190 0.747269 0.129594
v -0.374605 0.665837 -0.082435
v -0.273694 0.626411 -0.245651
v -0.203009 0.659447 -0.307095
v 0.215237 0.694768 -0.314233
v -0.105705 0.696011 -0.343138
v 0.115744 0.694775 -0.345848
v 0.377258 0.833302 0.128566
v 0.351499 0.784340 -0.180687
v 0.342877 0.831598 0.223015
v 0.285965 0.828898 0.295011
v 0.207397 0.826087 0.341008
v -0.199406 0.826181 0.336381
v -0.279144 0.828995 0.289825
v -0.391887 0.747307 0.023632
v -0.380483 0.704356 -0.082611
v -0.341114 0.663041 -0.176187
v -0.206210 0.696899 -0.309517
v 0.005204 0.695380 -0.355252
v 0.296189 0.737673 -0.258814
v 0.380087 0.831538 -0.085063
v 0.389611 0.833350 0.021599
v 0.294643 0.780709 -0.257167
v 0.204529 0.868773 0.334748
v 0.109813 0.866140 0.357466
v -0.100309 0.865951 0.354680
v -0.337186 0.831675 0.218796
v -0.376927 0.790008 0.128671
v -0.389556 0.790058 0.023373
v -0.283554 0.660648 -0.252160
v 0.115890 0.734579 -0.344989
v -0.105983 0.735414 -0.342368
v 0.005136 0.734661 -0.354441
v 0.215605 0.735478 -0.313362
v 0.371065 0.876815 0.125331
v 0.347822 0.828207 -0.179931
v 0.337421 0.875053 0.218469
v 0.004920 0.865076 0.363129
v -0.195934 0.868438 0.329986
v -0.274292 0.871670 0.284077
v -0.381502 0.745537 -0.082149
v -0.346436 0.701439 -0.177382
v -0.287972 0.698674 -0.254072
v -0.206700 0.736914 -0.308793
v 0.214534 0.777668 -0.311216
v 0.383209 0.876842 0.019704
v 0.291785 0.824131 -0.255546
v 0.374033 0.874984 -0.085744
v 0.281665 0.872087 0.289411
v 0.107958 0.907382 0.348545
v 0.005345 0.906098 0.354090
v -0.097618 0.907016 0.345675
v -0.331226 0.874605 0.214142
v -0.372318 0.833355 0.126536
v -0.379254 0.788302 -0.081739
v 0.005205 0.775370 -0.351860
v 0.115370 0.775828 -0.342516
v -0.288671 0.739363 -0.253436
v -0.105327 0.776262 -0.339905
v 0.212652 0.820278 -0.308791
v 0.362666 0.919015 0.120857
v 0.287774 0.866969 -0.254040
v 0.342609 0.871484 -0.179508
v 0.329964 0.917211 0.212187
v 0.275715 0.914052 0.281715
v 0.200499 0.910392 0.326201
v -0.191112 0.909749 0.321297
v -0.323086 0.916371 0.207750
v -0.365651 0.876358 0.123282
v -0.384801 0.833400 0.022333
v -0.374709 0.831611 -0.081747
v -0.345299 0.785177 -0.175803
v -0.347321 0.742529 -0.176857
v -0.205500 0.778413 -0.306656
v 0.374541 0.918999 0.017107
v 0.365794 0.917044 -0.086635
v 0.105143 0.947192 0.336553
v 0.005812 0.945806 0.342017
v -0.093882 0.946723 0.333641
v -0.267606 0.913259 0.276226
v -0.341284 0.828316 -0.174867
v -0.184377 0.949534 0.309617
v -0.104037 0.817632 -0.336783
v 0.005439 0.816602 -0.348572
v -0.287006 0.781578 -0.251790
v 0.114537 0.817557 -0.339485
v 0.351237 0.959187 0.114869
v 0.210049 0.862407 -0.306236
v 0.335432 0.913342 -0.178896
v 0.319674 0.957388 0.203576
v 0.267322 0.954158 0.271166
v 0.194655 0.950358 0.314592
v -0.356601 0.918171 0.118801
v -0.258363 0.953138 0.265605
v -0.377925 0.876378 0.020542
v -0.368148 0.874505 -0.082194
v -0.203193 0.820402 -0.304073
v 0.113425 0.858948 -0.336096
v 0.354494 0.957030 -0.087134
v 0.362773 0.959104 0.013965
v 0.206330 0.903351 -0.302937
v 0.282158 0.908449 -0.252033
v 0.325372 0.953148 -0.177132
v 0.100896 0.985147 0.320537
v 0.006250 0.983782 0.325991
v -0.175051 0.987351 0.294064
v -0.311982 0.956301 0.199101
v -0.368604 0.918142 0.018083
v -0.335504 0.870994 -0.174113
v -0.283766 0.824264 -0.249977
v 0.005829 0.857584 -0.344808
v -0.102163 0.858732 -0.333222
v 0.346795 0.996608 0.010485
v 0.335687 0.996783 0.107062
v 0.111785 0.899361 -0.331795
v 0.305489 0.995073 0.191946
v 0.255505 0.991937 0.256860
v 0.186205 0.988236 0.298949
v -0.088760 0.984648 0.317676
v -0.344376 0.958088 0.112851
v -0.356034 0.957987 0.015095
v -0.245668 0.990830 0.251408
v -0.359216 0.916148 -0.082792
v -0.199879 0.862027 -0.301213
v 0.338984 0.994435 -0.086493
v 0.200745 0.942610 -0.297695
v 0.274040 0.948006 -0.248363
v 0.094800 1.020886 0.299526
v -0.081961 1.020412 0.296852
v -0.296914 0.993878 0.187584
v -0.327565 0.912410 -0.173087
v -0.279114 0.866502 -0.248110
v -0.099534 0.898937 -0.328704
v 0.006335 0.897707 -0.340055
v 0.311258 0.990467 -0.173024
v 0.325463 1.031113 0.006906
v 0.286371 1.029888 0.176740
v 0.109159 0.938348 -0.325434
v 0.239346 1.027037 0.238012
v 0.006592 1.019650 0.305039
v 0.174439 1.023678 0.278357
v -0.162535 1.022830 0.273795
v -0.327933 0.995564 0.105164
v -0.339145 0.995364 0.011759
v -0.347077 0.955865 -0.083007
v -0.228692 1.025961 0.232932
v -0.316605 0.951943 -0.170937
v -0.195229 0.902610 -0.297533
v 0.006886 0.936545 -0.333218
v 0.291957 1.025008 -0.165416
v 0.314914 1.031402 0.097227
v 0.318103 1.028906 -0.083984
v 0.192394 0.979866 -0.288970
v 0.262314 0.985273 -0.241572
v 0.006792 1.052970 0.278312
v 0.158929 1.056319 0.252185
v -0.073339 1.053589 0.270392
v -0.276909 1.028706 0.172709
v -0.330634 0.993147 -0.082178
v -0.263562 0.946845 -0.241565
v -0.272650 0.907547 -0.245652
v -0.095823 0.937805 -0.322142
v -0.188607 0.941660 -0.291939
v 0.245952 1.020013 -0.230214
v 0.297842 1.062304 0.003466
v 0.261551 1.061509 0.157734
v 0.105004 0.975613 -0.315503
v 0.086615 1.053998 0.272728
v -0.146483 1.055577 0.248209
v -0.306218 1.030179 0.095554
v -0.316844 1.029861 0.008285
v -0.206898 1.058168 0.209782
v -0.250853 0.984019 -0.234536
v -0.090649 0.975035 -0.312101
v 0.290938 1.060167 -0.079081
v 0.266644 1.056543 -0.153476
v 0.288033 1.062716 0.085350
v 0.007398 0.973806 -0.322838
v 0.098835 1.010931 -0.300405
v 0.218238 1.059128 0.214193
v 0.006836 1.083159 0.245221
v 0.139652 1.085683 0.220219
v -0.062933 1.083609 0.237805
v -0.251260 1.060433 0.154276
v -0.308788 1.027621 -0.079664
v -0.301534 0.989149 -0.166600
v -0.179250 0.978848 -0.283018
v 0.224274 1.052015 -0.213188
v 0.263397 1.089873 0.000372
v 0.254570 1.090395 0.071672
v 0.007788 1.009252 -0.307346
v 0.180463 1.014901 -0.275185
v 0.192033 1.087802 0.185451
v 0.076356 1.083936 0.239668
v -0.180176 1.087007 0.181968
v -0.126902 1.085082 0.217056
v -0.278403 1.061585 0.084016
v -0.288250 1.061142 0.004886
v -0.280688 1.058986 -0.074998
v -0.233607 1.018804 -0.223261
v -0.166488 1.013934 -0.269312
v -0.083686 1.010385 -0.297051
v 0.257015 1.087926 -0.071579
v 0.164460 1.047482 -0.255042
v 0.235001 1.084782 -0.136908
v 0.230707 1.089577 0.135134
v 0.007989 1.042572 -0.285322
v 0.090367 1.044020 -0.278737
v 0.006751 1.109449 0.205548
v -0.050960 1.109726 0.198959
v 0.161072 1.112508 0.152285
v 0.064284 1.109970 0.200272
v -0.219688 1.088666 0.132458
v -0.281300 1.023716 -0.159049
v 0.144364 1.077232 -0.227799
v 0.197139 1.080965 -0.190000
v 0.214559 1.114033 0.056644
v 0.216415 1.111801 -0.061628
v 0.194029 1.113627 0.109533
v -0.074776 1.043553 -0.275636
v 0.116988 1.111123 0.182681
v -0.148862 1.111894 0.149878
v -0.104145 1.110668 0.180465
v -0.244062 1.089421 0.070763
v -0.252882 1.088868 0.001750
v -0.255155 1.055378 -0.147540
v -0.149939 1.046645 -0.249605
v 0.197296 1.109303 -0.116011
v 0.079608 1.074433 -0.249552
v 0.222112 1.113443 -0.002224
v 0.007978 1.073277 -0.255739
v -0.037734 1.131062 0.154137
v 0.006598 1.130937 0.159520
v 0.152170 1.133086 0.081755
v 0.126081 1.132568 0.115513
v 0.091603 1.131851 0.140180
v -0.078796 1.131532 0.138905
v -0.182404 1.112906 0.107753
v -0.245916 1.086916 -0.067991
v -0.211240 1.050950 -0.206737
v 0.066861 1.101490 -0.212560
v 0.164978 1.106364 -0.160870
v 0.168557 1.133136 0.040830
v 0.169776 1.131299 -0.049646
v 0.174529 1.132547 -0.004229
v -0.063980 1.074066 -0.246912
v 0.050824 1.131231 0.154902
v -0.203270 1.113250 0.056189
v -0.210773 1.112633 -0.000979
v -0.222840 1.083807 -0.131789
v -0.113644 1.132128 0.114166
v -0.183667 1.080095 -0.184477
v -0.129636 1.076563 -0.223160
v 0.007772 1.100646 -0.218181
v 0.120629 1.103557 -0.193427
v 0.128679 1.127528 -0.126648
v 0.154326 1.129530 -0.091551
v -0.051566 1.101222 -0.210539
v 0.006456 1.146702 0.107882
v -0.051516 1.146841 0.093147
v 0.117583 1.147167 0.024775
v 0.106132 1.147338 0.052671
v 0.064265 1.147042 0.093648
v -0.140062 1.132559 0.080840
v -0.204598 1.110997 -0.058751
v 0.007433 1.123760 -0.172993
v 0.052634 1.124310 -0.168236
v 0.094064 1.125661 -0.152631
v 0.118221 1.145859 -0.036157
v -0.023583 1.146718 0.104071
v 0.036450 1.146823 0.104381
v 0.087999 1.147257 0.076112
v -0.156614 1.132557 0.040773
v -0.162505 1.131947 -0.003207
v -0.184651 1.108543 -0.112017
v -0.075398 1.146976 0.075626
v -0.151324 1.105703 -0.156609
v -0.037931 1.124128 -0.166901
v 0.065616 1.142653 -0.106717
v 0.107266 1.144810 -0.064521
v 0.121700 1.146673 -0.005605
v -0.106018 1.103060 -0.189868
v -0.008776 1.155929 0.049974
v -0.022916 1.155884 0.044247
v 0.006400 1.155959 0.051938
v 0.063017 1.155636 0.008912
v 0.057127 1.155834 0.023054
v 0.047815 1.155942 0.035110
v 0.035693 1.155981 0.044286
v -0.093650 1.146997 0.052431
v -0.157402 1.130708 -0.047602
v -0.023495 1.141813 -0.117116
v 0.037506 1.141923 -0.117818
v 0.089386 1.143678 -0.088589
v 0.063223 1.154957 -0.021643
v 0.065097 1.155340 -0.006345
v 0.021569 1.155979 0.050008
v -0.105136 1.146788 0.024972
v -0.109165 1.146280 -0.004878
v -0.141383 1.128983 -0.088827
v -0.035053 1.155805 0.035113
v -0.079812 1.125320 -0.150268
v -0.051842 1.142444 -0.105465
v 0.007048 1.141625 -0.121325
v 0.021993 1.153440 -0.063154
v 0.036179 1.153705 -0.057379
v 0.057501 1.154521 -0.035891
v 0.006480 1.158207 -0.006461
v -0.044365 1.155667 0.023152
v -0.105467 1.145476 -0.034947
v -0.115061 1.127063 -0.123793
v -0.008607 1.153389 -0.062923
v 0.006707 1.153329 -0.065038
v 0.048287 1.154084 -0.048084
v -0.050227 1.155450 0.009144
v -0.052245 1.155147 -0.005968
v -0.094193 1.144461 -0.063008
v -0.075948 1.143387 -0.087051
v -0.022870 1.153606 -0.056959
v -0.050275 1.154769 -0.021145
v -0.035090 1.153945 -0.047551
v -0.044432 1.154352 -0.035334
v 0.320363 0.654581 0.240892
v 0.320896 0.662655 0.245575
v 0.325078 0.652074 0.244679
v 0.325580 0.660164 0.249336
v 0.318823 0.646638 0.237603
v 0.325503 0.665228 0.252730
v 0.323519 0.644161 0.241386
v 0.320635 0.667034 0.248800
v 0.316300 0.638950 0.235701
v 0.320996 0.636473 0.239485
v 0.325380 0.669631 0.254110
v 0.313055 0.632104 0.235248
v 0.320414 0.670730 0.250082
v 0.317481 0.628735 0.238794
v 0.318923 0.678682 0.254090
v 0.323910 0.677577 0.258135
v 0.312834 0.631638 0.234918
v 0.316798 0.627526 0.238073
v 0.308479 0.624818 0.231501
v 0.312437 0.620712 0.234651
v 0.203777 0.628314 0.329595
v 0.200446 0.631171 0.324738
v 0.200695 0.630776 0.324405
v 0.202790 0.628731 0.330378
v 0.264028 0.726926 0.319187
v 0.260742 0.727109 0.313549
v 0.259733 0.726938 0.321693
v 0.268763 0.726074 0.308840
v 0.272046 0.725892 0.314474
v 0.276589 0.724041 0.304212
v 0.279871 0.723859 0.309842
v 0.284100 0.721044 0.299738
v 0.287378 0.720862 0.305362
v 0.291174 0.717128 0.295487
v 0.294450 0.716946 0.301107
v 0.296155 0.716438 0.300095
v 0.291862 0.716625 0.295070
v 0.316448 0.686383 0.259245
v 0.321455 0.685274 0.263305
v 0.308543 0.616044 0.233456
v 0.304582 0.620133 0.230290
v 0.199968 0.631930 0.325166
v 0.256446 0.727120 0.316053
v 0.255937 0.726948 0.323895
v 0.297702 0.712355 0.287735
v 0.320615 0.687084 0.264844
v 0.303305 0.618598 0.229917
v 0.297392 0.613075 0.230217
v 0.301360 0.609000 0.233400
v 0.290834 0.608336 0.232325
v 0.294803 0.604260 0.235509
v 0.283735 0.604457 0.236208
v 0.287704 0.600381 0.239392
v 0.279924 0.596762 0.244452
v 0.276207 0.601498 0.241723
v 0.307271 0.614525 0.233099
v 0.201497 0.629576 0.331050
v 0.196547 0.639260 0.328988
v 0.198076 0.636906 0.334870
v 0.194072 0.646961 0.332712
v 0.195601 0.644607 0.338594
v 0.192582 0.654912 0.336281
v 0.194110 0.652558 0.342164
v 0.192099 0.662988 0.339639
v 0.193628 0.660633 0.345523
v 0.193803 0.663030 0.346438
v 0.192215 0.664739 0.340309
v 0.194208 0.669533 0.347407
v 0.192600 0.670570 0.341166
v 0.194236 0.670012 0.347480
v 0.192632 0.671061 0.341241
v 0.194172 0.679004 0.342181
v 0.195774 0.677956 0.348413
v 0.196696 0.686692 0.342825
v 0.198296 0.685645 0.349053
v 0.200162 0.694004 0.343164
v 0.201761 0.692957 0.349388
v 0.204516 0.700824 0.343192
v 0.206115 0.699778 0.349414
v 0.207713 0.702115 0.349396
v 0.206101 0.702729 0.343105
v 0.208885 0.703960 0.349159
v 0.207272 0.704137 0.342845
v 0.308627 0.706621 0.284420
v 0.309951 0.704543 0.282708
v 0.304907 0.705188 0.278602
v 0.313706 0.699452 0.276689
v 0.308716 0.700554 0.272643
v 0.244628 0.726136 0.322909
v 0.247908 0.725955 0.328536
v 0.252655 0.727129 0.318263
v 0.302749 0.712175 0.291858
v 0.315603 0.688193 0.260780
v 0.279115 0.596136 0.244024
v 0.209691 0.707045 0.342309
v 0.211304 0.706868 0.348623
v 0.318018 0.692610 0.269507
v 0.303580 0.706802 0.280297
v 0.313028 0.693712 0.265461
v 0.236789 0.724144 0.327413
v 0.240067 0.723963 0.333039
v 0.210764 0.708047 0.342063
v 0.213265 0.707865 0.348161
v 0.229260 0.721186 0.331706
v 0.232539 0.721005 0.337332
v 0.215604 0.712568 0.339388
v 0.218887 0.712386 0.345022
v 0.222161 0.717306 0.335718
v 0.225442 0.717125 0.341348
v 0.325580 0.660164 0.249336
v 0.291072 0.664125 0.294803
v 0.325078 0.652074 0.244679
v 0.281409 0.627974 0.283176
v 0.325503 0.665228 0.252730
v 0.323519 0.644161 0.241386
v 0.320996 0.636473 0.239485
v 0.317481 0.628735 0.238794
v 0.203777 0.628314 0.329595
v 0.296139 0.703888 0.299689
v 0.263654 0.596544 0.264426
v 0.203695 0.627282 0.329150
v 0.209755 0.663183 0.342372
v 0.325380 0.669631 0.254110
v 0.213310 0.702200 0.347963
v 0.312437 0.620712 0.234651
v 0.316798 0.627526 0.238073
v 0.202790 0.628731 0.330378
v 0.323910 0.677577 0.258135
v 0.264028 0.726926 0.319187
v 0.259733 0.726938 0.321693
v 0.272046 0.725892 0.314474
v 0.279871 0.723859 0.309842
v 0.287378 0.720862 0.305362
v 0.294450 0.716946 0.301107
v 0.296155 0.716438 0.300095
v 0.308543 0.616044 0.233456
v 0.203628 0.626255 0.328229
v 0.193803 0.663030 0.346438
v 0.207713 0.702115 0.349396
v 0.321455 0.685274 0.263305
v 0.309951 0.704543 0.282708
v 0.255937 0.726948 0.323895
v 0.279924 0.596762 0.244452
v 0.287704 0.600381 0.239392
v 0.294803 0.604260 0.235509
v 0.301360 0.609000 0.233400
v 0.307271 0.614525 0.233099
v 0.206943 0.621062 0.321439
v 0.212079 0.614814 0.312575
v 0.217957 0.609261 0.303898
v 0.224485 0.604488 0.295542
v 0.231560 0.600572 0.287642
v 0.239070 0.597575 0.280321
v 0.240246 0.596464 0.278585
v 0.193628 0.660633 0.345523
v 0.194110 0.652558 0.342164
v 0.195601 0.644607 0.338594
v 0.198076 0.636906 0.334870
v 0.201497 0.629576 0.331050
v 0.194208 0.669533 0.347407
v 0.206115 0.699778 0.349414
v 0.201761 0.692957 0.349388
v 0.198296 0.685645 0.349053
v 0.195774 0.677956 0.348413
v 0.194236 0.670012 0.347480
v 0.208885 0.703960 0.349159
v 0.320615 0.687084 0.264844
v 0.308627 0.706621 0.284420
v 0.313706 0.699452 0.276689
v 0.247908 0.725955 0.328536
v 0.279115 0.596136 0.244024
v 0.253060 0.593366 0.265701
v 0.211304 0.706868 0.348623
v 0.318018 0.692610 0.269507
v 0.302749 0.712175 0.291858
v 0.240067 0.723963 0.333039
v 0.260339 0.593120 0.260718
v 0.263249 0.593151 0.257126
v 0.271278 0.594140 0.249295
v 0.246215 0.594273 0.271363
v 0.254236 0.593191 0.264669
v 0.213265 0.707865 0.348161
v 0.232539 0.721005 0.337332
v 0.218887 0.712386 0.345022
v 0.225442 0.717125 0.341348
v 0.203695 0.627282 0.329150
v 0.203777 0.628314 0.329595
v 0.200695 0.630776 0.324405
v 0.203628 0.626255 0.328229
v 0.200989 0.630310 0.323858
v 0.228896 0.604599 0.283261
v 0.236406 0.601601 0.275940
v 0.231560 0.600572 0.287642
v 0.239070 0.597575 0.280321
v 0.221821 0.608515 0.291161
v 0.224485 0.604488 0.295542
v 0.215293 0.613287 0.299516
v 0.217957 0.609261 0.303898
v 0.209415 0.618841 0.308194
v 0.212079 0.614814 0.312575
v 0.204280 0.625088 0.317058
v 0.206943 0.621062 0.321439
v 0.240246 0.596464 0.278585
v 0.237876 0.601219 0.274695
v 0.276207 0.601498 0.241723
v 0.279115 0.596136 0.244024
v 0.268367 0.599506 0.246992
v 0.271278 0.594140 0.249295
v 0.260341 0.598513 0.254825
v 0.263249 0.593151 0.257126
v 0.260339 0.593120 0.260718
v 0.257872 0.598519 0.257960
v 0.253060 0.593366 0.265701
v 0.246215 0.594273 0.271363
v 0.244233 0.599569 0.268118
v 0.254236 0.593191 0.264669
v 0.251077 0.598686 0.262495
v 0.252253 0.598534 0.261503
v -0.310043 0.662655 0.245575
v -0.314225 0.652074 0.244679
v -0.314727 0.660164 0.249336
v -0.309510 0.654581 0.240892
v -0.307970 0.646638 0.237603
v -0.314650 0.665228 0.252730
v -0.312666 0.644161 0.241386
v -0.309782 0.667034 0.248800
v -0.305447 0.638950 0.235701
v -0.310143 0.636473 0.239485
v -0.314527 0.669631 0.254110
v -0.302201 0.632104 0.235248
v -0.309561 0.670730 0.250082
v -0.306628 0.628735 0.238794
v -0.313057 0.677577 0.258135
v -0.308070 0.678682 0.254090
v -0.301981 0.631638 0.234918
v -0.305945 0.627526 0.238073
v -0.297626 0.624818 0.231501
v -0.301584 0.620712 0.234651
v -0.189842 0.630776 0.324405
v -0.189593 0.631171 0.324738
v -0.192924 0.628314 0.329595
v -0.191937 0.628731 0.330378
v -0.248880 0.726938 0.321693
v -0.249889 0.727109 0.313549
v -0.253175 0.726926 0.319187
v -0.257909 0.726074 0.308840
v -0.261193 0.725892 0.314474
v -0.265736 0.724041 0.304212
v -0.269018 0.723859 0.309842
v -0.273246 0.721044 0.299738
v -0.276525 0.720862 0.305362
v -0.280321 0.717128 0.295487
v -0.283596 0.716946 0.301107
v -0.281009 0.716625 0.295070
v -0.285302 0.716438 0.300095
v -0.305595 0.686383 0.259245
v -0.310602 0.685274 0.263305
v -0.293729 0.620133 0.230290
v -0.297690 0.616044 0.233456
v -0.189115 0.631930 0.325166
v -0.245084 0.726948 0.323895
v -0.245593 0.727120 0.316053
v -0.286849 0.712355 0.287735
v -0.309762 0.687084 0.264844
v -0.292452 0.618598 0.229917
v -0.290507 0.609000 0.233400
v -0.279981 0.608336 0.232325
v -0.283950 0.604260 0.235509
v -0.286539 0.613075 0.230217
v -0.272882 0.604457 0.236208
v -0.276851 0.600381 0.239392
v -0.265354 0.601498 0.241723
v -0.269071 0.596762 0.244452
v -0.296418 0.614525 0.233099
v -0.190644 0.629576 0.331050
v -0.185694 0.639260 0.328988
v -0.187223 0.636906 0.334870
v -0.183219 0.646961 0.332712
v -0.184748 0.644607 0.338594
v -0.181729 0.654912 0.336281
v -0.183257 0.652558 0.342164
v -0.181246 0.662988 0.339639
v -0.182775 0.660633 0.345523
v -0.181362 0.664739 0.340309
v -0.182950 0.663030 0.346438
v -0.181747 0.670570 0.341166
v -0.183355 0.669533 0.347407
v -0.181779 0.671061 0.341241
v -0.183382 0.670012 0.347480
v -0.183319 0.679004 0.342181
v -0.184921 0.677956 0.348413
v -0.185842 0.686692 0.342825
v -0.187443 0.685645 0.349053
v -0.189309 0.694004 0.343164
v -0.190908 0.692957 0.349388
v -0.193663 0.700824 0.343192
v -0.195262 0.699778 0.349414
v -0.195248 0.702729 0.343105
v -0.196860 0.702115 0.349396
v -0.196419 0.704137 0.342845
v -0.198032 0.703960 0.349159
v -0.294054 0.705188 0.278602
v -0.299098 0.704543 0.282708
v -0.297774 0.706621 0.284420
v -0.297863 0.700554 0.272643
v -0.302853 0.699452 0.276689
v -0.237055 0.725955 0.328536
v -0.241802 0.727129 0.318263
v -0.233775 0.726136 0.322909
v -0.291896 0.712175 0.291858
v -0.304750 0.688193 0.260780
v -0.268262 0.596136 0.244024
v -0.200451 0.706868 0.348623
v -0.198838 0.707045 0.342309
v -0.307165 0.692610 0.269507
v -0.292727 0.706802 0.280297
v -0.302175 0.693712 0.265461
v -0.229214 0.723963 0.333039
v -0.225936 0.724144 0.327413
v -0.199911 0.708047 0.342063
v -0.202412 0.707865 0.348161
v -0.221686 0.721005 0.337332
v -0.218407 0.721186 0.331706
v -0.204751 0.712568 0.339388
v -0.208034 0.712386 0.345022
v -0.214589 0.717125 0.341348
v -0.211308 0.717306 0.335718
v -0.314225 0.652074 0.244679
v -0.280219 0.664125 0.294803
v -0.314727 0.660164 0.249336
v -0.270555 0.627974 0.283176
v -0.314650 0.665228 0.252730
v -0.310143 0.636473 0.239485
v -0.312666 0.644161 0.241386
v -0.306628 0.628735 0.238794
v -0.192924 0.628314 0.329595
v -0.285286 0.703888 0.299689
v -0.252801 0.596544 0.264426
v -0.192841 0.627282 0.329150
v -0.198902 0.663183 0.342372
v -0.314527 0.669631 0.254110
v -0.202457 0.702200 0.347963
v -0.305945 0.627526 0.238073
v -0.301584 0.620712 0.234651
v -0.191937 0.628731 0.330378
v -0.313057 0.677577 0.258135
v -0.248880 0.726938 0.321693
v -0.285302 0.716438 0.300095
v -0.283596 0.716946 0.301107
v -0.276525 0.720862 0.305362
v -0.269018 0.723859 0.309842
v -0.261193 0.725892 0.314474
v -0.253175 0.726926 0.319187
v -0.297690 0.616044 0.233456
v -0.192775 0.626255 0.328229
v -0.182950 0.663030 0.346438
v -0.196860 0.702115 0.349396
v -0.310602 0.685274 0.263305
v -0.299098 0.704543 0.282708
v -0.245084 0.726948 0.323895
v -0.296418 0.614525 0.233099
v -0.290507 0.609000 0.233400
v -0.283950 0.604260 0.235509
v -0.276851 0.600381 0.239392
v -0.269071 0.596762 0.244452
v -0.228217 0.597575 0.280321
v -0.229393 0.596464 0.278585
v -0.220707 0.600572 0.287642
v -0.213632 0.604488 0.295542
v -0.207104 0.609261 0.303898
v -0.201226 0.614814 0.312575
v -0.196090 0.621062 0.321439
v -0.190644 0.629576 0.331050
v -0.187223 0.636906 0.334870
v -0.184748 0.644607 0.338594
v -0.183257 0.652558 0.342164
v -0.182775 0.660633 0.345523
v -0.183355 0.669533 0.347407
v -0.183382 0.670012 0.347480
v -0.184921 0.677956 0.348413
v -0.187443 0.685645 0.349053
v -0.190908 0.692957 0.349388
v -0.195262 0.699778 0.349414
v -0.198032 0.703960 0.349159
v -0.309762 0.687084 0.264844
v -0.297774 0.706621 0.284420
v -0.302853 0.699452 0.276689
v -0.237055 0.725955 0.328536
v -0.268262 0.596136 0.244024
v -0.242207 0.593366 0.265701
v -0.200451 0.706868 0.348623
v -0.307165 0.692610 0.269507
v -0.291896 0.712175 0.291858
v -0.229214 0.723963 0.333039
v -0.260425 0.594140 0.249295
v -0.252396 0.593151 0.257126
v -0.249486 0.593120 0.260718
v -0.235362 0.594273 0.271363
v -0.243383 0.593191 0.264669
v -0.202412 0.707865 0.348161
v -0.221686 0.721005 0.337332
v -0.208034 0.712386 0.345022
v -0.214589 0.717125 0.341348
v -0.189842 0.630776 0.324405
v -0.192924 0.628314 0.329595
v -0.192841 0.627282 0.329150
v -0.192775 0.626255 0.328229
v -0.190136 0.630310 0.323858
v -0.225553 0.601601 0.275940
v -0.220707 0.600572 0.287642
v -0.228217 0.597575 0.280321
v -0.218043 0.604599 0.283261
v -0.213632 0.604488 0.295542
v -0.210968 0.608515 0.291161
v -0.204440 0.613287 0.299516
v -0.207104 0.609261 0.303898
v -0.198562 0.618841 0.308194
v -0.201226 0.614814 0.312575
v -0.193427 0.625088 0.317058
v -0.196090 0.621062 0.321439
v -0.229393 0.596464 0.278585
v -0.227023 0.601219 0.274695
v -0.268262 0.596136 0.244024
v -0.257514 0.599506 0.246992
v -0.260425 0.594140 0.249295
v -0.265354 0.601498 0.241723
v -0.249487 0.598513 0.254825
v -0.252396 0.593151 0.257126
v -0.247019 0.598519 0.257960
v -0.249486 0.593120 0.260718
v -0.233380 0.599569 0.268118
v -0.235362 0.594273 0.271363
v -0.242207 0.593366 0.265701
v -0.240224 0.598686 0.262495
v -0.243383 0.593191 0.264669
v -0.241400 0.598534 0.261503
v -0.028513 0.752429 0.380051
v -0.022283 0.759551 0.380051
v -0.029276 0.758699 0.380051
v -0.028176 0.750634 0.380051
v -0.027735 0.749777 0.380051
v -0.026414 0.747923 0.380051
v -0.024112 0.745239 0.380051
v -0.022635 0.744069 0.380051
v -0.021211 0.743485 0.380051
v -0.021541 0.753530 0.380051
v -0.021419 0.753091 0.380051
v -0.021234 0.752794 0.380051
v -0.020131 0.751419 0.380051
v -0.019350 0.742957 0.380051
v -0.019126 0.750276 0.380051
v -0.015503 0.742494 0.380051
v -0.019059 0.750228 0.380051
v -0.018968 0.750180 0.380051
v -0.018541 0.750051 0.380051
v -0.017263 0.749808 0.380051
v -0.014958 0.749584 0.380051
v -0.011814 0.742546 0.380051
v -0.012709 0.749588 0.380051
v -0.011473 0.749685 0.380051
v -0.009946 0.742771 0.380051
v -0.010811 0.749803 0.380051
v -0.010115 0.750025 0.380051
v -0.009317 0.750360 0.380051
v -0.008528 0.743100 0.380051
v -0.008868 0.750607 0.380051
v -0.008701 0.750719 0.380051
v -0.008432 0.751054 0.380051
v -0.006574 0.743824 0.380051
v -0.006362 0.754019 0.380051
v -0.004921 0.744732 0.380051
v -0.004368 0.757228 0.380051
v -0.004067 0.745353 0.380051
v -0.003407 0.758598 0.380051
v -0.003140 0.746344 0.380051
v -0.002026 0.759997 0.380051
v -0.000903 0.749436 0.380051
v -0.000149 0.761181 0.380051
v 0.001199 0.752822 0.380051
v 0.001834 0.761866 0.380051
v 0.001886 0.753956 0.380051
v 0.003577 0.762105 0.380051
v 0.002325 0.754476 0.380051
v 0.002898 0.754852 0.380051
v 0.003547 0.755048 0.380051
v 0.004239 0.755091 0.380051
v 0.005213 0.762089 0.380051
v 0.004931 0.755048 0.380051
v 0.005581 0.754852 0.380051
v 0.007012 0.761773 0.380051
v 0.006153 0.754476 0.380051
v 0.006592 0.753956 0.380051
v 0.007882 0.751823 0.380051
v 0.009000 0.760991 0.380051
v 0.010165 0.748291 0.380051
v 0.010811 0.759741 0.380051
v 0.011618 0.746344 0.380051
v 0.012134 0.758266 0.380051
v 0.012546 0.745353 0.380051
v 0.014149 0.755117 0.380051
v 0.013909 0.744417 0.380051
v 0.015678 0.743556 0.380051
v 0.016354 0.751779 0.380051
v 0.017006 0.743100 0.380051
v 0.017021 0.750892 0.380051
v 0.018424 0.742771 0.380051
v 0.017198 0.750709 0.380051
v 0.017483 0.750523 0.380051
v 0.018127 0.750201 0.380051
v 0.018708 0.749965 0.380051
v 0.021438 0.742471 0.380051
v 0.019213 0.749820 0.380051
v 0.021018 0.749599 0.380051
v 0.024414 0.749634 0.380051
v 0.025362 0.742598 0.380051
v 0.025975 0.749812 0.380051
v 0.027828 0.742957 0.380051
v 0.026986 0.750041 0.380051
v 0.027446 0.750180 0.380051
v 0.027537 0.750228 0.380051
v 0.027604 0.750276 0.380051
v 0.028610 0.751419 0.380051
v 0.029689 0.743485 0.380051
v 0.029712 0.752794 0.380051
v 0.031113 0.744069 0.380051
v 0.029897 0.753091 0.380051
v 0.030020 0.753530 0.380051
v 0.030761 0.759551 0.380051
v 0.037755 0.758699 0.380051
v 0.032591 0.745239 0.380051
v 0.034893 0.747923 0.380051
v 0.036214 0.749777 0.380051
v 0.036654 0.750634 0.380051
v 0.036991 0.752429 0.380051
v -0.029276 0.758699 0.380051
v -0.022283 0.759551 0.370657
v -0.029276 0.758699 0.370657
v -0.022283 0.759551 0.380051
v -0.029276 0.758699 0.370657
v -0.029276 0.758699 0.380051
v -0.028513 0.752429 0.370658
v -0.028513 0.752429 0.380051
v -0.028176 0.750634 0.370658
v -0.028176 0.750634 0.380051
v -0.027735 0.749777 0.370658
v -0.027735 0.749777 0.380051
v -0.026414 0.747923 0.370658
v -0.026414 0.747923 0.380051
v -0.024112 0.745239 0.370658
v -0.024112 0.745239 0.380051
v -0.022635 0.744069 0.380051
v -0.022635 0.744069 0.370658
v -0.021211 0.743485 0.380051
v -0.021211 0.743485 0.370658
v -0.019350 0.742957 0.380051
v -0.019350 0.742957 0.370658
v -0.015503 0.742494 0.380051
v -0.015503 0.742494 0.370658
v -0.011814 0.742546 0.380051
v -0.011814 0.742546 0.370658
v -0.009946 0.742771 0.380051
v -0.009946 0.742771 0.370658
v -0.008528 0.743100 0.380051
v -0.008528 0.743100 0.370658
v -0.006574 0.743824 0.380051
v -0.006574 0.743824 0.370658
v -0.004921 0.744732 0.380051
v -0.004921 0.744732 0.370658
v -0.004067 0.745353 0.380051
v -0.004067 0.745353 0.370658
v -0.003140 0.746344 0.380051
v -0.003140 0.746344 0.370658
v -0.000903 0.749436 0.380051
v -0.000903 0.749436 0.370658
v 0.001199 0.752822 0.380051
v 0.001199 0.752822 0.370658
v 0.001886 0.753956 0.380051
v 0.001886 0.753956 0.370658
v 0.002325 0.754476 0.380051
v 0.002325 0.754476 0.370658
v 0.002898 0.754852 0.380051
v 0.002898 0.754852 0.370658
v 0.003547 0.755048 0.380051
v 0.003547 0.755048 0.370658
v 0.004239 0.755091 0.380051
v 0.004239 0.755091 0.370658
v 0.004931 0.755048 0.380051
v 0.004931 0.755048 0.370658
v 0.005581 0.754852 0.380051
v 0.005581 0.754852 0.370658
v 0.006153 0.754476 0.380051
v 0.006153 0.754476 0.370658
v 0.006592 0.753956 0.370658
v 0.006592 0.753956 0.380051
v 0.007882 0.751823 0.370658
v 0.007882 0.751823 0.380051
v 0.010165 0.748291 0.370658
v 0.010165 0.748291 0.380051
v 0.011618 0.746344 0.370658
v 0.011618 0.746344 0.380051
v 0.012546 0.745353 0.370658
v 0.012546 0.745353 0.380051
v 0.013909 0.744417 0.380051
v 0.013909 0.744417 0.370658
v 0.015678 0.743556 0.380051
v 0.015678 0.743556 0.370658
v 0.017006 0.743100 0.380051
v 0.017006 0.743100 0.370658
v 0.018424 0.742771 0.380051
v 0.018424 0.742771 0.370658
v 0.021438 0.742471 0.380051
v 0.021438 0.742471 0.370658
v 0.025362 0.742598 0.380051
v 0.025362 0.742598 0.370658
v 0.027828 0.742957 0.380051
v 0.027828 0.742957 0.370658
v 0.029689 0.743485 0.380051
v 0.029689 0.743485 0.370658
v 0.031113 0.744069 0.380051
v 0.031113 0.744069 0.370658
v 0.032591 0.745239 0.380051
v 0.032591 0.745239 0.370658
v 0.034893 0.747923 0.380051
v 0.034893 0.747923 0.370658
v 0.036214 0.749777 0.380051
v 0.036214 0.749777 0.370658
v 0.036654 0.750634 0.380051
v 0.036654 0.750634 0.370658
v 0.036991 0.752429 0.380051
v 0.036991 0.752429 0.370658
v 0.037755 0.758699 0.380051
v 0.037755 0.758699 0.370657
v 0.030761 0.759551 0.380051
v 0.037755 0.758699 0.370657
v 0.030761 0.759551 0.370657
v 0.037755 0.758699 0.380051
v 0.030761 0.759551 0.380051
v 0.030020 0.753530 0.370658
v 0.030020 0.753530 0.380051
v 0.030761 0.759551 0.370657
v 0.029897 0.753091 0.370658
v 0.029897 0.753091 0.380051
v 0.029712 0.752794 0.370658
v 0.029712 0.752794 0.380051
v 0.028610 0.751419 0.370658
v 0.028610 0.751419 0.380051
v 0.027604 0.750276 0.370658
v 0.027604 0.750276 0.380051
v 0.027537 0.750228 0.380051
v 0.027537 0.750228 0.370658
v 0.027446 0.750180 0.380051
v 0.027446 0.750180 0.370658
v 0.026986 0.750041 0.380051
v 0.026986 0.750041 0.370658
v 0.025975 0.749812 0.380051
v 0.025975 0.749812 0.370658
v 0.024414 0.749634 0.380051
v 0.024414 0.749634 0.370658
v 0.021018 0.749599 0.370658
v 0.021018 0.749599 0.380051
v 0.019213 0.749820 0.380051
v 0.019213 0.749820 0.370658
v 0.018708 0.749965 0.380051
v 0.018708 0.749965 0.370658
v 0.018127 0.750201 0.380051
v 0.018127 0.750201 0.370658
v 0.017483 0.750523 0.380051
v 0.017483 0.750523 0.370658
v 0.017198 0.750709 0.380051
v 0.017198 0.750709 0.370658
v 0.017021 0.750892 0.370658
v 0.017021 0.750892 0.380051
v 0.016354 0.751779 0.370658
v 0.016354 0.751779 0.380051
v 0.014149 0.755117 0.370658
v 0.014149 0.755117 0.380051
v 0.012134 0.758266 0.370657
v 0.012134 0.758266 0.380051
v 0.010811 0.759741 0.370657
v 0.010811 0.759741 0.380051
v 0.009000 0.760991 0.380051
v 0.009000 0.760991 0.370657
v 0.007012 0.761773 0.370657
v 0.007012 0.761773 0.380051
v 0.005213 0.762089 0.380051
v 0.005213 0.762089 0.370657
v 0.003577 0.762105 0.380051
v 0.003577 0.762105 0.370657
v 0.001834 0.761866 0.380051
v 0.001834 0.761866 0.370657
v -0.000149 0.761181 0.380051
v -0.000149 0.761181 0.370657
v -0.002026 0.759997 0.380051
v -0.002026 0.759997 0.370657
v -0.003407 0.758598 0.370657
v -0.003407 0.758598 0.380051
v -0.004368 0.757228 0.370657
v -0.004368 0.757228 0.380051
v -0.006362 0.754019 0.370658
v -0.006362 0.754019 0.380051
v -0.008432 0.751054 0.370658
v -0.008432 0.751054 0.380051
v -0.008701 0.750719 0.370658
v -0.008701 0.750719 0.380051
v -0.008868 0.750607 0.380051
v -0.008868 0.750607 0.370658
v -0.009317 0.750360 0.380051
v -0.009317 0.750360 0.370658
v -0.010115 0.750025 0.380051
v -0.010115 0.750025 0.370658
v -0.010811 0.749803 0.380051
v -0.010811 0.749803 0.370658
v -0.011473 0.749685 0.380051
v -0.011473 0.749685 0.370658
v -0.012709 0.749588 0.380051
v -0.012709 0.749588 0.370658
v -0.014958 0.749584 0.380051
v -0.014958 0.749584 0.370658
v -0.017263 0.749808 0.370658
v -0.017263 0.749808 0.380051
v -0.018541 0.750051 0.380051
v -0.018541 0.750051 0.370658
v -0.018968 0.750180 0.380051
v -0.018968 0.750180 0.370658
v -0.019059 0.750228 0.380051
v -0.019059 0.750228 0.370658
v -0.019126 0.750276 0.380051
v -0.019126 0.750276 0.370658
v -0.020131 0.751419 0.370658
v -0.020131 0.751419 0.380051
v -0.021234 0.752794 0.370658
v -0.021234 0.752794 0.380051
v -0.021419 0.753091 0.370658
v -0.021419 0.753091 0.380051
v -0.021541 0.753530 0.370658
v -0.021541 0.753530 0.380051
v -0.022283 0.759551 0.370657
v -0.022283 0.759551 0.380051
v 0.036991 0.752429 0.370658
v 0.037755 0.758699 0.370657
v 0.036654 0.750634 0.370658
v 0.036214 0.749777 0.370658
v 0.034893 0.747923 0.370658
v 0.032591 0.745239 0.370658
v 0.031113 0.744069 0.370658
v 0.030761 0.759551 0.370657
v 0.030020 0.753530 0.370658
v 0.029897 0.753091 0.370658
v 0.029712 0.752794 0.370658
v 0.029689 0.743485 0.370658
v 0.028610 0.751419 0.370658
v 0.027828 0.742957 0.370658
v 0.027604 0.750276 0.370658
v 0.027537 0.750228 0.370658
v 0.027446 0.750180 0.370658
v 0.026986 0.750041 0.370658
v 0.025975 0.749812 0.370658
v 0.025362 0.742598 0.370658
v 0.024414 0.749634 0.370658
v 0.021438 0.742471 0.370658
v 0.021018 0.749599 0.370658
v 0.019213 0.749820 0.370658
v 0.018708 0.749965 0.370658
v 0.018424 0.742771 0.370658
v 0.018127 0.750201 0.370658
v 0.017483 0.750523 0.370658
v 0.017198 0.750709 0.370658
v 0.017021 0.750892 0.370658
v 0.017006 0.743100 0.370658
v 0.016354 0.751779 0.370658
v 0.015678 0.743556 0.370658
v 0.014149 0.755117 0.370658
v 0.013909 0.744417 0.370658
v 0.012546 0.745353 0.370658
v 0.012134 0.758266 0.370657
v 0.011618 0.746344 0.370658
v 0.010811 0.759741 0.370657
v 0.010165 0.748291 0.370658
v 0.009000 0.760991 0.370657
v 0.007882 0.751823 0.370658
v 0.007012 0.761773 0.370657
v 0.006592 0.753956 0.370658
v 0.006153 0.754476 0.370658
v 0.005581 0.754852 0.370658
v 0.005213 0.762089 0.370657
v 0.004931 0.755048 0.370658
v 0.004239 0.755091 0.370658
v 0.003577 0.762105 0.370657
v 0.003547 0.755048 0.370658
v 0.002898 0.754852 0.370658
v 0.002325 0.754476 0.370658
v 0.001886 0.753956 0.370658
v 0.001834 0.761866 0.370657
v 0.001199 0.752822 0.370658
v -0.000149 0.761181 0.370657
v -0.000903 0.749436 0.370658
v -0.002026 0.759997 0.370657
v -0.003140 0.746344 0.370658
v -0.003407 0.758598 0.370657
v -0.004067 0.745353 0.370658
v -0.004368 0.757228 0.370657
v -0.004921 0.744732 0.370658
v -0.006362 0.754019 0.370658
v -0.006574 0.743824 0.370658
v -0.008432 0.751054 0.370658
v -0.008528 0.743100 0.370658
v -0.008701 0.750719 0.370658
v -0.008868 0.750607 0.370658
v -0.009317 0.750360 0.370658
v -0.009946 0.742771 0.370658
v -0.010115 0.750025 0.370658
v -0.010811 0.749803 0.370658
v -0.011473 0.749685 0.370658
v -0.011814 0.742546 0.370658
v -0.012709 0.749588 0.370658
v -0.014958 0.749584 0.370658
v -0.015503 0.742494 0.370658
v -0.017263 0.749808 0.370658
v -0.018541 0.750051 0.370658
v -0.018968 0.750180 0.370658
v -0.019059 0.750228 0.370658
v -0.019126 0.750276 0.370658
v -0.019350 0.742957 0.370658
v -0.020131 0.751419 0.370658
v -0.021211 0.743485 0.370658
v -0.021234 0.752794 0.370658
v -0.021419 0.753091 0.370658
v -0.021541 0.753530 0.370658
v -0.022283 0.759551 0.370657
v -0.022635 0.744069 0.370658
v -0.024112 0.745239 0.370658
v -0.026414 0.747923 0.370658
v -0.027735 0.749777 0.370658
v -0.028176 0.750634 0.370658
v -0.028513 0.752429 0.370658
v -0.029276 0.758699 0.370657
v -0.287085 1.018123 0.010304
v -0.274061 1.015979 0.008849
v -0.274377 1.014401 0.010304
v -0.286500 1.019622 0.008849
v -0.274587 1.013349 0.011759
v -0.287475 1.017123 0.011759
v -0.298954 1.023994 0.010304
v -0.298117 1.025369 0.008849
v -0.273640 1.018083 0.007394
v -0.285720 1.021621 0.007394
v -0.261178 1.014552 0.008849
v -0.261216 1.012943 0.010304
v -0.274693 1.012823 0.013214
v -0.287670 1.016624 0.013214
v -0.299511 1.023078 0.011759
v -0.261240 1.011870 0.011759
v -0.309622 1.031838 0.010304
v -0.308560 1.033046 0.008849
v -0.297002 1.027202 0.007394
v -0.273113 1.020713 0.005939
v -0.284744 1.024119 0.005939
v -0.261129 1.016697 0.007394
v -0.248001 1.013792 0.010304
v -0.248244 1.015383 0.008849
v -0.287670 1.016624 0.014668
v -0.274693 1.012823 0.014668
v -0.299790 1.022620 0.013214
v -0.261253 1.011334 0.013214
v -0.310331 1.031032 0.011759
v -0.247839 1.012732 0.011759
v -0.318767 1.041415 0.010304
v -0.317511 1.042420 0.008849
v -0.307143 1.034658 0.007394
v -0.295607 1.029493 0.005939
v -0.272481 1.023869 0.004484
v -0.283574 1.027117 0.004484
v -0.261067 1.019378 0.005939
v -0.248568 1.017504 0.007394
v -0.235135 1.016923 0.010304
v -0.235650 1.018448 0.008849
v -0.287475 1.017123 0.016123
v -0.274587 1.013349 0.016123
v -0.299790 1.022620 0.014668
v -0.261253 1.011334 0.014668
v -0.310685 1.030629 0.013214
v -0.247758 1.012202 0.013214
v -0.319605 1.040744 0.011759
v -0.234791 1.015907 0.011759
v -0.326110 1.052434 0.010304
v -0.324698 1.053206 0.008849
v -0.315836 1.043761 0.007394
v -0.305372 1.036672 0.005939
v -0.293934 1.032242 0.004484
v -0.271744 1.027550 0.003030
v -0.282209 1.030615 0.003030
v -0.260993 1.022596 0.004484
v -0.248972 1.020155 0.005939
v -0.236337 1.020480 0.007394
v -0.223008 1.022241 0.010304
v -0.223780 1.023653 0.008849
v -0.287085 1.018123 0.017578
v -0.274377 1.014401 0.017578
v -0.299511 1.023078 0.016123
v -0.261240 1.011870 0.016123
v -0.310685 1.030629 0.014668
v -0.247758 1.012202 0.014668
v -0.320023 1.040409 0.013214
v -0.234620 1.015399 0.013214
v -0.327051 1.051919 0.011759
v -0.222493 1.021300 0.011759
v -0.331427 1.064561 0.010304
v -0.329903 1.065076 0.008849
v -0.322816 1.054236 0.007394
v -0.313742 1.045437 0.005939
v -0.303247 1.039089 0.004484
v -0.291982 1.035450 0.003030
v -0.260906 1.026350 0.003030
v -0.249458 1.023337 0.004484
v -0.237196 1.023021 0.005939
v -0.224810 1.025535 0.007394
v -0.211989 1.029584 0.010304
v -0.212994 1.030840 0.008849
v -0.274061 1.015979 0.019033
v -0.286500 1.019622 0.019033
v -0.298954 1.023994 0.017578
v -0.261216 1.012943 0.017578
v -0.310331 1.031032 0.016123
v -0.247839 1.012732 0.016123
v -0.320023 1.040409 0.014668
v -0.234620 1.015399 0.014668
v -0.327522 1.051662 0.013214
v -0.222236 1.020829 0.013214
v -0.332444 1.064218 0.011759
v -0.211318 1.028746 0.011759
v -0.334559 1.077427 0.010304
v -0.332968 1.077670 0.008849
v -0.327870 1.065763 0.007394
v -0.320462 1.055523 0.005939
v -0.311229 1.047449 0.004484
v -0.300768 1.041909 0.003030
v -0.325755 1.090419 0.004484
v -0.320801 1.101170 0.003030
v -0.322001 1.090332 0.003030
v -0.324482 1.101907 0.004484
v -0.317736 1.111635 0.003030
v -0.321234 1.113000 0.004484
v -0.312901 1.121408 0.003030
v -0.316108 1.123360 0.004484
v -0.306442 1.130194 0.003030
v -0.309262 1.132673 0.004484
v -0.298556 1.137724 0.003030
v -0.300902 1.140656 0.004484
v -0.289482 1.143771 0.003030
v -0.291283 1.147065 0.004484
v -0.279495 1.148150 0.003030
v -0.280698 1.151707 0.004484
v -0.268900 1.150728 0.003030
v -0.269467 1.154440 0.004484
v -0.258019 1.151428 0.003030
v -0.257932 1.155181 0.004484
v -0.246444 1.153908 0.004484
v -0.247181 1.150227 0.003030
v -0.235351 1.150660 0.004484
v -0.236716 1.147162 0.003030
v -0.224991 1.145535 0.004484
v -0.226943 1.142327 0.003030
v -0.215678 1.138688 0.004484
v -0.218157 1.135868 0.003030
v -0.207695 1.130328 0.004484
v -0.210627 1.127982 0.003030
v -0.201286 1.120709 0.004484
v -0.204580 1.118908 0.003030
v -0.196644 1.110124 0.004484
v -0.200201 1.108921 0.003030
v -0.193911 1.098893 0.004484
v -0.197623 1.098326 0.003030
v -0.196923 1.087445 0.003030
v -0.193170 1.087358 0.004484
v -0.198124 1.076607 0.003030
v -0.194442 1.075870 0.004484
v -0.201189 1.066142 0.003030
v -0.197691 1.064777 0.004484
v -0.206024 1.056369 0.003030
v -0.202816 1.054417 0.004484
v -0.212483 1.047583 0.003030
v -0.209663 1.045104 0.004484
v -0.220369 1.040053 0.003030
v -0.218023 1.037122 0.004484
v -0.229443 1.034006 0.003030
v -0.227641 1.030712 0.004484
v -0.239430 1.029627 0.003030
v -0.238227 1.026070 0.004484
v -0.250024 1.027049 0.003030
v -0.308298 1.049795 0.003030
v -0.317639 1.057067 0.004484
v -0.314345 1.058869 0.003030
v -0.322281 1.067653 0.004484
v -0.318724 1.068856 0.003030
v -0.325014 1.078884 0.004484
v -0.321302 1.079450 0.003030
v -0.226097 1.027888 0.005939
v -0.214335 1.032515 0.007394
v -0.202412 1.038728 0.010304
v -0.203620 1.039791 0.008849
v -0.273640 1.018083 0.020488
v -0.285720 1.021621 0.020488
v -0.298117 1.025369 0.019033
v -0.261178 1.014552 0.019033
v -0.309622 1.031838 0.017578
v -0.248001 1.013792 0.017578
v -0.319605 1.040744 0.016123
v -0.234791 1.015907 0.016123
v -0.327522 1.051662 0.014668
v -0.222236 1.020829 0.014668
v -0.332952 1.064046 0.013214
v -0.210983 1.028327 0.013214
v -0.335619 1.077266 0.011759
v -0.201606 1.038020 0.011759
v -0.335408 1.090642 0.010304
v -0.333799 1.090605 0.008849
v -0.330847 1.077994 0.007394
v -0.325330 1.066622 0.005939
v -0.328973 1.090493 0.005939
v -0.327638 1.102539 0.005939
v -0.324232 1.114170 0.005939
v -0.318858 1.125033 0.005939
v -0.311679 1.134798 0.005939
v -0.302914 1.143168 0.005939
v -0.292828 1.149889 0.005939
v -0.281728 1.154756 0.005939
v -0.269952 1.157622 0.005939
v -0.257858 1.158399 0.005939
v -0.245812 1.157064 0.005939
v -0.234181 1.153658 0.005939
v -0.223318 1.148284 0.005939
v -0.213553 1.141105 0.005939
v -0.205183 1.132340 0.005939
v -0.198462 1.122254 0.005939
v -0.193595 1.111155 0.005939
v -0.190729 1.099378 0.005939
v -0.189952 1.087284 0.005939
v -0.191287 1.075238 0.005939
v -0.194693 1.063607 0.005939
v -0.200067 1.052744 0.005939
v -0.207246 1.042979 0.005939
v -0.216011 1.034609 0.005939
v -0.328195 1.078398 0.005939
v -0.205232 1.041208 0.007394
v -0.194568 1.049397 0.010304
v -0.195943 1.050234 0.008849
v -0.273113 1.020713 0.021943
v -0.284744 1.024119 0.021943
v -0.297002 1.027202 0.020488
v -0.261129 1.016697 0.020488
v -0.308560 1.033046 0.019033
v -0.248244 1.015383 0.019033
v -0.318767 1.041415 0.017578
v -0.235135 1.016923 0.017578
v -0.327051 1.051919 0.016123
v -0.222493 1.021300 0.016123
v -0.332952 1.064046 0.014668
v -0.210983 1.028327 0.014668
v -0.336149 1.077184 0.013214
v -0.201203 1.037666 0.013214
v -0.336480 1.090666 0.011759
v -0.193652 1.048840 0.011759
v -0.332372 1.103487 0.008849
v -0.333950 1.103803 0.010304
v -0.331654 1.090555 0.007394
v -0.330268 1.103066 0.007394
v -0.326730 1.115146 0.007394
v -0.321149 1.126428 0.007394
v -0.313693 1.136569 0.007394
v -0.304590 1.145262 0.007394
v -0.294115 1.152242 0.007394
v -0.282587 1.157296 0.007394
v -0.270357 1.160273 0.007394
v -0.257796 1.161080 0.007394
v -0.245285 1.159694 0.007394
v -0.233205 1.156156 0.007394
v -0.221923 1.150575 0.007394
v -0.211782 1.143119 0.007394
v -0.203089 1.134016 0.007394
v -0.196109 1.123541 0.007394
v -0.191054 1.112013 0.007394
v -0.188078 1.099783 0.007394
v -0.187271 1.087222 0.007394
v -0.188657 1.074711 0.007394
v -0.192194 1.062631 0.007394
v -0.197776 1.051349 0.007394
v -0.188697 1.061266 0.010304
v -0.190196 1.061851 0.008849
v -0.272481 1.023869 0.023398
v -0.283574 1.027117 0.023398
v -0.295607 1.029493 0.021943
v -0.261067 1.019378 0.021943
v -0.307143 1.034658 0.020488
v -0.248568 1.017504 0.020488
v -0.317511 1.042420 0.019033
v -0.235650 1.018448 0.019033
v -0.326110 1.052434 0.017578
v -0.223008 1.022241 0.017578
v -0.332444 1.064218 0.016123
v -0.211318 1.028746 0.016123
v -0.336149 1.077184 0.014668
v -0.201203 1.037666 0.014668
v -0.337017 1.090679 0.013214
v -0.193194 1.048561 0.013214
v -0.335002 1.104013 0.011759
v -0.187697 1.060876 0.011759
v -0.328729 1.115926 0.008849
v -0.330228 1.116511 0.010304
v -0.322982 1.127543 0.008849
v -0.315305 1.137986 0.008849
v -0.305930 1.146937 0.008849
v -0.295145 1.154124 0.008849
v -0.283274 1.159329 0.008849
v -0.270681 1.162394 0.008849
v -0.257746 1.163225 0.008849
v -0.244864 1.161798 0.008849
v -0.232425 1.158155 0.008849
v -0.220808 1.152408 0.008849
v -0.210365 1.144731 0.008849
v -0.201414 1.135357 0.008849
v -0.194227 1.124571 0.008849
v -0.189022 1.112700 0.008849
v -0.185957 1.100107 0.008849
v -0.185126 1.087172 0.008849
v -0.186553 1.074290 0.008849
v -0.184975 1.073974 0.010304
v -0.271744 1.027550 0.024852
v -0.282209 1.030615 0.024852
v -0.293934 1.032242 0.023398
v -0.260993 1.022596 0.023398
v -0.305372 1.036672 0.021943
v -0.248972 1.020155 0.021943
v -0.315836 1.043761 0.020488
v -0.236337 1.020480 0.020488
v -0.324698 1.053206 0.019033
v -0.223780 1.023653 0.019033
v -0.331427 1.064561 0.017578
v -0.211989 1.029584 0.017578
v -0.335619 1.077266 0.016123
v -0.201606 1.038020 0.016123
v -0.337017 1.090679 0.014668
v -0.193194 1.048561 0.014668
v -0.335528 1.104119 0.013214
v -0.187198 1.060681 0.013214
v -0.331228 1.116901 0.011759
v -0.183923 1.073763 0.011759
v -0.324356 1.128380 0.010304
v -0.316513 1.139048 0.010304
v -0.306936 1.148193 0.010304
v -0.295917 1.155536 0.010304
v -0.283790 1.160854 0.010304
v -0.270924 1.163985 0.010304
v -0.257709 1.164834 0.010304
v -0.244548 1.163376 0.010304
v -0.231840 1.159654 0.010304
v -0.219971 1.153783 0.010304
v -0.209302 1.145939 0.010304
v -0.200158 1.136362 0.010304
v -0.192815 1.125343 0.010304
v -0.187497 1.113216 0.010304
v -0.184366 1.100350 0.010304
v -0.183517 1.087135 0.010304
v -0.291982 1.035450 0.024852
v -0.260906 1.026350 0.024852
v -0.303247 1.039089 0.023398
v -0.249458 1.023337 0.023398
v -0.313742 1.045437 0.021943
v -0.237196 1.023021 0.021943
v -0.322816 1.054236 0.020488
v -0.224810 1.025535 0.020488
v -0.329903 1.065076 0.019033
v -0.212994 1.030840 0.019033
v -0.334559 1.077427 0.017578
v -0.202412 1.038728 0.017578
v -0.336480 1.090666 0.016123
v -0.193652 1.048840 0.016123
v -0.335528 1.104119 0.014668
v -0.187198 1.060681 0.014668
v -0.331727 1.117096 0.013214
v -0.183397 1.073658 0.013214
v -0.325273 1.128937 0.011759
v -0.182444 1.087110 0.011759
v -0.317319 1.139757 0.011759
v -0.307607 1.149031 0.011759
v -0.296432 1.156477 0.011759
v -0.284133 1.161870 0.011759
v -0.271085 1.165045 0.011759
v -0.257684 1.165906 0.011759
v -0.244337 1.164428 0.011759
v -0.231450 1.160654 0.011759
v -0.219414 1.154699 0.011759
v -0.208594 1.146745 0.011759
v -0.199320 1.137033 0.011759
v -0.191874 1.125858 0.011759
v -0.186481 1.113559 0.011759
v -0.183306 1.100511 0.011759
v -0.193911 1.098893 0.023398
v -0.200201 1.108921 0.024852
v -0.197623 1.098326 0.024852
v -0.196644 1.110124 0.023398
v -0.204580 1.118908 0.024852
v -0.201286 1.120709 0.023398
v -0.210627 1.127982 0.024852
v -0.207695 1.130328 0.023398
v -0.218157 1.135868 0.024852
v -0.215678 1.138688 0.023398
v -0.226943 1.142327 0.024852
v -0.224991 1.145535 0.023398
v -0.236716 1.147162 0.024852
v -0.235351 1.150660 0.023398
v -0.247181 1.150227 0.024852
v -0.246444 1.153908 0.023398
v -0.258019 1.151428 0.024852
v -0.257932 1.155181 0.023398
v -0.269467 1.154440 0.023398
v -0.268900 1.150728 0.024852
v -0.280698 1.151707 0.023398
v -0.279495 1.148150 0.024852
v -0.291283 1.147065 0.023398
v -0.289482 1.143771 0.024852
v -0.300902 1.140656 0.023398
v -0.298556 1.137724 0.024852
v -0.309262 1.132673 0.023398
v -0.306442 1.130194 0.024852
v -0.316108 1.123360 0.023398
v -0.312901 1.121408 0.024852
v -0.321234 1.113000 0.023398
v -0.317736 1.111635 0.024852
v -0.324482 1.101907 0.023398
v -0.320801 1.101170 0.024852
v -0.325755 1.090419 0.023398
v -0.322001 1.090332 0.024852
v -0.321302 1.079450 0.024852
v -0.325014 1.078884 0.023398
v -0.318724 1.068856 0.024852
v -0.322281 1.067653 0.023398
v -0.314345 1.058869 0.024852
v -0.317639 1.057067 0.023398
v -0.308298 1.049795 0.024852
v -0.311229 1.047449 0.023398
v -0.300768 1.041909 0.024852
v -0.250024 1.027049 0.024852
v -0.238227 1.026070 0.023398
v -0.239430 1.029627 0.024852
v -0.227641 1.030712 0.023398
v -0.229443 1.034006 0.024852
v -0.218023 1.037122 0.023398
v -0.220369 1.040053 0.024852
v -0.209663 1.045104 0.023398
v -0.212483 1.047583 0.024852
v -0.202816 1.054417 0.023398
v -0.206024 1.056369 0.024852
v -0.197691 1.064777 0.023398
v -0.201189 1.066142 0.024852
v -0.194442 1.075870 0.023398
v -0.198124 1.076607 0.024852
v -0.193170 1.087358 0.023398
v -0.196923 1.087445 0.024852
v -0.320462 1.055523 0.021943
v -0.226097 1.027888 0.021943
v -0.327870 1.065763 0.020488
v -0.214335 1.032515 0.020488
v -0.332968 1.077670 0.019033
v -0.203620 1.039791 0.019033
v -0.335408 1.090642 0.017578
v -0.194568 1.049397 0.017578
v -0.335002 1.104013 0.016123
v -0.187697 1.060876 0.016123
v -0.331727 1.117096 0.014668
v -0.183397 1.073658 0.014668
v -0.325731 1.129216 0.013214
v -0.181908 1.087098 0.013214
v -0.317722 1.140111 0.013214
v -0.307942 1.149449 0.013214
v -0.296689 1.156948 0.013214
v -0.284305 1.162378 0.013214
v -0.271166 1.165576 0.013213
v -0.257672 1.166443 0.013213
v -0.244232 1.164954 0.013213
v -0.231255 1.161153 0.013214
v -0.219135 1.155157 0.013214
v -0.208240 1.147148 0.013214
v -0.198902 1.137368 0.013214
v -0.191403 1.126115 0.013214
v -0.185973 1.113731 0.013214
v -0.182775 1.100592 0.013214
v -0.190729 1.099378 0.021943
v -0.193595 1.111155 0.021943
v -0.198462 1.122254 0.021943
v -0.205183 1.132340 0.021943
v -0.213553 1.141105 0.021943
v -0.223318 1.148284 0.021943
v -0.234181 1.153658 0.021943
v -0.245812 1.157064 0.021943
v -0.257858 1.158399 0.021943
v -0.269952 1.157622 0.021943
v -0.281728 1.154756 0.021943
v -0.292828 1.149889 0.021943
v -0.302914 1.143168 0.021943
v -0.311679 1.134798 0.021943
v -0.318858 1.125033 0.021943
v -0.324232 1.114170 0.021943
v -0.327638 1.102539 0.021943
v -0.328973 1.090493 0.021943
v -0.328195 1.078398 0.021943
v -0.325330 1.066622 0.021943
v -0.216011 1.034609 0.021943
v -0.207246 1.042979 0.021943
v -0.200067 1.052744 0.021943
v -0.194693 1.063607 0.021943
v -0.191287 1.075238 0.021943
v -0.189952 1.087284 0.021943
v -0.330847 1.077994 0.020488
v -0.205232 1.041208 0.020488
v -0.333799 1.090605 0.019033
v -0.195943 1.050234 0.019033
v -0.333950 1.103803 0.017578
v -0.188697 1.061266 0.017578
v -0.331228 1.116901 0.016123
v -0.183923 1.073763 0.016123
v -0.325731 1.129216 0.014668
v -0.181908 1.087098 0.014668
v -0.317722 1.140111 0.014668
v -0.307942 1.149449 0.014668
v -0.296689 1.156948 0.014668
v -0.284305 1.162378 0.014668
v -0.271166 1.165576 0.014668
v -0.257672 1.166443 0.014668
v -0.244232 1.164954 0.014668
v -0.231255 1.161153 0.014668
v -0.219135 1.155157 0.014668
v -0.208240 1.147148 0.014668
v -0.198902 1.137368 0.014668
v -0.191403 1.126115 0.014668
v -0.185973 1.113731 0.014668
v -0.182775 1.100592 0.014668
v -0.188078 1.099783 0.020488
v -0.191054 1.112013 0.020488
v -0.196109 1.123541 0.020488
v -0.203089 1.134016 0.020488
v -0.211782 1.143119 0.020488
v -0.221923 1.150575 0.020488
v -0.233205 1.156156 0.020488
v -0.245285 1.159694 0.020488
v -0.257796 1.161080 0.020488
v -0.270357 1.160273 0.020488
v -0.282587 1.157296 0.020488
v -0.294115 1.152242 0.020488
v -0.304590 1.145262 0.020488
v -0.313693 1.136569 0.020488
v -0.321149 1.126428 0.020488
v -0.326730 1.115146 0.020488
v -0.330268 1.103066 0.020488
v -0.331654 1.090555 0.020488
v -0.197776 1.051349 0.020488
v -0.192194 1.062631 0.020488
v -0.188657 1.074711 0.020488
v -0.187271 1.087222 0.020488
v -0.332372 1.103487 0.019033
v -0.190196 1.061851 0.019033
v -0.330228 1.116511 0.017578
v -0.184975 1.073974 0.017578
v -0.325273 1.128937 0.016123
v -0.182444 1.087110 0.016123
v -0.317319 1.139757 0.016123
v -0.307607 1.149031 0.016123
v -0.296432 1.156477 0.016123
v -0.284133 1.161870 0.016123
v -0.271085 1.165045 0.016123
v -0.257684 1.165906 0.016123
v -0.244337 1.164428 0.016123
v -0.231450 1.160654 0.016123
v -0.219414 1.154699 0.016123
v -0.208594 1.146745 0.016123
v -0.199320 1.137033 0.016123
v -0.191874 1.125858 0.016123
v -0.186481 1.113559 0.016123
v -0.183306 1.100511 0.016123
v -0.185957 1.100107 0.019033
v -0.189022 1.112700 0.019033
v -0.194227 1.124571 0.019033
v -0.201414 1.135357 0.019033
v -0.210365 1.144731 0.019033
v -0.220808 1.152408 0.019033
v -0.232425 1.158155 0.019033
v -0.244864 1.161798 0.019033
v -0.257746 1.163225 0.019033
v -0.270681 1.162394 0.019033
v -0.283274 1.159329 0.019033
v -0.295145 1.154124 0.019033
v -0.305930 1.146937 0.019033
v -0.315305 1.137986 0.019033
v -0.322982 1.127543 0.019033
v -0.328729 1.115926 0.019033
v -0.186553 1.074290 0.019033
v -0.185126 1.087172 0.019033
v -0.324356 1.128380 0.017578
v -0.183517 1.087135 0.017578
v -0.316513 1.139048 0.017578
v -0.306936 1.148193 0.017578
v -0.295917 1.155536 0.017578
v -0.283790 1.160854 0.017578
v -0.270924 1.163985 0.017578
v -0.257709 1.164834 0.017578
v -0.244548 1.163376 0.017578
v -0.231840 1.159654 0.017578
v -0.219971 1.153783 0.017578
v -0.209302 1.145939 0.017578
v -0.200158 1.136362 0.017578
v -0.192815 1.125343 0.017578
v -0.187497 1.113216 0.017578
v -0.184366 1.100350 0.017578
v -0.271744 1.027550 0.003030
v -0.250024 1.027049 0.003030
v -0.260906 1.026350 0.003030
v -0.239430 1.029627 0.003030
v -0.282209 1.030615 0.003030
v -0.229443 1.034006 0.003030
v -0.291982 1.035450 0.003030
v -0.220369 1.040053 0.003030
v -0.300768 1.041909 0.003030
v -0.212483 1.047583 0.003030
v -0.308298 1.049795 0.003030
v -0.206024 1.056369 0.003030
v -0.314345 1.058869 0.003030
v -0.201189 1.066142 0.003030
v -0.318724 1.068856 0.003030
v -0.198124 1.076607 0.003030
v -0.321302 1.079450 0.003030
v -0.196923 1.087445 0.003030
v -0.322001 1.090332 0.003030
v -0.197623 1.098326 0.003030
v -0.320801 1.101170 0.003030
v -0.200201 1.108921 0.003030
v -0.317736 1.111635 0.003030
v -0.204580 1.118908 0.003030
v -0.312901 1.121408 0.003030
v -0.210627 1.127982 0.003030
v -0.306442 1.130194 0.003030
v -0.218157 1.135868 0.003030
v -0.298556 1.137724 0.003030
v -0.226943 1.142327 0.003030
v -0.289482 1.143771 0.003030
v -0.236716 1.147162 0.003030
v -0.279495 1.148150 0.003030
v -0.247181 1.150227 0.003030
v -0.268900 1.150728 0.003030
v -0.258019 1.151428 0.003030
v -0.250024 1.027049 0.024852
v -0.271744 1.027550 0.024852
v -0.260906 1.026350 0.024852
v -0.239430 1.029627 0.024852
v -0.282209 1.030615 0.024852
v -0.229443 1.034006 0.024852
v -0.291982 1.035450 0.024852
v -0.220369 1.040053 0.024852
v -0.300768 1.041909 0.024852
v -0.212483 1.047583 0.024852
v -0.308298 1.049795 0.024852
v -0.206024 1.056369 0.024852
v -0.314345 1.058869 0.024852
v -0.201189 1.066142 0.024852
v -0.318724 1.068856 0.024852
v -0.198124 1.076607 0.024852
v -0.321302 1.079450 0.024852
v -0.196923 1.087445 0.024852
v -0.322001 1.090332 0.024852
v -0.197623 1.098326 0.024852
v -0.320801 1.101170 0.024852
v -0.200201 1.108921 0.024852
v -0.317736 1.111635 0.024852
v -0.204580 1.118908 0.024852
v -0.312901 1.121408 0.024852
v -0.210627 1.127982 0.024852
v -0.306442 1.130194 0.024852
v -0.218157 1.135868 0.024852
v -0.298556 1.137724 0.024852
v -0.226943 1.142327 0.024852
v -0.289482 1.143771 0.024852
v -0.236716 1.147162 0.024852
v -0.279495 1.148150 0.024852
v -0.247181 1.150227 0.024852
v -0.268900 1.150728 0.024852
v -0.258019 1.151428 0.024852
v 0.298366 1.019622 0.008849
v 0.298951 1.018123 0.010304
v 0.285927 1.015979 0.008849
v 0.286243 1.014401 0.010304
v 0.286454 1.013349 0.011759
v 0.299341 1.017123 0.011759
v 0.309983 1.025369 0.008849
v 0.310820 1.023994 0.010304
v 0.297586 1.021621 0.007394
v 0.285506 1.018083 0.007394
v 0.273045 1.014552 0.008849
v 0.273082 1.012943 0.010304
v 0.286559 1.012823 0.013214
v 0.299536 1.016624 0.013214
v 0.311378 1.023078 0.011759
v 0.273107 1.011870 0.011759
v 0.320426 1.033046 0.008849
v 0.321489 1.031838 0.010304
v 0.308868 1.027202 0.007394
v 0.296611 1.024119 0.005939
v 0.284980 1.020713 0.005939
v 0.272996 1.016697 0.007394
v 0.260111 1.015383 0.008849
v 0.259868 1.013792 0.010304
v 0.286559 1.012823 0.014668
v 0.299536 1.016624 0.014668
v 0.311657 1.022620 0.013214
v 0.273119 1.011334 0.013214
v 0.322197 1.031032 0.011759
v 0.259706 1.012732 0.011759
v 0.329377 1.042420 0.008849
v 0.330634 1.041415 0.010304
v 0.319010 1.034658 0.007394
v 0.307474 1.029493 0.005939
v 0.295440 1.027117 0.004484
v 0.284348 1.023869 0.004484
v 0.272934 1.019378 0.005939
v 0.260434 1.017504 0.007394
v 0.247517 1.018448 0.008849
v 0.247002 1.016923 0.010304
v 0.286454 1.013349 0.016123
v 0.299341 1.017123 0.016123
v 0.311657 1.022620 0.014668
v 0.273119 1.011334 0.014668
v 0.322551 1.030629 0.013214
v 0.259625 1.012202 0.013214
v 0.331471 1.040744 0.011759
v 0.246658 1.015907 0.011759
v 0.336564 1.053206 0.008849
v 0.337976 1.052434 0.010304
v 0.327702 1.043761 0.007394
v 0.317239 1.036672 0.005939
v 0.305801 1.032242 0.004484
v 0.294075 1.030615 0.003030
v 0.283611 1.027550 0.003030
v 0.272859 1.022596 0.004484
v 0.260839 1.020155 0.005939
v 0.248204 1.020480 0.007394
v 0.235647 1.023653 0.008849
v 0.234875 1.022241 0.010304
v 0.286243 1.014401 0.017578
v 0.298951 1.018123 0.017578
v 0.311378 1.023078 0.016123
v 0.273107 1.011870 0.016123
v 0.322551 1.030629 0.014668
v 0.259625 1.012202 0.014668
v 0.331890 1.040409 0.013214
v 0.246486 1.015399 0.013214
v 0.338917 1.051919 0.011759
v 0.234360 1.021300 0.011759
v 0.341770 1.065076 0.008849
v 0.343294 1.064561 0.010304
v 0.334682 1.054236 0.007394
v 0.325608 1.045437 0.005939
v 0.315113 1.039089 0.004484
v 0.303849 1.035450 0.003030
v 0.272773 1.026350 0.003030
v 0.261324 1.023337 0.004484
v 0.249063 1.023021 0.005939
v 0.236676 1.025535 0.007394
v 0.224861 1.030840 0.008849
v 0.223855 1.029584 0.010304
v 0.298366 1.019622 0.019033
v 0.285927 1.015979 0.019033
v 0.310820 1.023994 0.017578
v 0.273082 1.012943 0.017578
v 0.322197 1.031032 0.016123
v 0.259706 1.012732 0.016123
v 0.331890 1.040409 0.014668
v 0.246486 1.015399 0.014668
v 0.339388 1.051662 0.013214
v 0.234102 1.020829 0.013214
v 0.344310 1.064218 0.011759
v 0.223185 1.028746 0.011759
v 0.344834 1.077670 0.008849
v 0.346425 1.077427 0.010304
v 0.339737 1.065763 0.007394
v 0.332329 1.055523 0.005939
v 0.323096 1.047449 0.004484
v 0.312634 1.041909 0.003030
v 0.336349 1.101907 0.004484
v 0.337622 1.090419 0.004484
v 0.332667 1.101170 0.003030
v 0.333868 1.090332 0.003030
v 0.333100 1.113000 0.004484
v 0.329603 1.111635 0.003030
v 0.327975 1.123360 0.004484
v 0.324767 1.121408 0.003030
v 0.321128 1.132673 0.004484
v 0.318309 1.130194 0.003030
v 0.312769 1.140656 0.004484
v 0.310422 1.137724 0.003030
v 0.303150 1.147065 0.004484
v 0.301348 1.143771 0.003030
v 0.292564 1.151707 0.004484
v 0.291362 1.148150 0.003030
v 0.281333 1.154440 0.004484
v 0.280767 1.150728 0.003030
v 0.269798 1.155181 0.004484
v 0.269885 1.151428 0.003030
v 0.258310 1.153908 0.004484
v 0.259047 1.150227 0.003030
v 0.247217 1.150660 0.004484
v 0.248583 1.147162 0.003030
v 0.236857 1.145535 0.004484
v 0.238809 1.142327 0.003030
v 0.227544 1.138688 0.004484
v 0.230024 1.135868 0.003030
v 0.219562 1.130328 0.004484
v 0.222493 1.127982 0.003030
v 0.213152 1.120709 0.004484
v 0.216447 1.118908 0.003030
v 0.208511 1.110124 0.004484
v 0.212068 1.108921 0.003030
v 0.205777 1.098893 0.004484
v 0.209489 1.098326 0.003030
v 0.208790 1.087445 0.003030
v 0.205036 1.087358 0.004484
v 0.209991 1.076607 0.003030
v 0.206309 1.075870 0.004484
v 0.213055 1.066142 0.003030
v 0.209557 1.064777 0.004484
v 0.217890 1.056369 0.003030
v 0.214683 1.054417 0.004484
v 0.224349 1.047583 0.003030
v 0.221529 1.045104 0.004484
v 0.232236 1.040053 0.003030
v 0.229889 1.037122 0.004484
v 0.241310 1.034006 0.003030
v 0.239508 1.030712 0.004484
v 0.251296 1.029627 0.003030
v 0.250094 1.026070 0.004484
v 0.261891 1.027049 0.003030
v 0.320165 1.049795 0.003030
v 0.326211 1.058869 0.003030
v 0.329505 1.057067 0.004484
v 0.330590 1.068856 0.003030
v 0.334147 1.067653 0.004484
v 0.333169 1.079450 0.003030
v 0.336880 1.078884 0.004484
v 0.237963 1.027888 0.005939
v 0.226202 1.032515 0.007394
v 0.215487 1.039791 0.008849
v 0.214278 1.038728 0.010304
v 0.297586 1.021621 0.020488
v 0.285506 1.018083 0.020488
v 0.309983 1.025369 0.019033
v 0.273045 1.014552 0.019033
v 0.321489 1.031838 0.017578
v 0.259868 1.013792 0.017578
v 0.331471 1.040744 0.016123
v 0.246658 1.015907 0.016123
v 0.339388 1.051662 0.014668
v 0.234102 1.020829 0.014668
v 0.344818 1.064046 0.013214
v 0.222849 1.028327 0.013214
v 0.347486 1.077266 0.011759
v 0.213473 1.038020 0.011759
v 0.345666 1.090605 0.008849
v 0.347274 1.090642 0.010304
v 0.342713 1.077994 0.007394
v 0.337196 1.066622 0.005939
v 0.339505 1.102539 0.005939
v 0.340839 1.090493 0.005939
v 0.336098 1.114170 0.005939
v 0.330724 1.125033 0.005939
v 0.323545 1.134798 0.005939
v 0.314780 1.143168 0.005939
v 0.304694 1.149889 0.005939
v 0.293595 1.154756 0.005939
v 0.281819 1.157622 0.005939
v 0.269724 1.158399 0.005939
v 0.257678 1.157064 0.005939
v 0.246047 1.153658 0.005939
v 0.235184 1.148284 0.005939
v 0.225419 1.141105 0.005939
v 0.217049 1.132340 0.005939
v 0.210329 1.122254 0.005939
v 0.205462 1.111155 0.005939
v 0.202596 1.099378 0.005939
v 0.201819 1.087284 0.005939
v 0.203153 1.075238 0.005939
v 0.206559 1.063607 0.005939
v 0.211933 1.052744 0.005939
v 0.219112 1.042979 0.005939
v 0.227878 1.034609 0.005939
v 0.340062 1.078398 0.005939
v 0.217098 1.041208 0.007394
v 0.207810 1.050234 0.008849
v 0.206435 1.049397 0.010304
v 0.296611 1.024119 0.021943
v 0.284980 1.020713 0.021943
v 0.308868 1.027202 0.020488
v 0.272996 1.016697 0.020488
v 0.320426 1.033046 0.019033
v 0.260111 1.015383 0.019033
v 0.330634 1.041415 0.017578
v 0.247002 1.016923 0.017578
v 0.338917 1.051919 0.016123
v 0.234360 1.021300 0.016123
v 0.344818 1.064046 0.014668
v 0.222849 1.028327 0.014668
v 0.348016 1.077184 0.013214
v 0.213070 1.037666 0.013214
v 0.348347 1.090666 0.011759
v 0.205518 1.048840 0.011759
v 0.345816 1.103803 0.010304
v 0.344238 1.103487 0.008849
v 0.343521 1.090555 0.007394
v 0.342134 1.103066 0.007394
v 0.338597 1.115146 0.007394
v 0.333015 1.126428 0.007394
v 0.325560 1.136569 0.007394
v 0.316456 1.145262 0.007394
v 0.305981 1.152242 0.007394
v 0.294454 1.157296 0.007394
v 0.282224 1.160273 0.007394
v 0.269662 1.161080 0.007394
v 0.257152 1.159694 0.007394
v 0.245072 1.156156 0.007394
v 0.233790 1.150575 0.007394
v 0.223648 1.143119 0.007394
v 0.214956 1.134016 0.007394
v 0.207976 1.123541 0.007394
v 0.202921 1.112013 0.007394
v 0.199945 1.099783 0.007394
v 0.199137 1.087222 0.007394
v 0.200523 1.074711 0.007394
v 0.204061 1.062631 0.007394
v 0.209642 1.051349 0.007394
v 0.202062 1.061851 0.008849
v 0.200563 1.061266 0.010304
v 0.295440 1.027117 0.023398
v 0.284348 1.023869 0.023398
v 0.307474 1.029493 0.021943
v 0.272934 1.019378 0.021943
v 0.319010 1.034658 0.020488
v 0.260434 1.017504 0.020488
v 0.329377 1.042420 0.019033
v 0.247517 1.018448 0.019033
v 0.337976 1.052434 0.017578
v 0.234875 1.022241 0.017578
v 0.344310 1.064218 0.016123
v 0.223185 1.028746 0.016123
v 0.348016 1.077184 0.014668
v 0.213070 1.037666 0.014668
v 0.348883 1.090679 0.013214
v 0.205060 1.048561 0.013214
v 0.346868 1.104013 0.011759
v 0.199564 1.060876 0.011759
v 0.342095 1.116511 0.010304
v 0.340596 1.115926 0.008849
v 0.334848 1.127543 0.008849
v 0.327171 1.137986 0.008849
v 0.317797 1.146937 0.008849
v 0.307011 1.154124 0.008849
v 0.295141 1.159329 0.008849
v 0.282547 1.162394 0.008849
v 0.269613 1.163225 0.008849
v 0.256730 1.161798 0.008849
v 0.244292 1.158155 0.008849
v 0.232674 1.152408 0.008849
v 0.222232 1.144731 0.008849
v 0.213280 1.135357 0.008849
v 0.206093 1.124571 0.008849
v 0.200888 1.112700 0.008849
v 0.197824 1.100107 0.008849
v 0.196992 1.087172 0.008849
v 0.198419 1.074290 0.008849
v 0.196842 1.073974 0.010304
v 0.294075 1.030615 0.024852
v 0.283611 1.027550 0.024852
v 0.305801 1.032242 0.023398
v 0.272859 1.022596 0.023398
v 0.317239 1.036672 0.021943
v 0.260839 1.020155 0.021943
v 0.327702 1.043761 0.020488
v 0.248204 1.020480 0.020488
v 0.336564 1.053206 0.019033
v 0.235647 1.023653 0.019033
v 0.343294 1.064561 0.017578
v 0.223855 1.029584 0.017578
v 0.347486 1.077266 0.016123
v 0.213473 1.038020 0.016123
v 0.348883 1.090679 0.014668
v 0.205060 1.048561 0.014668
v 0.347394 1.104119 0.013214
v 0.199064 1.060681 0.013214
v 0.343094 1.116901 0.011759
v 0.195790 1.073763 0.011759
v 0.336223 1.128380 0.010304
v 0.328380 1.139048 0.010304
v 0.318803 1.148193 0.010304
v 0.307783 1.155536 0.010304
v 0.295656 1.160854 0.010304
v 0.282790 1.163985 0.010304
v 0.269576 1.164834 0.010304
v 0.256415 1.163376 0.010304
v 0.243706 1.159654 0.010304
v 0.231838 1.153783 0.010304
v 0.221169 1.145939 0.010304
v 0.212024 1.136362 0.010304
v 0.204682 1.125343 0.010304
v 0.199364 1.113216 0.010304
v 0.196233 1.100350 0.010304
v 0.195383 1.087135 0.010304
v 0.303849 1.035450 0.024852
v 0.272773 1.026350 0.024852
v 0.315113 1.039089 0.023398
v 0.261324 1.023337 0.023398
v 0.325608 1.045437 0.021943
v 0.249063 1.023021 0.021943
v 0.334682 1.054236 0.020488
v 0.236676 1.025535 0.020488
v 0.341770 1.065076 0.019033
v 0.224861 1.030840 0.019033
v 0.346425 1.077427 0.017578
v 0.214278 1.038728 0.017578
v 0.348347 1.090666 0.016123
v 0.205518 1.048840 0.016123
v 0.347394 1.104119 0.014668
v 0.199064 1.060681 0.014668
v 0.343594 1.117096 0.013214
v 0.195264 1.073658 0.013214
v 0.337139 1.128937 0.011759
v 0.194311 1.087110 0.011759
v 0.329185 1.139757 0.011759
v 0.319473 1.149031 0.011759
v 0.308298 1.156477 0.011759
v 0.296000 1.161870 0.011759
v 0.282952 1.165045 0.011759
v 0.269551 1.165906 0.011759
v 0.256204 1.164428 0.011759
v 0.243316 1.160654 0.011759
v 0.231280 1.154699 0.011759
v 0.220461 1.146745 0.011759
v 0.211187 1.137033 0.011759
v 0.203740 1.125858 0.011759
v 0.198348 1.113559 0.011759
v 0.195172 1.100511 0.011759
v 0.208511 1.110124 0.023398
v 0.205777 1.098893 0.023398
v 0.212068 1.108921 0.024852
v 0.209489 1.098326 0.024852
v 0.213152 1.120709 0.023398
v 0.216447 1.118908 0.024852
v 0.219562 1.130328 0.023398
v 0.222493 1.127982 0.024852
v 0.227544 1.138688 0.023398
v 0.230024 1.135868 0.024852
v 0.236857 1.145535 0.023398
v 0.238809 1.142327 0.024852
v 0.247217 1.150660 0.023398
v 0.248583 1.147162 0.024852
v 0.258310 1.153908 0.023398
v 0.259047 1.150227 0.024852
v 0.269798 1.155181 0.023398
v 0.269885 1.151428 0.024852
v 0.281333 1.154440 0.023398
v 0.280767 1.150728 0.024852
v 0.292564 1.151707 0.023398
v 0.291362 1.148150 0.024852
v 0.303150 1.147065 0.023398
v 0.301348 1.143771 0.024852
v 0.312769 1.140656 0.023398
v 0.310422 1.137724 0.024852
v 0.321128 1.132673 0.023398
v 0.318309 1.130194 0.024852
v 0.327975 1.123360 0.023398
v 0.324767 1.121408 0.024852
v 0.333100 1.113000 0.023398
v 0.329603 1.111635 0.024852
v 0.336349 1.101907 0.023398
v 0.332667 1.101170 0.024852
v 0.337622 1.090419 0.023398
v 0.333868 1.090332 0.024852
v 0.333169 1.079450 0.024852
v 0.336880 1.078884 0.023398
v 0.330590 1.068856 0.024852
v 0.334147 1.067653 0.023398
v 0.326211 1.058869 0.024852
v 0.329505 1.057067 0.023398
v 0.320165 1.049795 0.024852
v 0.323096 1.047449 0.023398
v 0.312634 1.041909 0.024852
v 0.261891 1.027049 0.024852
v 0.251296 1.029627 0.024852
v 0.250094 1.026070 0.023398
v 0.241310 1.034006 0.024852
v 0.239508 1.030712 0.023398
v 0.232236 1.040053 0.024852
v 0.229889 1.037122 0.023398
v 0.224349 1.047583 0.024852
v 0.221529 1.045104 0.023398
v 0.217890 1.056369 0.024852
v 0.214683 1.054417 0.023398
v 0.213055 1.066142 0.024852
v 0.209557 1.064777 0.023398
v 0.209991 1.076607 0.024852
v 0.206309 1.075870 0.023398
v 0.208790 1.087445 0.024852
v 0.205036 1.087358 0.023398
v 0.332329 1.055523 0.021943
v 0.237963 1.027888 0.021943
v 0.339737 1.065763 0.020488
v 0.226202 1.032515 0.020488
v 0.344834 1.077670 0.019033
v 0.215487 1.039791 0.019033
v 0.347274 1.090642 0.017578
v 0.206435 1.049397 0.017578
v 0.346868 1.104013 0.016123
v 0.199564 1.060876 0.016123
v 0.343594 1.117096 0.014668
v 0.195264 1.073658 0.014668
v 0.337598 1.129216 0.013214
v 0.193775 1.087098 0.013214
v 0.329588 1.140111 0.013214
v 0.319808 1.149449 0.013214
v 0.308556 1.156948 0.013214
v 0.296172 1.162378 0.013214
v 0.283033 1.165576 0.013213
v 0.269539 1.166443 0.013213
v 0.256099 1.164954 0.013213
v 0.243121 1.161153 0.013214
v 0.231001 1.155157 0.013214
v 0.220106 1.147148 0.013214
v 0.210768 1.137368 0.013214
v 0.203270 1.126115 0.013214
v 0.197839 1.113731 0.013214
v 0.194642 1.100592 0.013214
v 0.205462 1.111155 0.021943
v 0.202596 1.099378 0.021943
v 0.210329 1.122254 0.021943
v 0.217049 1.132340 0.021943
v 0.225419 1.141105 0.021943
v 0.235184 1.148284 0.021943
v 0.246047 1.153658 0.021943
v 0.257678 1.157064 0.021943
v 0.269724 1.158399 0.021943
v 0.281819 1.157622 0.021943
v 0.293595 1.154756 0.021943
v 0.304694 1.149889 0.021943
v 0.314780 1.143168 0.021943
v 0.323545 1.134798 0.021943
v 0.330724 1.125033 0.021943
v 0.336098 1.114170 0.021943
v 0.339505 1.102539 0.021943
v 0.340839 1.090493 0.021943
v 0.340062 1.078398 0.021943
v 0.337196 1.066622 0.021943
v 0.227878 1.034609 0.021943
v 0.219112 1.042979 0.021943
v 0.211933 1.052744 0.021943
v 0.206559 1.063607 0.021943
v 0.203153 1.075238 0.021943
v 0.201819 1.087284 0.021943
v 0.342713 1.077994 0.020488
v 0.217098 1.041208 0.020488
v 0.345666 1.090605 0.019033
v 0.207810 1.050234 0.019033
v 0.345816 1.103803 0.017578
v 0.200563 1.061266 0.017578
v 0.343094 1.116901 0.016123
v 0.195790 1.073763 0.016123
v 0.337598 1.129216 0.014668
v 0.193775 1.087098 0.014668
v 0.329588 1.140111 0.014668
v 0.319808 1.149449 0.014668
v 0.308556 1.156948 0.014668
v 0.296172 1.162378 0.014668
v 0.283033 1.165576 0.014668
v 0.269539 1.166443 0.014668
v 0.256099 1.164954 0.014668
v 0.243121 1.161153 0.014668
v 0.231001 1.155157 0.014668
v 0.220106 1.147148 0.014668
v 0.210768 1.137368 0.014668
v 0.203270 1.126115 0.014668
v 0.197839 1.113731 0.014668
v 0.194642 1.100592 0.014668
v 0.202921 1.112013 0.020488
v 0.199945 1.099783 0.020488
v 0.207976 1.123541 0.020488
v 0.214956 1.134016 0.020488
v 0.223648 1.143119 0.020488
v 0.233790 1.150575 0.020488
v 0.245072 1.156156 0.020488
v 0.257152 1.159694 0.020488
v 0.269662 1.161080 0.020488
v 0.282224 1.160273 0.020488
v 0.294454 1.157296 0.020488
v 0.305981 1.152242 0.020488
v 0.316456 1.145262 0.020488
v 0.325560 1.136569 0.020488
v 0.333015 1.126428 0.020488
v 0.338597 1.115146 0.020488
v 0.342134 1.103066 0.020488
v 0.343521 1.090555 0.020488
v 0.209642 1.051349 0.020488
v 0.204061 1.062631 0.020488
v 0.200523 1.074711 0.020488
v 0.199137 1.087222 0.020488
v 0.344238 1.103487 0.019033
v 0.202062 1.061851 0.019033
v 0.342095 1.116511 0.017578
v 0.196842 1.073974 0.017578
v 0.337139 1.128937 0.016123
v 0.194311 1.087110 0.016123
v 0.329185 1.139757 0.016123
v 0.319473 1.149031 0.016123
v 0.308298 1.156477 0.016123
v 0.296000 1.161870 0.016123
v 0.282952 1.165045 0.016123
v 0.269551 1.165906 0.016123
v 0.256204 1.164428 0.016123
v 0.243316 1.160654 0.016123
v 0.231280 1.154699 0.016123
v 0.220461 1.146745 0.016123
v 0.211187 1.137033 0.016123
v 0.203740 1.125858 0.016123
v 0.198348 1.113559 0.016123
v 0.195172 1.100511 0.016123
v 0.200888 1.112700 0.019033
v 0.197824 1.100107 0.019033
v 0.206093 1.124571 0.019033
v 0.213280 1.135357 0.019033
v 0.222232 1.144731 0.019033
v 0.232674 1.152408 0.019033
v 0.244292 1.158155 0.019033
v 0.256730 1.161798 0.019033
v 0.269613 1.163225 0.019033
v 0.282547 1.162394 0.019033
v 0.295141 1.159329 0.019033
v 0.307011 1.154124 0.019033
v 0.317797 1.146937 0.019033
v 0.327171 1.137986 0.019033
v 0.334848 1.127543 0.019033
v 0.340596 1.115926 0.019033
v 0.198419 1.074290 0.019033
v 0.196992 1.087172 0.019033
v 0.336223 1.128380 0.017578
v 0.195383 1.087135 0.017578
v 0.328380 1.139048 0.017578
v 0.318803 1.148193 0.017578
v 0.307783 1.155536 0.017578
v 0.295656 1.160854 0.017578
v 0.282790 1.163985 0.017578
v 0.269576 1.164834 0.017578
v 0.256415 1.163376 0.017578
v 0.243706 1.159654 0.017578
v 0.231838 1.153783 0.017578
v 0.221169 1.145939 0.017578
v 0.212024 1.136362 0.017578
v 0.204682 1.125343 0.017578
v 0.199364 1.113216 0.017578
v 0.196233 1.100350 0.017578
v 0.269885 1.151428 0.003030
v 0.280767 1.150728 0.003030
v 0.259047 1.150227 0.003030
v 0.291362 1.148150 0.003030
v 0.248583 1.147162 0.003030
v 0.301348 1.143771 0.003030
v 0.238809 1.142327 0.003030
v 0.310422 1.137724 0.003030
v 0.230024 1.135868 0.003030
v 0.318309 1.130194 0.003030
v 0.222493 1.127982 0.003030
v 0.324767 1.121408 0.003030
v 0.216447 1.118908 0.003030
v 0.329603 1.111635 0.003030
v 0.212068 1.108921 0.003030
v 0.332667 1.101170 0.003030
v 0.209489 1.098326 0.003030
v 0.333868 1.090332 0.003030
v 0.208790 1.087445 0.003030
v 0.333169 1.079450 0.003030
v 0.209991 1.076607 0.003030
v 0.330590 1.068856 0.003030
v 0.213055 1.066142 0.003030
v 0.326211 1.058869 0.003030
v 0.217890 1.056369 0.003030
v 0.320165 1.049795 0.003030
v 0.224349 1.047583 0.003030
v 0.312634 1.041909 0.003030
v 0.232236 1.040053 0.003030
v 0.303849 1.035450 0.003030
v 0.241310 1.034006 0.003030
v 0.294075 1.030615 0.003030
v 0.251296 1.029627 0.003030
v 0.283611 1.027550 0.003030
v 0.261891 1.027049 0.003030
v 0.272773 1.026350 0.003030
v 0.269885 1.151428 0.024852
v 0.259047 1.150227 0.024852
v 0.280767 1.150728 0.024852
v 0.291362 1.148150 0.024852
v 0.248583 1.147162 0.024852
v 0.301348 1.143771 0.024852
v 0.238809 1.142327 0.024852
v 0.310422 1.137724 0.024852
v 0.230024 1.135868 0.024852
v 0.318309 1.130194 0.024852
v 0.222493 1.127982 0.024852
v 0.324767 1.121408 0.024852
v 0.216447 1.118908 0.024852
v 0.329603 1.111635 0.024852
v 0.212068 1.108921 0.024852
v 0.332667 1.101170 0.024852
v 0.209489 1.098326 0.024852
v 0.333868 1.090332 0.024852
v 0.208790 1.087445 0.024852
v 0.333169 1.079450 0.024852
v 0.209991 1.076607 0.024852
v 0.330590 1.068856 0.024852
v 0.213055 1.066142 0.024852
v 0.326211 1.058869 0.024852
v 0.217890 1.056369 0.024852
v 0.320165 1.049795 0.024852
v 0.224349 1.047583 0.024852
v 0.312634 1.041909 0.024852
v 0.232236 1.040053 0.024852
v 0.303849 1.035450 0.024852
v 0.241310 1.034006 0.024852
v 0.294075 1.030615 0.024852
v 0.251296 1.029627 0.024852
v 0.283611 1.027550 0.024852
v 0.261891 1.027049 0.024852
v 0.272773 1.026350 0.024852
vn 0.0162 -0.9985 0.0518
vn 0.0047 -0.9983 0.0573
vn -0.0075 -0.9999 0.0082
vn 0.0265 -0.9987 0.0434
vn 0.0170 -0.9929 0.1181
vn -0.0075 -0.9982 0.0593
vn 0.0351 -0.9988 0.0329
vn 0.0659 -0.9942 0.0844
vn 0.0418 -0.9936 0.1047
vn -0.0081 -0.9924 0.1229
vn -0.0198 -0.9981 0.0575
vn 0.0405 -0.9990 0.0214
vn 0.0319 -0.9780 0.2062
vn -0.0090 -0.9764 0.2157
vn -0.0331 -0.9924 0.1184
vn -0.0311 -0.9981 0.0523
vn 0.0423 -0.9991 0.0088
vn 0.0994 -0.9944 0.0364
vn 0.0866 -0.9944 0.0605
vn 0.1211 -0.9825 0.1418
vn 0.0746 -0.9807 0.1807
vn -0.0511 -0.9768 0.2080
vn -0.0413 -0.9982 0.0438
vn 0.0404 -0.9992 -0.0038
vn 0.1040 -0.9945 0.0098
vn 0.0505 -0.9409 0.3349
vn -0.0112 -0.9359 0.3520
vn -0.0743 -0.9380 0.3385
vn -0.0923 -0.9786 0.1842
vn -0.0580 -0.9927 0.1058
vn -0.0806 -0.9930 0.0869
vn -0.0493 -0.9982 0.0333
vn 0.0346 -0.9993 -0.0153
vn 0.1848 -0.9813 0.0546
vn 0.1587 -0.9823 0.0993
vn 0.2008 -0.9526 0.2286
vn 0.1232 -0.9485 0.2919
vn -0.0546 -0.9983 0.0211
vn 0.0259 -0.9993 -0.0260
vn 0.0995 -0.9949 -0.0160
vn 0.1950 -0.9807 0.0111
vn 0.2676 -0.9508 0.1560
vn 0.1868 -0.8706 0.4551
vn 0.0770 -0.8516 0.5185
vn -0.1005 -0.8507 0.5159
vn -0.1389 -0.9443 0.2983
vn -0.0992 -0.9931 0.0628
vn -0.0565 -0.9984 0.0082
vn 0.0156 -0.9993 -0.0346
vn 0.0652 -0.9957 -0.0652
vn 0.0861 -0.9955 -0.0406
vn 0.3147 -0.9457 0.0815
vn 0.4248 -0.8745 0.2342
vn -0.0123 -0.8428 0.5380
vn -0.1339 -0.9801 0.1467
vn -0.1710 -0.9799 0.1025
vn -0.1119 -0.9931 0.0361
vn -0.0548 -0.9985 -0.0048
vn 0.0040 -0.9992 -0.0403
vn 0.0415 -0.9955 -0.0849
vn 0.1864 -0.9819 -0.0320
vn 0.3309 -0.9436 0.0137
vn 0.3129 -0.8818 0.3529
vn 0.1061 -0.6898 0.7162
vn -0.0135 -0.6755 0.7372
vn -0.1279 -0.6866 0.7157
vn -0.2025 -0.8672 0.4549
vn -0.2102 -0.9490 0.2349
vn -0.1166 -0.9931 0.0088
vn -0.0495 -0.9986 -0.0167
vn -0.0081 -0.9991 -0.0424
vn 0.0158 -0.9950 -0.0985
vn 0.1230 -0.9849 -0.1219
vn 0.1616 -0.9839 -0.0766
vn 0.4947 -0.8606 0.1213
vn 0.4517 -0.7332 0.5083
vn 0.2613 -0.7175 0.6457
vn -0.2784 -0.7133 0.6432
vn -0.2744 -0.9483 0.1594
vn -0.1955 -0.9790 0.0570
vn -0.1126 -0.9935 -0.0184
vn -0.0414 -0.9988 -0.0272
vn -0.0202 -0.9990 -0.0406
vn -0.0097 -0.9945 -0.1041
vn 0.0777 -0.9839 -0.1611
vn 0.3165 -0.9470 -0.0551
vn 0.5197 -0.8542 0.0157
vn 0.6954 -0.6992 0.1662
vn 0.6077 -0.7216 0.3315
vn 0.1288 -0.4675 0.8745
vn -0.0142 -0.4560 0.8899
vn -0.3379 -0.4942 0.8010
vn -0.4507 -0.7308 0.5126
vn -0.3199 -0.8768 0.3591
vn -0.3190 -0.9440 0.0839
vn -0.2044 -0.9788 0.0097
vn -0.1002 -0.9940 -0.0443
vn -0.0812 -0.9943 -0.0690
vn -0.0315 -0.9989 -0.0354
vn 0.0325 -0.9817 -0.1876
vn 0.1331 -0.9513 -0.2782
vn 0.2745 -0.9524 -0.1323
vn 0.5043 -0.8585 -0.0931
vn 0.7599 -0.4978 0.4180
vn 0.5696 -0.5100 0.6446
vn 0.3261 -0.4939 0.8060
vn -0.1512 -0.4666 0.8715
vn -0.4252 -0.8722 0.2417
vn -0.1967 -0.9798 -0.0362
vn -0.0593 -0.9944 -0.0879
vn -0.0344 -0.9944 -0.1004
vn -0.0110 -0.9804 -0.1969
vn 0.0576 -0.9448 -0.3226
vn 0.2112 -0.9547 -0.2096
vn 0.4446 -0.8697 -0.2142
vn 0.7114 -0.6893 -0.1373
vn 0.7278 -0.6856 0.0161
vn 0.8571 -0.4737 0.2024
vn 0.1400 -0.2510 0.9578
vn -0.1623 -0.2530 0.9538
vn -0.5633 -0.5134 0.6474
vn -0.5999 -0.7245 0.3395
vn -0.4920 -0.8617 0.1243
vn -0.3354 -0.9420 0.0124
vn -0.1734 -0.9814 -0.0818
vn -0.1372 -0.9822 -0.1279
vn -0.0536 -0.9806 -0.1886
vn -0.0133 -0.9406 -0.3391
vn 0.0949 -0.8497 -0.5186
vn 0.2184 -0.8649 -0.4519
vn 0.9415 -0.2536 0.2221
vn 0.8425 -0.2681 0.4672
vn 0.6335 -0.2756 0.7230
vn 0.3607 -0.2661 0.8939
vn -0.0135 -0.2448 0.9695
vn -0.6268 -0.2812 0.7266
vn -0.7495 -0.5055 0.4275
vn -0.3689 -0.2696 0.8895
vn -0.6880 -0.7053 0.1710
vn -0.5171 -0.8558 0.0132
vn -0.3226 -0.9444 -0.0631
vn -0.0974 -0.9817 -0.1639
vn -0.0829 -0.9418 -0.3259
vn -0.0156 -0.8413 -0.5403
vn 0.3424 -0.8744 -0.3439
vn 0.6410 -0.6999 -0.3151
vn 0.8884 -0.4587 0.0160
vn 0.9699 -0.2430 0.0153
vn 0.1431 -0.0903 0.9856
vn -0.0127 -0.0893 0.9959
vn -0.8332 -0.2763 0.4790
vn -0.1639 -0.0921 0.9822
vn -0.8495 -0.4846 0.2087
vn -0.5013 -0.8594 -0.1009
vn -0.2848 -0.9486 -0.1384
vn -0.2230 -0.9501 -0.2181
vn -0.1537 -0.9466 -0.2832
vn 0.1411 -0.6552 -0.7421
vn 0.3208 -0.6798 -0.6595
vn 0.5023 -0.6995 -0.5084
vn 0.8726 -0.4565 -0.1740
vn 0.9963 -0.0854 0.0138
vn 0.8691 -0.0948 0.4854
vn 0.6532 -0.0970 0.7510
vn 0.3712 -0.0943 0.9237
vn -0.6469 -0.1014 0.7558
vn -0.3788 -0.0977 0.9203
vn -0.7203 -0.6935 0.0133
vn -0.1227 -0.8464 -0.5182
vn -0.0162 -0.6452 -0.7638
vn 0.7945 -0.4566 -0.4003
vn 0.9691 -0.0902 0.2295
vn 0.9520 -0.2358 -0.1954
vn 0.1433 0.0137 0.9896
vn -0.1633 0.0138 0.9865
vn -0.8614 -0.0997 0.4980
vn -0.9370 -0.2628 0.2301
vn -0.8824 -0.4704 0.0137
vn -0.7030 -0.6963 -0.1447
vn -0.4450 -0.8675 -0.2223
vn -0.3493 -0.8687 -0.3512
vn -0.2365 -0.8594 -0.4533
vn -0.1688 -0.6543 -0.7372
vn 0.1765 -0.3960 -0.9011
vn 0.3988 -0.4198 -0.8153
vn 0.6279 -0.4454 -0.6382
vn 0.8669 -0.2258 -0.4445
vn 0.9728 0.0140 0.2313
vn 0.9756 -0.0785 -0.2049
vn 0.8719 0.0150 0.4895
vn 0.6544 0.0155 0.7560
vn 0.3717 0.0148 0.9282
vn -0.0122 0.0133 0.9998
vn -0.6484 0.0155 0.7612
vn -0.3788 0.0148 0.9254
vn -0.3333 -0.6781 -0.6551
vn -0.2015 -0.3999 -0.8941
vn -0.0152 -0.3884 -0.9213
vn 0.6831 -0.2065 -0.7006
vn 0.9998 0.0139 0.0127
vn 0.9779 0.0156 -0.2085
vn 0.1424 0.0809 0.9865
vn -0.0122 0.0809 0.9966
vn -0.1622 0.0831 0.9833
vn -0.8646 0.0151 0.5022
vn -0.9665 -0.0952 0.2384
vn -0.9674 -0.2528 0.0133
vn -0.8648 -0.4673 -0.1836
vn -0.6321 -0.7032 -0.3254
vn -0.5007 -0.6991 -0.5105
vn 0.4324 -0.1831 -0.8829
vn -0.0134 -0.1663 -0.9860
vn 0.8853 -0.0672 -0.4600
vn 0.9696 0.0799 0.2312
vn 0.8852 0.0205 -0.4648
vn 0.8685 0.0830 0.4887
vn 0.6512 0.0846 0.7542
vn 0.3695 0.0829 0.9255
vn -0.3763 0.0869 0.9224
vn -0.6445 0.0897 0.7593
vn -0.9958 -0.0906 0.0123
vn -0.7832 -0.4657 -0.4119
vn -0.4077 -0.4249 -0.8082
vn 0.1917 -0.1686 -0.9669
vn -0.2135 -0.1745 -0.9612
vn 0.6936 -0.0513 -0.7185
vn 0.9970 0.0763 0.0125
vn 0.9753 0.0717 -0.2092
vn 0.1409 0.1322 0.9812
vn -0.0126 0.1330 0.9910
vn -0.1610 0.1366 0.9775
vn -0.8607 0.0885 0.5014
vn -0.9706 0.0143 0.2403
vn -0.9470 -0.2460 -0.2064
vn -0.6213 -0.4519 -0.6402
vn -0.4401 -0.1929 -0.8770
vn 0.4380 -0.0360 -0.8983
vn -0.2150 -0.0323 -0.9761
vn 0.1953 -0.0282 -0.9803
vn 0.9645 0.1299 0.2299
vn 0.8825 0.0663 -0.4656
vn 0.8637 0.1342 0.4858
vn 0.6472 0.1362 0.7500
vn 0.3664 0.1343 0.9207
vn -0.3731 0.1421 0.9168
vn -0.6393 0.1463 0.7549
vn -0.9998 0.0144 0.0113
vn -0.9727 -0.0844 -0.2161
vn -0.8573 -0.2359 -0.4577
vn -0.4446 -0.0428 -0.8947
vn -0.0120 -0.0279 -0.9995
vn 0.6916 0.0286 -0.7217
vn 0.9716 0.1127 -0.2079
vn 0.9922 0.1237 0.0123
vn 0.6887 0.0625 -0.7223
vn 0.3621 0.1898 0.9126
vn 0.1384 0.1858 0.9728
vn -0.1593 0.1913 0.9685
vn -0.8548 0.1451 0.4984
vn -0.9671 0.0853 0.2399
vn -0.9966 0.0818 0.0108
vn -0.6762 -0.2169 -0.7041
vn 0.1948 0.0407 -0.9800
vn -0.2136 0.0397 -0.9761
vn -0.0114 0.0418 -0.9991
vn 0.4356 0.0362 -0.8994
vn 0.9566 0.1827 0.2268
vn 0.8809 0.0962 -0.4634
vn 0.8562 0.1891 0.4807
vn -0.0133 0.1865 0.9824
vn -0.3686 0.1998 0.9079
vn -0.6318 0.2067 0.7470
vn -0.9754 0.0162 -0.2197
vn -0.8771 -0.0738 -0.4746
vn -0.6883 -0.0586 -0.7230
vn -0.4418 0.0349 -0.8965
vn 0.4333 0.0631 -0.8990
vn 0.9847 0.1736 0.0121
vn 0.6869 0.0808 -0.7222
vn 0.9660 0.1576 -0.2049
vn 0.6405 0.1927 0.7434
vn 0.1349 0.2543 0.9577
vn -0.0141 0.2529 0.9674
vn -0.1573 0.2606 0.9525
vn -0.8454 0.2048 0.4934
vn -0.9610 0.1403 0.2385
vn -0.9724 0.0773 -0.2203
vn -0.0112 0.0711 -0.9974
vn 0.1924 0.0675 -0.9790
vn -0.6860 0.0273 -0.7271
vn -0.2118 0.0709 -0.9747
vn 0.4299 0.0761 -0.8997
vn 0.9411 0.2549 0.2223
vn 0.6847 0.1097 -0.7205
vn 0.8777 0.1342 -0.4600
vn 0.8405 0.2667 0.4716
vn 0.6274 0.2714 0.7298
vn 0.3552 0.2637 0.8968
vn -0.3605 0.2745 0.8914
vn -0.8279 0.2832 0.4841
vn -0.9516 0.1974 0.2357
vn -0.9910 0.1338 0.0106
vn -0.9678 0.1239 -0.2193
vn -0.8746 0.0725 -0.4795
vn -0.8776 0.0202 -0.4789
vn -0.4388 0.0689 -0.8959
vn 0.9703 0.2414 0.0123
vn 0.9540 0.2226 -0.2009
vn 0.1302 0.3453 0.9294
vn -0.0144 0.3394 0.9405
vn -0.1548 0.3498 0.9239
vn -0.6182 0.2852 0.7324
vn -0.8714 0.1094 -0.4783
vn -0.3468 0.3717 0.8611
vn -0.2098 0.0867 -0.9739
vn -0.0117 0.0852 -0.9963
vn -0.6822 0.0692 -0.7279
vn 0.1896 0.0804 -0.9786
vn 0.9105 0.3532 0.2152
vn 0.4253 0.0964 -0.8999
vn 0.8683 0.1960 -0.4557
vn 0.8095 0.3707 0.4553
vn 0.6027 0.3777 0.7029
vn 0.3431 0.3638 0.8660
vn -0.9341 0.2723 0.2309
vn -0.5927 0.3896 0.7049
vn -0.9821 0.1880 0.0103
vn -0.9606 0.1732 -0.2173
vn -0.4357 0.0876 -0.8958
vn 0.1870 0.0975 -0.9775
vn 0.9265 0.3213 -0.1960
vn 0.9413 0.3373 0.0117
vn 0.4196 0.1439 -0.8963
vn 0.6784 0.1657 -0.7158
vn 0.8440 0.2980 -0.4459
vn 0.1232 0.4578 0.8805
vn -0.0142 0.4479 0.8940
vn -0.3275 0.4870 0.8097
vn -0.7951 0.3876 0.4664
vn -0.9657 0.2594 0.0099
vn -0.8667 0.1517 -0.4751
vn -0.6797 0.0951 -0.7273
vn -0.0132 0.1036 -0.9945
vn -0.2075 0.1076 -0.9723
vn 0.8882 0.4594 0.0093
vn 0.8549 0.4774 0.2030
vn 0.1813 0.1401 -0.9734
vn 0.7540 0.4994 0.4268
vn 0.5593 0.5063 0.6564
vn 0.3232 0.4855 0.8123
vn -0.1479 0.4586 0.8762
vn -0.9009 0.3722 0.2233
vn -0.9343 0.3564 0.0087
vn -0.5512 0.5128 0.6582
vn -0.9464 0.2422 -0.2137
vn -0.4319 0.1130 -0.8948
vn 0.8736 0.4482 -0.1896
vn 0.4069 0.2348 -0.8828
vn 0.6601 0.2652 -0.7028
vn 0.1172 0.5810 0.8054
vn -0.1367 0.5783 0.8042
vn -0.7395 0.5121 0.4369
vn -0.8555 0.2173 -0.4700
vn -0.6762 0.1284 -0.7255
vn -0.2041 0.1513 -0.9672
vn -0.0145 0.1453 -0.9893
vn 0.7940 0.4340 -0.4256
vn 0.8037 0.5950 0.0056
vn 0.6718 0.6330 0.3846
vn 0.1734 0.2199 -0.9600
vn 0.4996 0.6363 0.5878
vn -0.0146 0.5652 0.8248
vn 0.2915 0.6130 0.7344
vn -0.3006 0.6105 0.7327
vn -0.8434 0.4943 0.2105
vn -0.8786 0.4776 0.0064
vn -0.9165 0.3412 -0.2089
vn -0.4932 0.6382 0.5912
vn -0.8290 0.3190 -0.4594
vn -0.4257 0.1636 -0.8899
vn -0.0158 0.2199 -0.9754
vn 0.7096 0.5854 -0.3922
vn 0.7693 0.6115 0.1849
vn 0.7878 0.5895 -0.1785
vn 0.3832 0.3681 -0.8471
vn 0.6193 0.4062 -0.6719
vn -0.0135 0.6826 0.7306
vn 0.2534 0.7293 0.6355
vn -0.1259 0.6936 0.7093
vn -0.6596 0.6401 0.3940
vn -0.8615 0.4659 -0.2020
vn -0.6473 0.2862 -0.7064
vn -0.6677 0.1877 -0.7204
vn -0.1986 0.2305 -0.9526
vn -0.4136 0.2528 -0.8747
vn 0.5523 0.5636 -0.6143
vn 0.6914 0.7225 0.0009
vn 0.5717 0.7501 0.3325
vn 0.1629 0.3400 -0.9262
vn 0.1115 0.6980 0.7074
vn -0.2676 0.7247 0.6350
vn -0.7579 0.6237 0.1911
vn -0.7929 0.6093 0.0022
vn -0.4225 0.7496 0.5095
vn -0.6073 0.4197 -0.6745
vn -0.1900 0.3474 -0.9183
vn 0.6733 0.7212 -0.1630
vn 0.5990 0.7217 -0.3469
vn 0.6595 0.7343 0.1606
vn -0.0174 0.3339 -0.9425
vn 0.1471 0.4879 -0.8604
vn 0.4255 0.7525 0.5027
vn -0.0110 0.7878 0.6158
vn 0.2214 0.8202 0.5275
vn -0.1118 0.7955 0.5955
vn -0.5631 0.7528 0.3409
vn -0.7751 0.6027 -0.1896
vn -0.7774 0.4505 -0.4391
vn -0.3908 0.3792 -0.8387
vn 0.4663 0.7070 -0.5317
vn 0.5646 0.8253 -0.0049
vn 0.5381 0.8324 0.1326
vn -0.0179 0.4756 -0.8795
vn 0.3453 0.5233 -0.7790
vn 0.3493 0.8396 0.4160
vn 0.0989 0.7973 0.5954
vn -0.3504 0.8349 0.4244
vn -0.2329 0.8165 0.5283
vn -0.6499 0.7416 0.1659
vn -0.6827 0.7307 -0.0027
vn -0.6641 0.7273 -0.1732
vn -0.5447 0.5674 -0.6175
vn -0.3550 0.5246 -0.7738
vn -0.1747 0.4890 -0.8546
vn 0.5457 0.8254 -0.1447
vn 0.2944 0.6725 -0.6790
vn 0.4814 0.8256 -0.2945
vn 0.4645 0.8417 0.2754
vn -0.0168 0.6223 -0.7826
vn 0.1279 0.6374 -0.7599
vn -0.0093 0.8709 0.4913
vn -0.0951 0.8760 0.4728
vn 0.2790 0.9027 0.3275
vn 0.0836 0.8790 0.4694
vn -0.4618 0.8406 0.2830
vn -0.6949 0.5940 -0.4054
vn 0.2420 0.7915 -0.5612
vn 0.3739 0.8157 -0.4415
vn 0.4189 0.9021 0.1039
vn 0.4236 0.8971 -0.1253
vn 0.3634 0.9057 0.2185
vn -0.1553 0.6359 -0.7560
vn 0.1829 0.8926 0.4121
vn -0.2826 0.8986 0.3355
vn -0.1908 0.8877 0.4191
vn -0.5327 0.8351 0.1369
vn -0.5593 0.8290 -0.0072
vn -0.5903 0.7229 -0.3591
vn -0.3057 0.6689 -0.6776
vn 0.3724 0.8959 -0.2424
vn 0.1073 0.7639 -0.6363
vn 0.4395 0.8982 -0.0105
vn -0.0146 0.7520 -0.6590
vn -0.0779 0.9339 0.3491
vn -0.0061 0.9322 0.3619
vn 0.2685 0.9498 0.1608
vn 0.2120 0.9471 0.2410
vn 0.1410 0.9413 0.3068
vn -0.1449 0.9397 0.3099
vn -0.3636 0.9043 0.2236
vn -0.5411 0.8267 -0.1541
vn -0.4646 0.7034 -0.5380
vn 0.0871 0.8580 -0.5062
vn 0.2909 0.8879 -0.3564
vn 0.3066 0.9489 0.0741
vn 0.3075 0.9459 -0.1037
vn 0.3201 0.9473 -0.0149
vn -0.1330 0.7593 -0.6371
vn 0.0699 0.9356 0.3461
vn -0.4169 0.9027 0.1064
vn -0.4366 0.8996 -0.0124
vn -0.4784 0.8231 -0.3061
vn -0.2144 0.9459 0.2437
vn -0.3770 0.8097 -0.4497
vn -0.2547 0.7834 -0.5670
vn -0.0124 0.8499 -0.5269
vn 0.1932 0.8735 -0.4469
vn 0.2141 0.9386 -0.2705
vn 0.2706 0.9436 -0.1908
vn -0.1053 0.8543 -0.5091
vn -0.0033 0.9728 0.2316
vn -0.1003 0.9750 0.1985
vn 0.2015 0.9785 0.0434
vn 0.1785 0.9786 0.1020
vn 0.0957 0.9759 0.1960
vn -0.2704 0.9488 0.1636
vn -0.4211 0.8973 -0.1324
vn -0.0086 0.9185 -0.3952
vn 0.0667 0.9227 -0.3796
vn 0.1433 0.9306 -0.3368
vn 0.2017 0.9762 -0.0801
vn -0.0547 0.9732 0.2235
vn 0.0494 0.9737 0.2224
vn 0.1427 0.9780 0.1524
vn -0.3073 0.9487 0.0749
vn -0.3206 0.9471 -0.0169
vn -0.3721 0.8932 -0.2525
vn -0.1452 0.9771 0.1554
vn -0.2973 0.8826 -0.3641
vn -0.0810 0.9206 -0.3820
vn 0.0967 0.9678 -0.2323
vn 0.1783 0.9741 -0.1392
vn 0.2097 0.9776 -0.0190
vn -0.2064 0.8678 -0.4521
vn -0.0289 0.9944 0.1019
vn -0.0527 0.9946 0.0890
vn -0.0022 0.9944 0.1057
vn 0.1010 0.9948 0.0115
vn 0.0904 0.9950 0.0418
vn 0.0731 0.9950 0.0684
vn 0.0508 0.9947 0.0889
vn -0.1805 0.9782 0.1027
vn -0.3090 0.9448 -0.1091
vn -0.0568 0.9633 -0.2624
vn 0.0457 0.9644 -0.2604
vn 0.1431 0.9713 -0.1901
vn 0.1009 0.9934 -0.0538
vn 0.1046 0.9943 -0.0215
vn 0.0256 0.9945 0.1012
vn -0.2035 0.9781 0.0428
vn -0.2117 0.9771 -0.0203
vn -0.2749 0.9408 -0.1983
vn -0.0749 0.9949 0.0673
vn -0.1532 0.9274 -0.3413
vn -0.1040 0.9661 -0.2364
vn -0.0050 0.9627 -0.2705
vn 0.0236 0.9894 -0.1430
vn 0.0489 0.9903 -0.1297
vn 0.0898 0.9924 -0.0842
vn -0.0018 0.9997 -0.0223
vn -0.0922 0.9949 0.0410
vn -0.2043 0.9753 -0.0835
vn -0.2218 0.9348 -0.2775
vn -0.0291 0.9892 -0.1440
vn -0.0032 0.9890 -0.1481
vn 0.0723 0.9914 -0.1094
vn -0.1035 0.9946 0.0105
vn -0.1077 0.9939 -0.0223
vn -0.1821 0.9729 -0.1421
vn -0.1472 0.9699 -0.1940
vn -0.0553 0.9898 -0.1312
vn -0.1043 0.9930 -0.0552
vn -0.0768 0.9907 -0.1122
vn -0.0937 0.9919 -0.0858
vn 0.6836 0.2496 -0.6859
vn 0.6836 0.3861 -0.6194
vn 0.6836 0.2492 -0.6859
vn 0.6933 0.3683 -0.6194
vn 0.6503 0.0790 -0.7556
vn 0.6736 0.3419 -0.6553
vn 0.6504 0.0790 -0.7555
vn 0.6558 0.3736 -0.6560
vn 0.5882 -0.1089 -0.8013
vn 0.5853 -0.1006 -0.8045
vn 0.6417 0.3513 -0.6818
vn 0.6284 -0.0075 -0.7778
vn 0.6339 0.3652 -0.6818
vn 0.6067 -0.0475 -0.7935
vn 0.6075 0.5084 -0.6103
vn 0.6075 0.5085 -0.6102
vn 0.6572 0.0758 -0.7499
vn 0.6430 0.0329 -0.7651
vn 0.5578 -0.0948 -0.8245
vn 0.5579 -0.0956 -0.8244
vn -0.5105 -0.8470 -0.1481
vn -0.7821 -0.6135 0.1091
vn -0.7677 -0.6200 0.1617
vn -0.5598 -0.8149 -0.1506
vn 0.0629 0.9980 -0.0044
vn 0.0160 0.9996 0.0229
vn 0.1561 0.9860 -0.0591
vn 0.2483 0.9620 -0.1136
vn 0.3390 0.9257 -0.1676
vn 0.4273 0.8767 -0.2207
vn 0.3080 0.9356 -0.1727
vn 0.2585 0.9446 -0.2023
vn 0.3829 0.8913 -0.2431
vn 0.5707 0.6245 -0.5332
vn 0.5708 0.6244 -0.5332
vn 0.4836 -0.1938 -0.8536
vn 0.4849 -0.1901 -0.8536
vn -0.8463 -0.5299 0.0544
vn -0.0311 0.9983 0.0502
vn 0.3122 0.8934 -0.3232
vn 0.5493 0.6744 -0.4933
vn 0.3992 -0.2894 -0.8700
vn 0.2163 -0.4615 -0.8604
vn 0.0301 -0.5970 -0.8017
vn -0.1327 -0.6872 -0.7143
vn -0.1345 -0.6664 -0.7334
vn 0.1507 -0.4020 -0.9031
vn -0.1470 -0.6200 -0.7707
vn 0.3977 -0.2922 -0.8698
vn -0.7697 -0.6361 -0.0545
vn -0.9141 -0.3978 0.0784
vn -0.9460 -0.2984 0.1264
vn -0.9656 -0.1935 0.1735
vn -0.9721 -0.0841 0.2190
vn -0.9719 -0.0818 0.2207
vn -0.9682 0.0007 0.2501
vn -0.9683 -0.0005 0.2498
vn -0.9674 0.0198 0.2523
vn -0.9668 0.0248 0.2544
vn -0.9615 0.0847 0.2614
vn -0.9609 0.0889 0.2622
vn -0.9364 0.2155 0.2769
vn -0.9364 0.2154 0.2769
vn -0.8959 0.3390 0.2872
vn -0.8398 0.4572 0.2927
vn -0.7692 0.5678 0.2932
vn -0.7945 0.5390 0.2797
vn -0.7962 0.5545 0.2422
vn -0.7348 0.6241 0.2656
vn -0.7732 0.5969 0.2142
vn -0.7375 0.6370 0.2243
vn 0.4060 0.8055 -0.4317
vn 0.4681 0.7689 -0.4355
vn 0.4192 0.8042 -0.4213
vn 0.4920 0.7756 -0.3954
vn 0.4792 0.7829 -0.3968
vn -0.1254 0.9866 0.1048
vn -0.0312 0.9982 0.0503
vn 0.2985 0.8970 -0.3261
vn 0.5492 0.6746 -0.4933
vn 0.5166 -0.0853 -0.8519
vn -0.6919 0.6949 0.1962
vn -0.5986 0.7749 0.2031
vn 0.5280 0.7164 -0.4560
vn 0.3682 0.8323 -0.4143
vn 0.5280 0.7165 -0.4559
vn -0.2195 0.9626 0.1589
vn -0.5912 0.7746 0.2248
vn -0.4738 0.8473 0.2401
vn -0.3128 0.9258 0.2121
vn -0.3129 0.9258 0.2121
vn -0.4887 0.8232 0.2888
vn -0.4674 0.8319 0.2991
vn -0.4047 0.8755 0.2640
vn 0.7211 -0.3785 0.5803
vn 0.6266 -0.2778 0.7281
vn 0.7213 -0.3797 0.5792
vn 0.5669 -0.5088 0.6478
vn 0.7427 -0.2977 0.5999
vn 0.7304 -0.3801 0.5675
vn 0.7256 -0.3807 0.5732
vn 0.6737 -0.5062 0.5384
vn 0.4731 -0.3767 0.7964
vn 0.6497 -0.0985 0.7538
vn 0.4530 -0.7274 0.5155
vn 0.4468 -0.4907 0.7481
vn 0.3687 -0.2670 0.8904
vn 0.7647 -0.1731 0.6207
vn 0.3809 -0.0969 0.9195
vn 0.6073 -0.6309 0.4829
vn 0.6073 -0.6311 0.4827
vn 0.3895 -0.3721 0.8425
vn 0.7648 -0.1730 0.6206
vn 0.5037 -0.0285 0.8634
vn 0.5034 -0.0277 0.8636
vn 0.5038 -0.0285 0.8633
vn 0.5038 -0.0285 0.8634
vn 0.5045 -0.0304 0.8629
vn 0.6186 -0.0266 0.7852
vn 0.6078 -0.6288 0.4850
vn 0.4019 -0.6250 0.6691
vn 0.2407 -0.2617 0.9346
vn 0.2474 -0.1205 0.9614
vn 0.7649 -0.1728 0.6206
vn 0.7714 -0.1306 0.6228
vn 0.5016 -0.0230 0.8648
vn 0.5583 -0.6988 0.4472
vn 0.6088 -0.6247 0.4891
vn 0.6088 -0.6246 0.4891
vn 0.4086 -0.6176 0.6720
vn 0.4085 -0.6176 0.6720
vn 0.4087 -0.6176 0.6720
vn 0.3958 -0.6480 0.6507
vn 0.2330 -0.3616 0.9027
vn 0.2330 -0.3617 0.9027
vn 0.2449 -0.1590 0.9564
vn 0.2444 -0.1596 0.9565
vn 0.2445 -0.1597 0.9564
vn 0.2446 -0.1597 0.9564
vn 0.2490 -0.0319 0.9680
vn 0.7657 -0.1708 0.6201
vn 0.7732 -0.0292 0.6334
vn 0.7682 -0.1651 0.6186
vn 0.5027 -0.0255 0.8641
vn 0.4473 -0.8207 0.3555
vn 0.3038 -0.8142 0.4948
vn 0.2466 -0.0309 0.9686
vn 0.7697 -0.1603 0.6179
vn 0.7715 -0.0343 0.6353
vn 0.5028 -0.0256 0.8641
vn 0.3783 -0.8237 0.4224
vn 0.4484 -0.8198 0.3562
vn 0.4483 -0.8199 0.3562
vn 0.3041 -0.8123 0.4978
vn 0.3043 -0.8195 0.4856
vn 0.4181 -0.0285 0.9079
vn 0.5028 -0.0257 0.8640
vn 0.5032 -0.0262 0.8638
vn 0.5030 -0.0259 0.8639
vn -0.8881 -0.2011 0.4133
vn -0.8783 -0.1283 0.4606
vn -0.8722 -0.4798 0.0956
vn -0.8871 -0.4263 0.1768
vn -0.8409 -0.5411 0.0073
vn -0.6326 -0.7224 -0.2793
vn -0.6126 -0.7054 -0.3565
vn -0.6895 -0.6913 -0.2161
vn -0.6928 -0.6892 -0.2123
vn -0.6928 -0.6892 -0.2122
vn -0.7438 -0.6520 -0.1471
vn -0.7870 -0.6113 -0.0833
vn -0.8235 -0.5669 -0.0203
vn -0.8237 -0.5666 -0.0216
vn -0.7113 -0.6456 -0.2779
vn -0.6250 -0.6409 -0.4457
vn -0.3761 -0.5301 -0.7600
vn -0.4612 -0.5492 -0.6969
vn -0.5958 -0.5672 -0.5686
vn -0.5937 -0.5643 -0.5737
vn -0.5483 -0.5682 -0.6136
vn -0.5490 -0.5682 -0.6130
vn -0.5773 -0.5693 -0.5854
vn -0.6207 -0.5842 -0.5229
vn -0.6155 -0.5654 -0.5490
vn -0.5207 -0.5718 -0.6340
vn -0.5701 -0.5675 -0.5940
vn -0.5119 -0.5676 -0.6449
vn -0.6836 0.3861 -0.6194
vn -0.6836 0.2492 -0.6859
vn -0.6933 0.3683 -0.6194
vn -0.6836 0.2496 -0.6859
vn -0.6503 0.0790 -0.7556
vn -0.6736 0.3419 -0.6553
vn -0.6504 0.0790 -0.7555
vn -0.6558 0.3736 -0.6560
vn -0.5882 -0.1089 -0.8013
vn -0.5853 -0.1006 -0.8045
vn -0.6417 0.3513 -0.6818
vn -0.6285 -0.0075 -0.7778
vn -0.6339 0.3652 -0.6818
vn -0.6067 -0.0475 -0.7935
vn -0.6075 0.5085 -0.6102
vn -0.6075 0.5084 -0.6103
vn -0.6572 0.0759 -0.7499
vn -0.6430 0.0329 -0.7651
vn -0.5578 -0.0948 -0.8245
vn -0.5579 -0.0956 -0.8244
vn 0.7677 -0.6200 0.1618
vn 0.7821 -0.6135 0.1091
vn 0.5105 -0.8470 -0.1482
vn 0.5597 -0.8149 -0.1506
vn -0.0160 0.9996 0.0229
vn -0.0629 0.9980 -0.0044
vn -0.1561 0.9860 -0.0591
vn -0.2483 0.9620 -0.1136
vn -0.3390 0.9257 -0.1676
vn -0.4273 0.8768 -0.2207
vn -0.3081 0.9356 -0.1727
vn -0.3829 0.8913 -0.2431
vn -0.2585 0.9446 -0.2023
vn -0.5707 0.6245 -0.5332
vn -0.5708 0.6244 -0.5332
vn -0.4849 -0.1901 -0.8536
vn -0.4836 -0.1938 -0.8536
vn 0.8463 -0.5299 0.0544
vn 0.0311 0.9983 0.0502
vn -0.3122 0.8934 -0.3232
vn -0.5493 0.6744 -0.4933
vn -0.3992 -0.2894 -0.8700
vn -0.2163 -0.4615 -0.8604
vn -0.0301 -0.5970 -0.8017
vn 0.1327 -0.6872 -0.7143
vn 0.1345 -0.6664 -0.7334
vn 0.1470 -0.6200 -0.7707
vn -0.1507 -0.4020 -0.9031
vn -0.3977 -0.2922 -0.8698
vn 0.7697 -0.6361 -0.0545
vn 0.9141 -0.3978 0.0784
vn 0.9460 -0.2984 0.1264
vn 0.9656 -0.1935 0.1735
vn 0.9721 -0.0840 0.2190
vn 0.9719 -0.0818 0.2207
vn 0.9683 -0.0005 0.2498
vn 0.9682 0.0007 0.2501
vn 0.9668 0.0248 0.2544
vn 0.9674 0.0198 0.2523
vn 0.9609 0.0889 0.2622
vn 0.9615 0.0847 0.2614
vn 0.9364 0.2155 0.2769
vn 0.9364 0.2154 0.2769
vn 0.8959 0.3390 0.2872
vn 0.8398 0.4572 0.2927
vn 0.7692 0.5678 0.2932
vn 0.7945 0.5390 0.2797
vn 0.7348 0.6241 0.2656
vn 0.7962 0.5545 0.2422
vn 0.7375 0.6370 0.2243
vn 0.7732 0.5969 0.2142
vn -0.4192 0.8042 -0.4213
vn -0.4681 0.7689 -0.4355
vn -0.4060 0.8055 -0.4317
vn -0.4792 0.7829 -0.3968
vn -0.4920 0.7756 -0.3954
vn 0.1254 0.9866 0.1048
vn 0.0312 0.9982 0.0503
vn -0.2985 0.8970 -0.3261
vn -0.5492 0.6746 -0.4933
vn -0.5166 -0.0853 -0.8519
vn 0.5986 0.7749 0.2031
vn 0.6918 0.6949 0.1962
vn -0.5280 0.7164 -0.4560
vn -0.3682 0.8323 -0.4143
vn -0.5280 0.7165 -0.4559
vn 0.2195 0.9626 0.1589
vn 0.5911 0.7746 0.2248
vn 0.4738 0.8473 0.2401
vn 0.3129 0.9258 0.2121
vn 0.3128 0.9258 0.2121
vn 0.4888 0.8232 0.2888
vn 0.4674 0.8319 0.2991
vn 0.4047 0.8755 0.2640
vn -0.7213 -0.3797 0.5792
vn -0.6266 -0.2778 0.7281
vn -0.7211 -0.3785 0.5803
vn -0.5669 -0.5088 0.6478
vn -0.7427 -0.2976 0.5998
vn -0.7256 -0.3807 0.5732
vn -0.7304 -0.3801 0.5675
vn -0.6737 -0.5062 0.5384
vn -0.4731 -0.3767 0.7964
vn -0.6497 -0.0985 0.7538
vn -0.4530 -0.7274 0.5155
vn -0.4468 -0.4907 0.7481
vn -0.3687 -0.2670 0.8904
vn -0.7647 -0.1731 0.6207
vn -0.3809 -0.0969 0.9195
vn -0.6073 -0.6311 0.4827
vn -0.6073 -0.6309 0.4829
vn -0.3895 -0.3721 0.8425
vn -0.7648 -0.1730 0.6206
vn -0.5034 -0.0277 0.8636
vn -0.6186 -0.0266 0.7852
vn -0.5045 -0.0278 0.8629
vn -0.5038 -0.0285 0.8634
vn -0.5037 -0.0285 0.8634
vn -0.6078 -0.6288 0.4850
vn -0.4020 -0.6251 0.6691
vn -0.2407 -0.2617 0.9346
vn -0.2474 -0.1205 0.9614
vn -0.7649 -0.1728 0.6206
vn -0.7714 -0.1306 0.6228
vn -0.5016 -0.0230 0.8648
vn -0.6088 -0.6246 0.4891
vn -0.6088 -0.6247 0.4891
vn -0.5583 -0.6988 0.4472
vn -0.4086 -0.6176 0.6720
vn -0.3958 -0.6480 0.6507
vn -0.2330 -0.3616 0.9027
vn -0.2330 -0.3617 0.9027
vn -0.2332 -0.3616 0.9027
vn -0.2449 -0.1590 0.9564
vn -0.2446 -0.1598 0.9564
vn -0.2445 -0.1597 0.9564
vn -0.2490 -0.0319 0.9680
vn -0.7657 -0.1708 0.6201
vn -0.7732 -0.0292 0.6335
vn -0.7682 -0.1651 0.6186
vn -0.5027 -0.0255 0.8641
vn -0.4474 -0.8207 0.3555
vn -0.3038 -0.8142 0.4948
vn -0.2466 -0.0309 0.9686
vn -0.7697 -0.1603 0.6179
vn -0.7715 -0.0343 0.6353
vn -0.5027 -0.0256 0.8641
vn -0.4483 -0.8199 0.3561
vn -0.4484 -0.8198 0.3562
vn -0.3783 -0.8237 0.4224
vn -0.3041 -0.8122 0.4978
vn -0.3043 -0.8195 0.4856
vn -0.4182 -0.0285 0.9079
vn -0.5028 -0.0257 0.8640
vn -0.5032 -0.0262 0.8638
vn -0.5030 -0.0259 0.8639
vn 0.8722 -0.4798 0.0956
vn 0.8783 -0.1282 0.4606
vn 0.8881 -0.2010 0.4133
vn 0.8871 -0.4263 0.1768
vn 0.8409 -0.5411 0.0073
vn 0.6126 -0.7054 -0.3565
vn 0.6326 -0.7224 -0.2793
vn 0.6895 -0.6913 -0.2161
vn 0.6928 -0.6892 -0.2122
vn 0.6928 -0.6892 -0.2123
vn 0.7438 -0.6520 -0.1471
vn 0.7870 -0.6113 -0.0833
vn 0.8235 -0.5669 -0.0203
vn 0.8237 -0.5666 -0.0216
vn 0.7113 -0.6456 -0.2779
vn 0.6250 -0.6409 -0.4457
vn 0.3761 -0.5301 -0.7600
vn 0.4612 -0.5492 -0.6969
vn 0.5958 -0.5672 -0.5686
vn 0.5937 -0.5643 -0.5737
vn 0.5490 -0.5682 -0.6130
vn 0.5483 -0.5682 -0.6136
vn 0.6155 -0.5654 -0.5490
vn 0.6207 -0.5842 -0.5229
vn 0.5772 -0.5693 -0.5854
vn 0.5701 -0.5675 -0.5940
vn 0.5207 -0.5718 -0.6340
vn 0.5119 -0.5676 -0.6449
vn -0.0000 -0.0000 1.0000
vn -0.0000 0.0001 1.0000
vn -0.0000 0.0005 1.0000
vn -0.0000 -0.0003 1.0000
vn -0.1209 0.9927 -0.0000
vn 0.9927 0.1209 -0.0000
vn 0.9883 0.1528 -0.0000
vn 0.9461 0.3240 -0.0000
vn 0.8542 0.5199 -0.0000
vn 0.7875 0.6163 -0.0000
vn 0.6931 0.7208 -0.0000
vn 0.5050 0.8631 -0.0000
vn 0.3266 0.9452 -0.0000
vn 0.1969 0.9804 -0.0000
vn 0.1968 0.9804 -0.0000
vn 0.0529 0.9986 -0.0000
vn -0.0670 0.9977 -0.0000
vn -0.0671 0.9977 -0.0000
vn -0.1731 0.9849 -0.0000
vn -0.1732 0.9849 -0.0000
vn -0.2871 0.9579 -0.0000
vn -0.2872 0.9579 -0.0000
vn -0.4156 0.9095 -0.0000
vn -0.4157 0.9095 -0.0000
vn -0.5362 0.8441 -0.0000
vn -0.5361 0.8441 -0.0000
vn -0.6620 0.7495 -0.0000
vn -0.6619 0.7496 -0.0000
vn -0.7716 0.6361 -0.0000
vn -0.7715 0.6362 -0.0000
vn -0.8305 0.5571 -0.0000
vn -0.8524 0.5229 -0.0000
vn -0.8122 0.5834 -0.0000
vn -0.6635 0.7482 -0.0000
vn -0.6634 0.7483 -0.0000
vn -0.4236 0.9058 -0.0000
vn -0.4236 0.9059 -0.0000
vn -0.1770 0.9842 -0.0000
vn -0.1771 0.9842 -0.0000
vn -0.0000 1.0000 -0.0000
vn 0.1770 0.9842 -0.0000
vn 0.1771 0.9842 -0.0000
vn 0.4236 0.9059 -0.0000
vn 0.4237 0.9058 -0.0000
vn 0.6634 0.7483 -0.0000
vn 0.6635 0.7482 -0.0000
vn 0.8125 0.5830 -0.0000
vn 0.8124 0.5830 -0.0000
vn 0.8479 0.5302 -0.0000
vn 0.8211 0.5708 -0.0000
vn 0.7668 0.6419 -0.0000
vn 0.6518 0.7584 -0.0000
vn 0.5034 0.8641 -0.0000
vn 0.5033 0.8641 -0.0000
vn 0.3818 0.9242 -0.0000
vn 0.3818 0.9243 -0.0000
vn 0.2757 0.9612 -0.0000
vn 0.2756 0.9613 -0.0000
vn 0.1629 0.9866 -0.0000
vn 0.1628 0.9867 -0.0000
vn 0.0334 0.9994 -0.0000
vn -0.0884 0.9961 -0.0000
vn -0.2089 0.9779 -0.0000
vn -0.3266 0.9452 -0.0000
vn -0.5050 0.8631 -0.0000
vn -0.6931 0.7208 -0.0000
vn -0.7875 0.6163 -0.0000
vn -0.8542 0.5199 -0.0000
vn -0.9461 0.3240 -0.0000
vn -0.9883 0.1528 -0.0000
vn -0.9927 0.1209 -0.0000
vn 0.1209 0.9927 -0.0000
vn -0.9925 0.1223 -0.0000
vn -0.9806 0.1960 -0.0000
vn -0.9151 0.4032 -0.0000
vn -0.9152 0.4031 -0.0000
vn -0.8157 0.5785 -0.0000
vn -0.7657 0.6432 -0.0000
vn -0.6733 0.7394 -0.0000
vn -0.6740 0.7388 -0.0000
vn -0.5299 0.8481 -0.0000
vn -0.5291 0.8486 -0.0000
vn -0.3796 0.9252 -0.0000
vn -0.3796 0.9251 -0.0000
vn -0.2544 0.9671 -0.0000
vn -0.2546 0.9671 -0.0000
vn -0.1675 0.9859 -0.0000
vn -0.1676 0.9859 -0.0000
vn -0.0620 0.9981 -0.0000
vn -0.0619 0.9981 -0.0000
vn 0.0558 0.9984 -0.0000
vn 0.1987 0.9801 -0.0000
vn 0.3264 0.9452 -0.0000
vn 0.3265 0.9452 -0.0000
vn 0.4124 0.9110 -0.0000
vn 0.4125 0.9110 -0.0000
vn 0.4979 0.8672 -0.0000
vn 0.6364 0.7714 -0.0000
vn 0.6365 0.7713 -0.0000
vn 0.7601 0.6498 -0.0000
vn 0.8172 0.5764 -0.0000
vn 0.8172 0.5763 -0.0000
vn 0.8383 0.5451 -0.0000
vn 0.7960 0.6053 -0.0000
vn 0.6608 0.7506 -0.0000
vn 0.4701 0.8826 -0.0000
vn 0.2710 0.9626 -0.0000
vn 0.0918 0.9958 -0.0000
vn 0.0919 0.9958 -0.0000
vn -0.0632 0.9980 -0.0000
vn -0.2324 0.9726 -0.0000
vn -0.4330 0.9014 -0.0000
vn -0.4329 0.9014 -0.0000
vn -0.6267 0.7793 -0.0000
vn -0.7677 0.6408 -0.0000
vn -0.8343 0.5513 -0.0000
vn -0.8349 0.5503 -0.0000
vn -0.8006 0.5991 -0.0000
vn -0.8006 0.5992 -0.0000
vn -0.6754 0.7374 -0.0000
vn -0.6755 0.7374 -0.0000
vn -0.5190 0.8548 -0.0000
vn -0.5189 0.8549 -0.0000
vn -0.4357 0.9001 -0.0000
vn -0.4356 0.9002 -0.0000
vn -0.3461 0.9382 -0.0000
vn -0.2403 0.9707 -0.0000
vn -0.2404 0.9707 -0.0000
vn -0.1269 0.9919 -0.0000
vn -0.0400 0.9992 -0.0000
vn -0.0399 0.9992 -0.0000
vn 0.0474 0.9989 -0.0000
vn 0.1419 0.9899 -0.0000
vn 0.2380 0.9713 -0.0000
vn 0.2382 0.9712 -0.0000
vn 0.3802 0.9249 -0.0000
vn 0.3804 0.9248 -0.0000
vn 0.5290 0.8486 -0.0000
vn 0.5299 0.8481 -0.0000
vn 0.6731 0.7395 -0.0000
vn 0.6738 0.7389 -0.0000
vn 0.7657 0.6432 -0.0000
vn 0.8157 0.5785 -0.0000
vn 0.9152 0.4031 -0.0000
vn 0.9151 0.4032 -0.0000
vn 0.9806 0.1960 -0.0000
vn 0.9925 0.1223 -0.0000
vn -0.0001 -0.0001 1.0000
vn -0.0001 -0.0000 1.0000
vn -0.2705 -0.6930 -0.6683
vn -0.1217 -0.6077 -0.7848
vn -0.1461 -0.7295 -0.6682
vn -0.2254 -0.5774 -0.7848
vn -0.1732 -0.8649 -0.4712
vn -0.3207 -0.8217 -0.4712
vn -0.3867 -0.6355 -0.6682
vn -0.3222 -0.5295 -0.7848
vn -0.1024 -0.5115 -0.8532
vn -0.1897 -0.4859 -0.8532
vn -0.0143 -0.6196 -0.7847
vn -0.0172 -0.7437 -0.6683
vn -0.1933 -0.9656 -0.1740
vn -0.3581 -0.9173 -0.1740
vn -0.4585 -0.7535 -0.4712
vn -0.0204 -0.8818 -0.4712
vn -0.4912 -0.5587 -0.6683
vn -0.4092 -0.4655 -0.7848
vn -0.2712 -0.4456 -0.8532
vn -0.0876 -0.4376 -0.8949
vn -0.1623 -0.4157 -0.8949
vn -0.0120 -0.5215 -0.8532
vn 0.1122 -0.7354 -0.6682
vn 0.0935 -0.6127 -0.7848
vn -0.3581 -0.9173 0.1740
vn -0.1933 -0.9656 0.1740
vn -0.5119 -0.8412 -0.1740
vn -0.0227 -0.9845 -0.1740
vn -0.5824 -0.6624 -0.4712
vn 0.1331 -0.8719 -0.4712
vn -0.5808 -0.4649 -0.6682
vn -0.4839 -0.3873 -0.7848
vn -0.3444 -0.3918 -0.8532
vn -0.2320 -0.3812 -0.8949
vn -0.0762 -0.3805 -0.9216
vn -0.1411 -0.3615 -0.9216
vn -0.0103 -0.4461 -0.8949
vn 0.0787 -0.5157 -0.8532
vn 0.2382 -0.7048 -0.6683
vn 0.1985 -0.5871 -0.7848
vn -0.3207 -0.8217 0.4712
vn -0.1732 -0.8649 0.4712
vn -0.5119 -0.8412 0.1740
vn -0.0227 -0.9845 0.1740
vn -0.6502 -0.7395 -0.1740
vn 0.1486 -0.9735 -0.1740
vn -0.6886 -0.5512 -0.4712
vn 0.2825 -0.8356 -0.4712
vn -0.6527 -0.3570 -0.6683
vn -0.5438 -0.2974 -0.7848
vn -0.4072 -0.3260 -0.8532
vn -0.2947 -0.3352 -0.8949
vn -0.2017 -0.3315 -0.9216
vn -0.0709 -0.3543 -0.9325
vn -0.1314 -0.3366 -0.9325
vn -0.0090 -0.3879 -0.9216
vn 0.0673 -0.4412 -0.8949
vn 0.1671 -0.4942 -0.8532
vn 0.3570 -0.6527 -0.6683
vn 0.2974 -0.5438 -0.7848
vn -0.2705 -0.6930 0.6683
vn -0.1461 -0.7295 0.6682
vn -0.4585 -0.7535 0.4712
vn -0.0204 -0.8818 0.4712
vn -0.6502 -0.7395 0.1740
vn 0.1486 -0.9735 0.1740
vn -0.7688 -0.6154 -0.1740
vn 0.3154 -0.9329 -0.1740
vn -0.7738 -0.4233 -0.4712
vn 0.4233 -0.7738 -0.4712
vn -0.7048 -0.2382 -0.6682
vn -0.5872 -0.1985 -0.7848
vn -0.4577 -0.2503 -0.8532
vn -0.3484 -0.2789 -0.8949
vn -0.2562 -0.2914 -0.9216
vn -0.1878 -0.3086 -0.9325
vn -0.0083 -0.3612 -0.9325
vn 0.0585 -0.3836 -0.9216
vn 0.1429 -0.4228 -0.8949
vn 0.2503 -0.4577 -0.8532
vn 0.4649 -0.5808 -0.6683
vn 0.3873 -0.4839 -0.7848
vn -0.1217 -0.6077 0.7848
vn -0.2254 -0.5774 0.7848
vn -0.3867 -0.6355 0.6682
vn -0.0172 -0.7437 0.6683
vn -0.5824 -0.6624 0.4712
vn 0.1331 -0.8719 0.4712
vn -0.7688 -0.6154 0.1740
vn 0.3154 -0.9329 0.1740
vn -0.8639 -0.4726 -0.1740
vn 0.4725 -0.8639 -0.1740
vn -0.8356 -0.2825 -0.4712
vn 0.5512 -0.6886 -0.4712
vn -0.7354 -0.1122 -0.6683
vn -0.6127 -0.0935 -0.7848
vn -0.4942 -0.1670 -0.8532
vn -0.3915 -0.2142 -0.8949
vn -0.3029 -0.2425 -0.9216
vn -0.2386 -0.2713 -0.9325
vn -0.3879 0.0090 -0.9216
vn -0.3543 0.0709 -0.9325
vn -0.3612 0.0083 -0.9325
vn -0.3805 0.0762 -0.9216
vn -0.3366 0.1314 -0.9325
vn -0.3615 0.1411 -0.9216
vn -0.3086 0.1878 -0.9325
vn -0.3315 0.2017 -0.9216
vn -0.2713 0.2386 -0.9325
vn -0.2914 0.2562 -0.9216
vn -0.2258 0.2820 -0.9325
vn -0.2425 0.3029 -0.9216
vn -0.1734 0.3170 -0.9325
vn -0.1862 0.3404 -0.9216
vn -0.1157 0.3423 -0.9324
vn -0.1243 0.3676 -0.9216
vn -0.0545 0.3572 -0.9325
vn -0.0585 0.3836 -0.9216
vn 0.0083 0.3612 -0.9324
vn 0.0090 0.3879 -0.9216
vn 0.0762 0.3805 -0.9216
vn 0.0709 0.3542 -0.9325
vn 0.1411 0.3615 -0.9216
vn 0.1314 0.3366 -0.9325
vn 0.2017 0.3315 -0.9216
vn 0.1878 0.3086 -0.9325
vn 0.2562 0.2914 -0.9216
vn 0.2386 0.2713 -0.9325
vn 0.3029 0.2425 -0.9216
vn 0.2820 0.2258 -0.9325
vn 0.3404 0.1862 -0.9216
vn 0.3170 0.1734 -0.9325
vn 0.3676 0.1243 -0.9216
vn 0.3423 0.1157 -0.9325
vn 0.3836 0.0585 -0.9216
vn 0.3572 0.0545 -0.9325
vn 0.3612 -0.0083 -0.9325
vn 0.3879 -0.0090 -0.9216
vn 0.3543 -0.0709 -0.9325
vn 0.3805 -0.0762 -0.9216
vn 0.3366 -0.1314 -0.9325
vn 0.3615 -0.1411 -0.9216
vn 0.3086 -0.1878 -0.9325
vn 0.3315 -0.2017 -0.9216
vn 0.2713 -0.2386 -0.9325
vn 0.2914 -0.2562 -0.9216
vn 0.2258 -0.2821 -0.9325
vn 0.2425 -0.3029 -0.9216
vn 0.1734 -0.3170 -0.9325
vn 0.1862 -0.3404 -0.9216
vn 0.1157 -0.3423 -0.9325
vn 0.1243 -0.3676 -0.9216
vn 0.0545 -0.3572 -0.9324
vn -0.2821 -0.2258 -0.9325
vn -0.3404 -0.1862 -0.9216
vn -0.3170 -0.1734 -0.9325
vn -0.3676 -0.1243 -0.9216
vn -0.3423 -0.1157 -0.9325
vn -0.3836 -0.0585 -0.9216
vn -0.3572 -0.0545 -0.9325
vn 0.2142 -0.3915 -0.8949
vn 0.3260 -0.4072 -0.8532
vn 0.5587 -0.4912 -0.6682
vn 0.4655 -0.4092 -0.7848
vn -0.1024 -0.5115 0.8532
vn -0.1897 -0.4859 0.8532
vn -0.3222 -0.5295 0.7848
vn -0.0143 -0.6197 0.7847
vn -0.4912 -0.5587 0.6682
vn 0.1122 -0.7354 0.6682
vn -0.6886 -0.5512 0.4712
vn 0.2825 -0.8356 0.4712
vn -0.8639 -0.4726 0.1740
vn 0.4726 -0.8639 0.1740
vn -0.9329 -0.3154 -0.1741
vn 0.6154 -0.7688 -0.1741
vn -0.8719 -0.1331 -0.4712
vn 0.6624 -0.5824 -0.4712
vn -0.7437 0.0172 -0.6683
vn -0.6196 0.0143 -0.7848
vn -0.5157 -0.0787 -0.8532
vn -0.4228 -0.1429 -0.8949
vn -0.4462 0.0103 -0.8949
vn -0.4376 0.0876 -0.8949
vn -0.4157 0.1623 -0.8949
vn -0.3812 0.2320 -0.8949
vn -0.3352 0.2947 -0.8949
vn -0.2789 0.3484 -0.8949
vn -0.2142 0.3915 -0.8949
vn -0.1429 0.4228 -0.8949
vn -0.0673 0.4412 -0.8949
vn 0.0103 0.4461 -0.8949
vn 0.0876 0.4376 -0.8949
vn 0.1623 0.4157 -0.8949
vn 0.2320 0.3812 -0.8949
vn 0.2947 0.3352 -0.8949
vn 0.3484 0.2789 -0.8949
vn 0.3915 0.2142 -0.8949
vn 0.4228 0.1429 -0.8949
vn 0.4412 0.0673 -0.8949
vn 0.4462 -0.0103 -0.8949
vn 0.4376 -0.0876 -0.8949
vn 0.4157 -0.1623 -0.8949
vn 0.3812 -0.2320 -0.8949
vn 0.3352 -0.2947 -0.8949
vn 0.2789 -0.3484 -0.8949
vn -0.4412 -0.0673 -0.8949
vn 0.3918 -0.3444 -0.8532
vn 0.6355 -0.3867 -0.6683
vn 0.5295 -0.3222 -0.7848
vn -0.0876 -0.4376 0.8949
vn -0.1623 -0.4157 0.8949
vn -0.2712 -0.4456 0.8532
vn -0.0120 -0.5215 0.8532
vn -0.4092 -0.4655 0.7848
vn 0.0935 -0.6127 0.7848
vn -0.5808 -0.4649 0.6682
vn 0.2382 -0.7048 0.6683
vn -0.7738 -0.4233 0.4712
vn 0.4233 -0.7738 0.4712
vn -0.9329 -0.3154 0.1741
vn 0.6154 -0.7688 0.1741
vn -0.9735 -0.1486 -0.1740
vn 0.7395 -0.6502 -0.1740
vn -0.8818 0.0204 -0.4712
vn 0.7535 -0.4585 -0.4712
vn -0.6077 0.1217 -0.7848
vn -0.7295 0.1461 -0.6682
vn -0.5215 0.0120 -0.8532
vn -0.5115 0.1024 -0.8532
vn -0.4859 0.1897 -0.8532
vn -0.4456 0.2712 -0.8532
vn -0.3918 0.3444 -0.8532
vn -0.3260 0.4072 -0.8532
vn -0.2503 0.4577 -0.8532
vn -0.1671 0.4942 -0.8532
vn -0.0787 0.5157 -0.8532
vn 0.0120 0.5215 -0.8532
vn 0.1024 0.5115 -0.8532
vn 0.1897 0.4859 -0.8532
vn 0.2712 0.4456 -0.8532
vn 0.3444 0.3918 -0.8532
vn 0.4072 0.3260 -0.8532
vn 0.4577 0.2503 -0.8532
vn 0.4942 0.1671 -0.8532
vn 0.5157 0.0787 -0.8532
vn 0.5215 -0.0120 -0.8532
vn 0.5115 -0.1024 -0.8532
vn 0.4859 -0.1897 -0.8532
vn 0.4456 -0.2712 -0.8532
vn 0.6930 -0.2705 -0.6683
vn 0.5774 -0.2254 -0.7848
vn -0.0762 -0.3805 0.9216
vn -0.1411 -0.3615 0.9216
vn -0.2320 -0.3812 0.8949
vn -0.0103 -0.4461 0.8949
vn -0.3444 -0.3918 0.8532
vn 0.0787 -0.5157 0.8532
vn -0.4839 -0.3873 0.7848
vn 0.1985 -0.5872 0.7848
vn -0.6527 -0.3570 0.6682
vn 0.3570 -0.6527 0.6683
vn -0.8356 -0.2825 0.4712
vn 0.5512 -0.6886 0.4712
vn -0.9735 -0.1486 0.1741
vn 0.7396 -0.6502 0.1740
vn -0.9845 0.0227 -0.1740
vn 0.8412 -0.5119 -0.1740
vn -0.8649 0.1732 -0.4712
vn 0.8217 -0.3207 -0.4712
vn -0.5774 0.2254 -0.7848
vn -0.6930 0.2705 -0.6682
vn -0.5295 0.3222 -0.7848
vn -0.4655 0.4092 -0.7848
vn -0.3873 0.4839 -0.7848
vn -0.2974 0.5438 -0.7848
vn -0.1985 0.5872 -0.7848
vn -0.0935 0.6127 -0.7848
vn 0.0143 0.6196 -0.7848
vn 0.1217 0.6077 -0.7848
vn 0.2254 0.5774 -0.7848
vn 0.3222 0.5295 -0.7848
vn 0.4092 0.4655 -0.7848
vn 0.4839 0.3873 -0.7848
vn 0.5438 0.2974 -0.7848
vn 0.5872 0.1985 -0.7848
vn 0.6127 0.0935 -0.7848
vn 0.6196 -0.0143 -0.7848
vn 0.6077 -0.1217 -0.7848
vn 0.7295 -0.1461 -0.6683
vn -0.0709 -0.3543 0.9325
vn -0.1314 -0.3366 0.9325
vn -0.2017 -0.3315 0.9216
vn -0.0090 -0.3879 0.9216
vn -0.2947 -0.3352 0.8949
vn 0.0673 -0.4412 0.8949
vn -0.4072 -0.3260 0.8532
vn 0.1671 -0.4942 0.8532
vn -0.5438 -0.2974 0.7848
vn 0.2974 -0.5438 0.7848
vn -0.7048 -0.2382 0.6683
vn 0.4649 -0.5808 0.6683
vn -0.8719 -0.1331 0.4712
vn 0.6624 -0.5824 0.4712
vn -0.9845 0.0227 0.1740
vn 0.8412 -0.5119 0.1740
vn -0.9656 0.1933 -0.1740
vn 0.9173 -0.3581 -0.1740
vn -0.8217 0.3207 -0.4712
vn 0.8649 -0.1732 -0.4712
vn -0.6355 0.3867 -0.6682
vn -0.5587 0.4912 -0.6682
vn -0.4649 0.5808 -0.6682
vn -0.3570 0.6527 -0.6683
vn -0.2382 0.7048 -0.6682
vn -0.1122 0.7354 -0.6683
vn 0.0172 0.7437 -0.6682
vn 0.1461 0.7294 -0.6683
vn 0.2705 0.6930 -0.6682
vn 0.3867 0.6355 -0.6683
vn 0.4912 0.5587 -0.6682
vn 0.5808 0.4649 -0.6682
vn 0.6527 0.3570 -0.6682
vn 0.7048 0.2382 -0.6682
vn 0.7354 0.1122 -0.6682
vn 0.7437 -0.0172 -0.6682
vn -0.1878 -0.3086 0.9325
vn -0.0083 -0.3612 0.9325
vn -0.2562 -0.2914 0.9216
vn 0.0585 -0.3836 0.9216
vn -0.3484 -0.2789 0.8949
vn 0.1429 -0.4228 0.8949
vn -0.4577 -0.2503 0.8532
vn 0.2503 -0.4577 0.8532
vn -0.5872 -0.1985 0.7848
vn 0.3873 -0.4839 0.7848
vn -0.7354 -0.1122 0.6682
vn 0.5587 -0.4912 0.6682
vn -0.8818 0.0204 0.4712
vn 0.7535 -0.4585 0.4712
vn -0.9656 0.1933 0.1741
vn 0.9173 -0.3581 0.1740
vn -0.9173 0.3581 -0.1740
vn 0.9656 -0.1933 -0.1740
vn -0.7535 0.4585 -0.4712
vn 0.8818 -0.0204 -0.4712
vn -0.6624 0.5824 -0.4712
vn -0.5512 0.6886 -0.4712
vn -0.4233 0.7738 -0.4712
vn -0.2825 0.8356 -0.4712
vn -0.1331 0.8719 -0.4712
vn 0.0204 0.8818 -0.4712
vn 0.1732 0.8648 -0.4712
vn 0.3207 0.8217 -0.4712
vn 0.4585 0.7535 -0.4712
vn 0.5824 0.6624 -0.4712
vn 0.6886 0.5512 -0.4712
vn 0.7738 0.4233 -0.4712
vn 0.8356 0.2825 -0.4712
vn 0.8719 0.1331 -0.4712
vn 0.3836 0.0585 0.9216
vn 0.3423 0.1157 0.9325
vn 0.3572 0.0545 0.9325
vn 0.3676 0.1243 0.9216
vn 0.3170 0.1734 0.9325
vn 0.3404 0.1862 0.9216
vn 0.2820 0.2258 0.9325
vn 0.3029 0.2425 0.9216
vn 0.2386 0.2713 0.9325
vn 0.2562 0.2914 0.9216
vn 0.1878 0.3086 0.9325
vn 0.2017 0.3315 0.9216
vn 0.1314 0.3366 0.9325
vn 0.1411 0.3615 0.9216
vn 0.0709 0.3542 0.9325
vn 0.0762 0.3805 0.9216
vn 0.0083 0.3612 0.9324
vn 0.0090 0.3879 0.9216
vn -0.0585 0.3836 0.9216
vn -0.0545 0.3572 0.9325
vn -0.1243 0.3676 0.9216
vn -0.1157 0.3423 0.9324
vn -0.1862 0.3404 0.9216
vn -0.1734 0.3170 0.9325
vn -0.2425 0.3029 0.9216
vn -0.2258 0.2820 0.9325
vn -0.2914 0.2562 0.9216
vn -0.2713 0.2386 0.9325
vn -0.3315 0.2017 0.9216
vn -0.3086 0.1878 0.9325
vn -0.3615 0.1411 0.9216
vn -0.3366 0.1314 0.9325
vn -0.3805 0.0762 0.9216
vn -0.3543 0.0709 0.9325
vn -0.3879 0.0090 0.9216
vn -0.3612 0.0083 0.9325
vn -0.3572 -0.0545 0.9325
vn -0.3836 -0.0585 0.9216
vn -0.3423 -0.1157 0.9325
vn -0.3676 -0.1243 0.9216
vn -0.3170 -0.1734 0.9325
vn -0.3404 -0.1862 0.9216
vn -0.2821 -0.2258 0.9325
vn -0.3029 -0.2425 0.9216
vn -0.2386 -0.2713 0.9325
vn 0.0545 -0.3572 0.9324
vn 0.1243 -0.3676 0.9216
vn 0.1157 -0.3423 0.9325
vn 0.1862 -0.3404 0.9216
vn 0.1734 -0.3170 0.9325
vn 0.2425 -0.3029 0.9216
vn 0.2258 -0.2821 0.9325
vn 0.2914 -0.2562 0.9216
vn 0.2713 -0.2386 0.9325
vn 0.3315 -0.2017 0.9216
vn 0.3086 -0.1878 0.9325
vn 0.3615 -0.1411 0.9216
vn 0.3366 -0.1314 0.9325
vn 0.3805 -0.0762 0.9216
vn 0.3543 -0.0709 0.9325
vn 0.3879 -0.0090 0.9216
vn 0.3612 -0.0083 0.9325
vn -0.3915 -0.2142 0.8949
vn 0.2142 -0.3915 0.8949
vn -0.4942 -0.1670 0.8532
vn 0.3260 -0.4072 0.8532
vn -0.6127 -0.0935 0.7848
vn 0.4655 -0.4092 0.7848
vn -0.7437 0.0172 0.6683
vn 0.6355 -0.3867 0.6683
vn -0.8649 0.1732 0.4712
vn 0.8217 -0.3207 0.4712
vn -0.9173 0.3581 0.1741
vn 0.9656 -0.1933 0.1740
vn -0.8412 0.5119 -0.1741
vn 0.9845 -0.0227 -0.1741
vn -0.7395 0.6502 -0.1741
vn -0.6154 0.7688 -0.1740
vn -0.4726 0.8639 -0.1740
vn -0.3153 0.9329 -0.1741
vn -0.1486 0.9735 -0.1741
vn 0.0227 0.9845 -0.1741
vn 0.1933 0.9656 -0.1740
vn 0.3581 0.9173 -0.1740
vn 0.5119 0.8412 -0.1740
vn 0.6502 0.7395 -0.1741
vn 0.7688 0.6154 -0.1741
vn 0.8639 0.4726 -0.1740
vn 0.9329 0.3154 -0.1741
vn 0.9735 0.1486 -0.1740
vn 0.4412 0.0673 0.8949
vn 0.4228 0.1429 0.8949
vn 0.3915 0.2142 0.8949
vn 0.3484 0.2789 0.8949
vn 0.2947 0.3352 0.8949
vn 0.2320 0.3812 0.8949
vn 0.1623 0.4157 0.8949
vn 0.0876 0.4376 0.8949
vn 0.0103 0.4461 0.8949
vn -0.0673 0.4412 0.8949
vn -0.1429 0.4228 0.8949
vn -0.2142 0.3915 0.8949
vn -0.2789 0.3484 0.8949
vn -0.3351 0.2947 0.8949
vn -0.3812 0.2320 0.8949
vn -0.4157 0.1623 0.8949
vn -0.4376 0.0876 0.8949
vn -0.4462 0.0103 0.8949
vn -0.4412 -0.0673 0.8949
vn -0.4228 -0.1429 0.8949
vn 0.2789 -0.3484 0.8949
vn 0.3351 -0.2947 0.8949
vn 0.3812 -0.2320 0.8949
vn 0.4157 -0.1623 0.8949
vn 0.4376 -0.0876 0.8949
vn 0.4461 -0.0103 0.8949
vn -0.5157 -0.0787 0.8532
vn 0.3918 -0.3444 0.8532
vn -0.6196 0.0143 0.7848
vn 0.5295 -0.3222 0.7848
vn -0.7295 0.1461 0.6682
vn 0.6930 -0.2705 0.6683
vn -0.8217 0.3207 0.4712
vn 0.8649 -0.1732 0.4712
vn -0.8412 0.5119 0.1740
vn 0.9845 -0.0227 0.1741
vn -0.7395 0.6502 0.1741
vn -0.6154 0.7688 0.1740
vn -0.4726 0.8639 0.1740
vn -0.3154 0.9329 0.1741
vn -0.1486 0.9735 0.1741
vn 0.0227 0.9845 0.1741
vn 0.1933 0.9656 0.1740
vn 0.3581 0.9173 0.1740
vn 0.5119 0.8412 0.1740
vn 0.6502 0.7395 0.1741
vn 0.7688 0.6154 0.1741
vn 0.8639 0.4726 0.1740
vn 0.9329 0.3154 0.1741
vn 0.9735 0.1486 0.1740
vn 0.5157 0.0787 0.8532
vn 0.4942 0.1671 0.8532
vn 0.4577 0.2503 0.8532
vn 0.4072 0.3260 0.8532
vn 0.3444 0.3918 0.8532
vn 0.2712 0.4456 0.8532
vn 0.1897 0.4859 0.8532
vn 0.1024 0.5115 0.8532
vn 0.0120 0.5215 0.8532
vn -0.0787 0.5157 0.8532
vn -0.1671 0.4942 0.8532
vn -0.2503 0.4577 0.8532
vn -0.3260 0.4072 0.8532
vn -0.3918 0.3444 0.8532
vn -0.4456 0.2712 0.8532
vn -0.4859 0.1897 0.8532
vn -0.5115 0.1024 0.8532
vn -0.5215 0.0120 0.8532
vn 0.4456 -0.2712 0.8532
vn 0.4859 -0.1897 0.8532
vn 0.5115 -0.1024 0.8532
vn 0.5215 -0.0120 0.8532
vn -0.6077 0.1217 0.7848
vn 0.5774 -0.2254 0.7848
vn -0.6930 0.2705 0.6682
vn 0.7295 -0.1461 0.6683
vn -0.7535 0.4585 0.4712
vn 0.8818 -0.0204 0.4712
vn -0.6624 0.5824 0.4712
vn -0.5512 0.6886 0.4712
vn -0.4233 0.7738 0.4712
vn -0.2825 0.8356 0.4712
vn -0.1331 0.8719 0.4712
vn 0.0204 0.8818 0.4712
vn 0.1732 0.8648 0.4712
vn 0.3207 0.8217 0.4712
vn 0.4585 0.7535 0.4712
vn 0.5824 0.6624 0.4712
vn 0.6886 0.5512 0.4712
vn 0.7738 0.4233 0.4712
vn 0.8356 0.2825 0.4712
vn 0.8719 0.1331 0.4712
vn 0.6127 0.0935 0.7848
vn 0.5872 0.1985 0.7848
vn 0.5438 0.2974 0.7848
vn 0.4839 0.3873 0.7848
vn 0.4093 0.4655 0.7848
vn 0.3222 0.5295 0.7848
vn 0.2254 0.5774 0.7848
vn 0.1217 0.6078 0.7847
vn 0.0143 0.6196 0.7848
vn -0.0935 0.6127 0.7848
vn -0.1985 0.5872 0.7848
vn -0.2974 0.5438 0.7848
vn -0.3873 0.4839 0.7848
vn -0.4655 0.4093 0.7848
vn -0.5295 0.3222 0.7848
vn -0.5774 0.2254 0.7848
vn 0.6077 -0.1217 0.7848
vn 0.6196 -0.0143 0.7848
vn -0.6355 0.3867 0.6682
vn 0.7437 -0.0172 0.6682
vn -0.5587 0.4912 0.6682
vn -0.4649 0.5808 0.6682
vn -0.3570 0.6527 0.6683
vn -0.2382 0.7048 0.6682
vn -0.1122 0.7354 0.6682
vn 0.0172 0.7437 0.6682
vn 0.1461 0.7294 0.6683
vn 0.2705 0.6930 0.6682
vn 0.3867 0.6355 0.6683
vn 0.4912 0.5587 0.6682
vn 0.5808 0.4649 0.6682
vn 0.6527 0.3570 0.6682
vn 0.7048 0.2382 0.6682
vn 0.7354 0.1122 0.6682
vn -0.0000 -0.0000 -1.0000
vn 0.2254 -0.5774 -0.7848
vn 0.2705 -0.6930 -0.6683
vn 0.1217 -0.6077 -0.7848
vn 0.1461 -0.7295 -0.6682
vn 0.1732 -0.8649 -0.4712
vn 0.3207 -0.8217 -0.4712
vn 0.3222 -0.5295 -0.7848
vn 0.3867 -0.6355 -0.6682
vn 0.1897 -0.4859 -0.8532
vn 0.1024 -0.5115 -0.8532
vn 0.0143 -0.6196 -0.7847
vn 0.0172 -0.7437 -0.6683
vn 0.1933 -0.9656 -0.1740
vn 0.3581 -0.9173 -0.1740
vn 0.4585 -0.7535 -0.4712
vn 0.0204 -0.8818 -0.4712
vn 0.4092 -0.4655 -0.7848
vn 0.4912 -0.5587 -0.6682
vn 0.2712 -0.4456 -0.8532
vn 0.1623 -0.4157 -0.8949
vn 0.0876 -0.4376 -0.8949
vn 0.0120 -0.5215 -0.8532
vn -0.0935 -0.6127 -0.7848
vn -0.1122 -0.7354 -0.6682
vn 0.1933 -0.9656 0.1740
vn 0.3581 -0.9173 0.1740
vn 0.5119 -0.8412 -0.1740
vn 0.0227 -0.9845 -0.1740
vn 0.5824 -0.6624 -0.4712
vn -0.1331 -0.8719 -0.4712
vn 0.4839 -0.3873 -0.7848
vn 0.5808 -0.4649 -0.6682
vn 0.3444 -0.3918 -0.8532
vn 0.2320 -0.3812 -0.8949
vn 0.1411 -0.3615 -0.9216
vn 0.0762 -0.3805 -0.9216
vn 0.0103 -0.4461 -0.8949
vn -0.0787 -0.5157 -0.8532
vn -0.1985 -0.5871 -0.7848
vn -0.2382 -0.7048 -0.6683
vn 0.1732 -0.8649 0.4712
vn 0.3207 -0.8217 0.4712
vn 0.5119 -0.8412 0.1740
vn 0.0227 -0.9845 0.1740
vn 0.6502 -0.7395 -0.1740
vn -0.1486 -0.9735 -0.1740
vn 0.6886 -0.5512 -0.4712
vn -0.2825 -0.8356 -0.4712
vn 0.5438 -0.2974 -0.7848
vn 0.6527 -0.3570 -0.6682
vn 0.4072 -0.3260 -0.8532
vn 0.2947 -0.3352 -0.8949
vn 0.2017 -0.3315 -0.9216
vn 0.1314 -0.3366 -0.9325
vn 0.0709 -0.3543 -0.9325
vn 0.0090 -0.3879 -0.9216
vn -0.0673 -0.4412 -0.8949
vn -0.1671 -0.4942 -0.8532
vn -0.2974 -0.5438 -0.7848
vn -0.3570 -0.6527 -0.6683
vn 0.1461 -0.7295 0.6682
vn 0.2705 -0.6930 0.6683
vn 0.4585 -0.7535 0.4712
vn 0.0204 -0.8818 0.4712
vn 0.6502 -0.7395 0.1740
vn -0.1486 -0.9735 0.1740
vn 0.7688 -0.6154 -0.1740
vn -0.3154 -0.9329 -0.1741
vn 0.7738 -0.4233 -0.4712
vn -0.4233 -0.7738 -0.4712
vn 0.5872 -0.1985 -0.7848
vn 0.7048 -0.2382 -0.6682
vn 0.4577 -0.2503 -0.8532
vn 0.3484 -0.2789 -0.8949
vn 0.2562 -0.2914 -0.9216
vn 0.1878 -0.3086 -0.9325
vn 0.0083 -0.3612 -0.9325
vn -0.0585 -0.3836 -0.9216
vn -0.1429 -0.4228 -0.8949
vn -0.2503 -0.4577 -0.8532
vn -0.3873 -0.4839 -0.7848
vn -0.4649 -0.5808 -0.6683
vn 0.2254 -0.5774 0.7848
vn 0.1217 -0.6077 0.7848
vn 0.3867 -0.6355 0.6682
vn 0.0172 -0.7437 0.6683
vn 0.5824 -0.6624 0.4712
vn -0.1331 -0.8719 0.4712
vn 0.7688 -0.6154 0.1740
vn -0.3154 -0.9329 0.1740
vn 0.8639 -0.4726 -0.1741
vn -0.4725 -0.8639 -0.1740
vn 0.8356 -0.2825 -0.4712
vn -0.5512 -0.6886 -0.4712
vn 0.6127 -0.0935 -0.7848
vn 0.7354 -0.1122 -0.6683
vn 0.4942 -0.1670 -0.8532
vn 0.3915 -0.2142 -0.8949
vn 0.3029 -0.2425 -0.9216
vn 0.2386 -0.2713 -0.9325
vn 0.3805 0.0762 -0.9216
vn 0.3879 0.0090 -0.9216
vn 0.3543 0.0709 -0.9325
vn 0.3612 0.0083 -0.9325
vn 0.3615 0.1411 -0.9216
vn 0.3366 0.1314 -0.9325
vn 0.3315 0.2017 -0.9216
vn 0.3086 0.1878 -0.9325
vn 0.2914 0.2562 -0.9216
vn 0.2713 0.2386 -0.9325
vn 0.2425 0.3029 -0.9216
vn 0.2258 0.2820 -0.9325
vn 0.1862 0.3404 -0.9216
vn 0.1734 0.3170 -0.9325
vn 0.1243 0.3676 -0.9216
vn 0.1157 0.3423 -0.9324
vn 0.0585 0.3836 -0.9216
vn 0.0545 0.3572 -0.9325
vn -0.0090 0.3879 -0.9216
vn -0.0083 0.3612 -0.9324
vn -0.0762 0.3805 -0.9216
vn -0.0709 0.3542 -0.9325
vn -0.1411 0.3615 -0.9216
vn -0.1314 0.3366 -0.9325
vn -0.2017 0.3315 -0.9216
vn -0.1878 0.3086 -0.9325
vn -0.2562 0.2914 -0.9216
vn -0.2386 0.2713 -0.9325
vn -0.3029 0.2425 -0.9216
vn -0.2820 0.2258 -0.9325
vn -0.3404 0.1862 -0.9216
vn -0.3170 0.1734 -0.9325
vn -0.3676 0.1243 -0.9216
vn -0.3423 0.1157 -0.9325
vn -0.3836 0.0585 -0.9216
vn -0.3572 0.0545 -0.9325
vn -0.3612 -0.0083 -0.9325
vn -0.3879 -0.0090 -0.9216
vn -0.3543 -0.0709 -0.9325
vn -0.3805 -0.0762 -0.9216
vn -0.3366 -0.1314 -0.9325
vn -0.3615 -0.1411 -0.9216
vn -0.3086 -0.1878 -0.9325
vn -0.3315 -0.2017 -0.9216
vn -0.2713 -0.2386 -0.9325
vn -0.2914 -0.2562 -0.9216
vn -0.2258 -0.2821 -0.9325
vn -0.2425 -0.3029 -0.9216
vn -0.1734 -0.3170 -0.9325
vn -0.1862 -0.3404 -0.9216
vn -0.1157 -0.3423 -0.9325
vn -0.1243 -0.3676 -0.9216
vn -0.0545 -0.3572 -0.9324
vn 0.2821 -0.2258 -0.9325
vn 0.3170 -0.1734 -0.9325
vn 0.3404 -0.1862 -0.9216
vn 0.3423 -0.1157 -0.9325
vn 0.3676 -0.1243 -0.9216
vn 0.3572 -0.0545 -0.9325
vn 0.3836 -0.0585 -0.9216
vn -0.2142 -0.3915 -0.8949
vn -0.3260 -0.4072 -0.8532
vn -0.4655 -0.4092 -0.7848
vn -0.5587 -0.4912 -0.6683
vn 0.1897 -0.4859 0.8532
vn 0.1024 -0.5115 0.8532
vn 0.3222 -0.5295 0.7848
vn 0.0143 -0.6197 0.7847
vn 0.4912 -0.5587 0.6682
vn -0.1122 -0.7354 0.6682
vn 0.6886 -0.5512 0.4712
vn -0.2825 -0.8356 0.4712
vn 0.8639 -0.4726 0.1740
vn -0.4726 -0.8639 0.1740
vn 0.9329 -0.3154 -0.1741
vn -0.6154 -0.7688 -0.1741
vn 0.8719 -0.1331 -0.4712
vn -0.6624 -0.5824 -0.4712
vn 0.6196 0.0143 -0.7848
vn 0.7437 0.0172 -0.6682
vn 0.5157 -0.0787 -0.8532
vn 0.4228 -0.1429 -0.8949
vn 0.4376 0.0876 -0.8949
vn 0.4462 0.0103 -0.8949
vn 0.4157 0.1623 -0.8949
vn 0.3812 0.2320 -0.8949
vn 0.3352 0.2947 -0.8949
vn 0.2789 0.3484 -0.8949
vn 0.2142 0.3915 -0.8949
vn 0.1429 0.4228 -0.8949
vn 0.0673 0.4412 -0.8949
vn -0.0103 0.4461 -0.8949
vn -0.0876 0.4376 -0.8949
vn -0.1623 0.4157 -0.8949
vn -0.2320 0.3812 -0.8949
vn -0.2947 0.3352 -0.8949
vn -0.3484 0.2789 -0.8949
vn -0.3915 0.2142 -0.8949
vn -0.4228 0.1429 -0.8949
vn -0.4412 0.0673 -0.8949
vn -0.4461 -0.0103 -0.8949
vn -0.4376 -0.0876 -0.8949
vn -0.4157 -0.1623 -0.8949
vn -0.3812 -0.2320 -0.8949
vn -0.3352 -0.2947 -0.8949
vn -0.2789 -0.3484 -0.8949
vn 0.4412 -0.0673 -0.8949
vn -0.3918 -0.3444 -0.8532
vn -0.5295 -0.3222 -0.7848
vn -0.6355 -0.3867 -0.6683
vn 0.1623 -0.4157 0.8949
vn 0.0876 -0.4376 0.8949
vn 0.2712 -0.4456 0.8532
vn 0.0120 -0.5215 0.8532
vn 0.4093 -0.4655 0.7848
vn -0.0935 -0.6127 0.7848
vn 0.5808 -0.4649 0.6683
vn -0.2382 -0.7048 0.6683
vn 0.7738 -0.4233 0.4712
vn -0.4233 -0.7738 0.4712
vn 0.9329 -0.3153 0.1741
vn -0.6154 -0.7688 0.1741
vn 0.9735 -0.1486 -0.1740
vn -0.7395 -0.6502 -0.1740
vn 0.8818 0.0204 -0.4712
vn -0.7535 -0.4585 -0.4712
vn 0.7295 0.1461 -0.6683
vn 0.6077 0.1217 -0.7848
vn 0.5215 0.0120 -0.8532
vn 0.5115 0.1024 -0.8532
vn 0.4859 0.1897 -0.8532
vn 0.4456 0.2712 -0.8532
vn 0.3918 0.3444 -0.8532
vn 0.3260 0.4072 -0.8532
vn 0.2503 0.4577 -0.8532
vn 0.1671 0.4942 -0.8532
vn 0.0787 0.5157 -0.8532
vn -0.0120 0.5215 -0.8532
vn -0.1024 0.5115 -0.8532
vn -0.1897 0.4859 -0.8532
vn -0.2712 0.4456 -0.8532
vn -0.3444 0.3918 -0.8532
vn -0.4072 0.3260 -0.8532
vn -0.4577 0.2503 -0.8532
vn -0.4942 0.1670 -0.8532
vn -0.5157 0.0787 -0.8532
vn -0.5215 -0.0120 -0.8532
vn -0.5115 -0.1024 -0.8532
vn -0.4859 -0.1897 -0.8532
vn -0.4456 -0.2712 -0.8532
vn -0.5774 -0.2254 -0.7848
vn -0.6930 -0.2705 -0.6683
vn 0.1411 -0.3615 0.9216
vn 0.0762 -0.3805 0.9216
vn 0.2320 -0.3812 0.8949
vn 0.0103 -0.4461 0.8949
vn 0.3444 -0.3918 0.8532
vn -0.0787 -0.5157 0.8532
vn 0.4839 -0.3873 0.7848
vn -0.1985 -0.5872 0.7848
vn 0.6527 -0.3570 0.6682
vn -0.3570 -0.6527 0.6683
vn 0.8356 -0.2825 0.4712
vn -0.5512 -0.6886 0.4712
vn 0.9735 -0.1486 0.1740
vn -0.7396 -0.6502 0.1740
vn 0.9845 0.0227 -0.1741
vn -0.8412 -0.5119 -0.1740
vn 0.8649 0.1732 -0.4712
vn -0.8217 -0.3207 -0.4712
vn 0.6930 0.2705 -0.6682
vn 0.5774 0.2254 -0.7848
vn 0.5295 0.3222 -0.7848
vn 0.4655 0.4092 -0.7848
vn 0.3873 0.4839 -0.7848
vn 0.2974 0.5438 -0.7848
vn 0.1985 0.5872 -0.7848
vn 0.0935 0.6127 -0.7848
vn -0.0143 0.6196 -0.7848
vn -0.1217 0.6077 -0.7848
vn -0.2254 0.5774 -0.7848
vn -0.3222 0.5295 -0.7848
vn -0.4092 0.4655 -0.7848
vn -0.4839 0.3873 -0.7848
vn -0.5438 0.2974 -0.7848
vn -0.5872 0.1985 -0.7848
vn -0.6127 0.0935 -0.7848
vn -0.6196 -0.0143 -0.7848
vn -0.6077 -0.1217 -0.7848
vn -0.7295 -0.1461 -0.6682
vn 0.1314 -0.3366 0.9325
vn 0.0709 -0.3543 0.9325
vn 0.2017 -0.3315 0.9216
vn 0.0090 -0.3879 0.9216
vn 0.2947 -0.3351 0.8949
vn -0.0673 -0.4412 0.8949
vn 0.4072 -0.3260 0.8532
vn -0.1671 -0.4942 0.8532
vn 0.5438 -0.2974 0.7848
vn -0.2974 -0.5438 0.7848
vn 0.7048 -0.2382 0.6682
vn -0.4649 -0.5808 0.6683
vn 0.8719 -0.1331 0.4712
vn -0.6624 -0.5824 0.4712
vn 0.9845 0.0227 0.1740
vn -0.8412 -0.5119 0.1740
vn 0.9656 0.1933 -0.1740
vn -0.9173 -0.3581 -0.1740
vn 0.8217 0.3207 -0.4712
vn -0.8649 -0.1732 -0.4712
vn 0.6355 0.3867 -0.6683
vn 0.5587 0.4912 -0.6682
vn 0.4649 0.5808 -0.6682
vn 0.3570 0.6527 -0.6683
vn 0.2382 0.7048 -0.6682
vn 0.1122 0.7354 -0.6683
vn -0.0172 0.7437 -0.6682
vn -0.1461 0.7294 -0.6683
vn -0.2705 0.6930 -0.6682
vn -0.3867 0.6355 -0.6683
vn -0.4912 0.5587 -0.6682
vn -0.5808 0.4649 -0.6682
vn -0.6527 0.3570 -0.6683
vn -0.7048 0.2382 -0.6682
vn -0.7354 0.1122 -0.6683
vn -0.7437 -0.0172 -0.6682
vn 0.1878 -0.3086 0.9325
vn 0.0083 -0.3612 0.9325
vn 0.2562 -0.2914 0.9216
vn -0.0585 -0.3836 0.9216
vn 0.3484 -0.2789 0.8949
vn -0.1429 -0.4228 0.8949
vn 0.4577 -0.2503 0.8532
vn -0.2503 -0.4577 0.8532
vn 0.5872 -0.1985 0.7848
vn -0.3873 -0.4839 0.7848
vn 0.7354 -0.1122 0.6682
vn -0.5587 -0.4912 0.6682
vn 0.8818 0.0204 0.4712
vn -0.7535 -0.4585 0.4712
vn 0.9656 0.1933 0.1740
vn -0.9173 -0.3581 0.1740
vn 0.9173 0.3581 -0.1740
vn -0.9656 -0.1933 -0.1740
vn 0.7535 0.4585 -0.4712
vn -0.8818 -0.0204 -0.4712
vn 0.6624 0.5824 -0.4712
vn 0.5512 0.6886 -0.4712
vn 0.4233 0.7738 -0.4712
vn 0.2825 0.8356 -0.4712
vn 0.1331 0.8719 -0.4712
vn -0.0204 0.8818 -0.4712
vn -0.1732 0.8648 -0.4712
vn -0.3207 0.8217 -0.4712
vn -0.4585 0.7535 -0.4712
vn -0.5824 0.6624 -0.4712
vn -0.6886 0.5512 -0.4712
vn -0.7738 0.4233 -0.4712
vn -0.8356 0.2825 -0.4712
vn -0.8719 0.1331 -0.4712
vn -0.3676 0.1243 0.9216
vn -0.3836 0.0585 0.9216
vn -0.3423 0.1157 0.9325
vn -0.3572 0.0545 0.9325
vn -0.3404 0.1862 0.9216
vn -0.3170 0.1734 0.9325
vn -0.3029 0.2425 0.9216
vn -0.2820 0.2258 0.9325
vn -0.2562 0.2914 0.9216
vn -0.2386 0.2713 0.9325
vn -0.2017 0.3315 0.9216
vn -0.1878 0.3086 0.9325
vn -0.1411 0.3615 0.9216
vn -0.1314 0.3366 0.9325
vn -0.0762 0.3805 0.9216
vn -0.0709 0.3543 0.9325
vn -0.0090 0.3879 0.9216
vn -0.0083 0.3612 0.9324
vn 0.0585 0.3836 0.9216
vn 0.0545 0.3572 0.9325
vn 0.1243 0.3676 0.9216
vn 0.1157 0.3423 0.9324
vn 0.1862 0.3404 0.9216
vn 0.1734 0.3170 0.9325
vn 0.2425 0.3029 0.9216
vn 0.2258 0.2820 0.9325
vn 0.2914 0.2562 0.9216
vn 0.2713 0.2386 0.9325
vn 0.3315 0.2017 0.9216
vn 0.3086 0.1878 0.9325
vn 0.3615 0.1411 0.9216
vn 0.3366 0.1314 0.9325
vn 0.3805 0.0762 0.9216
vn 0.3543 0.0709 0.9325
vn 0.3879 0.0090 0.9216
vn 0.3612 0.0083 0.9325
vn 0.3572 -0.0545 0.9325
vn 0.3836 -0.0585 0.9216
vn 0.3423 -0.1157 0.9325
vn 0.3676 -0.1243 0.9216
vn 0.3170 -0.1734 0.9325
vn 0.3404 -0.1862 0.9216
vn 0.2821 -0.2258 0.9325
vn 0.3029 -0.2425 0.9216
vn 0.2386 -0.2713 0.9325
vn -0.0545 -0.3572 0.9324
vn -0.1157 -0.3423 0.9325
vn -0.1243 -0.3676 0.9216
vn -0.1734 -0.3170 0.9325
vn -0.1862 -0.3404 0.9216
vn -0.2258 -0.2821 0.9325
vn -0.2425 -0.3029 0.9216
vn -0.2713 -0.2386 0.9325
vn -0.2914 -0.2562 0.9216
vn -0.3086 -0.1878 0.9325
vn -0.3315 -0.2017 0.9216
vn -0.3366 -0.1314 0.9325
vn -0.3615 -0.1411 0.9216
vn -0.3543 -0.0709 0.9325
vn -0.3805 -0.0762 0.9216
vn -0.3612 -0.0083 0.9325
vn -0.3879 -0.0090 0.9216
vn 0.3915 -0.2142 0.8949
vn -0.2142 -0.3915 0.8949
vn 0.4942 -0.1670 0.8532
vn -0.3260 -0.4072 0.8532
vn 0.6127 -0.0935 0.7848
vn -0.4655 -0.4092 0.7848
vn 0.7437 0.0172 0.6683
vn -0.6355 -0.3867 0.6683
vn 0.8649 0.1732 0.4712
vn -0.8217 -0.3207 0.4712
vn 0.9173 0.3581 0.1740
vn -0.9656 -0.1933 0.1740
vn 0.8412 0.5119 -0.1741
vn -0.9845 -0.0227 -0.1741
vn 0.7395 0.6502 -0.1741
vn 0.6154 0.7688 -0.1740
vn 0.4726 0.8639 -0.1740
vn 0.3153 0.9329 -0.1741
vn 0.1486 0.9735 -0.1741
vn -0.0227 0.9845 -0.1741
vn -0.1933 0.9656 -0.1740
vn -0.3581 0.9173 -0.1741
vn -0.5119 0.8412 -0.1740
vn -0.6502 0.7395 -0.1741
vn -0.7688 0.6154 -0.1741
vn -0.8639 0.4726 -0.1740
vn -0.9329 0.3154 -0.1740
vn -0.9735 0.1486 -0.1740
vn -0.4228 0.1429 0.8949
vn -0.4412 0.0673 0.8949
vn -0.3915 0.2142 0.8949
vn -0.3484 0.2789 0.8949
vn -0.2947 0.3352 0.8949
vn -0.2320 0.3812 0.8949
vn -0.1623 0.4157 0.8949
vn -0.0876 0.4376 0.8949
vn -0.0103 0.4461 0.8949
vn 0.0673 0.4412 0.8949
vn 0.1429 0.4228 0.8949
vn 0.2142 0.3915 0.8949
vn 0.2789 0.3484 0.8949
vn 0.3352 0.2947 0.8949
vn 0.3812 0.2320 0.8949
vn 0.4157 0.1623 0.8949
vn 0.4376 0.0876 0.8949
vn 0.4462 0.0103 0.8949
vn 0.4412 -0.0673 0.8949
vn 0.4228 -0.1429 0.8949
vn -0.2789 -0.3484 0.8949
vn -0.3351 -0.2947 0.8949
vn -0.3812 -0.2320 0.8949
vn -0.4157 -0.1623 0.8949
vn -0.4376 -0.0876 0.8949
vn -0.4461 -0.0103 0.8949
vn 0.5157 -0.0787 0.8532
vn -0.3918 -0.3444 0.8532
vn 0.6196 0.0143 0.7848
vn -0.5295 -0.3222 0.7848
vn 0.7295 0.1461 0.6683
vn -0.6930 -0.2705 0.6683
vn 0.8217 0.3207 0.4712
vn -0.8649 -0.1732 0.4712
vn 0.8412 0.5119 0.1741
vn -0.9845 -0.0227 0.1741
vn 0.7395 0.6502 0.1741
vn 0.6154 0.7688 0.1740
vn 0.4726 0.8639 0.1740
vn 0.3154 0.9329 0.1741
vn 0.1486 0.9735 0.1741
vn -0.0227 0.9845 0.1741
vn -0.1933 0.9656 0.1740
vn -0.3581 0.9173 0.1740
vn -0.5119 0.8412 0.1740
vn -0.6502 0.7395 0.1741
vn -0.7688 0.6154 0.1741
vn -0.8639 0.4726 0.1740
vn -0.9329 0.3154 0.1741
vn -0.9735 0.1486 0.1740
vn -0.4942 0.1670 0.8532
vn -0.5157 0.0787 0.8532
vn -0.4577 0.2503 0.8532
vn -0.4072 0.3260 0.8532
vn -0.3444 0.3918 0.8532
vn -0.2712 0.4456 0.8532
vn -0.1897 0.4859 0.8532
vn -0.1024 0.5115 0.8532
vn -0.0120 0.5215 0.8532
vn 0.0787 0.5157 0.8532
vn 0.1670 0.4942 0.8532
vn 0.2503 0.4577 0.8532
vn 0.3260 0.4072 0.8532
vn 0.3918 0.3444 0.8532
vn 0.4456 0.2712 0.8532
vn 0.4859 0.1897 0.8532
vn 0.5115 0.1024 0.8532
vn 0.5215 0.0120 0.8532
vn -0.4456 -0.2712 0.8532
vn -0.4859 -0.1897 0.8532
vn -0.5115 -0.1024 0.8532
vn -0.5215 -0.0120 0.8532
vn 0.6077 0.1217 0.7848
vn -0.5774 -0.2254 0.7848
vn 0.6930 0.2705 0.6682
vn -0.7295 -0.1461 0.6682
vn 0.7535 0.4585 0.4712
vn -0.8818 -0.0204 0.4712
vn 0.6624 0.5824 0.4712
vn 0.5512 0.6886 0.4712
vn 0.4233 0.7738 0.4712
vn 0.2825 0.8356 0.4712
vn 0.1331 0.8719 0.4712
vn -0.0204 0.8818 0.4712
vn -0.1732 0.8648 0.4712
vn -0.3207 0.8217 0.4712
vn -0.4585 0.7535 0.4712
vn -0.5824 0.6624 0.4712
vn -0.6886 0.5512 0.4712
vn -0.7738 0.4233 0.4712
vn -0.8356 0.2825 0.4712
vn -0.8719 0.1331 0.4712
vn -0.5872 0.1985 0.7848
vn -0.6127 0.0935 0.7848
vn -0.5438 0.2974 0.7848
vn -0.4839 0.3873 0.7848
vn -0.4093 0.4655 0.7848
vn -0.3222 0.5295 0.7848
vn -0.2254 0.5774 0.7848
vn -0.1217 0.6078 0.7847
vn -0.0143 0.6196 0.7848
vn 0.0935 0.6127 0.7848
vn 0.1985 0.5872 0.7848
vn 0.2974 0.5438 0.7848
vn 0.3873 0.4839 0.7848
vn 0.4655 0.4092 0.7848
vn 0.5295 0.3222 0.7848
vn 0.5774 0.2254 0.7848
vn -0.6078 -0.1217 0.7847
vn -0.6196 -0.0143 0.7848
vn 0.6355 0.3867 0.6682
vn -0.7437 -0.0172 0.6682
vn 0.5587 0.4912 0.6682
vn 0.4649 0.5808 0.6682
vn 0.3570 0.6527 0.6683
vn 0.2382 0.7048 0.6682
vn 0.1122 0.7354 0.6682
vn -0.0172 0.7437 0.6682
vn -0.1461 0.7294 0.6683
vn -0.2705 0.6930 0.6682
vn -0.3867 0.6355 0.6683
vn -0.4912 0.5587 0.6682
vn -0.5808 0.4649 0.6682
vn -0.6527 0.3570 0.6682
vn -0.7048 0.2382 0.6682
vn -0.7354 0.1122 0.6682
vt 0.460000 0.126667
vt 0.540000 0.126667
vt 0.500000 0.206667
vt 0.460000 0.460000
vt 0.540000 0.460000
vt 0.500000 0.540000
vt 0.793333 0.460000
vt 0.873333 0.460000
vt 0.833333 0.540000
vt 0.793333 0.793333
vt 0.873333 0.793333
vt 0.833333 0.873333
s 1
f 1/1/1 2/2/2 3/3/3
f 4/1/4 1/2/1 3/3/3
f 5/1/5 2/2/2 1/3/1
f 2/1/2 6/2/6 3/3/3
f 7/1/7 4/2/4 3/3/3
f 8/1/8 1/2/1 4/3/4
f 9/1/9 5/2/5 1/3/1
f 5/1/5 10/2/10 2/3/2
f 2/1/2 10/2/10 6/3/6
f 3/1/3 6/2/6 11/3/11
f 12/1/12 7/2/7 3/3/3
f 8/1/8 4/2/4 7/3/7
f 8/1/8 9/2/9 1/3/1
f 9/1/9 13/2/13 5/3/5
f 5/1/5 14/2/14 10/3/10
f 10/1/10 15/2/15 6/3/6
f 6/1/6 15/2/15 11/3/11
f 3/1/3 11/2/11 16/3/16
f 17/1/17 12/2/12 3/3/3
f 18/1/18 7/2/7 12/3/12
f 19/1/19 8/2/8 7/3/7
f 20/1/20 9/2/9 8/3/8
f 21/1/21 13/2/13 9/3/9
f 13/1/13 14/2/14 5/3/5
f 14/1/14 22/2/22 10/3/10
f 10/1/10 22/2/22 15/3/15
f 11/1/11 15/2/15 16/3/16
f 3/1/3 16/2/16 23/3/23
f 17/1/17 3/2/3 24/3/24
f 25/1/25 12/2/12 17/3/17
f 25/1/25 18/2/18 12/3/12
f 18/1/18 19/2/19 7/3/7
f 20/1/20 8/2/8 19/3/19
f 20/1/20 21/2/21 9/3/9
f 21/1/21 26/2/26 13/3/13
f 13/1/13 27/2/27 14/3/14
f 14/1/14 28/2/28 22/3/22
f 15/1/15 22/2/22 29/3/29
f 16/1/16 15/2/15 30/3/30
f 16/1/16 31/2/31 23/3/23
f 3/1/3 23/2/23 32/3/32
f 24/1/24 3/2/3 33/3/33
f 25/1/25 17/2/17 24/3/24
f 34/1/34 18/2/18 25/3/25
f 34/1/34 19/2/19 18/3/18
f 35/1/35 20/2/20 19/3/19
f 36/1/36 21/2/21 20/3/20
f 37/1/37 26/2/26 21/3/21
f 26/1/26 27/2/27 13/3/13
f 27/1/27 28/2/28 14/3/14
f 22/1/22 28/2/28 29/3/29
f 15/1/15 29/2/29 30/3/30
f 16/1/16 30/2/30 31/3/31
f 23/1/23 31/2/31 32/3/32
f 3/1/3 32/2/32 38/3/38
f 33/1/33 3/2/3 39/3/39
f 40/1/40 24/2/24 33/3/33
f 25/1/25 24/2/24 40/3/40
f 41/1/41 34/2/34 25/3/25
f 34/1/34 35/2/35 19/3/19
f 42/1/42 20/2/20 35/3/35
f 42/1/42 36/2/36 20/3/20
f 36/1/36 37/2/37 21/3/21
f 43/1/43 26/2/26 37/3/37
f 44/1/44 27/2/27 26/3/26
f 27/1/27 45/2/45 28/3/28
f 28/1/28 46/2/46 29/3/29
f 30/1/30 29/2/29 31/3/31
f 32/1/32 31/2/31 47/3/47
f 32/1/32 47/2/47 38/3/38
f 3/1/3 38/2/38 48/3/48
f 39/1/39 3/2/3 49/3/49
f 50/1/50 33/2/33 39/3/39
f 40/1/40 33/2/33 51/3/51
f 41/1/41 25/2/25 40/3/40
f 52/1/52 34/2/34 41/3/41
f 42/1/42 35/2/35 34/3/34
f 53/1/53 36/2/36 42/3/42
f 36/1/36 43/2/43 37/3/37
f 43/1/43 44/2/44 26/3/26
f 44/1/44 54/2/54 27/3/27
f 54/1/54 45/2/45 27/3/27
f 28/1/28 45/2/45 46/3/46
f 29/1/29 46/2/46 55/3/55
f 31/1/31 29/2/29 55/3/55
f 31/1/31 56/2/56 47/3/47
f 38/1/38 47/2/47 57/3/57
f 38/1/38 57/2/57 48/3/48
f 3/1/3 48/2/48 58/3/58
f 49/1/49 3/2/3 59/3/59
f 60/1/60 39/2/39 49/3/49
f 50/1/50 39/2/39 60/3/60
f 51/1/51 33/2/33 50/3/50
f 61/1/61 40/2/40 51/3/51
f 41/1/41 40/2/40 61/3/61
f 62/1/62 52/2/52 41/3/41
f 52/1/52 42/2/42 34/3/34
f 53/1/53 42/2/42 52/3/52
f 53/1/53 63/2/63 36/3/36
f 63/1/63 43/2/43 36/3/36
f 43/1/43 64/2/64 44/3/44
f 44/1/44 65/2/65 54/3/54
f 54/1/54 66/2/66 45/3/45
f 45/1/45 67/2/67 46/3/46
f 46/1/46 68/2/68 55/3/55
f 31/1/31 55/2/55 56/3/56
f 47/1/47 56/2/56 57/3/57
f 48/1/48 57/2/57 69/3/69
f 58/1/58 48/2/48 69/3/69
f 3/1/3 58/2/58 70/3/70
f 59/1/59 3/2/3 71/3/71
f 72/1/72 49/2/49 59/3/59
f 60/1/60 49/2/49 72/3/72
f 73/1/73 50/2/50 60/3/60
f 73/1/73 51/2/51 50/3/50
f 61/1/61 51/2/51 74/3/74
f 62/1/62 41/2/41 61/3/61
f 75/1/75 52/2/52 62/3/62
f 75/1/75 53/2/53 52/3/52
f 53/1/53 76/2/76 63/3/63
f 76/1/76 43/2/43 63/3/63
f 77/1/77 64/2/64 43/3/43
f 64/1/64 65/2/65 44/3/44
f 65/1/65 66/2/66 54/3/54
f 45/1/45 66/2/66 78/3/78
f 45/1/45 78/2/78 67/3/67
f 46/1/46 67/2/67 68/3/68
f 55/1/55 68/2/68 79/3/79
f 55/1/55 79/2/79 56/3/56
f 57/1/57 56/2/56 80/3/80
f 57/1/57 80/2/80 69/3/69
f 58/1/58 69/2/69 81/3/81
f 70/1/70 58/2/58 81/3/81
f 3/1/3 70/2/70 82/3/82
f 71/1/71 3/2/3 83/3/83
f 59/1/59 71/2/71 84/3/84
f 72/1/72 59/2/59 84/3/84
f 85/1/85 60/2/60 72/3/72
f 73/1/73 60/2/60 85/3/85
f 74/1/74 51/2/51 73/3/73
f 86/1/86 61/2/61 74/3/74
f 62/1/62 61/2/61 86/3/86
f 87/1/87 75/2/75 62/3/62
f 88/1/88 53/2/53 75/3/75
f 89/1/89 76/2/76 53/3/53
f 76/1/76 77/2/77 43/3/43
f 90/1/90 64/2/64 77/3/77
f 91/1/91 65/2/65 64/3/64
f 91/1/91 66/2/66 65/3/65
f 92/1/92 78/2/78 66/3/66
f 67/1/67 78/2/78 93/3/93
f 67/1/67 94/2/94 68/3/68
f 68/1/68 94/2/94 79/3/79
f 56/1/56 79/2/79 95/3/95
f 56/1/56 95/2/95 80/3/80
f 69/1/69 80/2/80 96/3/96
f 81/1/81 69/2/69 96/3/96
f 70/1/70 81/2/81 97/3/97
f 82/1/82 70/2/70 98/3/98
f 3/1/3 82/2/82 99/3/99
f 3/1/3 99/2/99 83/3/83
f 84/1/84 71/2/71 83/3/83
f 100/1/100 72/2/72 84/3/84
f 85/1/85 72/2/72 100/3/100
f 73/1/73 85/2/85 101/3/101
f 102/1/102 74/2/74 73/3/73
f 86/1/86 74/2/74 102/3/102
f 103/1/103 62/2/62 86/3/86
f 87/1/87 62/2/62 103/3/103
f 88/1/88 75/2/75 87/3/87
f 88/1/88 89/2/89 53/3/53
f 104/1/104 76/2/76 89/3/89
f 105/1/105 77/2/77 76/3/76
f 90/1/90 77/2/77 106/3/106
f 91/1/91 64/2/64 90/3/90
f 107/1/107 66/2/66 91/3/91
f 92/1/92 93/2/93 78/3/78
f 92/1/92 66/2/66 107/3/107
f 67/1/67 93/2/93 94/3/94
f 94/1/94 108/2/108 79/3/79
f 79/1/79 108/2/108 95/3/95
f 80/1/80 95/2/95 96/3/96
f 81/1/81 96/2/96 109/3/109
f 97/1/97 81/2/81 109/3/109
f 70/1/70 97/2/97 98/3/98
f 99/1/99 82/2/82 98/3/98
f 83/1/83 99/2/99 110/3/110
f 84/1/84 83/2/83 111/3/111
f 100/1/100 84/2/84 112/3/112
f 85/1/85 100/2/100 113/3/113
f 101/1/101 85/2/85 113/3/113
f 114/1/114 73/2/73 101/3/101
f 102/1/102 73/2/73 114/3/114
f 115/1/115 86/2/86 102/3/102
f 103/1/103 86/2/86 115/3/115
f 116/1/116 87/2/87 103/3/103
f 117/1/117 88/2/88 87/3/87
f 88/1/88 118/2/118 89/3/89
f 118/1/118 104/2/104 89/3/89
f 104/1/104 105/2/105 76/3/76
f 106/1/106 77/2/77 105/3/105
f 119/1/119 90/2/90 106/3/106
f 119/1/119 91/2/91 90/3/90
f 120/1/120 107/2/107 91/3/91
f 121/1/121 93/2/93 92/3/92
f 120/1/120 92/2/92 107/3/107
f 94/1/94 93/2/93 122/3/122
f 94/1/94 122/2/122 108/3/108
f 95/1/95 108/2/108 123/3/123
f 96/1/96 95/2/95 124/3/124
f 109/1/109 96/2/96 124/3/124
f 97/1/97 109/2/109 125/3/125
f 98/1/98 97/2/97 126/3/126
f 99/1/99 98/2/98 110/3/110
f 83/1/83 110/2/110 111/3/111
f 84/1/84 111/2/111 127/3/127
f 112/1/112 84/2/84 127/3/127
f 100/1/100 112/2/112 128/3/128
f 113/1/113 100/2/100 128/3/128
f 101/1/101 113/2/113 129/3/129
f 114/1/114 101/2/101 130/3/130
f 115/1/115 102/2/102 114/3/114
f 116/1/116 103/2/103 115/3/115
f 117/1/117 87/2/87 116/3/116
f 117/1/117 118/2/118 88/3/88
f 118/1/118 131/2/131 104/3/104
f 104/1/104 132/2/132 105/3/105
f 133/1/133 106/2/106 105/3/105
f 119/1/119 106/2/106 134/3/134
f 135/1/135 91/2/91 119/3/119
f 120/1/120 91/2/91 135/3/135
f 136/1/136 121/2/121 92/3/92
f 93/1/93 121/2/121 137/3/137
f 138/1/138 92/2/92 120/3/120
f 93/1/93 137/2/137 122/3/122
f 108/1/108 122/2/122 139/3/139
f 108/1/108 139/2/139 123/3/123
f 95/1/95 123/2/123 140/3/140
f 95/1/95 140/2/140 124/3/124
f 109/1/109 124/2/124 141/3/141
f 125/1/125 109/2/109 141/3/141
f 97/1/97 125/2/125 126/3/126
f 98/1/98 126/2/126 142/3/142
f 110/1/110 98/2/98 142/3/142
f 111/1/111 110/2/110 142/3/142
f 111/1/111 142/2/142 127/3/127
f 112/1/112 127/2/127 143/3/143
f 128/1/128 112/2/112 143/3/143
f 113/1/113 128/2/128 144/3/144
f 129/1/129 113/2/113 144/3/144
f 130/1/130 101/2/101 129/3/129
f 145/1/145 114/2/114 130/3/130
f 115/1/115 114/2/114 145/3/145
f 116/1/116 115/2/115 146/3/146
f 116/1/116 147/2/147 117/3/117
f 117/1/117 147/2/147 118/3/118
f 148/1/148 131/2/131 118/3/118
f 131/1/131 132/2/132 104/3/104
f 132/1/132 133/2/133 105/3/105
f 133/1/133 134/2/134 106/3/106
f 149/1/149 119/2/119 134/3/134
f 150/1/150 135/2/135 119/3/119
f 150/1/150 120/2/120 135/3/135
f 151/1/151 121/2/121 136/3/136
f 136/1/136 92/2/92 138/3/138
f 137/1/137 121/2/121 151/3/151
f 152/1/152 138/2/138 120/3/120
f 153/1/153 122/2/122 137/3/137
f 139/1/139 122/2/122 153/3/153
f 123/1/123 139/2/139 140/3/140
f 124/1/124 140/2/140 154/3/154
f 141/1/141 124/2/124 154/3/154
f 125/1/125 141/2/141 155/3/155
f 126/1/126 125/2/125 156/3/156
f 142/1/142 126/2/126 157/3/157
f 127/1/127 142/2/142 157/3/157
f 127/1/127 157/2/157 143/3/143
f 144/1/144 128/2/128 143/3/143
f 158/1/158 129/2/129 144/3/144
f 159/1/159 130/2/130 129/3/129
f 145/1/145 130/2/130 159/3/159
f 115/1/115 145/2/145 160/3/160
f 146/1/146 115/2/115 160/3/160
f 146/1/146 161/2/161 116/3/116
f 161/1/161 147/2/147 116/3/116
f 147/1/147 148/2/148 118/3/118
f 148/1/148 162/2/162 131/3/131
f 131/1/131 163/2/163 132/3/132
f 132/1/132 163/2/163 133/3/133
f 164/1/164 134/2/134 133/3/133
f 149/1/149 134/2/134 165/3/165
f 150/1/150 119/2/119 149/3/149
f 152/1/152 120/2/120 150/3/150
f 151/1/151 136/2/136 166/3/166
f 167/1/167 136/2/136 138/3/138
f 153/1/153 137/2/137 151/3/151
f 167/1/167 138/2/138 152/3/152
f 168/1/168 139/2/139 153/3/153
f 140/1/140 139/2/139 168/3/168
f 154/1/154 140/2/140 168/3/168
f 155/1/155 141/2/141 154/3/154
f 125/1/125 155/2/155 156/3/156
f 157/1/157 126/2/126 156/3/156
f 143/1/143 157/2/157 169/3/169
f 144/1/144 143/2/143 169/3/169
f 159/1/159 129/2/129 158/3/158
f 158/1/158 144/2/144 170/3/170
f 160/1/160 145/2/145 159/3/159
f 160/1/160 171/2/171 146/3/146
f 171/1/171 161/2/161 146/3/146
f 161/1/161 148/2/148 147/3/147
f 162/1/162 172/2/172 131/3/131
f 173/1/173 162/2/162 148/3/148
f 131/1/131 172/2/172 163/3/163
f 163/1/163 164/2/164 133/3/133
f 164/1/164 165/2/165 134/3/134
f 174/1/174 149/2/149 165/3/165
f 174/1/174 150/2/150 149/3/149
f 175/1/175 152/2/152 150/3/150
f 166/1/166 136/2/136 167/3/167
f 151/1/151 166/2/166 176/3/176
f 153/1/153 151/2/151 177/3/177
f 175/1/175 167/2/167 152/3/152
f 168/1/168 153/2/153 178/3/178
f 154/1/154 168/2/168 179/3/179
f 155/1/155 154/2/154 180/3/180
f 156/1/156 155/2/155 181/3/181
f 157/1/157 156/2/156 182/3/182
f 169/1/169 157/2/157 182/3/182
f 144/1/144 169/2/169 183/3/183
f 184/1/184 159/2/159 158/3/158
f 170/1/170 144/2/144 183/3/183
f 184/1/184 158/2/158 170/3/170
f 185/1/185 160/2/160 159/3/159
f 186/1/186 171/2/171 160/3/160
f 187/1/187 161/2/161 171/3/171
f 173/1/173 148/2/148 161/3/161
f 162/1/162 188/2/188 172/3/172
f 189/1/189 162/2/162 173/3/173
f 172/1/172 188/2/188 163/3/163
f 163/1/163 190/2/190 164/3/164
f 191/1/191 165/2/165 164/3/164
f 192/1/192 174/2/174 165/3/165
f 193/1/193 150/2/150 174/3/174
f 175/1/175 150/2/150 193/3/193
f 194/1/194 166/2/166 167/3/167
f 176/1/176 166/2/166 194/3/194
f 177/1/177 151/2/151 176/3/176
f 178/1/178 153/2/153 177/3/177
f 195/1/195 167/2/167 175/3/175
f 179/1/179 168/2/168 178/3/178
f 180/1/180 154/2/154 179/3/179
f 181/1/181 155/2/155 180/3/180
f 182/1/182 156/2/156 181/3/181
f 169/1/169 182/2/182 196/3/196
f 169/1/169 196/2/196 183/3/183
f 184/1/184 185/2/185 159/3/159
f 197/1/197 170/2/170 183/3/183
f 198/1/198 184/2/184 170/3/170
f 186/1/186 160/2/160 185/3/185
f 199/1/199 171/2/171 186/3/186
f 187/1/187 173/2/173 161/3/161
f 199/1/199 187/2/187 171/3/171
f 162/1/162 200/2/200 188/3/188
f 187/1/187 189/2/189 173/3/173
f 189/1/189 201/2/201 162/3/162
f 188/1/188 190/2/190 163/3/163
f 190/1/190 191/2/191 164/3/164
f 191/1/191 192/2/192 165/3/165
f 202/1/202 174/2/174 192/3/192
f 203/1/203 193/2/193 174/3/174
f 204/1/204 175/2/175 193/3/193
f 194/1/194 167/2/167 195/3/195
f 176/1/176 194/2/194 205/3/205
f 177/1/177 176/2/176 206/3/206
f 178/1/178 177/2/177 207/3/207
f 204/1/204 195/2/195 175/3/175
f 208/1/208 179/2/179 178/3/178
f 180/1/180 179/2/179 209/3/209
f 181/1/181 180/2/180 210/3/210
f 182/1/182 181/2/181 196/3/196
f 197/1/197 183/2/183 196/3/196
f 211/1/211 185/2/185 184/3/184
f 197/1/197 198/2/198 170/3/170
f 212/1/212 184/2/184 198/3/198
f 199/1/199 186/2/186 185/3/185
f 199/1/199 213/2/213 187/3/187
f 201/1/201 200/2/200 162/3/162
f 200/1/200 214/2/214 188/3/188
f 213/1/213 189/2/189 187/3/187
f 215/1/215 201/2/201 189/3/189
f 214/1/214 190/2/190 188/3/188
f 216/1/216 191/2/191 190/3/190
f 217/1/217 192/2/192 191/3/191
f 218/1/218 202/2/202 192/3/192
f 202/1/202 203/2/203 174/3/174
f 204/1/204 193/2/193 203/3/203
f 219/1/219 194/2/194 195/3/195
f 205/1/205 194/2/194 220/3/220
f 206/1/206 176/2/176 205/3/205
f 221/1/221 177/2/177 206/3/206
f 207/1/207 177/2/177 221/3/221
f 208/1/208 178/2/178 207/3/207
f 219/1/219 195/2/195 204/3/204
f 222/1/222 179/2/179 208/3/208
f 222/1/222 209/2/209 179/3/179
f 210/1/210 180/2/180 209/3/209
f 196/1/196 181/2/181 210/3/210
f 223/1/223 197/2/197 196/3/196
f 199/1/199 185/2/185 211/3/211
f 224/1/224 211/2/211 184/3/184
f 225/1/225 198/2/198 197/3/197
f 225/1/225 212/2/212 198/3/198
f 212/1/212 224/2/224 184/3/184
f 226/1/226 213/2/213 199/3/199
f 201/1/201 227/2/227 200/3/200
f 227/1/227 214/2/214 200/3/200
f 213/1/213 215/2/215 189/3/189
f 215/1/215 228/2/228 201/3/201
f 214/1/214 216/2/216 190/3/190
f 216/1/216 217/2/217 191/3/191
f 217/1/217 218/2/218 192/3/192
f 229/1/229 202/2/202 218/3/218
f 230/1/230 203/2/203 202/3/202
f 231/1/231 204/2/204 203/3/203
f 220/1/220 194/2/194 219/3/219
f 232/1/232 205/2/205 220/3/220
f 206/1/206 205/2/205 233/3/233
f 221/1/221 206/2/206 233/3/233
f 234/1/234 207/2/207 221/3/221
f 234/1/234 208/2/208 207/3/207
f 231/1/231 219/2/219 204/3/204
f 222/1/222 208/2/208 234/3/234
f 210/1/210 209/2/209 222/3/222
f 235/1/235 196/2/196 210/3/210
f 235/1/235 223/2/223 196/3/196
f 236/1/236 197/2/197 223/3/223
f 237/1/237 199/2/199 211/3/211
f 237/1/237 211/2/211 224/3/224
f 236/1/236 225/2/225 197/3/197
f 238/1/238 212/2/212 225/3/225
f 239/1/239 224/2/224 212/3/212
f 226/1/226 199/2/199 237/3/237
f 226/1/226 215/2/215 213/3/213
f 201/1/201 228/2/228 227/3/227
f 227/1/227 240/2/240 214/3/214
f 215/1/215 241/2/241 228/3/228
f 240/1/240 216/2/216 214/3/214
f 242/1/242 217/2/217 216/3/216
f 243/1/243 218/2/218 217/3/217
f 244/1/244 229/2/229 218/3/218
f 229/1/229 230/2/230 202/3/202
f 231/1/231 203/2/203 230/3/230
f 245/1/245 220/2/220 219/3/219
f 232/1/232 220/2/220 246/3/246
f 233/1/233 205/2/205 232/3/232
f 221/1/221 233/2/233 247/3/247
f 248/1/248 234/2/234 221/3/221
f 245/1/245 219/2/219 231/3/231
f 249/1/249 222/2/222 234/3/234
f 235/1/235 210/2/210 222/3/222
f 236/1/236 223/2/223 235/3/235
f 239/1/239 237/2/237 224/3/224
f 250/1/250 225/2/225 236/3/236
f 250/1/250 238/2/238 225/3/225
f 238/1/238 251/2/251 212/3/212
f 251/1/251 239/2/239 212/3/212
f 252/1/252 226/2/226 237/3/237
f 226/1/226 252/2/252 215/3/215
f 253/1/253 227/2/227 228/3/228
f 254/1/254 240/2/240 227/3/227
f 255/1/255 241/2/241 215/3/215
f 241/1/241 253/2/253 228/3/228
f 240/1/240 242/2/242 216/3/216
f 242/1/242 243/2/243 217/3/217
f 243/1/243 244/2/244 218/3/218
f 256/1/256 229/2/229 244/3/244
f 257/1/257 230/2/230 229/3/229
f 258/1/258 231/2/231 230/3/230
f 246/1/246 220/2/220 245/3/245
f 259/1/259 232/2/232 246/3/246
f 260/1/260 233/2/233 232/3/232
f 261/1/261 247/2/247 233/3/233
f 248/1/248 221/2/221 247/3/247
f 249/1/249 234/2/234 248/3/248
f 258/1/258 245/2/245 231/3/231
f 262/1/262 222/2/222 249/3/249
f 262/1/262 235/2/235 222/3/222
f 262/1/262 236/2/236 235/3/235
f 263/1/263 237/2/237 239/3/239
f 250/1/250 236/2/236 262/3/262
f 264/1/264 238/2/238 250/3/250
f 264/1/264 251/2/251 238/3/238
f 265/1/265 239/2/239 251/3/251
f 252/1/252 237/2/237 266/3/266
f 252/1/252 255/2/255 215/3/215
f 253/1/253 254/2/254 227/3/227
f 254/1/254 267/2/267 240/3/240
f 255/1/255 268/2/268 241/3/241
f 241/1/241 268/2/268 253/3/253
f 267/1/267 242/2/242 240/3/240
f 269/1/269 243/2/243 242/3/242
f 256/1/256 244/2/244 243/3/243
f 256/1/256 257/2/257 229/3/229
f 257/1/257 270/2/270 230/3/230
f 258/1/258 230/2/230 270/3/270
f 271/1/271 246/2/246 245/3/245
f 259/1/259 246/2/246 272/3/272
f 260/1/260 232/2/232 259/3/259
f 261/1/261 233/2/233 260/3/260
f 273/1/273 247/2/247 261/3/261
f 248/1/248 247/2/247 273/3/273
f 274/1/274 249/2/249 248/3/248
f 271/1/271 245/2/245 258/3/258
f 275/1/275 262/2/262 249/3/249
f 265/1/265 263/2/263 239/3/239
f 266/1/266 237/2/237 263/3/263
f 275/1/275 250/2/250 262/3/262
f 276/1/276 264/2/264 250/3/250
f 264/1/264 265/2/265 251/3/251
f 277/1/277 252/2/252 266/3/266
f 255/1/255 252/2/252 277/3/277
f 253/1/253 278/2/278 254/3/254
f 278/1/278 267/2/267 254/3/254
f 255/1/255 279/2/279 268/3/268
f 268/1/268 280/2/280 253/3/253
f 267/1/267 269/2/269 242/3/242
f 269/1/269 281/2/281 243/3/243
f 281/1/281 256/2/256 243/3/243
f 282/1/282 257/2/257 256/3/256
f 283/1/283 270/2/270 257/3/257
f 284/1/284 258/2/258 270/3/270
f 272/1/272 246/2/246 271/3/271
f 285/1/285 259/2/259 272/3/272
f 286/1/286 260/2/260 259/3/259
f 261/1/261 260/2/260 286/3/286
f 273/1/273 261/2/261 287/3/287
f 274/1/274 248/2/248 273/3/273
f 275/1/275 249/2/249 274/3/274
f 284/1/284 271/2/271 258/3/258
f 288/1/288 263/2/263 265/3/265
f 289/1/289 266/2/266 263/3/263
f 290/1/290 250/2/250 275/3/275
f 290/1/290 276/2/276 250/3/250
f 291/1/291 264/2/264 276/3/276
f 291/1/291 265/2/265 264/3/264
f 277/1/277 266/2/266 289/3/289
f 292/1/292 255/2/255 277/3/277
f 280/1/280 278/2/278 253/3/253
f 278/1/278 293/2/293 267/3/267
f 279/1/279 255/2/255 292/3/292
f 279/1/279 294/2/294 268/3/268
f 268/1/268 295/2/295 280/3/280
f 267/1/267 296/2/296 269/3/269
f 269/1/269 297/2/297 281/3/281
f 297/1/297 256/2/256 281/3/281
f 298/1/298 282/2/282 256/3/256
f 282/1/282 283/2/283 257/3/257
f 284/1/284 270/2/270 283/3/283
f 299/1/299 272/2/272 271/3/271
f 300/1/300 285/2/285 272/3/272
f 301/1/301 259/2/259 285/3/285
f 301/1/301 286/2/286 259/3/259
f 302/1/302 261/2/261 286/3/286
f 303/1/303 287/2/287 261/3/261
f 304/1/304 273/2/273 287/3/287
f 274/1/274 273/2/273 305/3/305
f 275/1/275 274/2/274 290/3/290
f 299/1/299 271/2/271 284/3/284
f 291/1/291 288/2/288 265/3/265
f 289/1/289 263/2/263 288/3/288
f 306/1/306 276/2/276 290/3/290
f 306/1/306 291/2/291 276/3/276
f 292/1/292 277/2/277 289/3/289
f 280/1/280 307/2/307 278/3/278
f 307/1/307 293/2/293 278/3/278
f 293/1/293 296/2/296 267/3/267
f 294/1/294 279/2/279 292/3/292
f 294/1/294 295/2/295 268/3/268
f 295/1/295 308/2/308 280/3/280
f 296/1/296 297/2/297 269/3/269
f 297/1/297 298/2/298 256/3/256
f 309/1/309 282/2/282 298/3/298
f 310/1/310 283/2/283 282/3/282
f 311/1/311 284/2/284 283/3/283
f 312/1/312 272/2/272 299/3/299
f 301/1/301 285/2/285 300/3/300
f 300/1/300 272/2/272 312/3/312
f 302/1/302 286/2/286 301/3/301
f 303/1/303 261/2/261 302/3/302
f 313/1/313 287/2/287 303/3/303
f 305/1/305 273/2/273 304/3/304
f 304/1/304 287/2/287 313/3/313
f 290/1/290 274/2/274 305/3/305
f 314/1/314 299/2/299 284/3/284
f 315/1/315 288/2/288 291/3/291
f 316/1/316 289/2/289 288/3/288
f 317/1/317 306/2/306 290/3/290
f 315/1/315 291/2/291 306/3/306
f 292/1/292 289/2/289 318/3/318
f 308/1/308 307/2/307 280/3/280
f 307/1/307 319/2/319 293/3/293
f 319/1/319 296/2/296 293/3/293
f 294/1/294 292/2/292 320/3/320
f 294/1/294 321/2/321 295/3/295
f 295/1/295 321/2/321 308/3/308
f 322/1/322 297/2/297 296/3/296
f 323/1/323 298/2/298 297/3/297
f 324/1/324 309/2/309 298/3/298
f 309/1/309 310/2/310 282/3/282
f 311/1/311 283/2/283 310/3/310
f 314/1/314 284/2/284 311/3/311
f 314/1/314 312/2/312 299/3/299
f 325/1/325 301/2/301 300/3/300
f 300/1/300 312/2/312 326/3/326
f 327/1/327 302/2/302 301/3/301
f 303/1/303 302/2/302 327/3/327
f 313/1/313 303/2/303 328/3/328
f 290/1/290 305/2/305 304/3/304
f 317/1/317 304/2/304 313/3/313
f 315/1/315 316/2/316 288/3/288
f 318/1/318 289/2/289 316/3/316
f 290/1/290 304/2/304 317/3/317
f 329/1/329 306/2/306 317/3/317
f 329/1/329 315/2/315 306/3/306
f 330/1/330 292/2/292 318/3/318
f 331/1/331 307/2/307 308/3/308
f 332/1/332 319/2/319 307/3/307
f 319/1/319 322/2/322 296/3/296
f 320/1/320 292/2/292 330/3/330
f 333/1/333 294/2/294 320/3/320
f 294/1/294 334/2/334 321/3/321
f 321/1/321 335/2/335 308/3/308
f 322/1/322 323/2/323 297/3/297
f 323/1/323 324/2/324 298/3/298
f 336/1/336 309/2/309 324/3/324
f 337/1/337 310/2/310 309/3/309
f 337/1/337 311/2/311 310/3/310
f 338/1/338 314/2/314 311/3/311
f 326/1/326 312/2/312 314/3/314
f 325/1/325 300/2/300 339/3/339
f 340/1/340 301/2/301 325/3/325
f 339/1/339 300/2/300 326/3/326
f 340/1/340 327/2/327 301/3/301
f 328/1/328 303/2/303 327/3/327
f 313/1/313 328/2/328 341/3/341
f 317/1/317 313/2/313 342/3/342
f 343/1/343 316/2/316 315/3/315
f 343/1/343 318/2/318 316/3/316
f 342/1/342 329/2/329 317/3/317
f 344/1/344 315/2/315 329/3/329
f 330/1/330 318/2/318 343/3/343
f 335/1/335 331/2/331 308/3/308
f 331/1/331 332/2/332 307/3/307
f 345/1/345 319/2/319 332/3/332
f 346/1/346 322/2/322 319/3/319
f 347/1/347 320/2/320 330/3/330
f 333/1/333 320/2/320 347/3/347
f 334/1/334 294/2/294 333/3/333
f 334/1/334 335/2/335 321/3/321
f 348/1/348 323/2/323 322/3/322
f 349/1/349 324/2/324 323/3/323
f 336/1/336 337/2/337 309/3/309
f 350/1/350 336/2/336 324/3/324
f 351/1/351 311/2/311 337/3/337
f 338/1/338 326/2/326 314/3/314
f 338/1/338 311/2/311 351/3/351
f 352/1/352 325/2/325 339/3/339
f 353/1/353 340/2/340 325/3/325
f 339/1/339 326/2/326 354/3/354
f 328/1/328 327/2/327 340/3/340
f 341/1/341 328/2/328 355/3/355
f 342/1/342 313/2/313 341/3/341
f 344/1/344 343/2/343 315/3/315
f 356/1/356 329/2/329 342/3/342
f 356/1/356 344/2/344 329/3/329
f 347/1/347 330/2/330 343/3/343
f 335/1/335 357/2/357 331/3/331
f 331/1/331 357/2/357 332/3/332
f 345/1/345 346/2/346 319/3/319
f 357/1/357 345/2/345 332/3/332
f 346/1/346 348/2/348 322/3/322
f 358/1/358 333/2/333 347/3/347
f 358/1/358 334/2/334 333/3/333
f 334/1/334 359/2/359 335/3/335
f 348/1/348 349/2/349 323/3/323
f 349/1/349 350/2/350 324/3/324
f 360/1/360 337/2/337 336/3/336
f 360/1/360 336/2/336 350/3/350
f 361/1/361 351/2/351 337/3/337
f 354/1/354 326/2/326 338/3/338
f 361/1/361 338/2/338 351/3/351
f 352/1/352 339/2/339 362/3/362
f 353/1/353 325/2/325 352/3/352
f 355/1/355 340/2/340 353/3/353
f 362/1/362 339/2/339 354/3/354
f 355/1/355 328/2/328 340/3/340
f 341/1/341 355/2/355 363/3/363
f 342/1/342 341/2/341 364/3/364
f 365/1/365 343/2/343 344/3/344
f 364/1/364 356/2/356 342/3/342
f 365/1/365 344/2/344 356/3/356
f 347/1/347 343/2/343 366/3/366
f 335/1/335 367/2/367 357/3/357
f 368/1/368 346/2/346 345/3/345
f 357/1/357 368/2/368 345/3/345
f 346/1/346 369/2/369 348/3/348
f 358/1/358 347/2/347 370/3/370
f 359/1/359 334/2/334 358/3/358
f 359/1/359 367/2/367 335/3/335
f 369/1/369 349/2/349 348/3/348
f 371/1/371 350/2/350 349/3/349
f 360/1/360 372/2/372 337/3/337
f 373/1/373 360/2/360 350/3/350
f 361/1/361 337/2/337 372/3/372
f 374/1/374 354/2/354 338/3/338
f 374/1/374 338/2/338 361/3/361
f 375/1/375 352/2/352 362/3/362
f 376/1/376 353/2/353 352/3/352
f 377/1/377 355/2/355 353/3/353
f 362/1/362 354/2/354 378/3/378
f 363/1/363 355/2/355 379/3/379
f 364/1/364 341/2/341 363/3/363
f 365/1/365 366/2/366 343/3/343
f 380/1/380 356/2/356 364/3/364
f 380/1/380 365/2/365 356/3/356
f 381/1/381 347/2/347 366/3/366
f 367/1/367 382/2/382 357/3/357
f 368/1/368 383/2/383 346/3/346
f 357/1/357 384/2/384 368/3/368
f 383/1/383 369/2/369 346/3/346
f 370/1/370 347/2/347 381/3/381
f 385/1/385 358/2/358 370/3/370
f 385/1/385 359/2/359 358/3/358
f 359/1/359 386/2/386 367/3/367
f 369/1/369 371/2/371 349/3/349
f 371/1/371 373/2/373 350/3/350
f 387/1/387 372/2/372 360/3/360
f 388/1/388 360/2/360 373/3/373
f 389/1/389 361/2/361 372/3/372
f 378/1/378 354/2/354 374/3/374
f 389/1/389 374/2/374 361/3/361
f 375/1/375 362/2/362 390/3/390
f 376/1/376 352/2/352 375/3/375
f 391/1/391 353/2/353 376/3/376
f 377/1/377 353/2/353 391/3/391
f 379/1/379 355/2/355 377/3/377
f 390/1/390 362/2/362 378/3/378
f 392/1/392 363/2/363 379/3/379
f 364/1/364 363/2/363 393/3/393
f 394/1/394 366/2/366 365/3/365
f 393/1/393 380/2/380 364/3/364
f 395/1/395 365/2/365 380/3/380
f 394/1/394 381/2/381 366/3/366
f 382/1/382 384/2/384 357/3/357
f 396/1/396 382/2/382 367/3/367
f 397/1/397 383/2/383 368/3/368
f 384/1/384 397/2/397 368/3/368
f 383/1/383 398/2/398 369/3/369
f 399/1/399 370/2/370 381/3/381
f 385/1/385 370/2/370 399/3/399
f 386/1/386 359/2/359 385/3/385
f 386/1/386 396/2/396 367/3/367
f 369/1/369 398/2/398 371/3/371
f 371/1/371 388/2/388 373/3/373
f 400/1/400 387/2/387 360/3/360
f 389/1/389 372/2/372 387/3/387
f 388/1/388 400/2/400 360/3/360
f 401/1/401 378/2/378 374/3/374
f 401/1/401 374/2/374 389/3/389
f 402/1/402 375/2/375 390/3/390
f 376/1/376 375/2/375 402/3/402
f 391/1/391 376/2/376 403/3/403
f 379/1/379 377/2/377 391/3/391
f 404/1/404 390/2/390 378/3/378
f 393/1/393 363/2/363 392/3/392
f 392/1/392 379/2/379 405/3/405
f 395/1/395 394/2/394 365/3/365
f 395/1/395 380/2/380 393/3/393
f 406/1/406 381/2/381 394/3/394
f 382/1/382 407/2/407 384/3/384
f 382/1/382 396/2/396 408/3/408
f 397/1/397 409/2/409 383/3/383
f 384/1/384 407/2/407 397/3/397
f 383/1/383 409/2/409 398/3/398
f 399/1/399 381/2/381 410/3/410
f 411/1/411 385/2/385 399/3/399
f 396/1/396 386/2/386 385/3/385
f 398/1/398 412/2/412 371/3/371
f 371/1/371 412/2/412 388/3/388
f 400/1/400 413/2/413 387/3/387
f 413/1/413 389/2/389 387/3/387
f 388/1/388 414/2/414 400/3/400
f 401/1/401 404/2/404 378/3/378
f 415/1/415 401/2/401 389/3/389
f 416/1/416 402/2/402 390/3/390
f 403/1/403 376/2/376 402/3/402
f 391/1/391 403/2/403 417/3/417
f 379/1/379 391/2/391 418/3/418
f 404/1/404 416/2/416 390/3/390
f 392/1/392 395/2/395 393/3/393
f 405/1/405 395/2/395 392/3/392
f 405/1/405 379/2/379 418/3/418
f 419/1/419 394/2/394 395/3/395
f 419/1/419 406/2/406 394/3/394
f 406/1/406 410/2/410 381/3/381
f 382/1/382 408/2/408 407/3/407
f 408/1/408 396/2/396 420/3/420
f 397/1/397 421/2/421 409/3/409
f 397/1/397 407/2/407 421/3/421
f 409/1/409 422/2/422 398/3/398
f 423/1/423 399/2/399 410/3/410
f 411/1/411 399/2/399 423/3/423
f 424/1/424 385/2/385 411/3/411
f 396/1/396 385/2/385 424/3/424
f 398/1/398 425/2/425 412/3/412
f 412/1/412 425/2/425 388/3/388
f 400/1/400 426/2/426 413/3/413
f 413/1/413 415/2/415 389/3/389
f 425/1/425 414/2/414 388/3/388
f 414/1/414 426/2/426 400/3/400
f 401/1/401 427/2/427 404/3/404
f 415/1/415 428/2/428 401/3/401
f 416/1/416 429/2/429 402/3/402
f 430/1/430 403/2/403 402/3/402
f 417/1/417 403/2/403 431/3/431
f 418/1/418 391/2/391 417/3/417
f 427/1/427 416/2/416 404/3/404
f 405/1/405 419/2/419 395/3/395
f 405/1/405 418/2/418 432/3/432
f 433/1/433 406/2/406 419/3/419
f 434/1/434 410/2/410 406/3/406
f 407/1/407 408/2/408 435/3/435
f 420/1/420 396/2/396 436/3/436
f 408/1/408 420/2/420 437/3/437
f 409/1/409 421/2/421 422/3/422
f 407/1/407 435/2/435 421/3/421
f 398/1/398 422/2/422 438/3/438
f 434/1/434 423/2/423 410/3/410
f 439/1/439 411/2/411 423/3/423
f 440/1/440 424/2/424 411/3/411
f 436/1/436 396/2/396 424/3/424
f 398/1/398 438/2/438 425/3/425
f 426/1/426 441/2/441 413/3/413
f 413/1/413 442/2/442 415/3/415
f 425/1/425 443/2/443 414/3/414
f 414/1/414 444/2/444 426/3/426
f 428/1/428 427/2/427 401/3/401
f 442/1/442 428/2/428 415/3/415
f 445/1/445 429/2/429 416/3/416
f 430/1/430 402/2/402 429/3/429
f 431/1/431 403/2/403 430/3/430
f 446/1/446 417/2/417 431/3/431
f 418/1/418 417/2/417 446/3/446
f 427/1/427 445/2/445 416/3/416
f 432/1/432 419/2/419 405/3/405
f 432/1/432 418/2/418 446/3/446
f 433/1/433 434/2/434 406/3/406
f 432/1/432 433/2/433 419/3/419
f 408/1/408 437/2/437 435/3/435
f 420/1/420 436/2/436 447/3/447
f 437/1/437 420/2/420 448/3/448
f 421/1/421 449/2/449 422/3/422
f 421/1/421 435/2/435 450/3/450
f 422/1/422 451/2/451 438/3/438
f 452/1/452 423/2/423 434/3/434
f 452/1/452 439/2/439 423/3/423
f 440/1/440 411/2/411 439/3/439
f 436/1/436 424/2/424 440/3/440
f 438/1/438 451/2/451 425/3/425
f 413/1/413 441/2/441 442/3/442
f 426/1/426 444/2/444 441/3/441
f 451/1/451 443/2/443 425/3/425
f 443/1/443 453/2/453 414/3/414
f 414/1/414 453/2/453 444/3/444
f 428/1/428 454/2/454 427/3/427
f 442/1/442 455/2/455 428/3/428
f 445/1/445 456/2/456 429/3/429
f 456/1/456 430/2/430 429/3/429
f 457/1/457 431/2/431 430/3/430
f 446/1/446 431/2/431 458/3/458
f 454/1/454 445/2/445 427/3/427
f 432/1/432 446/2/446 458/3/458
f 452/1/452 434/2/434 433/3/433
f 459/1/459 433/2/433 432/3/432
f 435/1/435 437/2/437 460/3/460
f 436/1/436 461/2/461 447/3/447
f 420/1/420 447/2/447 448/3/448
f 437/1/437 448/2/448 460/3/460
f 421/1/421 462/2/462 449/3/449
f 422/1/422 449/2/449 451/3/451
f 435/1/435 460/2/460 450/3/450
f 421/1/421 450/2/450 462/3/462
f 463/1/463 439/2/439 452/3/452
f 463/1/463 440/2/440 439/3/439
f 436/1/436 440/2/440 461/3/461
f 441/1/441 464/2/464 442/3/442
f 444/1/444 465/2/465 441/3/441
f 451/1/451 466/2/466 443/3/443
f 443/1/443 467/2/467 453/3/453
f 453/1/453 468/2/468 444/3/444
f 455/1/455 454/2/454 428/3/428
f 442/1/442 469/2/469 455/3/455
f 470/1/470 456/2/456 445/3/445
f 456/1/456 457/2/457 430/3/430
f 471/1/471 431/2/431 457/3/457
f 471/1/471 458/2/458 431/3/431
f 454/1/454 470/2/470 445/3/445
f 472/1/472 432/2/432 458/3/458
f 459/1/459 452/2/452 433/3/433
f 472/1/472 459/2/459 432/3/432
f 447/1/447 461/2/461 473/3/473
f 448/1/448 447/2/447 474/3/474
f 460/1/460 448/2/448 474/3/474
f 462/1/462 475/2/475 449/3/449
f 449/1/449 475/2/475 451/3/451
f 450/1/450 460/2/460 476/3/476
f 462/1/462 450/2/450 477/3/477
f 478/1/478 463/2/463 452/3/452
f 461/1/461 440/2/440 463/3/463
f 441/1/441 465/2/465 464/3/464
f 464/1/464 469/2/469 442/3/442
f 444/1/444 479/2/479 465/3/465
f 451/1/451 475/2/475 466/3/466
f 443/1/443 466/2/466 467/3/467
f 467/1/467 468/2/468 453/3/453
f 468/1/468 479/2/479 444/3/444
f 469/1/469 454/2/454 455/3/455
f 470/1/470 480/2/480 456/3/456
f 480/1/480 457/2/457 456/3/456
f 481/1/481 471/2/471 457/3/457
f 482/1/482 458/2/458 471/3/471
f 483/1/483 470/2/470 454/3/454
f 484/1/484 472/2/472 458/3/458
f 452/1/452 459/2/459 485/3/485
f 485/1/485 459/2/459 472/3/472
f 461/1/461 486/2/486 473/3/473
f 447/1/447 473/2/473 487/3/487
f 474/1/474 447/2/447 487/3/487
f 460/1/460 474/2/474 488/3/488
f 462/1/462 477/2/477 475/3/475
f 460/1/460 489/2/489 476/3/476
f 450/1/450 476/2/476 477/3/477
f 478/1/478 452/2/452 485/3/485
f 463/1/463 478/2/478 490/3/490
f 461/1/461 463/2/463 486/3/486
f 465/1/465 491/2/491 464/3/464
f 464/1/464 492/2/492 469/3/469
f 479/1/479 491/2/491 465/3/465
f 475/1/475 493/2/493 466/3/466
f 466/1/466 494/2/494 467/3/467
f 467/1/467 495/2/495 468/3/468
f 468/1/468 495/2/495 479/3/479
f 469/1/469 483/2/483 454/3/454
f 496/1/496 480/2/480 470/3/470
f 480/1/480 481/2/481 457/3/457
f 497/1/497 471/2/471 481/3/481
f 497/1/497 482/2/482 471/3/471
f 484/1/484 458/2/458 482/3/482
f 483/1/483 496/2/496 470/3/470
f 485/1/485 472/2/472 484/3/484
f 473/1/473 486/2/486 498/3/498
f 487/1/487 473/2/473 499/3/499
f 474/1/474 487/2/487 500/3/500
f 474/1/474 500/2/500 488/3/488
f 460/1/460 488/2/488 489/3/489
f 477/1/477 493/2/493 475/3/475
f 476/1/476 489/2/489 501/3/501
f 477/1/477 476/2/476 501/3/501
f 490/1/490 478/2/478 485/3/485
f 463/1/463 490/2/490 486/3/486
f 491/1/491 502/2/502 464/3/464
f 502/1/502 492/2/492 464/3/464
f 492/1/492 483/2/483 469/3/469
f 479/1/479 503/2/503 491/3/491
f 466/1/466 493/2/493 494/3/494
f 467/1/467 494/2/494 504/3/504
f 467/1/467 504/2/504 495/3/495
f 495/1/495 503/2/503 479/3/479
f 496/1/496 505/2/505 480/3/480
f 505/1/505 481/2/481 480/3/480
f 506/1/506 497/2/497 481/3/481
f 507/1/507 482/2/482 497/3/497
f 484/1/484 482/2/482 507/3/507
f 508/1/508 496/2/496 483/3/483
f 485/1/485 484/2/484 509/3/509
f 486/1/486 510/2/510 498/3/498
f 473/1/473 498/2/498 499/3/499
f 487/1/487 499/2/499 500/3/500
f 488/1/488 500/2/500 511/3/511
f 489/1/489 488/2/488 512/3/512
f 477/1/477 513/2/513 493/3/493
f 489/1/489 512/2/512 501/3/501
f 477/1/477 501/2/501 513/3/513
f 490/1/490 485/2/485 514/3/514
f 486/1/486 490/2/490 510/3/510
f 491/1/491 515/2/515 502/3/502
f 516/1/516 492/2/492 502/3/502
f 492/1/492 508/2/508 483/3/483
f 503/1/503 517/2/517 491/3/491
f 493/1/493 518/2/518 494/3/494
f 494/1/494 519/2/519 504/3/504
f 504/1/504 520/2/520 495/3/495
f 495/1/495 521/2/521 503/3/503
f 522/1/522 505/2/505 496/3/496
f 505/1/505 506/2/506 481/3/481
f 523/1/523 497/2/497 506/3/506
f 523/1/523 507/2/507 497/3/497
f 509/1/509 484/2/484 507/3/507
f 508/1/508 522/2/522 496/3/496
f 514/1/514 485/2/485 509/3/509
f 498/1/498 510/2/510 524/3/524
f 499/1/499 498/2/498 525/3/525
f 500/1/500 499/2/499 525/3/525
f 500/1/500 525/2/525 511/3/511
f 488/1/488 511/2/511 526/3/526
f 488/1/488 526/2/526 512/3/512
f 513/1/513 518/2/518 493/3/493
f 501/1/501 512/2/512 527/3/527
f 513/1/513 501/2/501 528/3/528
f 510/1/510 490/2/490 514/3/514
f 491/1/491 517/2/517 515/3/515
f 515/1/515 516/2/516 502/3/502
f 516/1/516 508/2/508 492/3/492
f 503/1/503 529/2/529 517/3/517
f 494/1/494 518/2/518 519/3/519
f 504/1/504 519/2/519 520/3/520
f 495/1/495 520/2/520 521/3/521
f 503/1/503 521/2/521 529/3/529
f 522/1/522 530/2/530 505/3/505
f 530/1/530 506/2/506 505/3/505
f 531/1/531 523/2/523 506/3/506
f 532/1/532 507/2/507 523/3/523
f 532/1/532 509/2/509 507/3/507
f 533/1/533 522/2/522 508/3/508
f 534/1/534 514/2/514 509/3/509
f 524/1/524 510/2/510 535/3/535
f 498/1/498 524/2/524 536/3/536
f 525/1/525 498/2/498 536/3/536
f 511/1/511 525/2/525 537/3/537
f 526/1/526 511/2/511 538/3/538
f 512/1/512 526/2/526 539/3/539
f 513/1/513 528/2/528 518/3/518
f 512/1/512 539/2/539 527/3/527
f 501/1/501 527/2/527 528/3/528
f 510/1/510 514/2/514 534/3/534
f 540/1/540 515/2/515 517/3/517
f 540/1/540 516/2/516 515/3/515
f 516/1/516 533/2/533 508/3/508
f 529/1/529 540/2/540 517/3/517
f 518/1/518 540/2/540 519/3/519
f 519/1/519 540/2/540 520/3/520
f 520/1/520 540/2/540 521/3/521
f 521/1/521 540/2/540 529/3/529
f 541/1/541 530/2/530 522/3/522
f 530/1/530 531/2/531 506/3/506
f 542/1/542 523/2/523 531/3/531
f 542/1/542 532/2/532 523/3/523
f 543/1/543 509/2/509 532/3/532
f 533/1/533 541/2/541 522/3/522
f 534/1/534 509/2/509 543/3/543
f 544/1/544 524/2/524 535/3/535
f 510/1/510 534/2/534 535/3/535
f 536/1/536 524/2/524 544/3/544
f 525/1/525 536/2/536 545/3/545
f 525/1/525 545/2/545 537/3/537
f 511/1/511 537/2/537 538/3/538
f 526/1/526 538/2/538 546/3/546
f 526/1/526 546/2/546 539/3/539
f 528/1/528 540/2/540 518/3/518
f 527/1/527 539/2/539 540/3/540
f 528/1/528 527/2/527 540/3/540
f 540/1/540 533/2/533 516/3/516
f 541/1/541 547/2/547 530/3/530
f 547/1/547 531/2/531 530/3/530
f 548/1/548 542/2/542 531/3/531
f 549/1/549 532/2/532 542/3/542
f 550/1/550 543/2/543 532/3/532
f 540/1/540 541/2/541 533/3/533
f 535/1/535 534/2/534 543/3/543
f 544/1/544 535/2/535 551/3/551
f 536/1/536 544/2/544 545/3/545
f 537/1/537 545/2/545 540/3/540
f 538/1/538 537/2/537 540/3/540
f 546/1/546 538/2/538 540/3/540
f 539/1/539 546/2/546 540/3/540
f 540/1/540 547/2/547 541/3/541
f 547/1/547 548/2/548 531/3/531
f 552/1/552 542/2/542 548/3/548
f 552/1/552 549/2/549 542/3/542
f 550/1/550 532/2/532 549/3/549
f 535/1/535 543/2/543 550/3/550
f 551/1/551 535/2/535 553/3/553
f 540/1/540 544/2/544 551/3/551
f 545/1/545 544/2/544 540/3/540
f 540/1/540 548/2/548 547/3/547
f 540/1/540 552/2/552 548/3/548
f 554/1/554 549/2/549 552/3/552
f 554/1/554 550/2/550 549/3/549
f 553/1/553 535/2/535 550/3/550
f 540/1/540 551/2/551 553/3/553
f 540/1/540 554/2/554 552/3/552
f 553/1/553 550/2/550 554/3/554
f 540/1/540 553/2/553 554/3/554
f 555/4/555 556/5/556 557/6/557
f 558/4/558 557/5/557 556/6/556
f 557/4/557 559/5/559 555/6/555
f 560/4/560 558/5/558 556/6/556
f 561/4/561 559/5/559 557/6/557
f 562/4/562 560/5/560 556/6/556
f 559/4/559 561/5/561 563/6/563
f 564/4/564 563/5/563 561/6/561
f 560/4/560 562/5/562 565/6/565
f 564/4/564 566/5/566 563/6/563
f 565/4/565 562/5/562 567/6/567
f 568/4/568 566/5/566 564/6/564
f 569/4/569 570/5/570 567/6/567
f 565/4/565 567/5/567 570/6/570
f 568/4/568 571/5/571 566/6/566
f 568/4/568 572/5/572 571/6/571
f 571/4/571 572/5/572 573/6/573
f 574/4/574 573/5/573 572/6/572
f 575/4/575 576/5/576 577/6/577
f 575/4/575 578/5/578 576/6/576
f 579/4/579 580/5/579 581/6/580
f 580/4/579 579/5/579 582/6/581
f 583/4/581 582/5/581 579/6/579
f 582/4/581 583/5/581 584/6/582
f 585/4/582 584/5/582 583/6/581
f 584/4/582 585/5/582 586/6/583
f 587/4/583 586/5/583 585/6/582
f 586/4/583 587/5/583 588/6/584
f 589/4/585 588/5/584 587/6/583
f 589/4/585 590/5/586 591/6/587
f 569/4/569 592/5/588 570/6/570
f 593/4/589 570/5/570 592/6/588
f 594/4/590 595/5/591 574/6/574
f 574/4/574 595/5/591 573/6/573
f 578/4/578 596/5/592 576/6/576
f 581/4/580 597/5/580 598/6/593
f 581/4/580 580/5/579 597/6/580
f 589/4/585 591/5/587 588/6/584
f 590/4/586 599/5/594 591/6/587
f 600/4/595 593/5/589 592/6/588
f 594/4/590 601/5/596 595/6/591
f 602/4/597 603/5/597 604/6/598
f 605/4/598 604/5/598 603/6/597
f 604/4/598 605/5/598 606/6/599
f 607/4/600 606/5/599 605/6/598
f 607/4/600 608/5/601 609/6/602
f 594/4/590 610/5/603 601/6/596
f 601/4/596 610/5/603 602/6/597
f 603/4/597 602/5/597 610/6/603
f 578/4/578 611/5/604 596/6/592
f 596/4/592 611/5/604 612/6/605
f 613/4/605 612/5/605 611/6/604
f 612/4/605 613/5/605 614/6/606
f 615/4/606 614/5/606 613/6/605
f 614/4/606 615/5/606 616/6/607
f 617/4/607 616/5/607 615/6/606
f 616/4/607 617/5/607 618/6/608
f 619/4/609 618/5/608 617/6/607
f 619/4/609 620/5/610 621/6/611
f 620/4/610 622/5/612 623/6/613
f 622/4/612 624/5/614 625/6/615
f 625/4/615 624/5/614 626/6/616
f 627/4/617 626/5/616 624/6/614
f 626/4/616 627/5/617 628/6/618
f 629/4/618 628/5/618 627/6/617
f 628/4/618 629/5/618 630/6/619
f 631/4/619 630/5/619 629/6/618
f 630/4/619 631/5/619 632/6/620
f 633/4/621 632/5/620 631/6/619
f 633/4/621 634/5/622 635/6/623
f 634/4/622 636/5/624 637/6/625
f 638/4/626 639/5/627 640/6/628
f 639/4/627 641/5/629 642/6/630
f 643/4/631 644/5/631 645/6/632
f 598/4/593 645/5/632 644/6/631
f 598/4/593 597/5/580 645/6/632
f 646/4/633 599/5/594 590/6/586
f 600/4/595 592/5/588 647/6/634
f 606/4/599 607/5/600 609/6/602
f 608/4/601 648/5/635 609/6/602
f 619/4/609 621/5/611 618/6/608
f 620/4/610 623/5/613 621/6/611
f 622/4/612 625/5/615 623/6/613
f 632/4/620 633/5/621 635/6/623
f 635/4/623 634/5/622 637/6/625
f 649/4/636 637/5/625 650/6/637
f 636/4/624 650/5/637 637/6/625
f 651/4/638 600/5/595 647/6/634
f 599/4/594 646/5/633 652/6/639
f 638/4/626 652/5/639 646/6/633
f 639/4/627 642/5/630 640/6/628
f 638/4/626 640/5/628 652/6/639
f 642/4/630 641/5/629 653/6/640
f 651/4/638 653/5/640 641/6/629
f 654/4/641 655/5/641 643/6/631
f 644/4/631 643/5/631 655/6/641
f 650/4/637 656/5/642 649/6/636
f 650/4/637 657/5/643 656/6/642
f 651/4/638 647/5/634 653/6/640
f 658/4/644 659/5/645 654/6/641
f 655/4/641 654/5/641 659/6/645
f 657/4/643 660/5/646 656/6/642
f 661/4/647 660/5/646 657/6/643
f 662/4/648 663/5/648 658/6/644
f 659/4/645 658/5/644 663/6/648
f 660/4/646 661/5/647 662/6/648
f 663/4/648 662/5/648 661/6/647
f 664/4/649 665/5/650 666/6/651
f 665/4/650 667/5/652 666/6/651
f 668/4/653 665/5/650 664/6/649
f 669/4/654 666/5/651 670/6/655
f 666/4/651 667/5/652 671/6/656
f 672/4/657 667/5/652 665/6/650
f 673/4/658 665/5/650 668/6/653
f 670/4/655 666/5/651 671/6/656
f 671/4/656 667/5/652 674/6/659
f 675/4/660 667/5/652 672/6/657
f 676/4/661 672/5/657 665/6/650
f 677/4/662 673/5/658 668/6/653
f 678/4/663 665/5/650 673/6/658
f 679/4/664 680/5/665 674/6/659
f 671/4/656 674/5/659 680/6/665
f 675/4/660 674/5/659 667/6/652
f 681/4/666 672/5/657 676/6/661
f 676/4/661 665/5/650 678/6/663
f 682/4/667 673/5/658 677/6/662
f 683/4/668 684/5/669 685/6/670
f 685/4/670 684/5/669 686/6/671
f 686/4/671 684/5/669 687/6/671
f 687/4/671 684/5/669 688/6/672
f 688/4/672 684/5/669 689/6/673
f 689/4/673 684/5/669 673/6/658
f 678/4/663 673/5/658 684/6/669
f 690/4/674 679/5/664 674/6/659
f 691/4/675 674/5/659 675/6/660
f 692/4/676 681/5/666 676/6/661
f 693/4/677 676/5/661 678/6/663
f 694/4/678 673/5/658 682/6/667
f 689/4/673 673/5/658 695/6/679
f 678/4/663 684/5/669 696/6/680
f 697/4/681 698/5/682 674/6/659
f 698/4/682 699/5/682 674/6/659
f 699/4/682 700/5/682 674/6/659
f 700/4/682 701/5/683 674/6/659
f 690/4/674 674/5/659 701/6/683
f 702/4/684 703/5/685 691/6/675
f 703/4/685 704/5/686 691/6/675
f 704/4/686 705/5/684 691/6/675
f 705/4/684 706/5/684 691/6/675
f 706/4/684 707/5/684 691/6/675
f 691/4/675 707/5/684 674/6/659
f 708/4/687 674/5/659 707/6/684
f 709/4/688 710/5/688 692/6/676
f 710/4/688 711/5/688 692/6/676
f 711/4/688 712/5/688 692/6/676
f 712/4/688 713/5/689 692/6/676
f 681/4/666 692/5/676 713/6/689
f 692/4/676 676/5/661 714/6/690
f 715/4/691 716/5/692 693/6/677
f 716/4/692 717/5/692 693/6/677
f 717/4/692 718/5/692 693/6/677
f 718/4/692 719/5/693 693/6/677
f 719/4/693 714/5/690 693/6/677
f 676/4/661 693/5/677 714/6/690
f 693/4/677 678/5/663 720/6/694
f 721/4/695 673/5/658 694/6/678
f 722/4/696 689/5/673 695/6/679
f 695/4/679 673/5/658 723/6/697
f 724/4/698 678/5/663 696/6/680
f 725/4/699 697/5/681 674/6/659
f 726/4/700 674/5/659 708/6/687
f 720/4/694 678/5/663 727/6/701
f 728/4/702 673/5/658 721/6/695
f 729/4/703 689/5/673 722/6/696
f 723/4/697 673/5/658 728/6/702
f 730/4/704 678/5/663 724/6/698
f 731/4/705 732/5/706 674/6/659
f 732/4/706 733/5/707 674/6/659
f 725/4/699 674/5/659 733/6/707
f 734/4/708 726/5/700 708/6/687
f 735/4/709 674/5/659 726/6/700
f 727/4/701 678/5/663 736/6/710
f 737/4/711 678/5/663 730/6/704
f 731/4/705 674/5/659 735/6/709
f 736/4/710 678/5/663 738/6/712
f 739/4/713 678/5/663 737/6/711
f 738/4/712 678/5/663 739/6/713
f 740/4/714 741/5/715 742/6/716
f 743/4/717 740/5/714 742/6/716
f 743/4/717 742/5/716 744/6/718
f 745/4/719 746/5/720 747/6/719
f 748/4/721 747/5/719 746/6/720
f 749/4/722 745/5/719 750/6/723
f 747/4/719 750/5/723 745/6/719
f 749/4/722 750/5/723 751/6/724
f 752/4/724 751/5/724 750/6/723
f 751/4/724 752/5/724 753/6/725
f 754/4/725 753/5/725 752/6/724
f 753/4/725 754/5/725 755/6/726
f 756/4/727 755/5/726 754/6/725
f 743/4/717 744/5/718 756/6/727
f 757/4/728 748/5/721 746/6/720
f 756/4/727 744/5/718 755/6/726
f 758/4/729 757/5/728 746/6/720
f 759/4/730 760/5/730 761/6/731
f 762/4/731 761/5/731 760/6/730
f 761/4/731 762/5/731 763/6/732
f 764/4/733 763/5/732 762/6/731
f 765/4/734 766/5/735 764/6/733
f 767/4/736 768/5/737 769/6/738
f 757/4/728 758/5/729 768/6/737
f 770/4/739 767/5/736 771/6/740
f 764/4/733 766/5/735 763/6/732
f 766/4/735 765/5/734 772/6/741
f 765/4/734 770/5/739 772/6/741
f 768/4/737 758/5/729 769/6/738
f 771/4/740 767/5/736 769/6/738
f 772/4/741 770/5/739 771/6/740
f 773/4/742 774/5/743 775/6/744
f 774/4/743 773/5/742 776/6/745
f 776/4/745 777/5/746 774/6/743
f 773/4/742 775/5/744 778/6/747
f 774/4/743 777/5/746 779/6/748
f 773/4/742 778/5/747 780/6/749
f 779/4/748 781/5/750 782/6/751
f 781/4/750 779/5/748 777/6/746
f 783/4/752 780/5/749 778/6/747
f 781/4/750 784/5/753 782/6/751
f 785/4/754 780/5/749 783/6/752
f 782/4/751 784/5/753 786/6/755
f 787/4/756 785/5/754 783/6/752
f 785/4/754 787/5/756 788/6/757
f 784/4/753 789/5/758 786/6/755
f 789/4/758 790/5/759 786/6/755
f 790/4/759 791/5/760 792/6/761
f 791/4/760 790/5/759 789/6/758
f 793/4/762 794/5/763 795/6/764
f 794/4/763 796/5/765 795/6/764
f 797/4/766 798/5/767 799/6/767
f 799/4/767 800/5/768 801/6/768
f 800/4/768 799/5/767 798/6/767
f 801/4/768 802/5/769 803/6/769
f 802/4/769 801/5/768 800/6/768
f 803/4/769 804/5/770 805/6/770
f 804/4/770 803/5/769 802/6/769
f 805/4/770 806/5/771 807/6/772
f 806/4/771 805/5/770 804/6/770
f 808/4/773 809/5/774 807/6/772
f 810/4/775 787/5/756 811/6/776
f 787/4/756 810/5/775 788/6/757
f 792/4/761 812/5/777 813/6/778
f 791/4/760 812/5/777 792/6/761
f 794/4/763 814/5/779 796/6/765
f 815/4/780 816/5/766 797/6/766
f 816/4/766 798/5/767 797/6/766
f 806/4/771 808/5/773 807/6/772
f 808/4/773 817/5/781 809/6/774
f 810/4/775 811/5/776 818/6/782
f 812/4/777 819/5/783 813/6/778
f 820/4/784 821/5/785 822/6/785
f 821/4/785 820/5/784 823/6/784
f 822/4/785 824/5/786 825/6/787
f 824/4/786 822/5/785 821/6/785
f 826/4/788 827/5/789 825/6/787
f 819/4/783 828/5/790 813/6/778
f 828/4/790 823/5/784 820/6/784
f 823/4/784 828/5/790 819/6/783
f 814/4/779 829/5/791 796/6/765
f 829/4/791 830/5/792 831/6/792
f 830/4/792 829/5/791 814/6/779
f 831/4/792 832/5/793 833/6/793
f 832/4/793 831/5/792 830/6/792
f 833/4/793 834/5/794 835/6/794
f 834/4/794 833/5/793 832/6/793
f 835/4/794 836/5/795 837/6/796
f 836/4/795 835/5/794 834/6/794
f 838/4/797 839/5/798 837/6/796
f 840/4/799 841/5/800 839/6/798
f 842/4/801 843/5/802 841/6/800
f 843/4/802 844/5/803 845/6/804
f 844/4/803 843/5/802 842/6/801
f 845/4/804 846/5/805 847/6/805
f 846/4/805 845/5/804 844/6/803
f 847/4/805 848/5/806 849/6/806
f 848/4/806 847/5/805 846/6/805
f 849/4/806 850/5/807 851/6/808
f 850/4/807 849/5/806 848/6/806
f 852/4/809 853/5/810 851/6/808
f 854/4/811 855/5/812 853/6/810
f 856/4/813 857/5/814 858/6/815
f 859/4/816 860/5/817 857/6/814
f 861/4/818 862/5/819 815/6/780
f 862/4/819 861/5/818 863/6/818
f 862/4/819 816/5/766 815/6/780
f 809/4/774 817/5/781 864/6/820
f 865/4/821 810/5/775 818/6/782
f 826/4/788 825/5/787 824/6/786
f 826/4/788 866/5/822 827/6/789
f 836/4/795 838/5/797 837/6/796
f 838/4/797 840/5/799 839/6/798
f 840/4/799 842/5/801 841/6/800
f 852/4/809 851/5/808 850/6/807
f 854/4/811 853/5/810 852/6/809
f 854/4/811 867/5/823 855/6/812
f 867/4/823 854/5/811 868/6/824
f 865/4/821 818/5/782 869/6/825
f 864/4/820 870/5/826 858/6/815
f 870/4/826 864/5/820 817/6/781
f 856/4/813 859/5/816 857/6/814
f 870/4/826 856/5/813 858/6/815
f 860/4/817 871/5/827 869/6/825
f 871/4/827 860/5/817 859/6/816
f 872/4/828 863/5/818 861/6/818
f 863/4/818 872/5/828 873/6/828
f 868/4/824 874/5/829 867/6/823
f 874/4/829 875/5/830 867/6/823
f 871/4/827 865/5/821 869/6/825
f 876/4/831 873/5/828 872/6/828
f 873/4/828 876/5/831 877/6/832
f 874/4/829 878/5/833 875/6/830
f 875/4/830 878/5/833 879/6/834
f 880/4/835 877/5/832 876/6/831
f 877/4/832 880/5/835 881/6/835
f 879/4/834 881/5/835 880/6/835
f 881/4/835 879/5/834 878/6/833
f 882/4/836 883/5/837 884/6/838
f 882/4/836 885/5/839 883/6/837
f 884/4/838 883/5/837 886/6/840
f 887/4/841 882/5/836 888/6/842
f 889/4/843 885/5/839 882/6/836
f 883/4/837 885/5/839 890/6/844
f 886/4/840 883/5/837 891/6/845
f 889/4/843 882/5/836 887/6/841
f 892/4/846 885/5/839 889/6/843
f 890/4/844 885/5/839 893/6/847
f 883/4/837 890/5/844 894/6/848
f 886/4/840 891/5/845 895/6/849
f 891/4/845 883/5/837 896/6/850
f 897/4/851 892/5/846 889/6/843
f 892/4/846 897/5/851 898/6/852
f 885/4/839 892/5/846 893/6/847
f 894/4/848 890/5/844 899/6/853
f 896/4/850 883/5/837 894/6/848
f 895/4/849 891/5/845 900/6/854
f 901/4/855 891/5/845 896/6/850
f 891/4/845 901/5/855 902/6/856
f 902/4/856 901/5/855 903/6/857
f 903/4/857 901/5/855 904/6/858
f 904/4/858 901/5/855 905/6/858
f 905/4/858 901/5/855 906/6/858
f 906/4/858 901/5/855 907/6/859
f 892/4/846 898/5/852 908/6/860
f 893/4/847 892/5/846 909/6/861
f 894/4/848 899/5/853 910/6/862
f 896/4/850 894/5/848 911/6/863
f 900/4/854 891/5/845 912/6/864
f 913/4/865 891/5/845 902/6/856
f 914/4/866 901/5/855 896/6/850
f 915/4/867 892/5/846 908/6/860
f 892/4/846 915/5/867 916/6/868
f 892/4/846 916/5/868 917/6/868
f 892/4/846 917/5/868 918/6/868
f 892/4/846 918/5/868 919/6/869
f 920/4/870 892/5/846 921/6/871
f 892/4/846 920/5/870 909/6/861
f 909/4/861 920/5/870 922/6/870
f 909/4/861 922/5/870 923/6/870
f 909/4/861 923/5/870 924/6/870
f 909/4/861 924/5/870 925/6/870
f 909/4/861 925/5/870 926/6/870
f 927/4/872 910/5/862 899/6/853
f 910/4/862 927/5/872 928/6/873
f 910/4/862 928/5/873 929/6/872
f 910/4/862 929/5/872 930/6/873
f 910/4/862 930/5/873 931/6/874
f 932/4/875 894/5/848 910/6/862
f 932/4/875 911/5/863 894/6/848
f 911/4/863 932/5/875 933/6/876
f 911/4/863 933/5/876 934/6/877
f 911/4/863 934/5/877 935/6/877
f 911/4/863 935/5/877 936/6/877
f 911/4/863 936/5/877 937/6/877
f 938/4/878 896/5/850 911/6/863
f 912/4/864 891/5/845 939/6/879
f 913/4/865 902/5/856 940/6/880
f 941/4/881 891/5/845 913/6/865
f 914/4/866 896/5/850 942/6/882
f 892/4/846 919/5/869 943/6/883
f 921/4/871 892/5/846 944/6/884
f 945/4/885 896/5/850 938/6/878
f 939/4/879 891/5/845 946/6/886
f 940/4/880 902/5/856 947/6/887
f 946/4/886 891/5/845 941/6/881
f 942/4/882 896/5/850 948/6/888
f 949/4/889 892/5/846 943/6/883
f 892/4/846 949/5/889 950/6/890
f 892/4/846 950/5/890 951/6/891
f 921/4/871 944/5/884 952/6/892
f 944/4/884 892/5/846 953/6/893
f 954/4/894 896/5/850 945/6/885
f 948/4/888 896/5/850 955/6/895
f 953/4/893 892/5/846 951/6/891
f 956/4/896 896/5/850 954/6/894
f 955/4/895 896/5/850 957/6/897
f 957/4/897 896/5/850 956/6/896
f 958/4/898 959/5/899 960/6/900
f 958/4/898 960/5/900 961/6/901
f 962/4/902 958/5/898 961/6/901
f 963/4/903 964/5/904 965/6/905
f 964/4/904 963/5/903 966/6/904
f 966/4/904 967/5/906 964/6/904
f 967/4/906 966/5/904 968/6/907
f 967/4/906 969/5/908 970/6/908
f 969/4/908 967/5/906 968/6/907
f 970/4/908 971/5/909 972/6/909
f 971/4/909 970/5/908 969/6/908
f 972/4/909 973/5/910 974/6/911
f 973/4/910 972/5/909 971/6/909
f 974/4/911 962/5/902 961/6/901
f 963/4/903 965/5/905 975/6/912
f 973/4/910 962/5/902 974/6/911
f 963/4/903 975/5/912 976/6/913
f 977/4/914 978/5/915 979/6/915
f 978/4/915 977/5/914 980/6/914
f 979/4/915 981/5/916 982/6/917
f 981/4/916 979/5/915 978/6/915
f 982/4/917 983/5/918 984/6/919
f 985/4/920 986/5/921 987/6/922
f 986/4/921 976/5/913 975/6/912
f 988/4/923 987/5/922 989/6/924
f 981/4/916 983/5/918 982/6/917
f 990/4/925 984/5/919 983/6/918
f 990/4/925 989/5/924 984/6/919
f 985/4/920 976/5/913 986/6/921
f 985/4/920 987/5/922 988/6/923
f 988/4/923 989/5/924 990/6/925
f 991/7/926 992/8/926 993/9/926
f 992/7/926 991/8/926 994/9/926
f 992/7/926 994/8/926 995/9/926
f 992/7/926 995/8/926 996/9/926
f 992/7/926 996/8/926 997/9/926
f 992/7/926 997/8/926 998/9/926
f 992/7/926 998/8/926 999/9/926
f 992/7/926 999/8/926 1000/9/926
f 1000/7/926 999/8/926 1001/9/926
f 1001/7/926 999/8/926 1002/9/926
f 1002/7/926 999/8/926 1003/9/926
f 1003/7/926 999/8/926 1004/9/926
f 1003/7/926 1004/8/926 1005/9/927
f 1005/7/927 1004/8/926 1006/9/926
f 1005/7/927 1006/8/926 1007/9/928
f 1007/7/928 1006/8/926 1008/9/929
f 1008/7/929 1006/8/926 1009/9/927
f 1009/7/927 1006/8/926 1010/9/926
f 1010/7/926 1006/8/926 1011/9/926
f 1011/7/926 1006/8/926 1012/9/926
f 1011/7/926 1012/8/926 1013/9/926
f 1013/7/926 1012/8/926 1014/9/926
f 1014/7/926 1012/8/926 1015/9/926
f 1014/7/926 1015/8/926 1016/9/926
f 1016/7/926 1015/8/926 1017/9/926
f 1017/7/926 1015/8/926 1018/9/926
f 1018/7/926 1015/8/926 1019/9/926
f 1018/7/926 1019/8/926 1020/9/926
f 1020/7/926 1019/8/926 1021/9/926
f 1021/7/926 1019/8/926 1022/9/926
f 1022/7/926 1019/8/926 1023/9/926
f 1022/7/926 1023/8/926 1024/9/926
f 1024/7/926 1023/8/926 1025/9/926
f 1024/7/926 1025/8/926 1026/9/926
f 1026/7/926 1025/8/926 1027/9/926
f 1026/7/926 1027/8/926 1028/9/926
f 1028/7/926 1027/8/926 1029/9/926
f 1028/7/926 1029/8/926 1030/9/926
f 1030/7/926 1029/8/926 1031/9/926
f 1030/7/926 1031/8/926 1032/9/926
f 1032/7/926 1031/8/926 1033/9/926
f 1032/7/926 1033/8/926 1034/9/926
f 1034/7/926 1033/8/926 1035/9/926
f 1034/7/926 1035/8/926 1036/9/926
f 1036/7/926 1035/8/926 1037/9/926
f 1036/7/926 1037/8/926 1038/9/926
f 1036/7/926 1038/8/926 1039/9/926
f 1036/7/926 1039/8/926 1040/9/926
f 1036/7/926 1040/8/926 1041/9/926
f 1041/7/926 1040/8/926 1042/9/926
f 1041/7/926 1042/8/926 1043/9/926
f 1041/7/926 1043/8/926 1044/9/926
f 1044/7/926 1043/8/926 1045/9/926
f 1044/7/926 1045/8/926 1046/9/926
f 1044/7/926 1046/8/926 1047/9/926
f 1044/7/926 1047/8/926 1048/9/926
f 1048/7/926 1047/8/926 1049/9/926
f 1048/7/926 1049/8/926 1050/9/926
f 1050/7/926 1049/8/926 1051/9/926
f 1050/7/926 1051/8/926 1052/9/926
f 1052/7/926 1051/8/926 1053/9/926
f 1052/7/926 1053/8/926 1054/9/926
f 1054/7/926 1053/8/926 1055/9/926
f 1054/7/926 1055/8/926 1056/9/926
f 1054/7/926 1056/8/926 1057/9/926
f 1057/7/926 1056/8/926 1058/9/926
f 1057/7/926 1058/8/926 1059/9/926
f 1059/7/926 1058/8/926 1060/9/926
f 1059/7/926 1060/8/926 1061/9/926
f 1061/7/926 1060/8/926 1062/9/926
f 1062/7/926 1060/8/926 1063/9/926
f 1063/7/926 1060/8/926 1064/9/926
f 1064/7/926 1060/8/926 1065/9/926
f 1064/7/926 1065/8/926 1066/9/926
f 1066/7/926 1065/8/926 1067/9/926
f 1067/7/926 1065/8/926 1068/9/926
f 1068/7/926 1065/8/926 1069/9/926
f 1068/7/926 1069/8/926 1070/9/926
f 1070/7/926 1069/8/926 1071/9/926
f 1070/7/926 1071/8/926 1072/9/926
f 1072/7/926 1071/8/926 1073/9/926
f 1073/7/926 1071/8/926 1074/9/926
f 1074/7/926 1071/8/926 1075/9/926
f 1075/7/926 1071/8/926 1076/9/926
f 1076/7/926 1071/8/926 1077/9/926
f 1076/7/926 1077/8/926 1078/9/926
f 1078/7/926 1077/8/926 1079/9/926
f 1078/7/926 1079/8/926 1080/9/926
f 1080/7/926 1079/8/926 1081/9/926
f 1081/7/926 1079/8/926 1082/9/926
f 1082/7/926 1079/8/926 1083/9/926
f 1083/7/926 1079/8/926 1084/9/926
f 1083/7/926 1084/8/926 1085/9/926
f 1083/7/926 1085/8/926 1086/9/926
f 1083/7/926 1086/8/926 1087/9/926
f 1083/7/926 1087/8/926 1088/9/926
f 1089/7/930 1090/8/930 1091/9/930
f 1090/7/930 1089/8/930 1092/9/930
f 1093/7/931 1094/8/931 1095/9/932
f 1096/7/932 1095/8/932 1094/9/931
f 1095/7/932 1096/8/932 1097/9/933
f 1098/7/933 1097/8/933 1096/9/932
f 1097/7/933 1098/8/933 1099/9/934
f 1100/7/934 1099/8/934 1098/9/933
f 1099/7/934 1100/8/934 1101/9/935
f 1102/7/935 1101/8/935 1100/9/934
f 1101/7/935 1102/8/935 1103/9/936
f 1104/7/936 1103/8/936 1102/9/935
f 1104/7/936 1105/8/937 1103/9/936
f 1106/7/937 1103/8/936 1105/9/937
f 1105/7/937 1107/8/938 1106/9/937
f 1108/7/938 1106/8/937 1107/9/938
f 1107/7/938 1109/8/939 1108/9/938
f 1110/7/940 1108/8/938 1109/9/939
f 1109/7/939 1111/8/941 1110/9/940
f 1112/7/941 1110/8/940 1111/9/941
f 1111/7/941 1113/8/942 1112/9/941
f 1114/7/943 1112/8/941 1113/9/942
f 1113/7/942 1115/8/944 1114/9/943
f 1116/7/945 1114/8/943 1115/9/944
f 1115/7/944 1117/8/946 1116/9/945
f 1118/7/947 1116/8/945 1117/9/946
f 1117/7/946 1119/8/948 1118/9/947
f 1120/7/949 1118/8/947 1119/9/948
f 1119/7/948 1121/8/950 1120/9/949
f 1122/7/951 1120/8/949 1121/9/950
f 1121/7/950 1123/8/952 1122/9/951
f 1124/7/953 1122/8/951 1123/9/952
f 1125/7/954 1126/8/955 1123/9/952
f 1124/7/953 1123/8/952 1126/9/955
f 1127/7/956 1128/8/956 1125/9/954
f 1126/7/955 1125/8/954 1128/9/956
f 1129/7/957 1130/8/957 1127/9/956
f 1128/7/956 1127/8/956 1130/9/957
f 1131/7/958 1132/8/958 1129/9/957
f 1130/7/957 1129/8/957 1132/9/958
f 1133/7/959 1134/8/960 1131/9/958
f 1132/7/958 1131/8/958 1134/9/960
f 1133/7/959 1135/8/961 1134/9/960
f 1136/7/962 1134/8/960 1135/9/961
f 1135/7/961 1137/8/963 1136/9/962
f 1138/7/964 1136/8/962 1137/9/963
f 1137/7/963 1139/8/965 1138/9/964
f 1140/7/965 1138/8/964 1139/9/965
f 1141/7/966 1142/8/967 1139/9/965
f 1140/7/965 1139/8/965 1142/9/967
f 1141/7/966 1143/8/968 1142/9/967
f 1144/7/969 1142/8/967 1143/9/968
f 1143/7/968 1145/8/970 1144/9/969
f 1146/7/971 1144/8/969 1145/9/970
f 1146/7/971 1145/8/970 1147/9/972
f 1148/7/973 1147/8/972 1145/9/970
f 1147/7/972 1148/8/973 1149/9/974
f 1150/7/974 1149/8/974 1148/9/973
f 1149/7/974 1150/8/974 1151/9/975
f 1152/7/975 1151/8/975 1150/9/974
f 1151/7/975 1152/8/975 1153/9/976
f 1154/7/976 1153/8/976 1152/9/975
f 1153/7/976 1154/8/976 1155/9/977
f 1156/7/977 1155/8/977 1154/9/976
f 1156/7/977 1157/8/978 1155/9/977
f 1158/7/979 1155/8/977 1157/9/978
f 1157/7/978 1159/8/980 1158/9/979
f 1160/7/981 1158/8/979 1159/9/980
f 1159/7/980 1161/8/982 1160/9/981
f 1162/7/983 1160/8/981 1161/9/982
f 1161/7/982 1163/8/984 1162/9/983
f 1164/7/985 1162/8/983 1163/9/984
f 1163/7/984 1165/8/986 1164/9/985
f 1166/7/986 1164/8/985 1165/9/986
f 1165/7/986 1167/8/987 1166/9/986
f 1168/7/987 1166/8/986 1167/9/987
f 1167/7/987 1169/8/988 1168/9/987
f 1170/7/988 1168/8/987 1169/9/988
f 1171/7/989 1172/8/989 1169/9/988
f 1170/7/988 1169/8/988 1172/9/989
f 1171/7/989 1173/8/990 1172/9/989
f 1174/7/990 1172/8/989 1173/9/990
f 1175/7/991 1176/8/991 1173/9/990
f 1174/7/990 1173/8/990 1176/9/991
f 1177/7/992 1178/8/992 1175/9/991
f 1176/7/991 1175/8/991 1178/9/992
f 1179/7/993 1180/8/993 1177/9/992
f 1178/7/992 1177/8/992 1180/9/993
f 1181/7/994 1182/8/994 1179/9/993
f 1180/7/993 1179/8/993 1182/9/994
f 1183/7/995 1184/8/995 1181/9/994
f 1182/7/994 1181/8/994 1184/9/995
f 1185/7/996 1186/8/996 1183/9/995
f 1184/7/995 1183/8/995 1186/9/996
f 1187/7/997 1188/8/997 1189/9/997
f 1188/7/997 1187/8/997 1190/9/997
f 1191/7/998 1192/8/999 1193/9/999
f 1192/7/999 1191/8/998 1194/9/998
f 1193/7/999 1195/8/1000 1196/9/1001
f 1195/7/1000 1193/8/999 1192/9/999
f 1196/7/1001 1197/8/1002 1198/9/1002
f 1197/7/1002 1196/8/1001 1195/9/1000
f 1198/7/1002 1199/8/1003 1200/9/1003
f 1199/7/1003 1198/8/1002 1197/9/1002
f 1200/7/1003 1201/8/1004 1202/9/1005
f 1201/7/1004 1200/8/1003 1199/9/1003
f 1203/7/1006 1201/8/1004 1204/9/1007
f 1201/7/1004 1203/8/1006 1202/9/1005
f 1205/7/1008 1204/8/1007 1206/9/1009
f 1204/7/1007 1205/8/1008 1203/9/1006
f 1207/7/1010 1206/8/1009 1208/9/1011
f 1206/7/1009 1207/8/1010 1205/9/1008
f 1209/7/1012 1208/8/1011 1210/9/1013
f 1208/7/1011 1209/8/1012 1207/9/1010
f 1211/7/1014 1210/8/1013 1212/9/1015
f 1210/7/1013 1211/8/1014 1209/9/1012
f 1213/7/1016 1211/8/1014 1212/9/1015
f 1211/7/1014 1213/8/1016 1214/9/1016
f 1215/7/1017 1213/8/1016 1216/9/1017
f 1213/7/1016 1215/8/1017 1214/9/1016
f 1217/7/1018 1216/8/1017 1218/9/1019
f 1216/7/1017 1217/8/1018 1215/9/1017
f 1219/7/1020 1218/8/1019 1220/9/1021
f 1218/7/1019 1219/8/1020 1217/9/1018
f 1221/7/1022 1220/8/1021 1222/9/1022
f 1220/7/1021 1221/8/1022 1219/9/1020
f 1223/7/1023 1222/8/1022 1224/9/1024
f 1222/7/1022 1223/8/1023 1221/9/1022
f 1225/7/1025 1223/8/1023 1224/9/1024
f 1223/7/1023 1225/8/1025 1226/9/1025
f 1227/7/1026 1226/8/1025 1225/9/1025
f 1226/7/1025 1227/8/1026 1228/9/1027
f 1229/7/1028 1228/8/1027 1227/9/1026
f 1228/7/1027 1229/8/1028 1230/9/1028
f 1231/7/1029 1230/8/1028 1229/9/1028
f 1230/7/1028 1231/8/1029 1232/9/1029
f 1233/7/1030 1232/8/1029 1231/9/1029
f 1232/7/1029 1233/8/1030 1234/9/1030
f 1235/7/1031 1233/8/1030 1236/9/1031
f 1233/7/1030 1235/8/1031 1234/9/1030
f 1237/7/1032 1235/8/1031 1236/9/1031
f 1235/7/1031 1237/8/1032 1238/9/1032
f 1239/7/1033 1237/8/1032 1240/9/1034
f 1237/7/1032 1239/8/1033 1238/9/1032
f 1241/7/1035 1240/8/1034 1242/9/1035
f 1240/7/1034 1241/8/1035 1239/9/1033
f 1243/7/1036 1242/8/1035 1244/9/1036
f 1242/7/1035 1243/8/1036 1241/9/1035
f 1245/7/1037 1244/8/1036 1246/9/1038
f 1244/7/1036 1245/8/1037 1243/9/1036
f 1247/7/1039 1246/8/1038 1248/9/1039
f 1246/7/1038 1247/8/1039 1245/9/1037
f 1247/7/1039 1249/8/1040 1250/9/1040
f 1249/7/1040 1247/8/1039 1248/9/1039
f 1250/7/1040 1251/8/1041 1252/9/1041
f 1251/7/1041 1250/8/1040 1249/9/1040
f 1252/7/1041 1253/8/1042 1254/9/1042
f 1253/7/1042 1252/8/1041 1251/9/1041
f 1254/7/1042 1255/8/1043 1256/9/1044
f 1255/7/1043 1254/8/1042 1253/9/1042
f 1256/7/1044 1257/8/1045 1258/9/1046
f 1257/7/1045 1256/8/1044 1255/9/1043
f 1259/7/1047 1257/8/1045 1260/9/1048
f 1257/7/1045 1259/8/1047 1258/9/1046
f 1261/7/1049 1260/8/1048 1262/9/1050
f 1260/7/1048 1261/8/1049 1259/9/1047
f 1263/7/1051 1262/8/1050 1264/9/1051
f 1262/7/1050 1263/8/1051 1261/9/1049
f 1265/7/1052 1264/8/1051 1266/9/1053
f 1264/7/1051 1265/8/1052 1263/9/1051
f 1267/7/1054 1266/8/1053 1268/9/1054
f 1266/7/1053 1267/8/1054 1265/9/1052
f 1269/7/1055 1268/8/1054 1270/9/1056
f 1268/7/1054 1269/8/1055 1267/9/1054
f 1271/7/1057 1270/8/1056 1272/9/1057
f 1270/7/1056 1271/8/1057 1269/9/1055
f 1273/7/1058 1271/8/1057 1272/9/1057
f 1271/7/1057 1273/8/1058 1274/9/1058
f 1275/7/1059 1273/8/1058 1276/9/1060
f 1273/7/1058 1275/8/1059 1274/9/1058
f 1277/7/1061 1276/8/1060 1278/9/1062
f 1276/7/1060 1277/8/1061 1275/9/1059
f 1279/7/1063 1278/8/1062 1280/9/1064
f 1278/7/1062 1279/8/1063 1277/9/1061
f 1281/7/1065 1280/8/1064 1282/9/1066
f 1280/7/1064 1281/8/1065 1279/9/1063
f 1283/7/1067 1281/8/1065 1282/9/1066
f 1281/7/1065 1283/8/1067 1284/9/1067
f 1285/7/1068 1284/8/1067 1283/9/1067
f 1284/7/1067 1285/8/1068 1286/9/1068
f 1287/7/1069 1286/8/1068 1285/9/1068
f 1286/7/1068 1287/8/1069 1288/9/1070
f 1289/7/1071 1288/8/1070 1287/9/1069
f 1288/7/1070 1289/8/1071 1290/9/1071
f 1291/7/1072 1290/8/1071 1289/9/1071
f 1290/7/1071 1291/8/1072 1292/9/1072
f 1293/7/1073 1294/8/926 1295/9/926
f 1295/7/926 1294/8/926 1296/9/926
f 1296/7/926 1294/8/926 1297/9/926
f 1297/7/926 1294/8/926 1298/9/926
f 1298/7/926 1294/8/926 1299/9/926
f 1294/7/926 1300/8/926 1299/9/926
f 1300/7/926 1301/8/926 1299/9/926
f 1301/7/926 1302/8/926 1299/9/926
f 1302/7/926 1303/8/926 1299/9/926
f 1299/7/926 1303/8/926 1304/9/926
f 1303/7/926 1305/8/926 1304/9/926
f 1304/7/926 1305/8/926 1306/9/926
f 1305/7/926 1307/8/926 1306/9/926
f 1307/7/926 1308/8/926 1306/9/926
f 1308/7/926 1309/8/926 1306/9/926
f 1309/7/926 1310/8/926 1306/9/926
f 1310/7/926 1311/8/926 1306/9/926
f 1306/7/926 1311/8/926 1312/9/926
f 1311/7/926 1313/8/926 1312/9/926
f 1312/7/926 1313/8/926 1314/9/926
f 1313/7/926 1315/8/926 1314/9/926
f 1315/7/926 1316/8/926 1314/9/926
f 1316/7/926 1317/8/926 1314/9/926
f 1314/7/926 1317/8/926 1318/9/926
f 1317/7/926 1319/8/926 1318/9/926
f 1319/7/926 1320/8/926 1318/9/926
f 1320/7/926 1321/8/926 1318/9/926
f 1321/7/926 1322/8/926 1318/9/926
f 1318/7/926 1322/8/926 1323/9/926
f 1322/7/926 1324/8/926 1323/9/926
f 1323/7/926 1324/8/926 1325/9/926
f 1324/7/926 1326/8/926 1325/9/926
f 1325/7/926 1326/8/926 1327/9/926
f 1327/7/926 1326/8/926 1328/9/926
f 1326/7/926 1329/8/926 1328/9/926
f 1328/7/926 1329/8/926 1330/9/926
f 1329/7/926 1331/8/926 1330/9/926
f 1330/7/926 1331/8/926 1332/9/926
f 1331/7/926 1333/8/926 1332/9/926
f 1332/7/926 1333/8/926 1334/9/926
f 1333/7/926 1335/8/926 1334/9/926
f 1334/7/926 1335/8/926 1336/9/926
f 1336/7/926 1335/8/926 1337/9/926
f 1337/7/926 1335/8/926 1338/9/926
f 1335/7/926 1339/8/926 1338/9/926
f 1338/7/926 1339/8/926 1340/9/926
f 1340/7/926 1339/8/926 1341/9/926
f 1339/7/926 1342/8/926 1341/9/926
f 1341/7/926 1342/8/926 1343/9/926
f 1343/7/926 1342/8/926 1344/9/926
f 1344/7/926 1342/8/926 1345/9/926
f 1345/7/926 1342/8/926 1346/9/926
f 1342/7/926 1347/8/926 1346/9/926
f 1346/7/926 1347/8/926 1348/9/926
f 1347/7/926 1349/8/926 1348/9/926
f 1348/7/926 1349/8/926 1350/9/926
f 1349/7/926 1351/8/926 1350/9/926
f 1350/7/926 1351/8/926 1352/9/926
f 1351/7/926 1353/8/926 1352/9/926
f 1352/7/926 1353/8/926 1354/9/926
f 1353/7/926 1355/8/926 1354/9/926
f 1354/7/926 1355/8/926 1356/9/926
f 1355/7/926 1357/8/926 1356/9/926
f 1356/7/926 1357/8/926 1358/9/926
f 1357/7/926 1359/8/926 1358/9/926
f 1358/7/926 1359/8/926 1360/9/926
f 1359/7/926 1361/8/926 1360/9/926
f 1361/7/926 1362/8/926 1360/9/926
f 1362/7/926 1363/8/926 1360/9/926
f 1360/7/926 1363/8/926 1364/9/926
f 1363/7/926 1365/8/926 1364/9/926
f 1365/7/926 1366/8/926 1364/9/926
f 1366/7/926 1367/8/926 1364/9/926
f 1364/7/926 1367/8/926 1368/9/926
f 1367/7/926 1369/8/926 1368/9/926
f 1369/7/926 1370/8/926 1368/9/926
f 1368/7/926 1370/8/926 1371/9/926
f 1370/7/926 1372/8/926 1371/9/926
f 1372/7/926 1373/8/926 1371/9/926
f 1373/7/926 1374/8/926 1371/9/926
f 1374/7/926 1375/8/928 1371/9/926
f 1375/7/928 1376/8/927 1371/9/926
f 1371/7/926 1376/8/927 1377/9/926
f 1376/7/927 1378/8/926 1377/9/926
f 1377/7/926 1378/8/926 1379/9/926
f 1378/7/926 1380/8/926 1379/9/926
f 1380/7/926 1381/8/926 1379/9/926
f 1381/7/926 1382/8/1074 1379/9/926
f 1382/7/1074 1383/8/926 1379/9/926
f 1379/7/926 1383/8/926 1384/9/926
f 1384/7/926 1383/8/926 1385/9/926
f 1385/7/926 1383/8/926 1386/9/926
f 1386/7/926 1383/8/926 1387/9/926
f 1387/7/926 1383/8/926 1388/9/926
f 1388/7/926 1383/8/926 1389/9/926
f 1390/7/926 1389/8/926 1383/9/926
f 1391/10/1075 1392/11/1076 1393/12/1077
f 1392/10/1076 1391/11/1075 1394/12/1078
f 1391/10/1075 1395/11/1079 1396/12/1080
f 1395/10/1079 1391/11/1075 1393/12/1077
f 1397/10/1081 1394/11/1078 1391/12/1075
f 1394/10/1078 1397/11/1081 1398/12/1082
f 1394/10/1078 1399/11/1083 1392/12/1076
f 1399/10/1083 1394/11/1078 1400/12/1084
f 1393/10/1077 1401/11/1085 1402/12/1086
f 1401/10/1085 1393/11/1077 1392/12/1076
f 1396/10/1080 1403/11/1087 1404/12/1088
f 1403/10/1087 1396/11/1080 1395/12/1079
f 1397/10/1081 1396/11/1080 1405/12/1089
f 1396/10/1080 1397/11/1081 1391/12/1075
f 1393/10/1077 1406/11/1090 1395/12/1079
f 1406/10/1090 1393/11/1077 1402/12/1086
f 1407/10/1091 1398/11/1082 1397/12/1081
f 1398/10/1082 1407/11/1091 1408/12/1092
f 1398/10/1082 1400/11/1084 1394/12/1078
f 1400/10/1084 1398/11/1082 1409/12/1093
f 1400/10/1084 1410/11/1094 1399/12/1083
f 1410/10/1094 1400/11/1084 1411/12/1095
f 1392/10/1076 1412/11/1096 1401/12/1085
f 1412/10/1096 1392/11/1076 1399/12/1083
f 1401/10/1085 1413/11/1097 1402/12/1086
f 1413/10/1097 1401/11/1085 1414/12/1098
f 1403/10/1087 1415/11/1099 1404/12/1088
f 1415/10/1099 1403/11/1087 1416/12/1100
f 1405/10/1089 1404/11/1088 1417/12/1101
f 1404/10/1088 1405/11/1089 1396/12/1080
f 1395/10/1079 1418/11/1102 1403/12/1087
f 1418/10/1102 1395/11/1079 1406/12/1090
f 1407/10/1091 1405/11/1089 1419/12/1103
f 1405/10/1089 1407/11/1091 1397/12/1081
f 1402/10/1086 1420/11/1104 1406/12/1090
f 1420/10/1104 1402/11/1086 1413/12/1097
f 1421/10/1105 1408/11/1092 1407/12/1091
f 1408/10/1092 1421/11/1105 1422/12/1106
f 1408/10/1092 1409/11/1093 1398/12/1082
f 1409/10/1093 1408/11/1092 1423/12/1107
f 1409/10/1093 1411/11/1095 1400/12/1084
f 1411/10/1095 1409/11/1093 1424/12/1108
f 1411/10/1095 1425/11/1109 1410/12/1094
f 1425/10/1109 1411/11/1095 1426/12/1110
f 1399/10/1083 1427/11/1111 1412/12/1096
f 1427/10/1111 1399/11/1083 1410/12/1094
f 1412/10/1096 1414/11/1098 1401/12/1085
f 1414/10/1098 1412/11/1096 1428/12/1112
f 1414/10/1098 1429/11/1113 1413/12/1097
f 1429/10/1113 1414/11/1098 1430/12/1114
f 1416/10/1100 1431/11/1115 1415/12/1099
f 1431/10/1115 1416/11/1100 1432/12/1116
f 1417/10/1101 1415/11/1099 1433/12/1117
f 1415/10/1099 1417/11/1101 1404/12/1088
f 1403/10/1087 1434/11/1118 1416/12/1100
f 1434/10/1118 1403/11/1087 1418/12/1102
f 1419/10/1103 1417/11/1101 1435/12/1119
f 1417/10/1101 1419/11/1103 1405/12/1089
f 1406/10/1090 1436/11/1120 1418/12/1102
f 1436/10/1120 1406/11/1090 1420/12/1104
f 1437/10/1121 1407/11/1091 1419/12/1103
f 1407/10/1091 1437/11/1121 1421/12/1105
f 1429/10/1113 1420/11/1104 1413/12/1097
f 1420/10/1104 1429/11/1113 1438/12/1122
f 1439/10/1123 1422/11/1106 1421/12/1105
f 1422/10/1106 1439/11/1123 1440/12/1124
f 1422/10/1106 1423/11/1107 1408/12/1092
f 1423/10/1107 1422/11/1106 1441/12/1125
f 1423/10/1107 1424/11/1108 1409/12/1093
f 1424/10/1108 1423/11/1107 1442/12/1126
f 1424/10/1108 1426/11/1110 1411/12/1095
f 1426/10/1110 1424/11/1108 1443/12/1127
f 1426/10/1110 1444/11/1128 1425/12/1109
f 1444/10/1128 1426/11/1110 1445/12/1129
f 1410/10/1094 1446/11/1130 1427/12/1111
f 1446/10/1130 1410/11/1094 1425/12/1109
f 1427/10/1111 1428/11/1112 1412/12/1096
f 1428/10/1112 1427/11/1111 1447/12/1131
f 1428/10/1112 1430/11/1114 1414/12/1098
f 1430/10/1114 1428/11/1112 1448/12/1132
f 1430/10/1114 1449/11/1133 1429/12/1113
f 1449/10/1133 1430/11/1114 1450/12/1134
f 1432/10/1116 1451/11/1135 1431/12/1115
f 1451/10/1135 1432/11/1116 1452/12/1136
f 1415/10/1099 1453/11/1137 1433/12/1117
f 1453/10/1137 1415/11/1099 1431/12/1115
f 1434/10/1118 1432/11/1116 1416/12/1100
f 1432/10/1116 1434/11/1118 1454/12/1138
f 1435/10/1119 1433/11/1117 1455/12/1139
f 1433/10/1117 1435/11/1119 1417/12/1101
f 1418/10/1102 1456/11/1140 1434/12/1118
f 1456/10/1140 1418/11/1102 1436/12/1120
f 1437/10/1121 1435/11/1119 1457/12/1141
f 1435/10/1119 1437/11/1121 1419/12/1103
f 1438/10/1122 1436/11/1120 1420/12/1104
f 1436/10/1120 1438/11/1122 1458/12/1142
f 1439/10/1123 1437/11/1121 1459/12/1143
f 1437/10/1121 1439/11/1123 1421/12/1105
f 1449/10/1133 1438/11/1122 1429/12/1113
f 1438/10/1122 1449/11/1133 1460/12/1144
f 1461/10/1145 1440/11/1124 1439/12/1123
f 1440/10/1124 1461/11/1145 1462/12/1146
f 1440/10/1124 1441/11/1125 1422/12/1106
f 1441/10/1125 1440/11/1124 1463/12/1147
f 1441/10/1125 1442/11/1126 1423/12/1107
f 1442/10/1126 1441/11/1125 1464/12/1148
f 1442/10/1126 1443/11/1127 1424/12/1108
f 1443/10/1127 1442/11/1126 1465/12/1149
f 1443/10/1127 1445/11/1129 1426/12/1110
f 1445/10/1129 1443/11/1127 1466/12/1150
f 1425/10/1109 1467/11/1151 1446/12/1130
f 1467/10/1151 1425/11/1109 1444/12/1128
f 1446/10/1130 1447/11/1131 1427/12/1111
f 1447/10/1131 1446/11/1130 1468/12/1152
f 1447/10/1131 1448/11/1132 1428/12/1112
f 1448/10/1132 1447/11/1131 1469/12/1153
f 1448/10/1132 1450/11/1134 1430/12/1114
f 1450/10/1134 1448/11/1132 1470/12/1154
f 1450/10/1134 1471/11/1155 1449/12/1133
f 1471/10/1155 1450/11/1134 1472/12/1156
f 1473/10/1157 1451/11/1135 1452/12/1136
f 1451/10/1135 1473/11/1157 1474/12/1158
f 1431/10/1115 1475/11/1159 1453/12/1137
f 1475/10/1159 1431/11/1115 1451/12/1135
f 1454/10/1138 1452/11/1136 1432/12/1116
f 1452/10/1136 1454/11/1138 1476/12/1160
f 1433/10/1117 1477/11/1161 1455/12/1139
f 1477/10/1161 1433/11/1117 1453/12/1137
f 1456/10/1140 1454/11/1138 1434/12/1118
f 1454/10/1138 1456/11/1140 1478/12/1162
f 1457/10/1141 1455/11/1139 1479/12/1163
f 1455/10/1139 1457/11/1141 1435/12/1119
f 1458/10/1142 1456/11/1140 1436/12/1120
f 1456/10/1140 1458/11/1142 1480/12/1164
f 1459/10/1143 1457/11/1141 1481/12/1165
f 1457/10/1141 1459/11/1143 1437/12/1121
f 1460/10/1144 1458/11/1142 1438/12/1122
f 1458/10/1142 1460/11/1144 1482/12/1166
f 1461/10/1145 1459/11/1143 1483/12/1167
f 1459/10/1143 1461/11/1145 1439/12/1123
f 1471/10/1155 1460/11/1144 1449/12/1133
f 1460/10/1144 1471/11/1155 1484/12/1168
f 1485/10/1169 1462/11/1146 1461/12/1145
f 1462/10/1146 1485/11/1169 1486/12/1170
f 1462/10/1146 1463/11/1147 1440/12/1124
f 1463/10/1147 1462/11/1146 1487/12/1171
f 1463/10/1147 1464/11/1148 1441/12/1125
f 1464/10/1148 1463/11/1147 1488/12/1172
f 1464/10/1148 1465/11/1149 1442/12/1126
f 1465/10/1149 1464/11/1148 1489/12/1173
f 1465/10/1149 1466/11/1150 1443/12/1127
f 1466/10/1150 1465/11/1149 1490/12/1174
f 1491/10/1175 1492/11/1176 1493/12/1177
f 1492/10/1176 1491/11/1175 1494/12/1178
f 1494/10/1178 1495/11/1179 1492/12/1176
f 1495/10/1179 1494/11/1178 1496/12/1180
f 1496/10/1180 1497/11/1181 1495/12/1179
f 1497/10/1181 1496/11/1180 1498/12/1182
f 1498/10/1182 1499/11/1183 1497/12/1181
f 1499/10/1183 1498/11/1182 1500/12/1184
f 1500/10/1184 1501/11/1185 1499/12/1183
f 1501/10/1185 1500/11/1184 1502/12/1186
f 1502/10/1186 1503/11/1187 1501/12/1185
f 1503/10/1187 1502/11/1186 1504/12/1188
f 1504/10/1188 1505/11/1189 1503/12/1187
f 1505/10/1189 1504/11/1188 1506/12/1190
f 1506/10/1190 1507/11/1191 1505/12/1189
f 1507/10/1191 1506/11/1190 1508/12/1192
f 1508/10/1192 1509/11/1193 1507/12/1191
f 1509/10/1193 1508/11/1192 1510/12/1194
f 1509/10/1193 1511/11/1195 1512/12/1196
f 1511/10/1195 1509/11/1193 1510/12/1194
f 1512/10/1196 1513/11/1197 1514/12/1198
f 1513/10/1197 1512/11/1196 1511/12/1195
f 1514/10/1198 1515/11/1199 1516/12/1200
f 1515/10/1199 1514/11/1198 1513/12/1197
f 1516/10/1200 1517/11/1201 1518/12/1202
f 1517/10/1201 1516/11/1200 1515/12/1199
f 1518/10/1202 1519/11/1203 1520/12/1204
f 1519/10/1203 1518/11/1202 1517/12/1201
f 1520/10/1204 1521/11/1205 1522/12/1206
f 1521/10/1205 1520/11/1204 1519/12/1203
f 1522/10/1206 1523/11/1207 1524/12/1208
f 1523/10/1207 1522/11/1206 1521/12/1205
f 1524/10/1208 1525/11/1209 1526/12/1210
f 1525/10/1209 1524/11/1208 1523/12/1207
f 1527/10/1211 1525/11/1209 1528/12/1212
f 1525/10/1209 1527/11/1211 1526/12/1210
f 1529/10/1213 1528/11/1212 1530/12/1214
f 1528/10/1212 1529/11/1213 1527/12/1211
f 1531/10/1215 1530/11/1214 1532/12/1216
f 1530/10/1214 1531/11/1215 1529/12/1213
f 1533/10/1217 1532/11/1216 1534/12/1218
f 1532/10/1216 1533/11/1217 1531/12/1215
f 1535/10/1219 1534/11/1218 1536/12/1220
f 1534/10/1218 1535/11/1219 1533/12/1217
f 1537/10/1221 1536/11/1220 1538/12/1222
f 1536/10/1220 1537/11/1221 1535/12/1219
f 1539/10/1223 1538/11/1222 1540/12/1224
f 1538/10/1222 1539/11/1223 1537/12/1221
f 1541/10/1225 1540/11/1224 1542/12/1226
f 1540/10/1224 1541/11/1225 1539/12/1223
f 1543/10/1227 1542/11/1226 1468/12/1152
f 1542/10/1226 1543/11/1227 1541/12/1225
f 1467/10/1151 1468/11/1152 1446/12/1130
f 1468/10/1152 1467/11/1151 1543/12/1227
f 1489/10/1173 1490/11/1174 1465/12/1149
f 1490/10/1174 1489/11/1173 1544/12/1228
f 1545/10/1229 1544/11/1228 1489/12/1173
f 1544/10/1228 1545/11/1229 1546/12/1230
f 1547/10/1231 1546/11/1230 1545/12/1229
f 1546/10/1230 1547/11/1231 1548/12/1232
f 1549/10/1233 1548/11/1232 1547/12/1231
f 1548/10/1232 1549/11/1233 1550/12/1234
f 1491/10/1175 1550/11/1234 1549/12/1233
f 1550/10/1234 1491/11/1175 1493/12/1177
f 1468/10/1152 1469/11/1153 1447/12/1131
f 1469/10/1153 1468/11/1152 1542/12/1226
f 1469/10/1153 1470/11/1154 1448/12/1132
f 1470/10/1154 1469/11/1153 1551/12/1235
f 1470/10/1154 1472/11/1156 1450/12/1134
f 1472/10/1156 1470/11/1154 1552/12/1236
f 1472/10/1156 1553/11/1237 1471/12/1155
f 1553/10/1237 1472/11/1156 1554/12/1238
f 1555/10/1239 1474/11/1158 1473/12/1157
f 1474/10/1158 1555/11/1239 1556/12/1240
f 1474/10/1158 1475/11/1159 1451/12/1135
f 1475/10/1159 1474/11/1158 1557/12/1241
f 1558/10/1242 1452/11/1136 1476/12/1160
f 1452/10/1136 1558/11/1242 1473/12/1157
f 1453/10/1137 1559/11/1243 1477/12/1161
f 1559/10/1243 1453/11/1137 1475/12/1159
f 1478/10/1162 1476/11/1160 1454/12/1138
f 1476/10/1160 1478/11/1162 1560/12/1244
f 1479/10/1163 1477/11/1161 1561/12/1245
f 1477/10/1161 1479/11/1163 1455/12/1139
f 1456/10/1140 1562/11/1246 1478/12/1162
f 1562/10/1246 1456/11/1140 1480/12/1164
f 1481/10/1165 1479/11/1163 1563/12/1247
f 1479/10/1163 1481/11/1165 1457/12/1141
f 1482/10/1166 1480/11/1164 1458/12/1142
f 1480/10/1164 1482/11/1166 1564/12/1248
f 1483/10/1167 1481/11/1165 1565/12/1249
f 1481/10/1165 1483/11/1167 1459/12/1143
f 1484/10/1168 1482/11/1166 1460/12/1144
f 1482/10/1166 1484/11/1168 1566/12/1250
f 1485/10/1169 1483/11/1167 1567/12/1251
f 1483/10/1167 1485/11/1169 1461/12/1145
f 1471/10/1155 1568/11/1252 1484/12/1168
f 1568/10/1252 1471/11/1155 1553/12/1237
f 1569/10/1253 1486/11/1170 1485/12/1169
f 1486/10/1170 1569/11/1253 1570/12/1254
f 1486/10/1170 1487/11/1171 1462/12/1146
f 1487/10/1171 1486/11/1170 1571/12/1255
f 1487/10/1171 1488/11/1172 1463/12/1147
f 1488/10/1172 1487/11/1171 1572/12/1256
f 1488/10/1172 1489/11/1173 1464/12/1148
f 1489/10/1173 1488/11/1172 1545/12/1229
f 1573/10/1257 1494/11/1178 1491/12/1175
f 1494/10/1178 1573/11/1257 1574/12/1258
f 1574/10/1258 1496/11/1180 1494/12/1178
f 1496/10/1180 1574/11/1258 1575/12/1259
f 1575/10/1259 1498/11/1182 1496/12/1180
f 1498/10/1182 1575/11/1259 1576/12/1260
f 1576/10/1260 1500/11/1184 1498/12/1182
f 1500/10/1184 1576/11/1260 1577/12/1261
f 1577/10/1261 1502/11/1186 1500/12/1184
f 1502/10/1186 1577/11/1261 1578/12/1262
f 1578/10/1262 1504/11/1188 1502/12/1186
f 1504/10/1188 1578/11/1262 1579/12/1263
f 1579/10/1263 1506/11/1190 1504/12/1188
f 1506/10/1190 1579/11/1263 1580/12/1264
f 1580/10/1264 1508/11/1192 1506/12/1190
f 1508/10/1192 1580/11/1264 1581/12/1265
f 1581/10/1265 1510/11/1194 1508/12/1192
f 1510/10/1194 1581/11/1265 1582/12/1266
f 1510/10/1194 1583/11/1267 1511/12/1195
f 1583/10/1267 1510/11/1194 1582/12/1266
f 1511/10/1195 1584/11/1268 1513/12/1197
f 1584/10/1268 1511/11/1195 1583/12/1267
f 1513/10/1197 1585/11/1269 1515/12/1199
f 1585/10/1269 1513/11/1197 1584/12/1268
f 1515/10/1199 1586/11/1270 1517/12/1201
f 1586/10/1270 1515/11/1199 1585/12/1269
f 1517/10/1201 1587/11/1271 1519/12/1203
f 1587/10/1271 1517/11/1201 1586/12/1270
f 1519/10/1203 1588/11/1272 1521/12/1205
f 1588/10/1272 1519/11/1203 1587/12/1271
f 1521/10/1205 1589/11/1273 1523/12/1207
f 1589/10/1273 1521/11/1205 1588/12/1272
f 1523/10/1207 1590/11/1274 1525/12/1209
f 1590/10/1274 1523/11/1207 1589/12/1273
f 1528/10/1212 1590/11/1274 1591/12/1275
f 1590/10/1274 1528/11/1212 1525/12/1209
f 1530/10/1214 1591/11/1275 1592/12/1276
f 1591/10/1275 1530/11/1214 1528/12/1212
f 1532/10/1216 1592/11/1276 1593/12/1277
f 1592/10/1276 1532/11/1216 1530/12/1214
f 1534/10/1218 1593/11/1277 1594/12/1278
f 1593/10/1277 1534/11/1218 1532/12/1216
f 1536/10/1220 1594/11/1278 1595/12/1279
f 1594/10/1278 1536/11/1220 1534/12/1218
f 1538/10/1222 1595/11/1279 1596/12/1280
f 1595/10/1279 1538/11/1222 1536/12/1220
f 1540/10/1224 1596/11/1280 1551/12/1235
f 1596/10/1280 1540/11/1224 1538/12/1222
f 1542/10/1226 1551/11/1235 1469/12/1153
f 1551/10/1235 1542/11/1226 1540/12/1224
f 1572/10/1256 1545/11/1229 1488/12/1172
f 1545/10/1229 1572/11/1256 1547/12/1231
f 1597/10/1281 1547/11/1231 1572/12/1256
f 1547/10/1231 1597/11/1281 1549/12/1233
f 1573/10/1257 1549/11/1233 1597/12/1281
f 1549/10/1233 1573/11/1257 1491/12/1175
f 1551/10/1235 1552/11/1236 1470/12/1154
f 1552/10/1236 1551/11/1235 1596/12/1280
f 1552/10/1236 1554/11/1238 1472/12/1156
f 1554/10/1238 1552/11/1236 1598/12/1282
f 1554/10/1238 1599/11/1283 1553/12/1237
f 1599/10/1283 1554/11/1238 1600/12/1284
f 1601/10/1285 1556/11/1240 1555/12/1239
f 1556/10/1240 1601/11/1285 1602/12/1286
f 1556/10/1240 1557/11/1241 1474/12/1158
f 1557/10/1241 1556/11/1240 1603/12/1287
f 1604/10/1288 1473/11/1157 1558/12/1242
f 1473/10/1157 1604/11/1288 1555/12/1239
f 1557/10/1241 1559/11/1243 1475/12/1159
f 1559/10/1243 1557/11/1241 1605/12/1289
f 1560/10/1244 1558/11/1242 1476/12/1160
f 1558/10/1242 1560/11/1244 1606/12/1290
f 1559/10/1243 1561/11/1245 1477/12/1161
f 1561/10/1245 1559/11/1243 1607/12/1291
f 1478/10/1162 1608/11/1292 1560/12/1244
f 1608/10/1292 1478/11/1162 1562/12/1246
f 1563/10/1247 1561/11/1245 1609/12/1293
f 1561/10/1245 1563/11/1247 1479/12/1163
f 1480/10/1164 1610/11/1294 1562/12/1246
f 1610/10/1294 1480/11/1164 1564/12/1248
f 1565/10/1249 1563/11/1247 1611/12/1295
f 1563/10/1247 1565/11/1249 1481/12/1165
f 1566/10/1250 1564/11/1248 1482/12/1166
f 1564/10/1248 1566/11/1250 1612/12/1296
f 1567/10/1251 1565/11/1249 1613/12/1297
f 1565/10/1249 1567/11/1251 1483/12/1167
f 1568/10/1252 1566/11/1250 1484/12/1168
f 1566/10/1250 1568/11/1252 1614/12/1298
f 1569/10/1253 1567/11/1251 1615/12/1299
f 1567/10/1251 1569/11/1253 1485/12/1169
f 1553/10/1237 1616/11/1300 1568/12/1252
f 1616/10/1300 1553/11/1237 1599/12/1283
f 1569/10/1253 1617/11/1301 1570/12/1254
f 1617/10/1301 1569/11/1253 1618/12/1302
f 1570/10/1254 1571/11/1255 1486/12/1170
f 1571/10/1255 1570/11/1254 1619/12/1303
f 1571/10/1255 1572/11/1256 1487/12/1171
f 1572/10/1256 1571/11/1255 1597/12/1281
f 1619/10/1303 1574/11/1258 1573/12/1257
f 1574/10/1258 1619/11/1303 1620/12/1304
f 1620/10/1304 1575/11/1259 1574/12/1258
f 1575/10/1259 1620/11/1304 1621/12/1305
f 1621/10/1305 1576/11/1260 1575/12/1259
f 1576/10/1260 1621/11/1305 1622/12/1306
f 1622/10/1306 1577/11/1261 1576/12/1260
f 1577/10/1261 1622/11/1306 1623/12/1307
f 1623/10/1307 1578/11/1262 1577/12/1261
f 1578/10/1262 1623/11/1307 1624/12/1308
f 1624/10/1308 1579/11/1263 1578/12/1262
f 1579/10/1263 1624/11/1308 1625/12/1309
f 1625/10/1309 1580/11/1264 1579/12/1263
f 1580/10/1264 1625/11/1309 1626/12/1310
f 1626/10/1310 1581/11/1265 1580/12/1264
f 1581/10/1265 1626/11/1310 1627/12/1311
f 1627/10/1311 1582/11/1266 1581/12/1265
f 1582/10/1266 1627/11/1311 1628/12/1312
f 1582/10/1266 1629/11/1313 1583/12/1267
f 1629/10/1313 1582/11/1266 1628/12/1312
f 1583/10/1267 1630/11/1314 1584/12/1268
f 1630/10/1314 1583/11/1267 1629/12/1313
f 1584/10/1268 1631/11/1315 1585/12/1269
f 1631/10/1315 1584/11/1268 1630/12/1314
f 1585/10/1269 1632/11/1316 1586/12/1270
f 1632/10/1316 1585/11/1269 1631/12/1315
f 1586/10/1270 1633/11/1317 1587/12/1271
f 1633/10/1317 1586/11/1270 1632/12/1316
f 1587/10/1271 1634/11/1318 1588/12/1272
f 1634/10/1318 1587/11/1271 1633/12/1317
f 1588/10/1272 1635/11/1319 1589/12/1273
f 1635/10/1319 1588/11/1272 1634/12/1318
f 1589/10/1273 1636/11/1320 1590/12/1274
f 1636/10/1320 1589/11/1273 1635/12/1319
f 1591/10/1275 1636/11/1320 1637/12/1321
f 1636/10/1320 1591/11/1275 1590/12/1274
f 1592/10/1276 1637/11/1321 1638/12/1322
f 1637/10/1321 1592/11/1276 1591/12/1275
f 1593/10/1277 1638/11/1322 1639/12/1323
f 1638/10/1322 1593/11/1277 1592/12/1276
f 1594/10/1278 1639/11/1323 1640/12/1324
f 1639/10/1323 1594/11/1278 1593/12/1277
f 1595/10/1279 1640/11/1324 1598/12/1282
f 1640/10/1324 1595/11/1279 1594/12/1278
f 1596/10/1280 1598/11/1282 1552/12/1236
f 1598/10/1282 1596/11/1280 1595/12/1279
f 1619/10/1303 1597/11/1281 1571/12/1255
f 1597/10/1281 1619/11/1303 1573/12/1257
f 1598/10/1282 1600/11/1284 1554/12/1238
f 1600/10/1284 1598/11/1282 1640/12/1324
f 1600/10/1284 1641/11/1325 1599/12/1283
f 1641/10/1325 1600/11/1284 1642/12/1326
f 1643/10/1327 1602/11/1286 1601/12/1285
f 1602/10/1286 1643/11/1327 1644/12/1328
f 1602/10/1286 1603/11/1287 1556/12/1240
f 1603/10/1287 1602/11/1286 1645/12/1329
f 1646/10/1330 1555/11/1239 1604/12/1288
f 1555/10/1239 1646/11/1330 1601/12/1285
f 1603/10/1287 1605/11/1289 1557/12/1241
f 1605/10/1289 1603/11/1287 1647/12/1331
f 1606/10/1290 1604/11/1288 1558/12/1242
f 1604/10/1288 1606/11/1290 1648/12/1332
f 1605/10/1289 1607/11/1291 1559/12/1243
f 1607/10/1291 1605/11/1289 1649/12/1333
f 1608/10/1292 1606/11/1290 1560/12/1244
f 1606/10/1290 1608/11/1292 1650/12/1334
f 1609/10/1293 1607/11/1291 1651/12/1335
f 1607/10/1291 1609/11/1293 1561/12/1245
f 1562/10/1246 1652/11/1336 1608/12/1292
f 1652/10/1336 1562/11/1246 1610/12/1294
f 1611/10/1295 1609/11/1293 1653/12/1337
f 1609/10/1293 1611/11/1295 1563/12/1247
f 1564/10/1248 1654/11/1338 1610/12/1294
f 1654/10/1338 1564/11/1248 1612/12/1296
f 1613/10/1297 1611/11/1295 1655/12/1339
f 1611/10/1295 1613/11/1297 1565/12/1249
f 1566/10/1250 1656/11/1340 1612/12/1296
f 1656/10/1340 1566/11/1250 1614/12/1298
f 1615/10/1299 1613/11/1297 1657/12/1341
f 1613/10/1297 1615/11/1299 1567/12/1251
f 1568/10/1252 1658/11/1342 1614/12/1298
f 1658/10/1342 1568/11/1252 1616/12/1300
f 1618/10/1302 1615/11/1299 1659/12/1343
f 1615/10/1299 1618/11/1302 1569/12/1253
f 1599/10/1283 1660/11/1344 1616/12/1300
f 1660/10/1344 1599/11/1283 1641/12/1325
f 1618/10/1302 1661/11/1345 1617/12/1301
f 1661/10/1345 1618/11/1302 1662/12/1346
f 1570/10/1254 1620/11/1304 1619/12/1303
f 1620/10/1304 1570/11/1254 1617/12/1301
f 1617/10/1301 1621/11/1305 1620/12/1304
f 1621/10/1305 1617/11/1301 1661/12/1345
f 1661/10/1345 1622/11/1306 1621/12/1305
f 1622/10/1306 1661/11/1345 1663/12/1347
f 1663/10/1347 1623/11/1307 1622/12/1306
f 1623/10/1307 1663/11/1347 1664/12/1348
f 1664/10/1348 1624/11/1308 1623/12/1307
f 1624/10/1308 1664/11/1348 1665/12/1349
f 1665/10/1349 1625/11/1309 1624/12/1308
f 1625/10/1309 1665/11/1349 1666/12/1350
f 1666/10/1350 1626/11/1310 1625/12/1309
f 1626/10/1310 1666/11/1350 1667/12/1351
f 1667/10/1351 1627/11/1311 1626/12/1310
f 1627/10/1311 1667/11/1351 1668/12/1352
f 1668/10/1352 1628/11/1312 1627/12/1311
f 1628/10/1312 1668/11/1352 1669/12/1353
f 1628/10/1312 1670/11/1354 1629/12/1313
f 1670/10/1354 1628/11/1312 1669/12/1353
f 1629/10/1313 1671/11/1355 1630/12/1314
f 1671/10/1355 1629/11/1313 1670/12/1354
f 1630/10/1314 1672/11/1356 1631/12/1315
f 1672/10/1356 1630/11/1314 1671/12/1355
f 1631/10/1315 1673/11/1357 1632/12/1316
f 1673/10/1357 1631/11/1315 1672/12/1356
f 1632/10/1316 1674/11/1358 1633/12/1317
f 1674/10/1358 1632/11/1316 1673/12/1357
f 1633/10/1317 1675/11/1359 1634/12/1318
f 1675/10/1359 1633/11/1317 1674/12/1358
f 1634/10/1318 1676/11/1360 1635/12/1319
f 1676/10/1360 1634/11/1318 1675/12/1359
f 1635/10/1319 1677/11/1361 1636/12/1320
f 1677/10/1361 1635/11/1319 1676/12/1360
f 1637/10/1321 1677/11/1361 1678/12/1362
f 1677/10/1361 1637/11/1321 1636/12/1320
f 1638/10/1322 1678/11/1362 1679/12/1363
f 1678/10/1362 1638/11/1322 1637/12/1321
f 1639/10/1323 1679/11/1363 1642/12/1326
f 1679/10/1363 1639/11/1323 1638/12/1322
f 1640/10/1324 1642/11/1326 1600/12/1284
f 1642/10/1326 1640/11/1324 1639/12/1323
f 1642/10/1326 1680/11/1364 1641/12/1325
f 1680/10/1364 1642/11/1326 1679/12/1363
f 1681/10/1365 1644/11/1328 1643/12/1327
f 1644/10/1328 1681/11/1365 1682/12/1366
f 1644/10/1328 1645/11/1329 1602/12/1286
f 1645/10/1329 1644/11/1328 1683/12/1367
f 1684/10/1368 1601/11/1285 1646/12/1330
f 1601/10/1285 1684/11/1368 1643/12/1327
f 1645/10/1329 1647/11/1331 1603/12/1287
f 1647/10/1331 1645/11/1329 1685/12/1369
f 1648/10/1332 1646/11/1330 1604/12/1288
f 1646/10/1330 1648/11/1332 1686/12/1370
f 1647/10/1331 1649/11/1333 1605/12/1289
f 1649/10/1333 1647/11/1331 1687/12/1371
f 1650/10/1334 1648/11/1332 1606/12/1290
f 1648/10/1332 1650/11/1334 1688/12/1372
f 1649/10/1333 1651/11/1335 1607/12/1291
f 1651/10/1335 1649/11/1333 1689/12/1373
f 1652/10/1336 1650/11/1334 1608/12/1292
f 1650/10/1334 1652/11/1336 1690/12/1374
f 1653/10/1337 1651/11/1335 1691/12/1375
f 1651/10/1335 1653/11/1337 1609/12/1293
f 1610/10/1294 1692/11/1376 1652/12/1336
f 1692/10/1376 1610/11/1294 1654/12/1338
f 1655/10/1339 1653/11/1337 1693/12/1377
f 1653/10/1337 1655/11/1339 1611/12/1295
f 1612/10/1296 1694/11/1378 1654/12/1338
f 1694/10/1378 1612/11/1296 1656/12/1340
f 1657/10/1341 1655/11/1339 1695/12/1379
f 1655/10/1339 1657/11/1341 1613/12/1297
f 1614/10/1298 1696/11/1380 1656/12/1340
f 1696/10/1380 1614/11/1298 1658/12/1342
f 1659/10/1343 1657/11/1341 1697/12/1381
f 1657/10/1341 1659/11/1343 1615/12/1299
f 1616/10/1300 1698/11/1382 1658/12/1342
f 1698/10/1382 1616/11/1300 1660/12/1344
f 1662/10/1346 1659/11/1343 1699/12/1383
f 1659/10/1343 1662/11/1346 1618/12/1302
f 1641/10/1325 1700/11/1384 1660/12/1344
f 1700/10/1384 1641/11/1325 1680/12/1364
f 1662/10/1346 1663/11/1347 1661/12/1345
f 1663/10/1347 1662/11/1346 1701/12/1385
f 1701/10/1385 1664/11/1348 1663/12/1347
f 1664/10/1348 1701/11/1385 1702/12/1386
f 1702/10/1386 1665/11/1349 1664/12/1348
f 1665/10/1349 1702/11/1386 1703/12/1387
f 1703/10/1387 1666/11/1350 1665/12/1349
f 1666/10/1350 1703/11/1387 1704/12/1388
f 1704/10/1388 1667/11/1351 1666/12/1350
f 1667/10/1351 1704/11/1388 1705/12/1389
f 1705/10/1389 1668/11/1352 1667/12/1351
f 1668/10/1352 1705/11/1389 1706/12/1390
f 1706/10/1390 1669/11/1353 1668/12/1352
f 1669/10/1353 1706/11/1390 1707/12/1391
f 1669/10/1353 1708/11/1392 1670/12/1354
f 1708/10/1392 1669/11/1353 1707/12/1391
f 1670/10/1354 1709/11/1393 1671/12/1355
f 1709/10/1393 1670/11/1354 1708/12/1392
f 1671/10/1355 1710/11/1394 1672/12/1356
f 1710/10/1394 1671/11/1355 1709/12/1393
f 1672/10/1356 1711/11/1395 1673/12/1357
f 1711/10/1395 1672/11/1356 1710/12/1394
f 1673/10/1357 1712/11/1396 1674/12/1358
f 1712/10/1396 1673/11/1357 1711/12/1395
f 1674/10/1358 1713/11/1397 1675/12/1359
f 1713/10/1397 1674/11/1358 1712/12/1396
f 1675/10/1359 1714/11/1398 1676/12/1360
f 1714/10/1398 1675/11/1359 1713/12/1397
f 1676/10/1360 1715/11/1399 1677/12/1361
f 1715/10/1399 1676/11/1360 1714/12/1398
f 1678/10/1362 1715/11/1399 1716/12/1400
f 1715/10/1399 1678/11/1362 1677/12/1361
f 1679/10/1363 1716/11/1400 1680/12/1364
f 1716/10/1400 1679/11/1363 1678/12/1362
f 1682/10/1366 1683/11/1367 1644/12/1328
f 1683/10/1367 1682/11/1366 1717/12/1401
f 1718/10/1402 1643/11/1327 1684/12/1368
f 1643/10/1327 1718/11/1402 1681/12/1365
f 1683/10/1367 1685/11/1369 1645/12/1329
f 1685/10/1369 1683/11/1367 1719/12/1403
f 1686/10/1370 1684/11/1368 1646/12/1330
f 1684/10/1368 1686/11/1370 1720/12/1404
f 1685/10/1369 1687/11/1371 1647/12/1331
f 1687/10/1371 1685/11/1369 1721/12/1405
f 1688/10/1372 1686/11/1370 1648/12/1332
f 1686/10/1370 1688/11/1372 1722/12/1406
f 1687/10/1371 1689/11/1373 1649/12/1333
f 1689/10/1373 1687/11/1371 1723/12/1407
f 1690/10/1374 1688/11/1372 1650/12/1334
f 1688/10/1372 1690/11/1374 1724/12/1408
f 1689/10/1373 1691/11/1375 1651/12/1335
f 1691/10/1375 1689/11/1373 1725/12/1409
f 1692/10/1376 1690/11/1374 1652/12/1336
f 1690/10/1374 1692/11/1376 1726/12/1410
f 1693/10/1377 1691/11/1375 1727/12/1411
f 1691/10/1375 1693/11/1377 1653/12/1337
f 1694/10/1378 1692/11/1376 1654/12/1338
f 1692/10/1376 1694/11/1378 1728/12/1412
f 1695/10/1379 1693/11/1377 1729/12/1413
f 1693/10/1377 1695/11/1379 1655/12/1339
f 1656/10/1340 1730/11/1414 1694/12/1378
f 1730/10/1414 1656/11/1340 1696/12/1380
f 1697/10/1381 1695/11/1379 1731/12/1415
f 1695/10/1379 1697/11/1381 1657/12/1341
f 1658/10/1342 1732/11/1416 1696/12/1380
f 1732/10/1416 1658/11/1342 1698/12/1382
f 1699/10/1383 1697/11/1381 1733/12/1417
f 1697/10/1381 1699/11/1383 1659/12/1343
f 1660/10/1344 1734/11/1418 1698/12/1382
f 1734/10/1418 1660/11/1344 1700/12/1384
f 1701/10/1385 1699/11/1383 1735/12/1419
f 1699/10/1383 1701/11/1385 1662/12/1346
f 1680/10/1364 1736/11/1420 1700/12/1384
f 1736/10/1420 1680/11/1364 1716/12/1400
f 1702/10/1386 1735/11/1419 1737/12/1421
f 1735/10/1419 1702/11/1386 1701/12/1385
f 1737/10/1421 1703/11/1387 1702/12/1386
f 1703/10/1387 1737/11/1421 1738/12/1422
f 1739/10/1423 1703/11/1387 1738/12/1422
f 1703/10/1387 1739/11/1423 1704/12/1388
f 1740/10/1424 1704/11/1388 1739/12/1423
f 1704/10/1388 1740/11/1424 1705/12/1389
f 1741/10/1425 1705/11/1389 1740/12/1424
f 1705/10/1389 1741/11/1425 1706/12/1390
f 1742/10/1426 1706/11/1390 1741/12/1425
f 1706/10/1390 1742/11/1426 1707/12/1391
f 1742/10/1426 1708/11/1392 1707/12/1391
f 1708/10/1392 1742/11/1426 1743/12/1427
f 1743/10/1427 1709/11/1393 1708/12/1392
f 1709/10/1393 1743/11/1427 1744/12/1428
f 1744/10/1428 1710/11/1394 1709/12/1393
f 1710/10/1394 1744/11/1428 1745/12/1429
f 1745/10/1429 1711/11/1395 1710/12/1394
f 1711/10/1395 1745/11/1429 1746/12/1430
f 1711/10/1395 1747/11/1431 1712/12/1396
f 1747/10/1431 1711/11/1395 1746/12/1430
f 1713/10/1397 1747/11/1431 1748/12/1432
f 1747/10/1431 1713/11/1397 1712/12/1396
f 1714/10/1398 1748/11/1432 1749/12/1433
f 1748/10/1432 1714/11/1398 1713/12/1397
f 1715/10/1399 1749/11/1433 1750/12/1434
f 1749/10/1433 1715/11/1399 1714/12/1398
f 1716/10/1400 1750/11/1434 1736/12/1420
f 1750/10/1434 1716/11/1400 1715/12/1399
f 1751/10/1435 1752/11/1436 1753/12/1437
f 1752/10/1436 1751/11/1435 1754/12/1438
f 1754/10/1438 1755/11/1439 1752/12/1436
f 1755/10/1439 1754/11/1438 1756/12/1440
f 1756/10/1440 1757/11/1441 1755/12/1439
f 1757/10/1441 1756/11/1440 1758/12/1442
f 1758/10/1442 1759/11/1443 1757/12/1441
f 1759/10/1443 1758/11/1442 1760/12/1444
f 1760/10/1444 1761/11/1445 1759/12/1443
f 1761/10/1445 1760/11/1444 1762/12/1446
f 1762/10/1446 1763/11/1447 1761/12/1445
f 1763/10/1447 1762/11/1446 1764/12/1448
f 1764/10/1448 1765/11/1449 1763/12/1447
f 1765/10/1449 1764/11/1448 1766/12/1450
f 1766/10/1450 1767/11/1451 1765/12/1449
f 1767/10/1451 1766/11/1450 1768/12/1452
f 1767/10/1451 1769/11/1453 1770/12/1454
f 1769/10/1453 1767/11/1451 1768/12/1452
f 1770/10/1454 1771/11/1455 1772/12/1456
f 1771/10/1455 1770/11/1454 1769/12/1453
f 1772/10/1456 1773/11/1457 1774/12/1458
f 1773/10/1457 1772/11/1456 1771/12/1455
f 1774/10/1458 1775/11/1459 1776/12/1460
f 1775/10/1459 1774/11/1458 1773/12/1457
f 1776/10/1460 1777/11/1461 1778/12/1462
f 1777/10/1461 1776/11/1460 1775/12/1459
f 1778/10/1462 1779/11/1463 1780/12/1464
f 1779/10/1463 1778/11/1462 1777/12/1461
f 1780/10/1464 1781/11/1465 1782/12/1466
f 1781/10/1465 1780/11/1464 1779/12/1463
f 1782/10/1466 1783/11/1467 1784/12/1468
f 1783/10/1467 1782/11/1466 1781/12/1465
f 1784/10/1468 1785/11/1469 1786/12/1470
f 1785/10/1469 1784/11/1468 1783/12/1467
f 1787/10/1471 1785/11/1469 1788/12/1472
f 1785/10/1469 1787/11/1471 1786/12/1470
f 1789/10/1473 1788/11/1472 1790/12/1474
f 1788/10/1472 1789/11/1473 1787/12/1471
f 1791/10/1475 1790/11/1474 1792/12/1476
f 1790/10/1474 1791/11/1475 1789/12/1473
f 1793/10/1477 1792/11/1476 1794/12/1478
f 1792/10/1476 1793/11/1477 1791/12/1475
f 1795/10/1479 1794/11/1478 1719/12/1403
f 1794/10/1478 1795/11/1479 1793/12/1477
f 1717/10/1401 1719/11/1403 1683/12/1367
f 1719/10/1403 1717/11/1401 1795/12/1479
f 1720/10/1404 1718/11/1402 1684/12/1368
f 1718/10/1402 1720/11/1404 1796/12/1480
f 1797/10/1481 1796/11/1480 1720/12/1404
f 1796/10/1480 1797/11/1481 1798/12/1482
f 1799/10/1483 1798/11/1482 1797/12/1481
f 1798/10/1482 1799/11/1483 1800/12/1484
f 1801/10/1485 1800/11/1484 1799/12/1483
f 1800/10/1484 1801/11/1485 1802/12/1486
f 1803/10/1487 1802/11/1486 1801/12/1485
f 1802/10/1486 1803/11/1487 1804/12/1488
f 1805/10/1489 1804/11/1488 1803/12/1487
f 1804/10/1488 1805/11/1489 1806/12/1490
f 1807/10/1491 1806/11/1490 1805/12/1489
f 1806/10/1490 1807/11/1491 1808/12/1492
f 1809/10/1493 1808/11/1492 1807/12/1491
f 1808/10/1492 1809/11/1493 1810/12/1494
f 1811/10/1495 1810/11/1494 1809/12/1493
f 1810/10/1494 1811/11/1495 1812/12/1496
f 1751/10/1435 1812/11/1496 1811/12/1495
f 1812/10/1496 1751/11/1435 1753/12/1437
f 1719/10/1403 1721/11/1405 1685/12/1369
f 1721/10/1405 1719/11/1403 1794/12/1478
f 1722/10/1406 1720/11/1404 1686/12/1370
f 1720/10/1404 1722/11/1406 1797/12/1481
f 1721/10/1405 1723/11/1407 1687/12/1371
f 1723/10/1407 1721/11/1405 1813/12/1497
f 1724/10/1408 1722/11/1406 1688/12/1372
f 1722/10/1406 1724/11/1408 1814/12/1498
f 1723/10/1407 1725/11/1409 1689/12/1373
f 1725/10/1409 1723/11/1407 1815/12/1499
f 1726/10/1410 1724/11/1408 1690/12/1374
f 1724/10/1408 1726/11/1410 1816/12/1500
f 1725/10/1409 1727/11/1411 1691/12/1375
f 1727/10/1411 1725/11/1409 1817/12/1501
f 1728/10/1412 1726/11/1410 1692/12/1376
f 1726/10/1410 1728/11/1412 1818/12/1502
f 1729/10/1413 1727/11/1411 1819/12/1503
f 1727/10/1411 1729/11/1413 1693/12/1377
f 1694/10/1378 1820/11/1504 1728/12/1412
f 1820/10/1504 1694/11/1378 1730/12/1414
f 1731/10/1415 1729/11/1413 1821/12/1505
f 1729/10/1413 1731/11/1415 1695/12/1379
f 1696/10/1380 1822/11/1506 1730/12/1414
f 1822/10/1506 1696/11/1380 1732/12/1416
f 1733/10/1417 1731/11/1415 1823/12/1507
f 1731/10/1415 1733/11/1417 1697/12/1381
f 1698/10/1382 1824/11/1508 1732/12/1416
f 1824/10/1508 1698/11/1382 1734/12/1418
f 1735/10/1419 1733/11/1417 1825/12/1509
f 1733/10/1417 1735/11/1419 1699/12/1383
f 1700/10/1384 1826/11/1510 1734/12/1418
f 1826/10/1510 1700/11/1384 1736/12/1420
f 1737/10/1421 1825/11/1509 1827/12/1511
f 1825/10/1509 1737/11/1421 1735/12/1419
f 1828/10/1512 1737/11/1421 1827/12/1511
f 1737/10/1421 1828/11/1512 1738/12/1422
f 1829/10/1513 1738/11/1422 1828/12/1512
f 1738/10/1422 1829/11/1513 1739/12/1423
f 1830/10/1514 1739/11/1423 1829/12/1513
f 1739/10/1423 1830/11/1514 1740/12/1424
f 1831/10/1515 1740/11/1424 1830/12/1514
f 1740/10/1424 1831/11/1515 1741/12/1425
f 1832/10/1516 1741/11/1425 1831/12/1515
f 1741/10/1425 1832/11/1516 1742/12/1426
f 1832/10/1516 1743/11/1427 1742/12/1426
f 1743/10/1427 1832/11/1516 1833/12/1517
f 1833/10/1517 1744/11/1428 1743/12/1427
f 1744/10/1428 1833/11/1517 1834/12/1518
f 1834/10/1518 1745/11/1429 1744/12/1428
f 1745/10/1429 1834/11/1518 1835/12/1519
f 1835/10/1519 1746/11/1430 1745/12/1429
f 1746/10/1430 1835/11/1519 1836/12/1520
f 1747/10/1431 1836/11/1520 1837/12/1521
f 1836/10/1520 1747/11/1431 1746/12/1430
f 1748/10/1432 1837/11/1521 1838/12/1522
f 1837/10/1521 1748/11/1432 1747/12/1431
f 1749/10/1433 1838/11/1522 1839/12/1523
f 1838/10/1522 1749/11/1433 1748/12/1432
f 1750/10/1434 1839/11/1523 1840/12/1524
f 1839/10/1523 1750/11/1434 1749/12/1433
f 1736/10/1420 1840/11/1524 1826/12/1510
f 1840/10/1524 1736/11/1420 1750/12/1434
f 1841/10/1525 1754/11/1438 1751/12/1435
f 1754/10/1438 1841/11/1525 1842/12/1526
f 1842/10/1526 1756/11/1440 1754/12/1438
f 1756/10/1440 1842/11/1526 1843/12/1527
f 1843/10/1527 1758/11/1442 1756/12/1440
f 1758/10/1442 1843/11/1527 1844/12/1528
f 1844/10/1528 1760/11/1444 1758/12/1442
f 1760/10/1444 1844/11/1528 1845/12/1529
f 1845/10/1529 1762/11/1446 1760/12/1444
f 1762/10/1446 1845/11/1529 1846/12/1530
f 1846/10/1530 1764/11/1448 1762/12/1446
f 1764/10/1448 1846/11/1530 1847/12/1531
f 1847/10/1531 1766/11/1450 1764/12/1448
f 1766/10/1450 1847/11/1531 1848/12/1532
f 1848/10/1532 1768/11/1452 1766/12/1450
f 1768/10/1452 1848/11/1532 1849/12/1533
f 1768/10/1452 1850/11/1534 1769/12/1453
f 1850/10/1534 1768/11/1452 1849/12/1533
f 1769/10/1453 1851/11/1535 1771/12/1455
f 1851/10/1535 1769/11/1453 1850/12/1534
f 1771/10/1455 1852/11/1536 1773/12/1457
f 1852/10/1536 1771/11/1455 1851/12/1535
f 1773/10/1457 1853/11/1537 1775/12/1459
f 1853/10/1537 1773/11/1457 1852/12/1536
f 1775/10/1459 1854/11/1538 1777/12/1461
f 1854/10/1538 1775/11/1459 1853/12/1537
f 1777/10/1461 1855/11/1539 1779/12/1463
f 1855/10/1539 1777/11/1461 1854/12/1538
f 1779/10/1463 1856/11/1540 1781/12/1465
f 1856/10/1540 1779/11/1463 1855/12/1539
f 1781/10/1465 1857/11/1541 1783/12/1467
f 1857/10/1541 1781/11/1465 1856/12/1540
f 1783/10/1467 1858/11/1542 1785/12/1469
f 1858/10/1542 1783/11/1467 1857/12/1541
f 1788/10/1472 1858/11/1542 1859/12/1543
f 1858/10/1542 1788/11/1472 1785/12/1469
f 1790/10/1474 1859/11/1543 1860/12/1544
f 1859/10/1543 1790/11/1474 1788/12/1472
f 1792/10/1476 1860/11/1544 1813/12/1497
f 1860/10/1544 1792/11/1476 1790/12/1474
f 1794/10/1478 1813/11/1497 1721/12/1405
f 1813/10/1497 1794/11/1478 1792/12/1476
f 1814/10/1498 1797/11/1481 1722/12/1406
f 1797/10/1481 1814/11/1498 1799/12/1483
f 1861/10/1545 1799/11/1483 1814/12/1498
f 1799/10/1483 1861/11/1545 1801/12/1485
f 1862/10/1546 1801/11/1485 1861/12/1545
f 1801/10/1485 1862/11/1546 1803/12/1487
f 1863/10/1547 1803/11/1487 1862/12/1546
f 1803/10/1487 1863/11/1547 1805/12/1489
f 1864/10/1548 1805/11/1489 1863/12/1547
f 1805/10/1489 1864/11/1548 1807/12/1491
f 1865/10/1549 1807/11/1491 1864/12/1548
f 1807/10/1491 1865/11/1549 1809/12/1493
f 1866/10/1550 1809/11/1493 1865/12/1549
f 1809/10/1493 1866/11/1550 1811/12/1495
f 1841/10/1525 1811/11/1495 1866/12/1550
f 1811/10/1495 1841/11/1525 1751/12/1435
f 1813/10/1497 1815/11/1499 1723/12/1407
f 1815/10/1499 1813/11/1497 1860/12/1544
f 1816/10/1500 1814/11/1498 1724/12/1408
f 1814/10/1498 1816/11/1500 1861/12/1545
f 1815/10/1499 1817/11/1501 1725/12/1409
f 1817/10/1501 1815/11/1499 1867/12/1551
f 1818/10/1502 1816/11/1500 1726/12/1410
f 1816/10/1500 1818/11/1502 1868/12/1552
f 1817/10/1501 1819/11/1503 1727/12/1411
f 1819/10/1503 1817/11/1501 1869/12/1553
f 1820/10/1504 1818/11/1502 1728/12/1412
f 1818/10/1502 1820/11/1504 1870/12/1554
f 1821/10/1505 1819/11/1503 1871/12/1555
f 1819/10/1503 1821/11/1505 1729/12/1413
f 1730/10/1414 1872/11/1556 1820/12/1504
f 1872/10/1556 1730/11/1414 1822/12/1506
f 1823/10/1507 1821/11/1505 1873/12/1557
f 1821/10/1505 1823/11/1507 1731/12/1415
f 1732/10/1416 1874/11/1558 1822/12/1506
f 1874/10/1558 1732/11/1416 1824/12/1508
f 1825/10/1509 1823/11/1507 1875/12/1559
f 1823/10/1507 1825/11/1509 1733/12/1417
f 1734/10/1418 1876/11/1560 1824/12/1508
f 1876/10/1560 1734/11/1418 1826/12/1510
f 1827/10/1511 1875/11/1559 1877/12/1561
f 1875/10/1559 1827/11/1511 1825/12/1509
f 1878/10/1562 1827/11/1511 1877/12/1561
f 1827/10/1511 1878/11/1562 1828/12/1512
f 1879/10/1563 1828/11/1512 1878/12/1562
f 1828/10/1512 1879/11/1563 1829/12/1513
f 1880/10/1564 1829/11/1513 1879/12/1563
f 1829/10/1513 1880/11/1564 1830/12/1514
f 1881/10/1565 1830/11/1514 1880/12/1564
f 1830/10/1514 1881/11/1565 1831/12/1515
f 1882/10/1566 1831/11/1515 1881/12/1565
f 1831/10/1515 1882/11/1566 1832/12/1516
f 1883/10/1567 1832/11/1516 1882/12/1566
f 1832/10/1516 1883/11/1567 1833/12/1517
f 1884/10/1568 1833/11/1517 1883/12/1567
f 1833/10/1517 1884/11/1568 1834/12/1518
f 1885/10/1569 1834/11/1518 1884/12/1568
f 1834/10/1518 1885/11/1569 1835/12/1519
f 1886/10/1570 1835/11/1519 1885/12/1569
f 1835/10/1519 1886/11/1570 1836/12/1520
f 1837/10/1521 1886/11/1570 1887/12/1571
f 1886/10/1570 1837/11/1521 1836/12/1520
f 1838/10/1522 1887/11/1571 1888/12/1572
f 1887/10/1571 1838/11/1522 1837/12/1521
f 1839/10/1523 1888/11/1572 1889/12/1573
f 1888/10/1572 1839/11/1523 1838/12/1522
f 1840/10/1524 1889/11/1573 1890/12/1574
f 1889/10/1573 1840/11/1524 1839/12/1523
f 1826/10/1510 1890/11/1574 1876/12/1560
f 1890/10/1574 1826/11/1510 1840/12/1524
f 1891/10/1575 1842/11/1526 1841/12/1525
f 1842/10/1526 1891/11/1575 1892/12/1576
f 1892/10/1576 1843/11/1527 1842/12/1526
f 1843/10/1527 1892/11/1576 1893/12/1577
f 1893/10/1577 1844/11/1528 1843/12/1527
f 1844/10/1528 1893/11/1577 1894/12/1578
f 1894/10/1578 1845/11/1529 1844/12/1528
f 1845/10/1529 1894/11/1578 1895/12/1579
f 1895/10/1579 1846/11/1530 1845/12/1529
f 1846/10/1530 1895/11/1579 1896/12/1580
f 1896/10/1580 1847/11/1531 1846/12/1530
f 1847/10/1531 1896/11/1580 1897/12/1581
f 1897/10/1581 1848/11/1532 1847/12/1531
f 1848/10/1532 1897/11/1581 1898/12/1582
f 1898/10/1582 1849/11/1533 1848/12/1532
f 1849/10/1533 1898/11/1582 1899/12/1583
f 1849/10/1533 1900/11/1584 1850/12/1534
f 1900/10/1584 1849/11/1533 1899/12/1583
f 1850/10/1534 1901/11/1585 1851/12/1535
f 1901/10/1585 1850/11/1534 1900/12/1584
f 1851/10/1535 1902/11/1586 1852/12/1536
f 1902/10/1586 1851/11/1535 1901/12/1585
f 1852/10/1536 1903/11/1587 1853/12/1537
f 1903/10/1587 1852/11/1536 1902/12/1586
f 1853/10/1537 1904/11/1588 1854/12/1538
f 1904/10/1588 1853/11/1537 1903/12/1587
f 1854/10/1538 1905/11/1589 1855/12/1539
f 1905/10/1589 1854/11/1538 1904/12/1588
f 1855/10/1539 1906/11/1590 1856/12/1540
f 1906/10/1590 1855/11/1539 1905/12/1589
f 1856/10/1540 1907/11/1591 1857/12/1541
f 1907/10/1591 1856/11/1540 1906/12/1590
f 1857/10/1541 1908/11/1592 1858/12/1542
f 1908/10/1592 1857/11/1541 1907/12/1591
f 1859/10/1543 1908/11/1592 1867/12/1551
f 1908/10/1592 1859/11/1543 1858/12/1542
f 1860/10/1544 1867/11/1551 1815/12/1499
f 1867/10/1551 1860/11/1544 1859/12/1543
f 1868/10/1552 1861/11/1545 1816/12/1500
f 1861/10/1545 1868/11/1552 1862/12/1546
f 1909/10/1593 1862/11/1546 1868/12/1552
f 1862/10/1546 1909/11/1593 1863/12/1547
f 1910/10/1594 1863/11/1547 1909/12/1593
f 1863/10/1547 1910/11/1594 1864/12/1548
f 1911/10/1595 1864/11/1548 1910/12/1594
f 1864/10/1548 1911/11/1595 1865/12/1549
f 1912/10/1596 1865/11/1549 1911/12/1595
f 1865/10/1549 1912/11/1596 1866/12/1550
f 1891/10/1575 1866/11/1550 1912/12/1596
f 1866/10/1550 1891/11/1575 1841/12/1525
f 1867/10/1551 1869/11/1553 1817/12/1501
f 1869/10/1553 1867/11/1551 1908/12/1592
f 1870/10/1554 1868/11/1552 1818/12/1502
f 1868/10/1552 1870/11/1554 1909/12/1593
f 1913/10/1597 1819/11/1503 1869/12/1553
f 1819/10/1503 1913/11/1597 1871/12/1555
f 1872/10/1556 1870/11/1554 1820/12/1504
f 1870/10/1554 1872/11/1556 1914/12/1598
f 1873/10/1557 1871/11/1555 1915/12/1599
f 1871/10/1555 1873/11/1557 1821/12/1505
f 1822/10/1506 1916/11/1600 1872/12/1556
f 1916/10/1600 1822/11/1506 1874/12/1558
f 1875/10/1559 1873/11/1557 1917/12/1601
f 1873/10/1557 1875/11/1559 1823/12/1507
f 1824/10/1508 1918/11/1602 1874/12/1558
f 1918/10/1602 1824/11/1508 1876/12/1560
f 1877/10/1561 1917/11/1601 1919/12/1603
f 1917/10/1601 1877/11/1561 1875/12/1559
f 1919/10/1603 1878/11/1562 1877/12/1561
f 1878/10/1562 1919/11/1603 1920/12/1604
f 1920/10/1604 1879/11/1563 1878/12/1562
f 1879/10/1563 1920/11/1604 1921/12/1605
f 1921/10/1605 1880/11/1564 1879/12/1563
f 1880/10/1564 1921/11/1605 1922/12/1606
f 1922/10/1606 1881/11/1565 1880/12/1564
f 1881/10/1565 1922/11/1606 1923/12/1607
f 1923/10/1607 1882/11/1566 1881/12/1565
f 1882/10/1566 1923/11/1607 1924/12/1608
f 1925/10/1609 1882/11/1566 1924/12/1608
f 1882/10/1566 1925/11/1609 1883/12/1567
f 1926/10/1610 1883/11/1567 1925/12/1609
f 1883/10/1567 1926/11/1610 1884/12/1568
f 1927/10/1611 1884/11/1568 1926/12/1610
f 1884/10/1568 1927/11/1611 1885/12/1569
f 1928/10/1612 1885/11/1569 1927/12/1611
f 1885/10/1569 1928/11/1612 1886/12/1570
f 1887/10/1571 1928/11/1612 1929/12/1613
f 1928/10/1612 1887/11/1571 1886/12/1570
f 1888/10/1572 1929/11/1613 1930/12/1614
f 1929/10/1613 1888/11/1572 1887/12/1571
f 1889/10/1573 1930/11/1614 1931/12/1615
f 1930/10/1614 1889/11/1573 1888/12/1572
f 1890/10/1574 1931/11/1615 1932/12/1616
f 1931/10/1615 1890/11/1574 1889/12/1573
f 1876/10/1560 1932/11/1616 1918/12/1602
f 1932/10/1616 1876/11/1560 1890/12/1574
f 1933/10/1617 1892/11/1576 1891/12/1575
f 1892/10/1576 1933/11/1617 1934/12/1618
f 1934/10/1618 1893/11/1577 1892/12/1576
f 1893/10/1577 1934/11/1618 1935/12/1619
f 1935/10/1619 1894/11/1578 1893/12/1577
f 1894/10/1578 1935/11/1619 1936/12/1620
f 1936/10/1620 1895/11/1579 1894/12/1578
f 1895/10/1579 1936/11/1620 1937/12/1621
f 1937/10/1621 1896/11/1580 1895/12/1579
f 1896/10/1580 1937/11/1621 1938/12/1622
f 1938/10/1622 1897/11/1581 1896/12/1580
f 1897/10/1581 1938/11/1622 1939/12/1623
f 1939/10/1623 1898/11/1582 1897/12/1581
f 1898/10/1582 1939/11/1623 1940/12/1624
f 1940/10/1624 1899/11/1583 1898/12/1582
f 1899/10/1583 1940/11/1624 1941/12/1625
f 1899/10/1583 1942/11/1626 1900/12/1584
f 1942/10/1626 1899/11/1583 1941/12/1625
f 1900/10/1584 1943/11/1627 1901/12/1585
f 1943/10/1627 1900/11/1584 1942/12/1626
f 1901/10/1585 1944/11/1628 1902/12/1586
f 1944/10/1628 1901/11/1585 1943/12/1627
f 1902/10/1586 1945/11/1629 1903/12/1587
f 1945/10/1629 1902/11/1586 1944/12/1628
f 1903/10/1587 1946/11/1630 1904/12/1588
f 1946/10/1630 1903/11/1587 1945/12/1629
f 1904/10/1588 1947/11/1631 1905/12/1589
f 1947/10/1631 1904/11/1588 1946/12/1630
f 1905/10/1589 1948/11/1632 1906/12/1590
f 1948/10/1632 1905/11/1589 1947/12/1631
f 1906/10/1590 1913/11/1597 1907/12/1591
f 1913/10/1597 1906/11/1590 1948/12/1632
f 1907/10/1591 1869/11/1553 1908/12/1592
f 1869/10/1553 1907/11/1591 1913/12/1597
f 1914/10/1598 1909/11/1593 1870/12/1554
f 1909/10/1593 1914/11/1598 1910/12/1594
f 1949/10/1633 1910/11/1594 1914/12/1598
f 1910/10/1594 1949/11/1633 1911/12/1595
f 1950/10/1634 1911/11/1595 1949/12/1633
f 1911/10/1595 1950/11/1634 1912/12/1596
f 1933/10/1617 1912/11/1596 1950/12/1634
f 1912/10/1596 1933/11/1617 1891/12/1575
f 1948/10/1632 1871/11/1555 1913/12/1597
f 1871/10/1555 1948/11/1632 1915/12/1599
f 1916/10/1600 1914/11/1598 1872/12/1556
f 1914/10/1598 1916/11/1600 1949/12/1633
f 1917/10/1601 1915/11/1599 1951/12/1635
f 1915/10/1599 1917/11/1601 1873/12/1557
f 1874/10/1558 1952/11/1636 1916/12/1600
f 1952/10/1636 1874/11/1558 1918/12/1602
f 1919/10/1603 1951/11/1635 1953/12/1637
f 1951/10/1635 1919/11/1603 1917/12/1601
f 1954/10/1638 1919/11/1603 1953/12/1637
f 1919/10/1603 1954/11/1638 1920/12/1604
f 1954/10/1638 1921/11/1605 1920/12/1604
f 1921/10/1605 1954/11/1638 1955/12/1639
f 1955/10/1639 1922/11/1606 1921/12/1605
f 1922/10/1606 1955/11/1639 1956/12/1640
f 1956/10/1640 1923/11/1607 1922/12/1606
f 1923/10/1607 1956/11/1640 1957/12/1641
f 1957/10/1641 1924/11/1608 1923/12/1607
f 1924/10/1608 1957/11/1641 1958/12/1642
f 1959/10/1643 1924/11/1608 1958/12/1642
f 1924/10/1608 1959/11/1643 1925/12/1609
f 1960/10/1644 1925/11/1609 1959/12/1643
f 1925/10/1609 1960/11/1644 1926/12/1610
f 1961/10/1645 1926/11/1610 1960/12/1644
f 1926/10/1610 1961/11/1645 1927/12/1611
f 1962/10/1646 1927/11/1611 1961/12/1645
f 1927/10/1611 1962/11/1646 1928/12/1612
f 1929/10/1613 1962/11/1646 1963/12/1647
f 1962/10/1646 1929/11/1613 1928/12/1612
f 1930/10/1614 1963/11/1647 1964/12/1648
f 1963/10/1647 1930/11/1614 1929/12/1613
f 1931/10/1615 1964/11/1648 1965/12/1649
f 1964/10/1648 1931/11/1615 1930/12/1614
f 1932/10/1616 1965/11/1649 1966/12/1650
f 1965/10/1649 1932/11/1616 1931/12/1615
f 1918/10/1602 1966/11/1650 1952/12/1636
f 1966/10/1650 1918/11/1602 1932/12/1616
f 1966/10/1650 1934/11/1618 1933/12/1617
f 1934/10/1618 1966/11/1650 1965/12/1649
f 1965/10/1649 1935/11/1619 1934/12/1618
f 1935/10/1619 1965/11/1649 1964/12/1648
f 1964/10/1648 1936/11/1620 1935/12/1619
f 1936/10/1620 1964/11/1648 1963/12/1647
f 1963/10/1647 1937/11/1621 1936/12/1620
f 1937/10/1621 1963/11/1647 1962/12/1646
f 1962/10/1646 1938/11/1622 1937/12/1621
f 1938/10/1622 1962/11/1646 1961/12/1645
f 1961/10/1645 1939/11/1623 1938/12/1622
f 1939/10/1623 1961/11/1645 1960/12/1644
f 1960/10/1644 1940/11/1624 1939/12/1623
f 1940/10/1624 1960/11/1644 1959/12/1643
f 1959/10/1643 1941/11/1625 1940/12/1624
f 1941/10/1625 1959/11/1643 1958/12/1642
f 1941/10/1625 1957/11/1641 1942/12/1626
f 1957/10/1641 1941/11/1625 1958/12/1642
f 1942/10/1626 1956/11/1640 1943/12/1627
f 1956/10/1640 1942/11/1626 1957/12/1641
f 1943/10/1627 1955/11/1639 1944/12/1628
f 1955/10/1639 1943/11/1627 1956/12/1640
f 1944/10/1628 1954/11/1638 1945/12/1629
f 1954/10/1638 1944/11/1628 1955/12/1639
f 1945/10/1629 1953/11/1637 1946/12/1630
f 1953/10/1637 1945/11/1629 1954/12/1638
f 1946/10/1630 1951/11/1635 1947/12/1631
f 1951/10/1635 1946/11/1630 1953/12/1637
f 1947/10/1631 1915/11/1599 1948/12/1632
f 1915/10/1599 1947/11/1631 1951/12/1635
f 1952/10/1636 1949/11/1633 1916/12/1600
f 1949/10/1633 1952/11/1636 1950/12/1634
f 1966/10/1650 1950/11/1634 1952/12/1636
f 1950/10/1634 1966/11/1650 1933/12/1617
f 1967/10/1651 1968/11/1651 1969/12/1651
f 1968/10/1651 1967/11/1651 1970/12/1651
f 1970/10/1651 1967/11/1651 1971/12/1651
f 1970/10/1651 1971/11/1651 1972/12/1651
f 1972/10/1651 1971/11/1651 1973/12/1651
f 1972/10/1651 1973/11/1651 1974/12/1651
f 1974/10/1651 1973/11/1651 1975/12/1651
f 1974/10/1651 1975/11/1651 1976/12/1651
f 1976/10/1651 1975/11/1651 1977/12/1651
f 1976/10/1651 1977/11/1651 1978/12/1651
f 1978/10/1651 1977/11/1651 1979/12/1651
f 1978/10/1651 1979/11/1651 1980/12/1651
f 1980/10/1651 1979/11/1651 1981/12/1651
f 1980/10/1651 1981/11/1651 1982/12/1651
f 1982/10/1651 1981/11/1651 1983/12/1651
f 1982/10/1651 1983/11/1651 1984/12/1651
f 1984/10/1651 1983/11/1651 1985/12/1651
f 1984/10/1651 1985/11/1651 1986/12/1651
f 1986/10/1651 1985/11/1651 1987/12/1651
f 1986/10/1651 1987/11/1651 1988/12/1651
f 1988/10/1651 1987/11/1651 1989/12/1651
f 1988/10/1651 1989/11/1651 1990/12/1651
f 1990/10/1651 1989/11/1651 1991/12/1651
f 1990/10/1651 1991/11/1651 1992/12/1651
f 1992/10/1651 1991/11/1651 1993/12/1651
f 1992/10/1651 1993/11/1651 1994/12/1651
f 1994/10/1651 1993/11/1651 1995/12/1651
f 1994/10/1651 1995/11/1651 1996/12/1651
f 1996/10/1651 1995/11/1651 1997/12/1651
f 1996/10/1651 1997/11/1651 1998/12/1651
f 1998/10/1651 1997/11/1651 1999/12/1651
f 1998/10/1651 1999/11/1651 2000/12/1651
f 2000/10/1651 1999/11/1651 2001/12/1651
f 2000/10/1651 2001/11/1651 2002/12/1651
f 2003/10/926 2004/11/926 2005/12/926
f 2004/10/926 2003/11/926 2006/12/926
f 2004/10/926 2006/11/926 2007/12/926
f 2007/10/926 2006/11/926 2008/12/926
f 2007/10/926 2008/11/926 2009/12/926
f 2009/10/926 2008/11/926 2010/12/926
f 2009/10/926 2010/11/926 2011/12/926
f 2011/10/926 2010/11/926 2012/12/926
f 2011/10/926 2012/11/926 2013/12/926
f 2013/10/926 2012/11/926 2014/12/926
f 2013/10/926 2014/11/926 2015/12/926
f 2015/10/926 2014/11/926 2016/12/926
f 2015/10/926 2016/11/926 2017/12/926
f 2017/10/926 2016/11/926 2018/12/926
f 2017/10/926 2018/11/926 2019/12/926
f 2019/10/926 2018/11/926 2020/12/926
f 2019/10/926 2020/11/926 2021/12/926
f 2021/10/926 2020/11/926 2022/12/926
f 2021/10/926 2022/11/926 2023/12/926
f 2023/10/926 2022/11/926 2024/12/926
f 2023/10/926 2024/11/926 2025/12/926
f 2025/10/926 2024/11/926 2026/12/926
f 2025/10/926 2026/11/926 2027/12/926
f 2027/10/926 2026/11/926 2028/12/926
f 2027/10/926 2028/11/926 2029/12/926
f 2029/10/926 2028/11/926 2030/12/926
f 2029/10/926 2030/11/926 2031/12/926
f 2031/10/926 2030/11/926 2032/12/926
f 2031/10/926 2032/11/926 2033/12/926
f 2033/10/926 2032/11/926 2034/12/926
f 2033/10/926 2034/11/926 2035/12/926
f 2035/10/926 2034/11/926 2036/12/926
f 2035/10/926 2036/11/926 2037/12/926
f 2037/10/926 2036/11/926 2038/12/926
f 2039/10/1652 2040/11/1653 2041/12/1654
f 2042/10/1655 2041/11/1654 2040/12/1653
f 2042/10/1655 2040/11/1653 2043/12/1656
f 2044/10/1657 2043/11/1656 2040/12/1653
f 2045/10/1658 2046/11/1659 2039/12/1652
f 2040/10/1653 2039/11/1652 2046/12/1659
f 2047/10/1660 2039/11/1652 2048/12/1661
f 2041/10/1654 2048/11/1661 2039/12/1652
f 2041/10/1654 2042/11/1655 2049/12/1662
f 2050/10/1663 2049/11/1662 2042/12/1655
f 2043/10/1656 2044/11/1657 2051/12/1664
f 2052/10/1665 2051/11/1664 2044/12/1657
f 2040/10/1653 2046/11/1659 2044/12/1657
f 2053/10/1666 2044/11/1657 2046/12/1659
f 2050/10/1663 2042/11/1655 2054/12/1667
f 2043/10/1656 2054/11/1667 2042/12/1655
f 2055/10/1668 2056/11/1669 2045/12/1658
f 2046/10/1659 2045/11/1658 2056/12/1669
f 2057/10/1670 2045/11/1658 2047/12/1660
f 2039/10/1652 2047/11/1660 2045/12/1658
f 2058/10/1671 2047/11/1660 2059/12/1672
f 2048/10/1661 2059/11/1672 2047/12/1660
f 2048/10/1661 2041/11/1654 2060/12/1673
f 2049/10/1662 2060/11/1673 2041/12/1654
f 2061/10/1674 2049/11/1662 2062/12/1675
f 2050/10/1663 2062/11/1675 2049/12/1662
f 2063/10/1676 2051/11/1664 2064/12/1677
f 2052/10/1665 2064/11/1677 2051/12/1664
f 2044/10/1657 2053/11/1666 2052/12/1665
f 2065/10/1678 2052/11/1665 2053/12/1666
f 2054/10/1667 2043/11/1656 2066/12/1679
f 2051/10/1664 2066/11/1679 2043/12/1656
f 2046/10/1659 2056/11/1669 2053/12/1666
f 2067/10/1680 2053/11/1666 2056/12/1669
f 2062/10/1675 2050/11/1663 2068/12/1681
f 2054/10/1667 2068/11/1681 2050/12/1663
f 2069/10/1682 2070/11/1683 2055/12/1668
f 2056/10/1669 2055/11/1668 2070/12/1683
f 2071/10/1684 2055/11/1668 2057/12/1670
f 2045/10/1658 2057/11/1670 2055/12/1668
f 2072/10/1685 2057/11/1670 2058/12/1671
f 2047/10/1660 2058/11/1671 2057/12/1670
f 2073/10/1686 2058/11/1671 2074/12/1687
f 2059/10/1672 2074/11/1687 2058/12/1671
f 2059/10/1672 2048/11/1661 2075/12/1688
f 2060/10/1673 2075/11/1688 2048/12/1661
f 2076/10/1689 2060/11/1673 2061/12/1674
f 2049/10/1662 2061/11/1674 2060/12/1673
f 2077/10/1690 2061/11/1674 2078/12/1691
f 2062/10/1675 2078/11/1691 2061/12/1674
f 2079/10/1692 2063/11/1676 2080/12/1693
f 2064/10/1677 2080/11/1693 2063/12/1676
f 2052/10/1665 2065/11/1678 2064/12/1677
f 2081/10/1694 2064/11/1677 2065/12/1678
f 2066/10/1679 2051/11/1664 2082/12/1695
f 2063/10/1676 2082/11/1695 2051/12/1664
f 2053/10/1666 2067/11/1680 2065/12/1678
f 2083/10/1696 2065/11/1678 2067/12/1680
f 2068/10/1681 2054/11/1667 2084/12/1697
f 2066/10/1679 2084/11/1697 2054/12/1667
f 2070/10/1683 2085/11/1698 2056/12/1669
f 2067/10/1680 2056/11/1669 2085/12/1698
f 2086/10/1699 2078/11/1691 2068/12/1681
f 2062/10/1675 2068/11/1681 2078/12/1691
f 2087/10/1700 2088/11/1701 2069/12/1682
f 2070/10/1683 2069/11/1682 2088/12/1701
f 2089/10/1702 2069/11/1682 2071/12/1684
f 2055/10/1668 2071/11/1684 2069/12/1682
f 2090/10/1703 2071/11/1684 2072/12/1685
f 2057/10/1670 2072/11/1685 2071/12/1684
f 2091/10/1704 2072/11/1685 2073/12/1686
f 2058/10/1671 2073/11/1686 2072/12/1685
f 2092/10/1705 2073/11/1686 2093/12/1706
f 2074/10/1687 2093/11/1706 2073/12/1686
f 2074/10/1687 2059/11/1672 2094/12/1707
f 2075/10/1688 2094/11/1707 2059/12/1672
f 2095/10/1708 2075/11/1688 2076/12/1689
f 2060/10/1673 2076/11/1689 2075/12/1688
f 2096/10/1709 2076/11/1689 2077/12/1690
f 2061/10/1674 2077/11/1690 2076/12/1689
f 2097/10/1710 2077/11/1690 2098/12/1711
f 2078/10/1691 2098/11/1711 2077/12/1690
f 2099/10/1712 2079/11/1692 2100/12/1713
f 2080/10/1693 2100/11/1713 2079/12/1692
f 2080/10/1693 2064/11/1677 2101/12/1714
f 2081/10/1694 2101/11/1714 2064/12/1677
f 2102/10/1715 2082/11/1695 2079/12/1692
f 2063/10/1676 2079/11/1692 2082/12/1695
f 2065/10/1678 2083/11/1696 2081/12/1694
f 2103/10/1716 2081/11/1694 2083/12/1696
f 2084/10/1697 2066/11/1679 2104/12/1717
f 2082/10/1695 2104/11/1717 2066/12/1679
f 2067/10/1680 2085/11/1698 2083/12/1696
f 2105/10/1718 2083/11/1696 2085/12/1698
f 2106/10/1719 2086/11/1699 2084/12/1697
f 2068/10/1681 2084/11/1697 2086/12/1699
f 2070/10/1683 2088/11/1701 2085/12/1698
f 2107/10/1720 2085/11/1698 2088/12/1701
f 2108/10/1721 2098/11/1711 2086/12/1699
f 2078/10/1691 2086/11/1699 2098/12/1711
f 2109/10/1722 2110/11/1723 2087/12/1700
f 2088/10/1701 2087/11/1700 2110/12/1723
f 2111/10/1724 2087/11/1700 2089/12/1702
f 2069/10/1682 2089/11/1702 2087/12/1700
f 2112/10/1725 2089/11/1702 2090/12/1703
f 2071/10/1684 2090/11/1703 2089/12/1702
f 2113/10/1726 2090/11/1703 2091/12/1704
f 2072/10/1685 2091/11/1704 2090/12/1703
f 2114/10/1727 2091/11/1704 2092/12/1705
f 2073/10/1686 2092/11/1705 2091/12/1704
f 2093/10/1706 2074/11/1687 2115/12/1728
f 2094/10/1707 2115/11/1728 2074/12/1687
f 2116/10/1729 2094/11/1707 2095/12/1708
f 2075/10/1688 2095/11/1708 2094/12/1707
f 2117/10/1730 2095/11/1708 2096/12/1709
f 2076/10/1689 2096/11/1709 2095/12/1708
f 2118/10/1731 2096/11/1709 2097/12/1710
f 2077/10/1690 2097/11/1710 2096/12/1709
f 2119/10/1732 2097/11/1710 2120/12/1733
f 2098/10/1711 2120/11/1733 2097/12/1710
f 2121/10/1734 2122/11/1735 2100/12/1713
f 2099/10/1712 2100/11/1713 2122/12/1735
f 2100/10/1713 2080/11/1693 2123/12/1736
f 2101/10/1714 2123/11/1736 2080/12/1693
f 2124/10/1737 2102/11/1715 2099/12/1712
f 2079/10/1692 2099/11/1712 2102/12/1715
f 2101/10/1714 2081/11/1694 2125/12/1738
f 2103/10/1716 2125/11/1738 2081/12/1694
f 2126/10/1739 2104/11/1717 2102/12/1715
f 2082/10/1695 2102/11/1715 2104/12/1717
f 2083/10/1696 2105/11/1718 2103/12/1716
f 2127/10/1740 2103/11/1716 2105/12/1718
f 2128/10/1741 2106/11/1719 2104/12/1717
f 2084/10/1697 2104/11/1717 2106/12/1719
f 2085/10/1698 2107/11/1720 2105/12/1718
f 2129/10/1742 2105/11/1718 2107/12/1720
f 2130/10/1743 2108/11/1721 2106/12/1719
f 2086/10/1699 2106/11/1719 2108/12/1721
f 2088/10/1701 2110/11/1723 2107/12/1720
f 2131/10/1744 2107/11/1720 2110/12/1723
f 2132/10/1745 2120/11/1733 2108/12/1721
f 2098/10/1711 2108/11/1721 2120/12/1733
f 2133/10/1746 2134/11/1747 2109/12/1722
f 2110/10/1723 2109/11/1722 2134/12/1747
f 2135/10/1748 2109/11/1722 2111/12/1724
f 2087/10/1700 2111/11/1724 2109/12/1722
f 2136/10/1749 2111/11/1724 2112/12/1725
f 2089/10/1702 2112/11/1725 2111/12/1724
f 2137/10/1750 2112/11/1725 2113/12/1726
f 2090/10/1703 2113/11/1726 2112/12/1725
f 2138/10/1751 2113/11/1726 2114/12/1727
f 2091/10/1704 2114/11/1727 2113/12/1726
f 2139/10/1752 2140/11/1753 2141/12/1754
f 2142/10/1755 2141/11/1754 2140/12/1753
f 2143/10/1756 2139/11/1752 2144/12/1757
f 2141/10/1754 2144/11/1757 2139/12/1752
f 2145/10/1758 2143/11/1756 2146/12/1759
f 2144/10/1757 2146/11/1759 2143/12/1756
f 2147/10/1760 2145/11/1758 2148/12/1761
f 2146/10/1759 2148/11/1761 2145/12/1758
f 2149/10/1762 2147/11/1760 2150/12/1763
f 2148/10/1761 2150/11/1763 2147/12/1760
f 2151/10/1764 2149/11/1762 2152/12/1765
f 2150/10/1763 2152/11/1765 2149/12/1762
f 2153/10/1766 2151/11/1764 2154/12/1767
f 2152/10/1765 2154/11/1767 2151/12/1764
f 2155/10/1768 2153/11/1766 2156/12/1769
f 2154/10/1767 2156/11/1769 2153/12/1766
f 2157/10/1770 2155/11/1768 2158/12/1771
f 2156/10/1769 2158/11/1771 2155/12/1768
f 2157/10/1770 2158/11/1771 2159/12/1772
f 2160/10/1773 2159/11/1772 2158/12/1771
f 2159/10/1772 2160/11/1773 2161/12/1774
f 2162/10/1775 2161/11/1774 2160/12/1773
f 2161/10/1774 2162/11/1775 2163/12/1776
f 2164/10/1777 2163/11/1776 2162/12/1775
f 2163/10/1776 2164/11/1777 2165/12/1778
f 2166/10/1779 2165/11/1778 2164/12/1777
f 2165/10/1778 2166/11/1779 2167/12/1780
f 2168/10/1781 2167/11/1780 2166/12/1779
f 2167/10/1780 2168/11/1781 2169/12/1782
f 2170/10/1783 2169/11/1782 2168/12/1781
f 2169/10/1782 2170/11/1783 2171/12/1784
f 2172/10/1785 2171/11/1784 2170/12/1783
f 2171/10/1784 2172/11/1785 2173/12/1786
f 2174/10/1787 2173/11/1786 2172/12/1785
f 2174/10/1787 2175/11/1788 2173/12/1786
f 2176/10/1789 2173/11/1786 2175/12/1788
f 2175/10/1788 2177/11/1790 2176/12/1789
f 2178/10/1791 2176/11/1789 2177/12/1790
f 2177/10/1790 2179/11/1792 2178/12/1791
f 2180/10/1793 2178/11/1791 2179/12/1792
f 2179/10/1792 2181/11/1794 2180/12/1793
f 2182/10/1795 2180/11/1793 2181/12/1794
f 2181/10/1794 2183/11/1796 2182/12/1795
f 2184/10/1797 2182/11/1795 2183/12/1796
f 2183/10/1796 2185/11/1798 2184/12/1797
f 2186/10/1799 2184/11/1797 2185/12/1798
f 2185/10/1798 2187/11/1800 2186/12/1799
f 2188/10/1801 2186/11/1799 2187/12/1800
f 2187/10/1800 2189/11/1802 2188/12/1801
f 2190/10/1803 2188/11/1801 2189/12/1802
f 2189/10/1802 2191/11/1804 2190/12/1803
f 2116/10/1729 2190/11/1803 2191/12/1804
f 2191/10/1804 2115/11/1728 2116/12/1729
f 2094/10/1707 2116/11/1729 2115/12/1728
f 2192/10/1805 2137/11/1750 2138/12/1751
f 2113/10/1726 2138/11/1751 2137/12/1750
f 2193/10/1806 2194/11/1807 2192/12/1805
f 2137/10/1750 2192/11/1805 2194/12/1807
f 2195/10/1808 2196/11/1809 2193/12/1806
f 2194/10/1807 2193/11/1806 2196/12/1809
f 2197/10/1810 2198/11/1811 2195/12/1808
f 2196/10/1809 2195/11/1808 2198/12/1811
f 2142/10/1755 2140/11/1753 2197/12/1810
f 2198/10/1811 2197/11/1810 2140/12/1753
f 2190/10/1803 2116/11/1729 2117/12/1730
f 2095/10/1708 2117/11/1730 2116/12/1729
f 2199/10/1812 2117/11/1730 2118/12/1731
f 2096/10/1709 2118/11/1731 2117/12/1730
f 2200/10/1813 2118/11/1731 2119/12/1732
f 2097/10/1710 2119/11/1732 2118/12/1731
f 2201/10/1814 2119/11/1732 2202/12/1815
f 2120/10/1733 2202/11/1815 2119/12/1732
f 2203/10/1816 2204/11/1817 2121/12/1734
f 2122/10/1735 2121/11/1734 2204/12/1817
f 2205/10/1818 2121/11/1734 2123/12/1736
f 2100/10/1713 2123/11/1736 2121/12/1734
f 2122/10/1735 2206/11/1819 2099/12/1712
f 2124/10/1737 2099/11/1712 2206/12/1819
f 2123/10/1736 2101/11/1714 2207/12/1820
f 2125/10/1738 2207/11/1820 2101/12/1714
f 2208/10/1821 2126/11/1739 2124/12/1737
f 2102/10/1715 2124/11/1737 2126/12/1739
f 2103/10/1716 2127/11/1740 2125/12/1738
f 2209/10/1822 2125/11/1738 2127/12/1740
f 2128/10/1741 2104/11/1717 2210/12/1823
f 2126/10/1739 2210/11/1823 2104/12/1717
f 2105/10/1718 2129/11/1742 2127/12/1740
f 2211/10/1824 2127/11/1740 2129/12/1742
f 2212/10/1825 2130/11/1743 2128/12/1741
f 2106/10/1719 2128/11/1741 2130/12/1743
f 2107/10/1720 2131/11/1744 2129/12/1742
f 2213/10/1826 2129/11/1742 2131/12/1744
f 2214/10/1827 2132/11/1745 2130/12/1743
f 2108/10/1721 2130/11/1743 2132/12/1745
f 2110/10/1723 2134/11/1747 2131/12/1744
f 2215/10/1828 2131/11/1744 2134/12/1747
f 2202/10/1815 2120/11/1733 2216/12/1829
f 2132/10/1745 2216/11/1829 2120/12/1733
f 2217/10/1830 2218/11/1831 2133/12/1746
f 2134/10/1747 2133/11/1746 2218/12/1831
f 2219/10/1832 2133/11/1746 2135/12/1748
f 2109/10/1722 2135/11/1748 2133/12/1746
f 2220/10/1833 2135/11/1748 2136/12/1749
f 2111/10/1724 2136/11/1749 2135/12/1748
f 2194/10/1807 2136/11/1749 2137/12/1750
f 2112/10/1725 2137/11/1750 2136/12/1749
f 2221/10/1834 2222/11/1835 2139/12/1752
f 2140/10/1753 2139/11/1752 2222/12/1835
f 2223/10/1836 2221/11/1834 2143/12/1756
f 2139/10/1752 2143/11/1756 2221/12/1834
f 2224/10/1837 2223/11/1836 2145/12/1758
f 2143/10/1756 2145/11/1758 2223/12/1836
f 2225/10/1838 2224/11/1837 2147/12/1760
f 2145/10/1758 2147/11/1760 2224/12/1837
f 2226/10/1839 2225/11/1838 2149/12/1762
f 2147/10/1760 2149/11/1762 2225/12/1838
f 2227/10/1840 2226/11/1839 2151/12/1764
f 2149/10/1762 2151/11/1764 2226/12/1839
f 2228/10/1841 2227/11/1840 2153/12/1766
f 2151/10/1764 2153/11/1766 2227/12/1840
f 2229/10/1842 2228/11/1841 2155/12/1768
f 2153/10/1766 2155/11/1768 2228/12/1841
f 2230/10/1843 2229/11/1842 2157/12/1770
f 2155/10/1768 2157/11/1770 2229/12/1842
f 2230/10/1843 2157/11/1770 2231/12/1844
f 2159/10/1772 2231/11/1844 2157/12/1770
f 2231/10/1844 2159/11/1772 2232/12/1845
f 2161/10/1774 2232/11/1845 2159/12/1772
f 2232/10/1845 2161/11/1774 2233/12/1846
f 2163/10/1776 2233/11/1846 2161/12/1774
f 2233/10/1846 2163/11/1776 2234/12/1847
f 2165/10/1778 2234/11/1847 2163/12/1776
f 2234/10/1847 2165/11/1778 2235/12/1848
f 2167/10/1780 2235/11/1848 2165/12/1778
f 2235/10/1848 2167/11/1780 2236/12/1849
f 2169/10/1782 2236/11/1849 2167/12/1780
f 2236/10/1849 2169/11/1782 2237/12/1850
f 2171/10/1784 2237/11/1850 2169/12/1782
f 2237/10/1850 2171/11/1784 2238/12/1851
f 2173/10/1786 2238/11/1851 2171/12/1784
f 2173/10/1786 2176/11/1789 2238/12/1851
f 2239/10/1852 2238/11/1851 2176/12/1789
f 2176/10/1789 2178/11/1791 2239/12/1852
f 2240/10/1853 2239/11/1852 2178/12/1791
f 2178/10/1791 2180/11/1793 2240/12/1853
f 2241/10/1854 2240/11/1853 2180/12/1793
f 2180/10/1793 2182/11/1795 2241/12/1854
f 2242/10/1855 2241/11/1854 2182/12/1795
f 2182/10/1795 2184/11/1797 2242/12/1855
f 2243/10/1856 2242/11/1855 2184/12/1797
f 2184/10/1797 2186/11/1799 2243/12/1856
f 2244/10/1857 2243/11/1856 2186/12/1799
f 2186/10/1799 2188/11/1801 2244/12/1857
f 2199/10/1812 2244/11/1857 2188/12/1801
f 2188/10/1801 2190/11/1803 2199/12/1812
f 2117/10/1730 2199/11/1812 2190/12/1803
f 2196/10/1809 2220/11/1833 2194/12/1807
f 2136/10/1749 2194/11/1807 2220/12/1833
f 2198/10/1811 2245/11/1858 2196/12/1809
f 2220/10/1833 2196/11/1809 2245/12/1858
f 2140/10/1753 2222/11/1835 2198/12/1811
f 2245/10/1858 2198/11/1811 2222/12/1835
f 2244/10/1857 2199/11/1812 2200/12/1813
f 2118/10/1731 2200/11/1813 2199/12/1812
f 2246/10/1859 2200/11/1813 2201/12/1814
f 2119/10/1732 2201/11/1814 2200/12/1813
f 2247/10/1860 2201/11/1814 2248/12/1861
f 2202/10/1815 2248/11/1861 2201/12/1814
f 2249/10/1862 2250/11/1863 2203/12/1816
f 2204/10/1817 2203/11/1816 2250/12/1863
f 2251/10/1864 2203/11/1816 2205/12/1818
f 2121/10/1734 2205/11/1818 2203/12/1816
f 2204/10/1817 2252/11/1865 2122/12/1735
f 2206/10/1819 2122/11/1735 2252/12/1865
f 2253/10/1866 2205/11/1818 2207/12/1820
f 2123/10/1736 2207/11/1820 2205/12/1818
f 2254/10/1867 2208/11/1821 2206/12/1819
f 2124/10/1737 2206/11/1819 2208/12/1821
f 2255/10/1868 2207/11/1820 2209/12/1822
f 2125/10/1738 2209/11/1822 2207/12/1820
f 2210/10/1823 2126/11/1739 2256/12/1869
f 2208/10/1821 2256/11/1869 2126/12/1739
f 2127/10/1740 2211/11/1824 2209/12/1822
f 2257/10/1870 2209/11/1822 2211/12/1824
f 2212/10/1825 2128/11/1741 2258/12/1871
f 2210/10/1823 2258/11/1871 2128/12/1741
f 2129/10/1742 2213/11/1826 2211/12/1824
f 2259/10/1872 2211/11/1824 2213/12/1826
f 2260/10/1873 2214/11/1827 2212/12/1825
f 2130/10/1743 2212/11/1825 2214/12/1827
f 2131/10/1744 2215/11/1828 2213/12/1826
f 2261/10/1874 2213/11/1826 2215/12/1828
f 2262/10/1875 2216/11/1829 2214/12/1827
f 2132/10/1745 2214/11/1827 2216/12/1829
f 2134/10/1747 2218/11/1831 2215/12/1828
f 2263/10/1876 2215/11/1828 2218/12/1831
f 2248/10/1861 2202/11/1815 2264/12/1877
f 2216/10/1829 2264/11/1877 2202/12/1815
f 2265/10/1878 2218/11/1831 2266/12/1879
f 2217/10/1830 2266/11/1879 2218/12/1831
f 2267/10/1880 2217/11/1830 2219/12/1832
f 2133/10/1746 2219/11/1832 2217/12/1830
f 2245/10/1858 2219/11/1832 2220/12/1833
f 2135/10/1748 2220/11/1833 2219/12/1832
f 2268/10/1881 2267/11/1880 2221/12/1834
f 2222/10/1835 2221/11/1834 2267/12/1880
f 2269/10/1882 2268/11/1881 2223/12/1836
f 2221/10/1834 2223/11/1836 2268/12/1881
f 2270/10/1883 2269/11/1882 2224/12/1837
f 2223/10/1836 2224/11/1837 2269/12/1882
f 2271/10/1884 2270/11/1883 2225/12/1838
f 2224/10/1837 2225/11/1838 2270/12/1883
f 2272/10/1885 2271/11/1884 2226/12/1839
f 2225/10/1838 2226/11/1839 2271/12/1884
f 2273/10/1886 2272/11/1885 2227/12/1840
f 2226/10/1839 2227/11/1840 2272/12/1885
f 2274/10/1887 2273/11/1886 2228/12/1841
f 2227/10/1840 2228/11/1841 2273/12/1886
f 2275/10/1888 2274/11/1887 2229/12/1842
f 2228/10/1841 2229/11/1842 2274/12/1887
f 2276/10/1889 2275/11/1888 2230/12/1843
f 2229/10/1842 2230/11/1843 2275/12/1888
f 2276/10/1889 2230/11/1843 2277/12/1890
f 2231/10/1844 2277/11/1890 2230/12/1843
f 2277/10/1890 2231/11/1844 2278/12/1891
f 2232/10/1845 2278/11/1891 2231/12/1844
f 2278/10/1891 2232/11/1845 2279/12/1892
f 2233/10/1846 2279/11/1892 2232/12/1845
f 2279/10/1892 2233/11/1846 2280/12/1893
f 2234/10/1847 2280/11/1893 2233/12/1846
f 2280/10/1893 2234/11/1847 2281/12/1894
f 2235/10/1848 2281/11/1894 2234/12/1847
f 2281/10/1894 2235/11/1848 2282/12/1895
f 2236/10/1849 2282/11/1895 2235/12/1848
f 2282/10/1895 2236/11/1849 2283/12/1896
f 2237/10/1850 2283/11/1896 2236/12/1849
f 2283/10/1896 2237/11/1850 2284/12/1897
f 2238/10/1851 2284/11/1897 2237/12/1850
f 2238/10/1851 2239/11/1852 2284/12/1897
f 2285/10/1898 2284/11/1897 2239/12/1852
f 2239/10/1852 2240/11/1853 2285/12/1898
f 2286/10/1899 2285/11/1898 2240/12/1853
f 2240/10/1853 2241/11/1854 2286/12/1899
f 2287/10/1900 2286/11/1899 2241/12/1854
f 2241/10/1854 2242/11/1855 2287/12/1900
f 2288/10/1901 2287/11/1900 2242/12/1855
f 2242/10/1855 2243/11/1856 2288/12/1901
f 2246/10/1859 2288/11/1901 2243/12/1856
f 2243/10/1856 2244/11/1857 2246/12/1859
f 2200/10/1813 2246/11/1859 2244/12/1857
f 2222/10/1835 2267/11/1880 2245/12/1858
f 2219/10/1832 2245/11/1858 2267/12/1880
f 2288/10/1901 2246/11/1859 2247/12/1860
f 2201/10/1814 2247/11/1860 2246/12/1859
f 2289/10/1902 2247/11/1860 2290/12/1903
f 2248/10/1861 2290/11/1903 2247/12/1860
f 2291/10/1904 2292/11/1905 2249/12/1862
f 2250/10/1863 2249/11/1862 2292/12/1905
f 2293/10/1906 2249/11/1862 2251/12/1864
f 2203/10/1816 2251/11/1864 2249/12/1862
f 2250/10/1863 2294/11/1907 2204/12/1817
f 2252/10/1865 2204/11/1817 2294/12/1907
f 2295/10/1908 2251/11/1864 2253/12/1866
f 2205/10/1818 2253/11/1866 2251/12/1864
f 2296/10/1909 2254/11/1867 2252/12/1865
f 2206/10/1819 2252/11/1865 2254/12/1867
f 2297/10/1910 2253/11/1866 2255/12/1868
f 2207/10/1820 2255/11/1868 2253/12/1866
f 2298/10/1911 2256/11/1869 2254/12/1867
f 2208/10/1821 2254/11/1867 2256/12/1869
f 2209/10/1822 2257/11/1870 2255/12/1868
f 2299/10/1912 2255/11/1868 2257/12/1870
f 2258/10/1871 2210/11/1823 2300/12/1913
f 2256/10/1869 2300/11/1913 2210/12/1823
f 2211/10/1824 2259/11/1872 2257/12/1870
f 2301/10/1914 2257/11/1870 2259/12/1872
f 2260/10/1873 2212/11/1825 2302/12/1915
f 2258/10/1871 2302/11/1915 2212/12/1825
f 2213/10/1826 2261/11/1874 2259/12/1872
f 2303/10/1916 2259/11/1872 2261/12/1874
f 2262/10/1875 2214/11/1827 2304/12/1917
f 2260/10/1873 2304/11/1917 2214/12/1827
f 2215/10/1828 2263/11/1876 2261/12/1874
f 2305/10/1918 2261/11/1874 2263/12/1876
f 2264/10/1877 2216/11/1829 2306/12/1919
f 2262/10/1875 2306/11/1919 2216/12/1829
f 2218/10/1831 2265/11/1878 2263/12/1876
f 2307/10/1920 2263/11/1876 2265/12/1878
f 2290/10/1903 2248/11/1861 2308/12/1921
f 2264/10/1877 2308/11/1921 2248/12/1861
f 2309/10/1922 2265/11/1878 2310/12/1923
f 2266/10/1879 2310/11/1923 2265/12/1878
f 2266/10/1879 2217/11/1830 2268/12/1881
f 2267/10/1880 2268/11/1881 2217/12/1830
f 2310/10/1923 2266/11/1879 2269/12/1882
f 2268/10/1881 2269/11/1882 2266/12/1879
f 2311/10/1924 2310/11/1923 2270/12/1883
f 2269/10/1882 2270/11/1883 2310/12/1923
f 2312/10/1925 2311/11/1924 2271/12/1884
f 2270/10/1883 2271/11/1884 2311/12/1924
f 2313/10/1926 2312/11/1925 2272/12/1885
f 2271/10/1884 2272/11/1885 2312/12/1925
f 2314/10/1927 2313/11/1926 2273/12/1886
f 2272/10/1885 2273/11/1886 2313/12/1926
f 2315/10/1928 2314/11/1927 2274/12/1887
f 2273/10/1886 2274/11/1887 2314/12/1927
f 2316/10/1929 2315/11/1928 2275/12/1888
f 2274/10/1887 2275/11/1888 2315/12/1928
f 2317/10/1930 2316/11/1929 2276/12/1889
f 2275/10/1888 2276/11/1889 2316/12/1929
f 2317/10/1930 2276/11/1889 2318/12/1931
f 2277/10/1890 2318/11/1931 2276/12/1889
f 2318/10/1931 2277/11/1890 2319/12/1932
f 2278/10/1891 2319/11/1932 2277/12/1890
f 2319/10/1932 2278/11/1891 2320/12/1933
f 2279/10/1892 2320/11/1933 2278/12/1891
f 2320/10/1933 2279/11/1892 2321/12/1934
f 2280/10/1893 2321/11/1934 2279/12/1892
f 2321/10/1934 2280/11/1893 2322/12/1935
f 2281/10/1894 2322/11/1935 2280/12/1893
f 2322/10/1935 2281/11/1894 2323/12/1936
f 2282/10/1895 2323/11/1936 2281/12/1894
f 2323/10/1936 2282/11/1895 2324/12/1937
f 2283/10/1896 2324/11/1937 2282/12/1895
f 2324/10/1937 2283/11/1896 2325/12/1938
f 2284/10/1897 2325/11/1938 2283/12/1896
f 2284/10/1897 2285/11/1898 2325/12/1938
f 2326/10/1939 2325/11/1938 2285/12/1898
f 2285/10/1898 2286/11/1899 2326/12/1939
f 2327/10/1940 2326/11/1939 2286/12/1899
f 2286/10/1899 2287/11/1900 2327/12/1940
f 2289/10/1902 2327/11/1940 2287/12/1900
f 2287/10/1900 2288/11/1901 2289/12/1902
f 2247/10/1860 2289/11/1902 2288/12/1901
f 2327/10/1940 2289/11/1902 2328/12/1941
f 2290/10/1903 2328/11/1941 2289/12/1902
f 2329/10/1942 2330/11/1943 2291/12/1904
f 2292/10/1905 2291/11/1904 2330/12/1943
f 2331/10/1944 2291/11/1904 2293/12/1906
f 2249/10/1862 2293/11/1906 2291/12/1904
f 2292/10/1905 2332/11/1945 2250/12/1863
f 2294/10/1907 2250/11/1863 2332/12/1945
f 2333/10/1946 2293/11/1906 2295/12/1908
f 2251/10/1864 2295/11/1908 2293/12/1906
f 2334/10/1947 2296/11/1909 2294/12/1907
f 2252/10/1865 2294/11/1907 2296/12/1909
f 2335/10/1948 2295/11/1908 2297/12/1910
f 2253/10/1866 2297/11/1910 2295/12/1908
f 2336/10/1949 2298/11/1911 2296/12/1909
f 2254/10/1867 2296/11/1909 2298/12/1911
f 2337/10/1950 2297/11/1910 2299/12/1912
f 2255/10/1868 2299/11/1912 2297/12/1910
f 2338/10/1951 2300/11/1913 2298/12/1911
f 2256/10/1869 2298/11/1911 2300/12/1913
f 2257/10/1870 2301/11/1914 2299/12/1912
f 2339/10/1952 2299/11/1912 2301/12/1914
f 2302/10/1915 2258/11/1871 2340/12/1953
f 2300/10/1913 2340/11/1953 2258/12/1871
f 2259/10/1872 2303/11/1916 2301/12/1914
f 2341/10/1954 2301/11/1914 2303/12/1916
f 2304/10/1917 2260/11/1873 2342/12/1955
f 2302/10/1915 2342/11/1955 2260/12/1873
f 2261/10/1874 2305/11/1918 2303/12/1916
f 2343/10/1956 2303/11/1916 2305/12/1918
f 2306/10/1919 2262/11/1875 2344/12/1957
f 2304/10/1917 2344/11/1957 2262/12/1875
f 2263/10/1876 2307/11/1920 2305/12/1918
f 2345/10/1958 2305/11/1918 2307/12/1920
f 2308/10/1921 2264/11/1877 2346/12/1959
f 2306/10/1919 2346/11/1959 2264/12/1877
f 2265/10/1878 2309/11/1922 2307/12/1920
f 2347/10/1960 2307/11/1920 2309/12/1922
f 2328/10/1941 2290/11/1903 2348/12/1961
f 2308/10/1921 2348/11/1961 2290/12/1903
f 2349/10/1962 2309/11/1922 2311/12/1924
f 2310/10/1923 2311/11/1924 2309/12/1922
f 2350/10/1963 2349/11/1962 2312/12/1925
f 2311/10/1924 2312/11/1925 2349/12/1962
f 2351/10/1964 2350/11/1963 2313/12/1926
f 2312/10/1925 2313/11/1926 2350/12/1963
f 2352/10/1965 2351/11/1964 2314/12/1927
f 2313/10/1926 2314/11/1927 2351/12/1964
f 2353/10/1966 2352/11/1965 2315/12/1928
f 2314/10/1927 2315/11/1928 2352/12/1965
f 2354/10/1967 2353/11/1966 2316/12/1929
f 2315/10/1928 2316/11/1929 2353/12/1966
f 2355/10/1968 2354/11/1967 2317/12/1930
f 2316/10/1929 2317/11/1930 2354/12/1967
f 2355/10/1968 2317/11/1930 2356/12/1969
f 2318/10/1931 2356/11/1969 2317/12/1930
f 2356/10/1969 2318/11/1931 2357/12/1970
f 2319/10/1932 2357/11/1970 2318/12/1931
f 2357/10/1970 2319/11/1932 2358/12/1971
f 2320/10/1933 2358/11/1971 2319/12/1932
f 2358/10/1971 2320/11/1933 2359/12/1972
f 2321/10/1934 2359/11/1972 2320/12/1933
f 2359/10/1972 2321/11/1934 2360/12/1973
f 2322/10/1935 2360/11/1973 2321/12/1934
f 2360/10/1973 2322/11/1935 2361/12/1974
f 2323/10/1936 2361/11/1974 2322/12/1935
f 2361/10/1974 2323/11/1936 2362/12/1975
f 2324/10/1937 2362/11/1975 2323/12/1936
f 2362/10/1975 2324/11/1937 2363/12/1976
f 2325/10/1938 2363/11/1976 2324/12/1937
f 2325/10/1938 2326/11/1939 2363/12/1976
f 2364/10/1977 2363/11/1976 2326/12/1939
f 2326/10/1939 2327/11/1940 2364/12/1977
f 2328/10/1941 2364/11/1977 2327/12/1940
f 2365/10/1978 2329/11/1942 2331/12/1944
f 2291/10/1904 2331/11/1944 2329/12/1942
f 2330/10/1943 2366/11/1979 2292/12/1905
f 2332/10/1945 2292/11/1905 2366/12/1979
f 2367/10/1980 2331/11/1944 2333/12/1946
f 2293/10/1906 2333/11/1946 2331/12/1944
f 2368/10/1981 2334/11/1947 2332/12/1945
f 2294/10/1907 2332/11/1945 2334/12/1947
f 2369/10/1982 2333/11/1946 2335/12/1948
f 2295/10/1908 2335/11/1948 2333/12/1946
f 2370/10/1983 2336/11/1949 2334/12/1947
f 2296/10/1909 2334/11/1947 2336/12/1949
f 2371/10/1984 2335/11/1948 2337/12/1950
f 2297/10/1910 2337/11/1950 2335/12/1948
f 2372/10/1985 2338/11/1951 2336/12/1949
f 2298/10/1911 2336/11/1949 2338/12/1951
f 2373/10/1986 2337/11/1950 2339/12/1952
f 2299/10/1912 2339/11/1952 2337/12/1950
f 2374/10/1987 2340/11/1953 2338/12/1951
f 2300/10/1913 2338/11/1951 2340/12/1953
f 2301/10/1914 2341/11/1954 2339/12/1952
f 2375/10/1988 2339/11/1952 2341/12/1954
f 2376/10/1989 2342/11/1955 2340/12/1953
f 2302/10/1915 2340/11/1953 2342/12/1955
f 2303/10/1916 2343/11/1956 2341/12/1954
f 2377/10/1990 2341/11/1954 2343/12/1956
f 2344/10/1957 2304/11/1917 2378/12/1991
f 2342/10/1955 2378/11/1991 2304/12/1917
f 2305/10/1918 2345/11/1958 2343/12/1956
f 2379/10/1992 2343/11/1956 2345/12/1958
f 2346/10/1959 2306/11/1919 2380/12/1993
f 2344/10/1957 2380/11/1993 2306/12/1919
f 2307/10/1920 2347/11/1960 2345/12/1958
f 2381/10/1994 2345/11/1958 2347/12/1960
f 2348/10/1961 2308/11/1921 2382/12/1995
f 2346/10/1959 2382/11/1995 2308/12/1921
f 2309/10/1922 2349/11/1962 2347/12/1960
f 2383/10/1996 2347/11/1960 2349/12/1962
f 2364/10/1977 2328/11/1941 2384/12/1997
f 2348/10/1961 2384/11/1997 2328/12/1941
f 2349/10/1962 2350/11/1963 2383/12/1996
f 2385/10/1998 2383/11/1996 2350/12/1963
f 2386/10/1999 2385/11/1998 2351/12/1964
f 2350/10/1963 2351/11/1964 2385/12/1998
f 2352/10/1965 2387/11/2000 2351/12/1964
f 2386/10/1999 2351/11/1964 2387/12/2000
f 2353/10/1966 2388/11/2001 2352/12/1965
f 2387/10/2000 2352/11/1965 2388/12/2001
f 2354/10/1967 2389/11/2002 2353/12/1966
f 2388/10/2001 2353/11/1966 2389/12/2002
f 2355/10/1968 2390/11/2003 2354/12/1967
f 2389/10/2002 2354/11/1967 2390/12/2003
f 2391/10/2004 2390/11/2003 2356/12/1969
f 2355/10/1968 2356/11/1969 2390/12/2003
f 2392/10/2005 2391/11/2004 2357/12/1970
f 2356/10/1969 2357/11/1970 2391/12/2004
f 2393/10/2006 2392/11/2005 2358/12/1971
f 2357/10/1970 2358/11/1971 2392/12/2005
f 2394/10/2007 2393/11/2006 2359/12/1972
f 2358/10/1971 2359/11/1972 2393/12/2006
f 2394/10/2007 2359/11/1972 2395/12/2008
f 2360/10/1973 2395/11/2008 2359/12/1972
f 2360/10/1973 2361/11/1974 2395/12/2008
f 2396/10/2009 2395/11/2008 2361/12/1974
f 2361/10/1974 2362/11/1975 2396/12/2009
f 2397/10/2010 2396/11/2009 2362/12/1975
f 2362/10/1975 2363/11/1976 2397/12/2010
f 2398/10/2011 2397/11/2010 2363/12/1976
f 2363/10/1976 2364/11/1977 2398/12/2011
f 2384/10/1997 2398/11/2011 2364/12/1977
f 2399/10/2012 2400/11/2013 2401/12/2014
f 2402/10/2015 2401/11/2014 2400/12/2013
f 2403/10/2016 2399/11/2012 2404/12/2017
f 2401/10/2014 2404/11/2017 2399/12/2012
f 2405/10/2018 2403/11/2016 2406/12/2019
f 2404/10/2017 2406/11/2019 2403/12/2016
f 2407/10/2020 2405/11/2018 2408/12/2021
f 2406/10/2019 2408/11/2021 2405/12/2018
f 2409/10/2022 2407/11/2020 2410/12/2023
f 2408/10/2021 2410/11/2023 2407/12/2020
f 2411/10/2024 2409/11/2022 2412/12/2025
f 2410/10/2023 2412/11/2025 2409/12/2022
f 2413/10/2026 2411/11/2024 2414/12/2027
f 2412/10/2025 2414/11/2027 2411/12/2024
f 2415/10/2028 2413/11/2026 2416/12/2029
f 2414/10/2027 2416/11/2029 2413/12/2026
f 2415/10/2028 2416/11/2029 2417/12/2030
f 2418/10/2031 2417/11/2030 2416/12/2029
f 2417/10/2030 2418/11/2031 2419/12/2032
f 2420/10/2033 2419/11/2032 2418/12/2031
f 2419/10/2032 2420/11/2033 2421/12/2034
f 2422/10/2035 2421/11/2034 2420/12/2033
f 2421/10/2034 2422/11/2035 2423/12/2036
f 2424/10/2037 2423/11/2036 2422/12/2035
f 2423/10/2036 2424/11/2037 2425/12/2038
f 2426/10/2039 2425/11/2038 2424/12/2037
f 2425/10/2038 2426/11/2039 2427/12/2040
f 2428/10/2041 2427/11/2040 2426/12/2039
f 2427/10/2040 2428/11/2041 2429/12/2042
f 2430/10/2043 2429/11/2042 2428/12/2041
f 2429/10/2042 2430/11/2043 2431/12/2044
f 2432/10/2045 2431/11/2044 2430/12/2043
f 2431/10/2044 2432/11/2045 2433/12/2046
f 2434/10/2047 2433/11/2046 2432/12/2045
f 2434/10/2047 2435/11/2048 2433/12/2046
f 2436/10/2049 2433/11/2046 2435/12/2048
f 2435/10/2048 2437/11/2050 2436/12/2049
f 2438/10/2051 2436/11/2049 2437/12/2050
f 2437/10/2050 2439/11/2052 2438/12/2051
f 2440/10/2053 2438/11/2051 2439/12/2052
f 2439/10/2052 2441/11/2054 2440/12/2053
f 2442/10/2055 2440/11/2053 2441/12/2054
f 2441/10/2054 2443/11/2056 2442/12/2055
f 2367/10/1980 2442/11/2055 2443/12/2056
f 2443/10/2056 2365/11/1978 2367/12/1980
f 2331/10/1944 2367/11/1980 2365/12/1978
f 2444/10/2057 2368/11/1981 2366/12/1979
f 2332/10/1945 2366/11/1979 2368/12/1981
f 2445/10/2058 2446/11/2059 2444/12/2057
f 2368/10/1981 2444/11/2057 2446/12/2059
f 2447/10/2060 2448/11/2061 2445/12/2058
f 2446/10/2059 2445/11/2058 2448/12/2061
f 2449/10/2062 2450/11/2063 2447/12/2060
f 2448/10/2061 2447/11/2060 2450/12/2063
f 2451/10/2064 2452/11/2065 2449/12/2062
f 2450/10/2063 2449/11/2062 2452/12/2065
f 2453/10/2066 2454/11/2067 2451/12/2064
f 2452/10/2065 2451/11/2064 2454/12/2067
f 2455/10/2068 2456/11/2069 2453/12/2066
f 2454/10/2067 2453/11/2066 2456/12/2069
f 2457/10/2070 2458/11/2071 2455/12/2068
f 2456/10/2069 2455/11/2068 2458/12/2071
f 2459/10/2072 2460/11/2073 2457/12/2070
f 2458/10/2071 2457/11/2070 2460/12/2073
f 2402/10/2015 2400/11/2013 2459/12/2072
f 2460/10/2073 2459/11/2072 2400/12/2013
f 2442/10/2055 2367/11/1980 2369/12/1982
f 2333/10/1946 2369/11/1982 2367/12/1980
f 2446/10/2059 2370/11/1983 2368/12/1981
f 2334/10/1947 2368/11/1981 2370/12/1983
f 2461/10/2074 2369/11/1982 2371/12/1984
f 2335/10/1948 2371/11/1984 2369/12/1982
f 2462/10/2075 2372/11/1985 2370/12/1983
f 2336/10/1949 2370/11/1983 2372/12/1985
f 2463/10/2076 2371/11/1984 2373/12/1986
f 2337/10/1950 2373/11/1986 2371/12/1984
f 2464/10/2077 2374/11/1987 2372/12/1985
f 2338/10/1951 2372/11/1985 2374/12/1987
f 2465/10/2078 2373/11/1986 2375/12/1988
f 2339/10/1952 2375/11/1988 2373/12/1986
f 2466/10/2079 2376/11/1989 2374/12/1987
f 2340/10/1953 2374/11/1987 2376/12/1989
f 2341/10/1954 2377/11/1990 2375/12/1988
f 2467/10/2080 2375/11/1988 2377/12/1990
f 2378/10/1991 2342/11/1955 2468/12/2081
f 2376/10/1989 2468/11/2081 2342/12/1955
f 2343/10/1956 2379/11/1992 2377/12/1990
f 2469/10/2082 2377/11/1990 2379/12/1992
f 2380/10/1993 2344/11/1957 2470/12/2083
f 2378/10/1991 2470/11/2083 2344/12/1957
f 2345/10/1958 2381/11/1994 2379/12/1992
f 2471/10/2084 2379/11/1992 2381/12/1994
f 2382/10/1995 2346/11/1959 2472/12/2085
f 2380/10/1993 2472/11/2085 2346/12/1959
f 2347/10/1960 2383/11/1996 2381/12/1994
f 2473/10/2086 2381/11/1994 2383/12/1996
f 2384/10/1997 2348/11/1961 2474/12/2087
f 2382/10/1995 2474/11/2087 2348/12/1961
f 2383/10/1996 2385/11/1998 2473/12/2086
f 2475/10/2088 2473/11/2086 2385/12/1998
f 2386/10/1999 2476/11/2089 2385/12/1998
f 2475/10/2088 2385/11/1998 2476/12/2089
f 2387/10/2000 2477/11/2090 2386/12/1999
f 2476/10/2089 2386/11/1999 2477/12/2090
f 2388/10/2001 2478/11/2091 2387/12/2000
f 2477/10/2090 2387/11/2000 2478/12/2091
f 2389/10/2002 2479/11/2092 2388/12/2001
f 2478/10/2091 2388/11/2001 2479/12/2092
f 2390/10/2003 2480/11/2093 2389/12/2002
f 2479/10/2092 2389/11/2002 2480/12/2093
f 2481/10/2094 2480/11/2093 2391/12/2004
f 2390/10/2003 2391/11/2004 2480/12/2093
f 2482/10/2095 2481/11/2094 2392/12/2005
f 2391/10/2004 2392/11/2005 2481/12/2094
f 2483/10/2096 2482/11/2095 2393/12/2006
f 2392/10/2005 2393/11/2006 2482/12/2095
f 2484/10/2097 2483/11/2096 2394/12/2007
f 2393/10/2006 2394/11/2007 2483/12/2096
f 2394/10/2007 2395/11/2008 2484/12/2097
f 2485/10/2098 2484/11/2097 2395/12/2008
f 2395/10/2008 2396/11/2009 2485/12/2098
f 2486/10/2099 2485/11/2098 2396/12/2009
f 2396/10/2009 2397/11/2010 2486/12/2099
f 2487/10/2100 2486/11/2099 2397/12/2010
f 2397/10/2010 2398/11/2011 2487/12/2100
f 2488/10/2101 2487/11/2100 2398/12/2011
f 2398/10/2011 2384/11/1997 2488/12/2101
f 2474/10/2087 2488/11/2101 2384/12/1997
f 2489/10/2102 2490/11/2103 2399/12/2012
f 2400/10/2013 2399/11/2012 2490/12/2103
f 2491/10/2104 2489/11/2102 2403/12/2016
f 2399/10/2012 2403/11/2016 2489/12/2102
f 2492/10/2105 2491/11/2104 2405/12/2018
f 2403/10/2016 2405/11/2018 2491/12/2104
f 2493/10/2106 2492/11/2105 2407/12/2020
f 2405/10/2018 2407/11/2020 2492/12/2105
f 2494/10/2107 2493/11/2106 2409/12/2022
f 2407/10/2020 2409/11/2022 2493/12/2106
f 2495/10/2108 2494/11/2107 2411/12/2024
f 2409/10/2022 2411/11/2024 2494/12/2107
f 2496/10/2109 2495/11/2108 2413/12/2026
f 2411/10/2024 2413/11/2026 2495/12/2108
f 2497/10/2110 2496/11/2109 2415/12/2028
f 2413/10/2026 2415/11/2028 2496/12/2109
f 2497/10/2110 2415/11/2028 2498/12/2111
f 2417/10/2030 2498/11/2111 2415/12/2028
f 2498/10/2111 2417/11/2030 2499/12/2112
f 2419/10/2032 2499/11/2112 2417/12/2030
f 2499/10/2112 2419/11/2032 2500/12/2113
f 2421/10/2034 2500/11/2113 2419/12/2032
f 2500/10/2113 2421/11/2034 2501/12/2114
f 2423/10/2036 2501/11/2114 2421/12/2034
f 2501/10/2114 2423/11/2036 2502/12/2115
f 2425/10/2038 2502/11/2115 2423/12/2036
f 2502/10/2115 2425/11/2038 2503/12/2116
f 2427/10/2040 2503/11/2116 2425/12/2038
f 2503/10/2116 2427/11/2040 2504/12/2117
f 2429/10/2042 2504/11/2117 2427/12/2040
f 2504/10/2117 2429/11/2042 2505/12/2118
f 2431/10/2044 2505/11/2118 2429/12/2042
f 2505/10/2118 2431/11/2044 2506/12/2119
f 2433/10/2046 2506/11/2119 2431/12/2044
f 2433/10/2046 2436/11/2049 2506/12/2119
f 2507/10/2120 2506/11/2119 2436/12/2049
f 2436/10/2049 2438/11/2051 2507/12/2120
f 2508/10/2121 2507/11/2120 2438/12/2051
f 2438/10/2051 2440/11/2053 2508/12/2121
f 2461/10/2074 2508/11/2121 2440/12/2053
f 2440/10/2053 2442/11/2055 2461/12/2074
f 2369/10/1982 2461/11/2074 2442/12/2055
f 2448/10/2061 2462/11/2075 2446/12/2059
f 2370/10/1983 2446/11/2059 2462/12/2075
f 2450/10/2063 2509/11/2122 2448/12/2061
f 2462/10/2075 2448/11/2061 2509/12/2122
f 2452/10/2065 2510/11/2123 2450/12/2063
f 2509/10/2122 2450/11/2063 2510/12/2123
f 2454/10/2067 2511/11/2124 2452/12/2065
f 2510/10/2123 2452/11/2065 2511/12/2124
f 2456/10/2069 2512/11/2125 2454/12/2067
f 2511/10/2124 2454/11/2067 2512/12/2125
f 2458/10/2071 2513/11/2126 2456/12/2069
f 2512/10/2125 2456/11/2069 2513/12/2126
f 2460/10/2073 2514/11/2127 2458/12/2071
f 2513/10/2126 2458/11/2071 2514/12/2127
f 2400/10/2013 2490/11/2103 2460/12/2073
f 2514/10/2127 2460/11/2073 2490/12/2103
f 2508/10/2121 2461/11/2074 2463/12/2076
f 2371/10/1984 2463/11/2076 2461/12/2074
f 2509/10/2122 2464/11/2077 2462/12/2075
f 2372/10/1985 2462/11/2075 2464/12/2077
f 2515/10/2128 2463/11/2076 2465/12/2078
f 2373/10/1986 2465/11/2078 2463/12/2076
f 2516/10/2129 2466/11/2079 2464/12/2077
f 2374/10/1987 2464/11/2077 2466/12/2079
f 2517/10/2130 2465/11/2078 2467/12/2080
f 2375/10/1988 2467/11/2080 2465/12/2078
f 2518/10/2131 2468/11/2081 2466/12/2079
f 2376/10/1989 2466/11/2079 2468/12/2081
f 2377/10/1990 2469/11/2082 2467/12/2080
f 2519/10/2132 2467/11/2080 2469/12/2082
f 2470/10/2083 2378/11/1991 2520/12/2133
f 2468/10/2081 2520/11/2133 2378/12/1991
f 2379/10/1992 2471/11/2084 2469/12/2082
f 2521/10/2134 2469/11/2082 2471/12/2084
f 2472/10/2085 2380/11/1993 2522/12/2135
f 2470/10/2083 2522/11/2135 2380/12/1993
f 2381/10/1994 2473/11/2086 2471/12/2084
f 2523/10/2136 2471/11/2084 2473/12/2086
f 2474/10/2087 2382/11/1995 2524/12/2137
f 2472/10/2085 2524/11/2137 2382/12/1995
f 2473/10/2086 2475/11/2088 2523/12/2136
f 2525/10/2138 2523/11/2136 2475/12/2088
f 2476/10/2089 2526/11/2139 2475/12/2088
f 2525/10/2138 2475/11/2088 2526/12/2139
f 2477/10/2090 2527/11/2140 2476/12/2089
f 2526/10/2139 2476/11/2089 2527/12/2140
f 2478/10/2091 2528/11/2141 2477/12/2090
f 2527/10/2140 2477/11/2090 2528/12/2141
f 2479/10/2092 2529/11/2142 2478/12/2091
f 2528/10/2141 2478/11/2091 2529/12/2142
f 2480/10/2093 2530/11/2143 2479/12/2092
f 2529/10/2142 2479/11/2092 2530/12/2143
f 2481/10/2094 2531/11/2144 2480/12/2093
f 2530/10/2143 2480/11/2093 2531/12/2144
f 2482/10/2095 2532/11/2145 2481/12/2094
f 2531/10/2144 2481/11/2094 2532/12/2145
f 2483/10/2096 2533/11/2146 2482/12/2095
f 2532/10/2145 2482/11/2095 2533/12/2146
f 2484/10/2097 2534/11/2147 2483/12/2096
f 2533/10/2146 2483/11/2096 2534/12/2147
f 2484/10/2097 2485/11/2098 2534/12/2147
f 2535/10/2148 2534/11/2147 2485/12/2098
f 2485/10/2098 2486/11/2099 2535/12/2148
f 2536/10/2149 2535/11/2148 2486/12/2099
f 2486/10/2099 2487/11/2100 2536/12/2149
f 2537/10/2150 2536/11/2149 2487/12/2100
f 2487/10/2100 2488/11/2101 2537/12/2150
f 2538/10/2151 2537/11/2150 2488/12/2101
f 2488/10/2101 2474/11/2087 2538/12/2151
f 2524/10/2137 2538/11/2151 2474/12/2087
f 2539/10/2152 2540/11/2153 2489/12/2102
f 2490/10/2103 2489/11/2102 2540/12/2153
f 2541/10/2154 2539/11/2152 2491/12/2104
f 2489/10/2102 2491/11/2104 2539/12/2152
f 2542/10/2155 2541/11/2154 2492/12/2105
f 2491/10/2104 2492/11/2105 2541/12/2154
f 2543/10/2156 2542/11/2155 2493/12/2106
f 2492/10/2105 2493/11/2106 2542/12/2155
f 2544/10/2157 2543/11/2156 2494/12/2107
f 2493/10/2106 2494/11/2107 2543/12/2156
f 2545/10/2158 2544/11/2157 2495/12/2108
f 2494/10/2107 2495/11/2108 2544/12/2157
f 2546/10/2159 2545/11/2158 2496/12/2109
f 2495/10/2108 2496/11/2109 2545/12/2158
f 2547/10/2160 2546/11/2159 2497/12/2110
f 2496/10/2109 2497/11/2110 2546/12/2159
f 2547/10/2160 2497/11/2110 2548/12/2161
f 2498/10/2111 2548/11/2161 2497/12/2110
f 2548/10/2161 2498/11/2111 2549/12/2162
f 2499/10/2112 2549/11/2162 2498/12/2111
f 2549/10/2162 2499/11/2112 2550/12/2163
f 2500/10/2113 2550/11/2163 2499/12/2112
f 2550/10/2163 2500/11/2113 2551/12/2164
f 2501/10/2114 2551/11/2164 2500/12/2113
f 2551/10/2164 2501/11/2114 2552/12/2165
f 2502/10/2115 2552/11/2165 2501/12/2114
f 2552/10/2165 2502/11/2115 2553/12/2166
f 2503/10/2116 2553/11/2166 2502/12/2115
f 2553/10/2166 2503/11/2116 2554/12/2167
f 2504/10/2117 2554/11/2167 2503/12/2116
f 2554/10/2167 2504/11/2117 2555/12/2168
f 2505/10/2118 2555/11/2168 2504/12/2117
f 2555/10/2168 2505/11/2118 2556/12/2169
f 2506/10/2119 2556/11/2169 2505/12/2118
f 2506/10/2119 2507/11/2120 2556/12/2169
f 2515/10/2128 2556/11/2169 2507/12/2120
f 2507/10/2120 2508/11/2121 2515/12/2128
f 2463/10/2076 2515/11/2128 2508/12/2121
f 2510/10/2123 2516/11/2129 2509/12/2122
f 2464/10/2077 2509/11/2122 2516/12/2129
f 2511/10/2124 2557/11/2170 2510/12/2123
f 2516/10/2129 2510/11/2123 2557/12/2170
f 2512/10/2125 2558/11/2171 2511/12/2124
f 2557/10/2170 2511/11/2124 2558/12/2171
f 2513/10/2126 2559/11/2172 2512/12/2125
f 2558/10/2171 2512/11/2125 2559/12/2172
f 2514/10/2127 2560/11/2173 2513/12/2126
f 2559/10/2172 2513/11/2126 2560/12/2173
f 2490/10/2103 2540/11/2153 2514/12/2127
f 2560/10/2173 2514/11/2127 2540/12/2153
f 2556/10/2169 2515/11/2128 2517/12/2130
f 2465/10/2078 2517/11/2130 2515/12/2128
f 2557/10/2170 2518/11/2131 2516/12/2129
f 2466/10/2079 2516/11/2129 2518/12/2131
f 2519/10/2132 2561/11/2174 2467/12/2080
f 2517/10/2130 2467/11/2080 2561/12/2174
f 2562/10/2175 2520/11/2133 2518/12/2131
f 2468/10/2081 2518/11/2131 2520/12/2133
f 2469/10/2082 2521/11/2134 2519/12/2132
f 2563/10/2176 2519/11/2132 2521/12/2134
f 2522/10/2135 2470/11/2083 2564/12/2177
f 2520/10/2133 2564/11/2177 2470/12/2083
f 2471/10/2084 2523/11/2136 2521/12/2134
f 2565/10/2178 2521/11/2134 2523/12/2136
f 2524/10/2137 2472/11/2085 2566/12/2179
f 2522/10/2135 2566/11/2179 2472/12/2085
f 2523/10/2136 2525/11/2138 2565/12/2178
f 2567/10/2180 2565/11/2178 2525/12/2138
f 2568/10/2181 2567/11/2180 2526/12/2139
f 2525/10/2138 2526/11/2139 2567/12/2180
f 2569/10/2182 2568/11/2181 2527/12/2140
f 2526/10/2139 2527/11/2140 2568/12/2181
f 2570/10/2183 2569/11/2182 2528/12/2141
f 2527/10/2140 2528/11/2141 2569/12/2182
f 2571/10/2184 2570/11/2183 2529/12/2142
f 2528/10/2141 2529/11/2142 2570/12/2183
f 2572/10/2185 2571/11/2184 2530/12/2143
f 2529/10/2142 2530/11/2143 2571/12/2184
f 2531/10/2144 2573/11/2186 2530/12/2143
f 2572/10/2185 2530/11/2143 2573/12/2186
f 2532/10/2145 2574/11/2187 2531/12/2144
f 2573/10/2186 2531/11/2144 2574/12/2187
f 2533/10/2146 2575/11/2188 2532/12/2145
f 2574/10/2187 2532/11/2145 2575/12/2188
f 2534/10/2147 2576/11/2189 2533/12/2146
f 2575/10/2188 2533/11/2146 2576/12/2189
f 2534/10/2147 2535/11/2148 2576/12/2189
f 2577/10/2190 2576/11/2189 2535/12/2148
f 2535/10/2148 2536/11/2149 2577/12/2190
f 2578/10/2191 2577/11/2190 2536/12/2149
f 2536/10/2149 2537/11/2150 2578/12/2191
f 2579/10/2192 2578/11/2191 2537/12/2150
f 2537/10/2150 2538/11/2151 2579/12/2192
f 2580/10/2193 2579/11/2192 2538/12/2151
f 2538/10/2151 2524/11/2137 2580/12/2193
f 2566/10/2179 2580/11/2193 2524/12/2137
f 2581/10/2194 2582/11/2195 2539/12/2152
f 2540/10/2153 2539/11/2152 2582/12/2195
f 2583/10/2196 2581/11/2194 2541/12/2154
f 2539/10/2152 2541/11/2154 2581/12/2194
f 2584/10/2197 2583/11/2196 2542/12/2155
f 2541/10/2154 2542/11/2155 2583/12/2196
f 2585/10/2198 2584/11/2197 2543/12/2156
f 2542/10/2155 2543/11/2156 2584/12/2197
f 2586/10/2199 2585/11/2198 2544/12/2157
f 2543/10/2156 2544/11/2157 2585/12/2198
f 2587/10/2200 2586/11/2199 2545/12/2158
f 2544/10/2157 2545/11/2158 2586/12/2199
f 2588/10/2201 2587/11/2200 2546/12/2159
f 2545/10/2158 2546/11/2159 2587/12/2200
f 2589/10/2202 2588/11/2201 2547/12/2160
f 2546/10/2159 2547/11/2160 2588/12/2201
f 2589/10/2202 2547/11/2160 2590/12/2203
f 2548/10/2161 2590/11/2203 2547/12/2160
f 2590/10/2203 2548/11/2161 2591/12/2204
f 2549/10/2162 2591/11/2204 2548/12/2161
f 2591/10/2204 2549/11/2162 2592/12/2205
f 2550/10/2163 2592/11/2205 2549/12/2162
f 2592/10/2205 2550/11/2163 2593/12/2206
f 2551/10/2164 2593/11/2206 2550/12/2163
f 2593/10/2206 2551/11/2164 2594/12/2207
f 2552/10/2165 2594/11/2207 2551/12/2164
f 2594/10/2207 2552/11/2165 2595/12/2208
f 2553/10/2166 2595/11/2208 2552/12/2165
f 2595/10/2208 2553/11/2166 2596/12/2209
f 2554/10/2167 2596/11/2209 2553/12/2166
f 2596/10/2209 2554/11/2167 2561/12/2174
f 2555/10/2168 2561/11/2174 2554/12/2167
f 2561/10/2174 2555/11/2168 2517/12/2130
f 2556/10/2169 2517/11/2130 2555/12/2168
f 2558/10/2171 2562/11/2175 2557/12/2170
f 2518/10/2131 2557/11/2170 2562/12/2175
f 2559/10/2172 2597/11/2210 2558/12/2171
f 2562/10/2175 2558/11/2171 2597/12/2210
f 2560/10/2173 2598/11/2211 2559/12/2172
f 2597/10/2210 2559/11/2172 2598/12/2211
f 2540/10/2153 2582/11/2195 2560/12/2173
f 2598/10/2211 2560/11/2173 2582/12/2195
f 2563/10/2176 2596/11/2209 2519/12/2132
f 2561/10/2174 2519/11/2132 2596/12/2209
f 2597/10/2210 2564/11/2177 2562/12/2175
f 2520/10/2133 2562/11/2175 2564/12/2177
f 2521/10/2134 2565/11/2178 2563/12/2176
f 2599/10/2212 2563/11/2176 2565/12/2178
f 2566/10/2179 2522/11/2135 2600/12/2213
f 2564/10/2177 2600/11/2213 2522/12/2135
f 2565/10/2178 2567/11/2180 2599/12/2212
f 2601/10/2214 2599/11/2212 2567/12/2180
f 2568/10/2181 2602/11/2215 2567/12/2180
f 2601/10/2214 2567/11/2180 2602/12/2215
f 2603/10/2216 2602/11/2215 2569/12/2182
f 2568/10/2181 2569/11/2182 2602/12/2215
f 2604/10/2217 2603/11/2216 2570/12/2183
f 2569/10/2182 2570/11/2183 2603/12/2216
f 2605/10/2218 2604/11/2217 2571/12/2184
f 2570/10/2183 2571/11/2184 2604/12/2217
f 2606/10/2219 2605/11/2218 2572/12/2185
f 2571/10/2184 2572/11/2185 2605/12/2218
f 2573/10/2186 2607/11/2220 2572/12/2185
f 2606/10/2219 2572/11/2185 2607/12/2220
f 2574/10/2187 2608/11/2221 2573/12/2186
f 2607/10/2220 2573/11/2186 2608/12/2221
f 2575/10/2188 2609/11/2222 2574/12/2187
f 2608/10/2221 2574/11/2187 2609/12/2222
f 2576/10/2189 2610/11/2223 2575/12/2188
f 2609/10/2222 2575/11/2188 2610/12/2223
f 2576/10/2189 2577/11/2190 2610/12/2223
f 2611/10/2224 2610/11/2223 2577/12/2190
f 2577/10/2190 2578/11/2191 2611/12/2224
f 2612/10/2225 2611/11/2224 2578/12/2191
f 2578/10/2191 2579/11/2192 2612/12/2225
f 2613/10/2226 2612/11/2225 2579/12/2192
f 2579/10/2192 2580/11/2193 2613/12/2226
f 2614/10/2227 2613/11/2226 2580/12/2193
f 2580/10/2193 2566/11/2179 2614/12/2227
f 2600/10/2213 2614/11/2227 2566/12/2179
f 2613/10/2226 2614/11/2227 2581/12/2194
f 2582/10/2195 2581/11/2194 2614/12/2227
f 2612/10/2225 2613/11/2226 2583/12/2196
f 2581/10/2194 2583/11/2196 2613/12/2226
f 2611/10/2224 2612/11/2225 2584/12/2197
f 2583/10/2196 2584/11/2197 2612/12/2225
f 2610/10/2223 2611/11/2224 2585/12/2198
f 2584/10/2197 2585/11/2198 2611/12/2224
f 2609/10/2222 2610/11/2223 2586/12/2199
f 2585/10/2198 2586/11/2199 2610/12/2223
f 2608/10/2221 2609/11/2222 2587/12/2200
f 2586/10/2199 2587/11/2200 2609/12/2222
f 2607/10/2220 2608/11/2221 2588/12/2201
f 2587/10/2200 2588/11/2201 2608/12/2221
f 2606/10/2219 2607/11/2220 2589/12/2202
f 2588/10/2201 2589/11/2202 2607/12/2220
f 2606/10/2219 2589/11/2202 2605/12/2218
f 2590/10/2203 2605/11/2218 2589/12/2202
f 2605/10/2218 2590/11/2203 2604/12/2217
f 2591/10/2204 2604/11/2217 2590/12/2203
f 2604/10/2217 2591/11/2204 2603/12/2216
f 2592/10/2205 2603/11/2216 2591/12/2204
f 2603/10/2216 2592/11/2205 2602/12/2215
f 2593/10/2206 2602/11/2215 2592/12/2205
f 2602/10/2215 2593/11/2206 2601/12/2214
f 2594/10/2207 2601/11/2214 2593/12/2206
f 2601/10/2214 2594/11/2207 2599/12/2212
f 2595/10/2208 2599/11/2212 2594/12/2207
f 2599/10/2212 2595/11/2208 2563/12/2176
f 2596/10/2209 2563/11/2176 2595/12/2208
f 2598/10/2211 2600/11/2213 2597/12/2210
f 2564/10/2177 2597/11/2210 2600/12/2213
f 2582/10/2195 2614/11/2227 2598/12/2211
f 2600/10/2213 2598/11/2211 2614/12/2227
f 2615/10/1651 2616/11/1651 2617/12/1651
f 2616/10/1651 2618/11/1651 2617/12/1651
f 2617/10/1651 2618/11/1651 2619/12/1651
f 2618/10/1651 2620/11/1651 2619/12/1651
f 2619/10/1651 2620/11/1651 2621/12/1651
f 2620/10/1651 2622/11/1651 2621/12/1651
f 2621/10/1651 2622/11/1651 2623/12/1651
f 2622/10/1651 2624/11/1651 2623/12/1651
f 2623/10/1651 2624/11/1651 2625/12/1651
f 2624/10/1651 2626/11/1651 2625/12/1651
f 2625/10/1651 2626/11/1651 2627/12/1651
f 2626/10/1651 2628/11/1651 2627/12/1651
f 2627/10/1651 2628/11/1651 2629/12/1651
f 2628/10/1651 2630/11/1651 2629/12/1651
f 2629/10/1651 2630/11/1651 2631/12/1651
f 2630/10/1651 2632/11/1651 2631/12/1651
f 2631/10/1651 2632/11/1651 2633/12/1651
f 2632/10/1651 2634/11/1651 2633/12/1651
f 2633/10/1651 2634/11/1651 2635/12/1651
f 2634/10/1651 2636/11/1651 2635/12/1651
f 2635/10/1651 2636/11/1651 2637/12/1651
f 2636/10/1651 2638/11/1651 2637/12/1651
f 2637/10/1651 2638/11/1651 2639/12/1651
f 2638/10/1651 2640/11/1651 2639/12/1651
f 2639/10/1651 2640/11/1651 2641/12/1651
f 2640/10/1651 2642/11/1651 2641/12/1651
f 2641/10/1651 2642/11/1651 2643/12/1651
f 2642/10/1651 2644/11/1651 2643/12/1651
f 2643/10/1651 2644/11/1651 2645/12/1651
f 2644/10/1651 2646/11/1651 2645/12/1651
f 2645/10/1651 2646/11/1651 2647/12/1651
f 2646/10/1651 2648/11/1651 2647/12/1651
f 2647/10/1651 2648/11/1651 2649/12/1651
f 2650/10/1651 2649/11/1651 2648/12/1651
f 2651/10/926 2652/11/926 2653/12/926
f 2653/10/926 2652/11/926 2654/12/926
f 2652/10/926 2655/11/926 2654/12/926
f 2654/10/926 2655/11/926 2656/12/926
f 2655/10/926 2657/11/926 2656/12/926
f 2656/10/926 2657/11/926 2658/12/926
f 2657/10/926 2659/11/926 2658/12/926
f 2658/10/926 2659/11/926 2660/12/926
f 2659/10/926 2661/11/926 2660/12/926
f 2660/10/926 2661/11/926 2662/12/926
f 2661/10/926 2663/11/926 2662/12/926
f 2662/10/926 2663/11/926 2664/12/926
f 2663/10/926 2665/11/926 2664/12/926
f 2664/10/926 2665/11/926 2666/12/926
f 2665/10/926 2667/11/926 2666/12/926
f 2666/10/926 2667/11/926 2668/12/926
f 2667/10/926 2669/11/926 2668/12/926
f 2668/10/926 2669/11/926 2670/12/926
f 2669/10/926 2671/11/926 2670/12/926
f 2670/10/926 2671/11/926 2672/12/926
f 2671/10/926 2673/11/926 2672/12/926
f 2672/10/926 2673/11/926 2674/12/926
f 2673/10/926 2675/11/926 2674/12/926
f 2674/10/926 2675/11/926 2676/12/926
f 2675/10/926 2677/11/926 2676/12/926
f 2676/10/926 2677/11/926 2678/12/926
f 2677/10/926 2679/11/926 2678/12/926
f 2678/10/926 2679/11/926 2680/12/926
f 2679/10/926 2681/11/926 2680/12/926
f 2680/10/926 2681/11/926 2682/12/926
f 2681/10/926 2683/11/926 2682/12/926
f 2682/10/926 2683/11/926 2684/12/926
f 2683/10/926 2685/11/926 2684/12/926
f 2686/10/926 2684/11/926 2685/12/926
