# Blender 5.2.0 LTS
# www.blender.org
o Body_Bottom
v 0.006925 0.513484 0.227283
v 0.004626 0.513333 0.227283
v 0.006846 0.513484 0.226688
v 0.006617 0.513484 0.226133
v 0.009029 0.513934 0.226103
v 0.009184 0.513934 0.227283
v 0.006846 0.513484 0.227878
v 0.006251 0.513484 0.225657
v 0.008573 0.513934 0.225004
v 0.011136 0.514674 0.225538
v 0.011366 0.514674 0.227283
v 0.009029 0.513934 0.228462
v 0.006617 0.513484 0.228432
v 0.005775 0.513484 0.225292
v 0.007849 0.513934 0.224059
v 0.010463 0.514674 0.223913
v 0.013132 0.515693 0.225004
v 0.013432 0.515693 0.227283
v 0.011136 0.514674 0.229027
v 0.008573 0.513934 0.229562
v 0.006251 0.513484 0.228908
v 0.005221 0.513484 0.225062
v 0.006905 0.513934 0.223335
v 0.009392 0.514674 0.222517
v 0.012252 0.515693 0.222880
v 0.014982 0.516973 0.224508
v 0.015347 0.516973 0.227283
v 0.013132 0.515693 0.229562
v 0.010463 0.514674 0.230653
v 0.007849 0.513934 0.230506
v 0.005775 0.513484 0.229274
v 0.004626 0.513484 0.224984
v 0.005806 0.513934 0.222880
v 0.007996 0.514674 0.221446
v 0.010853 0.515693 0.221056
v 0.013911 0.516973 0.221922
v 0.016655 0.518492 0.224059
v 0.017079 0.518492 0.227283
v 0.014982 0.516973 0.230058
v 0.012252 0.515693 0.231686
v 0.009392 0.514674 0.232048
v 0.006905 0.513934 0.231230
v 0.005221 0.513484 0.229503
v 0.004031 0.513484 0.225062
v 0.004626 0.513934 0.222724
v 0.006370 0.514674 0.220773
v 0.009029 0.515693 0.219656
v 0.012207 0.516973 0.219701
v 0.015411 0.518492 0.221056
v 0.018598 0.520224 0.227283
v 0.018122 0.520224 0.223666
v 0.016655 0.518492 0.230506
v 0.013911 0.516973 0.232643
v 0.010853 0.515693 0.233509
v 0.007996 0.514674 0.233120
v 0.005806 0.513934 0.231686
v 0.004626 0.513484 0.229582
v 0.003476 0.513484 0.225292
v 0.003446 0.513934 0.222880
v 0.004626 0.514674 0.220543
v 0.006905 0.515693 0.218777
v 0.009986 0.516973 0.217998
v 0.013432 0.518492 0.218477
v 0.016726 0.520224 0.220296
v 0.019878 0.522139 0.227283
v 0.019359 0.522139 0.223335
v 0.018122 0.520224 0.230899
v 0.015411 0.518492 0.233509
v 0.012207 0.516973 0.234864
v 0.009029 0.515693 0.234909
v 0.006370 0.514674 0.233793
v 0.004626 0.513934 0.231841
v 0.004031 0.513484 0.229503
v 0.003000 0.513484 0.225657
v 0.002347 0.513934 0.223335
v 0.002881 0.514674 0.220773
v 0.004626 0.515693 0.218477
v 0.007401 0.516973 0.216927
v 0.010853 0.518492 0.216498
v 0.014506 0.520224 0.217403
v 0.017835 0.522139 0.219656
v 0.020897 0.524206 0.227283
v 0.020343 0.524206 0.223071
v 0.019359 0.522139 0.231230
v 0.016726 0.520224 0.234269
v 0.013432 0.518492 0.236089
v 0.009986 0.516973 0.236568
v 0.006905 0.515693 0.235789
v 0.004626 0.514674 0.234023
v 0.003446 0.513934 0.231686
v 0.003476 0.513484 0.229274
v 0.002635 0.513484 0.226133
v 0.001403 0.513934 0.224059
v 0.001256 0.514674 0.221446
v 0.002347 0.515693 0.218777
v 0.004626 0.516973 0.216561
v 0.007849 0.518492 0.215253
v 0.011612 0.520224 0.215182
v 0.015411 0.522139 0.216498
v 0.018717 0.524206 0.219147
v 0.021638 0.526387 0.227283
v 0.021058 0.526387 0.222880
v 0.020343 0.524206 0.231494
v 0.017835 0.522139 0.234909
v 0.014506 0.520224 0.237163
v 0.010853 0.518492 0.238068
v 0.007401 0.516973 0.237639
v 0.004626 0.515693 0.236089
v 0.002881 0.514674 0.233793
v 0.002347 0.513934 0.231230
v 0.003000 0.513484 0.228908
v 0.002405 0.513484 0.226688
v 0.000678 0.513934 0.225004
v -0.000140 0.514674 0.222517
v 0.000223 0.515693 0.219656
v 0.001851 0.516973 0.216927
v 0.004626 0.518492 0.214829
v 0.008242 0.520224 0.213786
v 0.012252 0.522139 0.214074
v 0.016132 0.524206 0.215777
v 0.019359 0.526387 0.218777
v 0.022087 0.528647 0.227283
v 0.021492 0.528647 0.222763
v 0.021058 0.526387 0.231686
v 0.018717 0.524206 0.235418
v 0.015411 0.522139 0.238068
v 0.011612 0.520224 0.239383
v 0.007849 0.518492 0.239312
v 0.004626 0.516973 0.238004
v 0.002347 0.515693 0.235789
v 0.001256 0.514674 0.233120
v 0.001403 0.513934 0.230506
v 0.002635 0.513484 0.228432
v 0.002327 0.513484 0.227283
v 0.000223 0.513934 0.226103
v -0.001211 0.514674 0.223913
v -0.001601 0.515693 0.221056
v -0.000735 0.516973 0.217998
v 0.001403 0.518492 0.215253
v 0.004626 0.520224 0.213310
v 0.008573 0.522139 0.212550
v 0.012762 0.524206 0.213191
v 0.016655 0.526387 0.215253
v 0.019748 0.528647 0.218552
v 0.022238 0.530945 0.227283
v 0.021638 0.530945 0.222724
v 0.021492 0.528647 0.231802
v 0.019359 0.526387 0.235789
v 0.016132 0.524206 0.238788
v 0.012252 0.522139 0.240492
v 0.008242 0.520224 0.240779
v 0.004626 0.518492 0.239736
v 0.001851 0.516973 0.237639
v 0.000223 0.515693 0.234909
v -0.000140 0.514674 0.232048
v 0.000678 0.513934 0.229562
v 0.002405 0.513484 0.227878
v 0.000067 0.513934 0.227283
v -0.001884 0.514674 0.225538
v -0.003001 0.515693 0.222880
v -0.002955 0.516973 0.219701
v -0.001601 0.518492 0.216498
v 0.001009 0.520224 0.213786
v 0.004626 0.522139 0.212030
v 0.008837 0.524206 0.211566
v 0.013132 0.526387 0.212550
v 0.016973 0.528647 0.214936
v 0.019878 0.530945 0.218477
v 0.022087 0.533244 0.227283
v 0.021492 0.533244 0.222763
v 0.021638 0.530945 0.231841
v 0.019748 0.528647 0.236013
v 0.016655 0.526387 0.239312
v 0.012762 0.524206 0.241374
v 0.008573 0.522139 0.242015
v 0.004626 0.520224 0.241255
v 0.001403 0.518492 0.239312
v -0.000735 0.516973 0.236568
v -0.001601 0.515693 0.233509
v -0.001211 0.514674 0.230653
v 0.000223 0.513934 0.228462
v -0.002114 0.514674 0.227283
v -0.003880 0.515693 0.225004
v -0.004659 0.516973 0.221922
v -0.004180 0.518492 0.218477
v -0.002361 0.520224 0.215182
v 0.000678 0.522139 0.212550
v 0.004626 0.524206 0.211011
v 0.009029 0.526387 0.210850
v 0.013356 0.528647 0.212161
v 0.017079 0.530945 0.214829
v 0.019748 0.533244 0.218552
v 0.021638 0.535504 0.227283
v 0.021058 0.535504 0.222880
v 0.021492 0.533244 0.231802
v 0.019878 0.530945 0.236089
v 0.016973 0.528647 0.239630
v 0.013132 0.526387 0.242015
v 0.008837 0.524206 0.243000
v 0.004626 0.522139 0.242535
v 0.001009 0.520224 0.240779
v -0.001601 0.518492 0.238068
v -0.002955 0.516973 0.234864
v -0.003001 0.515693 0.231686
v -0.001884 0.514674 0.229027
v -0.004180 0.515693 0.227283
v -0.005730 0.516973 0.224508
v -0.006159 0.518492 0.221056
v -0.005254 0.520224 0.217403
v -0.003001 0.522139 0.214074
v 0.000414 0.524206 0.211566
v 0.004626 0.526387 0.210271
v 0.009145 0.528647 0.210416
v 0.013432 0.530945 0.212030
v 0.016973 0.533244 0.214936
v 0.019359 0.535504 0.218777
v 0.020897 0.537685 0.227283
v 0.020343 0.537685 0.223071
v 0.021058 0.535504 0.231686
v 0.019748 0.533244 0.236013
v 0.017079 0.530945 0.239736
v 0.013356 0.528647 0.242405
v 0.009029 0.526387 0.243715
v 0.004626 0.524206 0.243554
v 0.000678 0.522139 0.242015
v -0.002361 0.520224 0.239383
v -0.004180 0.518492 0.236089
v -0.004659 0.516973 0.232643
v -0.003880 0.515693 0.229562
v -0.006096 0.516973 0.227283
v -0.007403 0.518492 0.224059
v -0.007475 0.520224 0.220296
v -0.006159 0.522139 0.216498
v -0.003510 0.524206 0.213191
v 0.000223 0.526387 0.210850
v 0.004626 0.528647 0.209821
v 0.009184 0.530945 0.210271
v 0.013356 0.533244 0.212161
v 0.016655 0.535504 0.215253
v 0.018717 0.537685 0.219147
v 0.019878 0.539751 0.227283
v 0.019359 0.539751 0.223335
v 0.020343 0.537685 0.231494
v 0.019359 0.535504 0.235789
v 0.016973 0.533244 0.239630
v 0.013432 0.530945 0.242535
v 0.009145 0.528647 0.244149
v 0.004626 0.526387 0.244295
v 0.000414 0.524206 0.243000
v -0.003001 0.522139 0.240492
v -0.005254 0.520224 0.237163
v -0.006159 0.518492 0.233509
v -0.005730 0.516973 0.230058
v -0.007828 0.518492 0.227283
v -0.008871 0.520224 0.223666
v -0.008583 0.522139 0.219656
v -0.006880 0.524206 0.215777
v -0.003880 0.526387 0.212550
v 0.000106 0.528647 0.210416
v 0.004626 0.530945 0.209671
v 0.009145 0.533244 0.210416
v 0.013132 0.535504 0.212550
v 0.016132 0.537685 0.215777
v 0.017835 0.539751 0.219656
v 0.018598 0.541667 0.227283
v 0.018122 0.541667 0.223666
v 0.019359 0.539751 0.231230
v 0.018717 0.537685 0.235418
v 0.016655 0.535504 0.239312
v 0.013356 0.533244 0.242405
v 0.009184 0.530945 0.244295
v 0.004626 0.528647 0.244744
v 0.000223 0.526387 0.243715
v -0.003510 0.524206 0.241374
v -0.006159 0.522139 0.238068
v -0.007475 0.520224 0.234269
v -0.007403 0.518492 0.230506
v -0.009347 0.520224 0.227283
v -0.010107 0.522139 0.223335
v -0.009466 0.524206 0.219147
v -0.007403 0.526387 0.215253
v -0.004105 0.528647 0.212161
v 0.000067 0.530945 0.210271
v 0.004626 0.533244 0.209821
v 0.009029 0.535504 0.210850
v 0.012762 0.537685 0.213191
v 0.015411 0.539751 0.216498
v 0.016726 0.541667 0.220296
v 0.017079 0.543399 0.227283
v 0.016655 0.543399 0.224059
v 0.018122 0.541667 0.230899
v 0.017835 0.539751 0.234909
v 0.016132 0.537685 0.238788
v 0.013132 0.535504 0.242015
v 0.009145 0.533244 0.244149
v 0.004626 0.530945 0.244895
v 0.000106 0.528647 0.244149
v -0.003880 0.526387 0.242015
v -0.006880 0.524206 0.238788
v -0.008583 0.522139 0.234909
v -0.008871 0.520224 0.230899
v -0.010627 0.522139 0.227283
v -0.011091 0.524206 0.223071
v -0.010107 0.526387 0.218777
v -0.007721 0.528647 0.214936
v -0.004180 0.530945 0.212030
v 0.000106 0.533244 0.210416
v 0.004626 0.535504 0.210271
v 0.008837 0.537685 0.211566
v 0.012252 0.539751 0.214074
v 0.014506 0.541667 0.217403
v 0.015411 0.543399 0.221056
v 0.015347 0.544918 0.227283
v 0.014982 0.544918 0.224508
v 0.016655 0.543399 0.230506
v 0.016726 0.541667 0.234269
v 0.015411 0.539751 0.238068
v 0.012762 0.537685 0.241374
v 0.009029 0.535504 0.243715
v 0.004626 0.533244 0.244744
v 0.000067 0.530945 0.244295
v -0.004105 0.528647 0.242405
v -0.007403 0.526387 0.239312
v -0.009466 0.524206 0.235418
v -0.010107 0.522139 0.231230
v -0.011646 0.524206 0.227283
v -0.011806 0.526387 0.222880
v -0.010496 0.528647 0.218552
v -0.007828 0.530945 0.214829
v -0.004105 0.533244 0.212161
v 0.000223 0.535504 0.210850
v 0.004626 0.537685 0.211011
v 0.008573 0.539751 0.212550
v 0.011612 0.541667 0.215182
v 0.013432 0.543399 0.218477
v 0.013911 0.544918 0.221922
v 0.013432 0.546198 0.227283
v 0.013132 0.546198 0.225004
v 0.014982 0.544918 0.230058
v 0.015411 0.543399 0.233509
v 0.014506 0.541667 0.237163
v 0.012252 0.539751 0.240492
v 0.008837 0.537685 0.243000
v 0.004626 0.535504 0.244295
v 0.000106 0.533244 0.244149
v -0.004180 0.530945 0.242535
v -0.007721 0.528647 0.239630
v -0.010107 0.526387 0.235789
v -0.011091 0.524206 0.231494
v -0.012386 0.526387 0.227283
v -0.012241 0.528647 0.222763
v -0.010627 0.530945 0.218477
v -0.007721 0.533244 0.214936
v -0.003880 0.535504 0.212550
v 0.000414 0.537685 0.211566
v 0.004626 0.539751 0.212030
v 0.008242 0.541667 0.213786
v 0.010853 0.543399 0.216498
v 0.012207 0.544918 0.219701
v 0.012252 0.546198 0.222880
v 0.011366 0.547217 0.227283
v 0.011136 0.547217 0.225538
v 0.013132 0.546198 0.229562
v 0.013911 0.544918 0.232643
v 0.013432 0.543399 0.236089
v 0.011612 0.541667 0.239383
v 0.008573 0.539751 0.242015
v 0.004626 0.537685 0.243554
v 0.000223 0.535504 0.243715
v -0.004105 0.533244 0.242405
v -0.007828 0.530945 0.239736
v -0.010496 0.528647 0.236013
v -0.011806 0.526387 0.231686
v -0.012836 0.528647 0.227283
v -0.012386 0.530945 0.222724
v -0.010496 0.533244 0.218552
v -0.007403 0.535504 0.215253
v -0.003510 0.537685 0.213191
v 0.000678 0.539751 0.212550
v 0.004626 0.541667 0.213310
v 0.007849 0.543399 0.215253
v 0.009986 0.544918 0.217998
v 0.010853 0.546198 0.221056
v 0.010463 0.547217 0.223913
v 0.009184 0.547957 0.227283
v 0.009029 0.547957 0.226103
v 0.011136 0.547217 0.229027
v 0.012252 0.546198 0.231686
v 0.012207 0.544918 0.234864
v 0.010853 0.543399 0.238068
v 0.008242 0.541667 0.240779
v 0.004626 0.539751 0.242535
v 0.000414 0.537685 0.243000
v -0.003880 0.535504 0.242015
v -0.007721 0.533244 0.239630
v -0.010627 0.530945 0.236089
v -0.012241 0.528647 0.231802
v -0.012986 0.530945 0.227283
v -0.012241 0.533244 0.222763
v -0.010107 0.535504 0.218777
v -0.006880 0.537685 0.215777
v -0.003001 0.539751 0.214074
v 0.001009 0.541667 0.213786
v 0.004626 0.543399 0.214829
v 0.007401 0.544918 0.216927
v 0.009029 0.546198 0.219656
v 0.009392 0.547217 0.222517
v 0.008573 0.547957 0.225004
v 0.006925 0.548407 0.227283
v 0.006846 0.548407 0.226688
v 0.009029 0.547957 0.228462
v 0.010463 0.547217 0.230653
v 0.010853 0.546198 0.233509
v 0.009986 0.544918 0.236568
v 0.007849 0.543399 0.239312
v 0.004626 0.541667 0.241255
v 0.000678 0.539751 0.242015
v -0.003510 0.537685 0.241374
v -0.007403 0.535504 0.239312
v -0.010496 0.533244 0.236013
v -0.012386 0.530945 0.231841
v -0.012836 0.533244 0.227283
v -0.011806 0.535504 0.222880
v -0.009466 0.537685 0.219147
v -0.006159 0.539751 0.216498
v -0.002361 0.541667 0.215182
v 0.001403 0.543399 0.215253
v 0.004626 0.544918 0.216561
v 0.006905 0.546198 0.218777
v 0.007996 0.547217 0.221446
v 0.007849 0.547957 0.224059
v 0.006617 0.548407 0.226133
v 0.004626 0.548557 0.227283
v 0.006846 0.548407 0.227878
v 0.008573 0.547957 0.229562
v 0.009392 0.547217 0.232048
v 0.009029 0.546198 0.234909
v 0.007401 0.544918 0.237639
v 0.004626 0.543399 0.239736
v 0.001009 0.541667 0.240779
v -0.003001 0.539751 0.240492
v -0.006880 0.537685 0.238788
v -0.010107 0.535504 0.235789
v -0.012241 0.533244 0.231802
v -0.012386 0.535504 0.227283
v -0.011091 0.537685 0.223071
v -0.008583 0.539751 0.219656
v -0.005254 0.541667 0.217403
v -0.001601 0.543399 0.216498
v 0.001851 0.544918 0.216927
v 0.004626 0.546198 0.218477
v 0.006370 0.547217 0.220773
v 0.006905 0.547957 0.223335
v 0.006251 0.548407 0.225657
v 0.006617 0.548407 0.228432
v 0.007849 0.547957 0.230506
v 0.007996 0.547217 0.233120
v 0.006905 0.546198 0.235789
v 0.004626 0.544918 0.238004
v 0.001403 0.543399 0.239312
v -0.002361 0.541667 0.239383
v -0.006159 0.539751 0.238068
v -0.009466 0.537685 0.235418
v -0.011806 0.535504 0.231686
v -0.011646 0.537685 0.227283
v -0.010107 0.539751 0.223335
v -0.007475 0.541667 0.220296
v -0.004180 0.543399 0.218477
v -0.000735 0.544918 0.217998
v 0.002347 0.546198 0.218777
v 0.004626 0.547217 0.220543
v 0.005806 0.547957 0.222880
v 0.005775 0.548407 0.225292
v 0.006251 0.548407 0.228908
v 0.006905 0.547957 0.231230
v 0.006370 0.547217 0.233793
v 0.004626 0.546198 0.236089
v 0.001851 0.544918 0.237639
v -0.001601 0.543399 0.238068
v -0.005254 0.541667 0.237163
v -0.008583 0.539751 0.234909
v -0.011091 0.537685 0.231494
v -0.010627 0.539751 0.227283
v -0.008871 0.541667 0.223666
v -0.006159 0.543399 0.221056
v -0.002955 0.544918 0.219701
v 0.000223 0.546198 0.219656
v 0.002881 0.547217 0.220773
v 0.004626 0.547957 0.222724
v 0.005221 0.548407 0.225062
v 0.005775 0.548407 0.229274
v 0.005806 0.547957 0.231686
v 0.004626 0.547217 0.234023
v 0.002347 0.546198 0.235789
v -0.000735 0.544918 0.236568
v -0.004180 0.543399 0.236089
v -0.007475 0.541667 0.234269
v -0.010107 0.539751 0.231230
v -0.009347 0.541667 0.227283
v -0.007403 0.543399 0.224059
v -0.004659 0.544918 0.221922
v -0.001601 0.546198 0.221056
v 0.001256 0.547217 0.221446
v 0.003446 0.547957 0.222880
v 0.004626 0.548407 0.224984
v 0.005221 0.548407 0.229503
v 0.004626 0.547957 0.231841
v 0.002881 0.547217 0.233793
v 0.000223 0.546198 0.234909
v -0.002955 0.544918 0.234864
v -0.006159 0.543399 0.233509
v -0.008871 0.541667 0.230899
v -0.007828 0.543399 0.227283
v -0.005730 0.544918 0.224508
v -0.003001 0.546198 0.222880
v -0.000140 0.547217 0.222517
v 0.002347 0.547957 0.223335
v 0.004031 0.548407 0.225062
v 0.004626 0.548407 0.229582
v 0.003446 0.547957 0.231686
v 0.001256 0.547217 0.233120
v -0.001601 0.546198 0.233509
v -0.004659 0.544918 0.232643
v -0.007403 0.543399 0.230506
v -0.006096 0.544918 0.227283
v -0.003880 0.546198 0.225004
v -0.001211 0.547217 0.223913
v 0.001403 0.547957 0.224059
v 0.003476 0.548407 0.225292
v 0.004031 0.548407 0.229503
v 0.002347 0.547957 0.231230
v -0.000140 0.547217 0.232048
v -0.003001 0.546198 0.231686
v -0.005730 0.544918 0.230058
v -0.004180 0.546198 0.227283
v -0.001884 0.547217 0.225538
v 0.000678 0.547957 0.225004
v 0.003000 0.548407 0.225657
v 0.003476 0.548407 0.229274
v 0.001403 0.547957 0.230506
v -0.001211 0.547217 0.230653
v -0.003880 0.546198 0.229562
v -0.002114 0.547217 0.227283
v 0.000223 0.547957 0.226103
v 0.002635 0.548407 0.226133
v 0.003000 0.548407 0.228908
v 0.000678 0.547957 0.229562
v -0.001884 0.547217 0.229027
v 0.000067 0.547957 0.227283
v 0.002405 0.548407 0.226688
v 0.002635 0.548407 0.228432
v 0.000223 0.547957 0.228462
v 0.002327 0.548407 0.227283
v 0.002405 0.548407 0.227878
v -0.003076 0.526874 0.231394
v -0.004050 0.527643 0.230529
v -0.003379 0.527071 0.231588
v -0.002244 0.525924 0.232244
v -0.002843 0.526723 0.231141
v -0.003733 0.527300 0.231711
v -0.002846 0.526314 0.232630
v -0.002696 0.526628 0.230846
v -0.004112 0.527546 0.231752
v -0.001782 0.525624 0.231742
v -0.002464 0.525377 0.233637
v -0.002646 0.526596 0.230529
v -0.003548 0.526769 0.232872
v -0.004300 0.527257 0.232955
v -0.004492 0.527792 0.231711
v -0.001573 0.524799 0.233067
v -0.001492 0.525436 0.231157
v -0.002696 0.526628 0.230213
v -0.005053 0.527745 0.232872
v -0.004845 0.528022 0.231588
v -0.000889 0.524356 0.232324
v -0.001076 0.523506 0.233851
v -0.003501 0.526050 0.233996
v -0.001393 0.525372 0.230529
v -0.002843 0.526723 0.229918
v -0.005728 0.527493 0.233996
v -0.005754 0.528199 0.232630
v -0.005149 0.528218 0.231394
v -0.000181 0.522926 0.232878
v -0.002242 0.524262 0.234598
v -0.003601 0.525143 0.235067
v -0.000459 0.524077 0.231458
v -0.001492 0.525436 0.229901
v -0.003076 0.526874 0.229664
v -0.004615 0.526771 0.234118
v -0.006766 0.528166 0.233637
v -0.006356 0.528589 0.232244
v -0.005382 0.528369 0.231141
v 0.000382 0.522561 0.231745
v -0.000765 0.522046 0.234590
v 0.000329 0.521337 0.233401
v -0.005058 0.526088 0.235227
v -0.000313 0.523982 0.230529
v -0.001782 0.525624 0.229316
v -0.003379 0.527071 0.229470
v -0.006516 0.527032 0.235067
v -0.007657 0.528744 0.233067
v -0.006818 0.528889 0.231742
v -0.005528 0.528464 0.230846
v -0.003851 0.524047 0.236076
v -0.002190 0.522970 0.235503
v -0.005632 0.525202 0.236272
v -0.000459 0.524077 0.229600
v -0.002244 0.525924 0.228814
v -0.003733 0.527300 0.229348
v -0.007874 0.527913 0.234598
v -0.009040 0.528669 0.233851
v -0.008340 0.529187 0.232324
v -0.005578 0.528497 0.230529
v 0.001017 0.520891 0.232016
v -0.002314 0.521503 0.236345
v 0.000633 0.519592 0.233887
v 0.000574 0.522436 0.230529
v 0.000382 0.522561 0.229313
v -0.000889 0.524356 0.228735
v -0.001573 0.524799 0.227991
v -0.002846 0.526314 0.228429
v -0.004112 0.527546 0.229306
v -0.009074 0.527433 0.235503
v -0.009935 0.529250 0.232878
v -0.007109 0.529077 0.231157
v -0.005528 0.528464 0.230213
v 0.001251 0.520739 0.230529
v -0.004255 0.522761 0.237016
v -0.000646 0.520422 0.235278
v -0.007414 0.526357 0.236076
v -0.003548 0.526769 0.228186
v -0.004492 0.527792 0.229348
v -0.010500 0.528358 0.234590
v -0.011594 0.529067 0.233401
v -0.008770 0.529465 0.231458
v -0.007208 0.529142 0.230529
v -0.007109 0.529077 0.229901
v -0.005382 0.528369 0.229918
v 0.001437 0.519071 0.232267
v -0.006339 0.524112 0.237245
v -0.004815 0.521287 0.237885
v -0.000723 0.518634 0.235914
v 0.000728 0.517694 0.234337
v -0.000181 0.522926 0.228180
v -0.002464 0.525377 0.227421
v -0.003501 0.526050 0.227063
v -0.004300 0.527257 0.228104
v -0.004845 0.528022 0.229470
v -0.010364 0.526722 0.236345
v -0.012282 0.529513 0.232016
v -0.010498 0.529614 0.231745
v -0.006818 0.528889 0.229316
v -0.005149 0.528218 0.229664
v 0.001712 0.518893 0.230529
v -0.007177 0.522819 0.238144
v -0.002613 0.519860 0.237124
v -0.008422 0.525463 0.237016
v 0.001017 0.520891 0.229043
v -0.001076 0.523506 0.227207
v -0.005053 0.527745 0.228186
v -0.012031 0.527803 0.235278
v -0.013311 0.528632 0.233887
v -0.008917 0.529560 0.230529
v -0.008770 0.529465 0.229600
v -0.006356 0.528589 0.228814
v 0.001640 0.517102 0.232500
v -0.005528 0.519628 0.238680
v -0.003088 0.518046 0.237837
v -0.000994 0.516688 0.236496
v 0.000614 0.515646 0.234748
v 0.000329 0.521337 0.227658
v -0.002242 0.524262 0.226460
v -0.004615 0.526771 0.226940
v -0.005728 0.527493 0.227063
v -0.005754 0.528199 0.228429
v -0.011741 0.525778 0.237124
v -0.013632 0.527003 0.235914
v -0.014115 0.529154 0.232267
v -0.010690 0.529739 0.230529
v -0.008340 0.529187 0.228735
v -0.007657 0.528744 0.227991
v 0.001951 0.516901 0.230529
v 0.001437 0.519071 0.228791
v -0.009540 0.524350 0.237885
v -0.008146 0.521325 0.238967
v -0.000765 0.522046 0.226468
v -0.003601 0.525143 0.225991
v -0.015083 0.527944 0.234337
v -0.014389 0.529331 0.230529
v -0.012516 0.529665 0.230529
v -0.010498 0.529614 0.229313
v -0.009935 0.529250 0.228180
v -0.006766 0.528166 0.227421
v 0.001624 0.514991 0.232713
v 0.001969 0.514768 0.230529
v -0.010764 0.523022 0.238680
v -0.009239 0.519639 0.239712
v -0.006390 0.517792 0.239399
v -0.003735 0.516071 0.238482
v -0.001455 0.514593 0.237022
v 0.000633 0.519592 0.227171
v -0.000646 0.520422 0.225780
v -0.002190 0.522970 0.225556
v -0.003851 0.524047 0.224982
v -0.005058 0.526088 0.225831
v -0.006516 0.527032 0.225991
v -0.013203 0.524604 0.237837
v -0.016905 0.527004 0.234748
v -0.015994 0.528535 0.232500
v -0.012282 0.529513 0.229043
v -0.009040 0.528669 0.227207
v -0.007874 0.527913 0.226460
v 0.001394 0.512746 0.232906
v 0.001640 0.517102 0.228558
v -0.012088 0.521486 0.239399
v 0.000294 0.513459 0.235121
v -0.002314 0.521503 0.224713
v -0.005632 0.525202 0.224786
v -0.015298 0.525962 0.236496
v -0.014115 0.529154 0.228791
v -0.016305 0.528737 0.230529
v -0.011594 0.529067 0.227658
v -0.010500 0.528358 0.226468
v 0.001769 0.512503 0.230529
v 0.001624 0.514991 0.228345
v -0.014742 0.523207 0.238482
v -0.007393 0.515796 0.240038
v -0.013501 0.519756 0.240038
v -0.004547 0.513951 0.239054
v -0.002103 0.512366 0.237490
v 0.000728 0.517694 0.226722
v -0.000723 0.518634 0.225145
v -0.006339 0.524112 0.223813
v -0.007414 0.526357 0.224982
v -0.009074 0.527433 0.225556
v -0.017022 0.524686 0.237022
v -0.017916 0.527659 0.232713
v -0.015994 0.528535 0.228558
v -0.013311 0.528632 0.227171
v 0.000951 0.510386 0.233077
v 0.001394 0.512746 0.228152
v 0.000614 0.515646 0.226310
v -0.016347 0.521601 0.239054
v -0.010447 0.517776 0.240373
v -0.000228 0.511151 0.235451
v -0.002613 0.519860 0.223934
v -0.004255 0.522761 0.224042
v -0.018771 0.525820 0.235121
v -0.019871 0.526533 0.232906
v -0.015083 0.527944 0.226722
v -0.017916 0.527659 0.228345
v -0.018260 0.527882 0.230529
v -0.012031 0.527803 0.225780
v -0.010364 0.526722 0.224713
v 0.001353 0.510126 0.230529
v -0.018791 0.523185 0.237490
v -0.011757 0.515755 0.240939
v -0.005518 0.511710 0.239545
v -0.014987 0.517848 0.240585
v -0.017996 0.519800 0.239545
v -0.002933 0.510034 0.237890
v -0.000950 0.508748 0.235734
v -0.000994 0.516688 0.224563
v -0.008422 0.525463 0.224042
v -0.007177 0.522819 0.222914
v -0.020666 0.524401 0.235451
v -0.020246 0.526776 0.230529
v -0.016905 0.527004 0.226310
v -0.013632 0.527003 0.225145
v 0.000297 0.507940 0.233224
v 0.000951 0.510386 0.227981
v 0.000294 0.513459 0.225938
v -0.020581 0.521475 0.237890
v -0.008527 0.513661 0.240585
v -0.003088 0.518046 0.223222
v -0.004815 0.521287 0.223174
v -0.021845 0.525165 0.233077
v -0.015298 0.525962 0.224563
v -0.019871 0.526533 0.228152
v -0.018771 0.525820 0.225938
v -0.009540 0.524350 0.223174
v 0.000722 0.507664 0.230529
v 0.000297 0.507940 0.227835
v -0.022564 0.522761 0.235734
v -0.013152 0.513603 0.241394
v -0.016523 0.515789 0.241024
v -0.003942 0.507633 0.238212
v -0.006640 0.509382 0.239939
v -0.019664 0.517825 0.239939
v -0.022361 0.519574 0.238212
v -0.001873 0.506291 0.235962
v -0.003735 0.516071 0.222577
v -0.005528 0.519628 0.222379
v -0.022247 0.525426 0.230529
v -0.017022 0.524686 0.224036
v -0.021845 0.525165 0.227981
v -0.011741 0.525778 0.223934
v -0.000572 0.505448 0.233341
v -0.000950 0.508748 0.225324
v -0.000228 0.511151 0.225607
v -0.001455 0.514593 0.224036
v -0.024431 0.520916 0.235962
v -0.009781 0.511418 0.241024
v -0.010764 0.523022 0.222379
v -0.008146 0.521325 0.222091
v -0.023811 0.523569 0.233224
v -0.014742 0.523207 0.222577
v -0.020666 0.524401 0.225607
v -0.013203 0.524604 0.223222
v -0.000128 0.505160 0.230529
v -0.000572 0.505448 0.227717
v -0.001873 0.506291 0.225097
v -0.014608 0.511357 0.241714
v -0.021312 0.515703 0.240215
v -0.002998 0.503829 0.236121
v -0.007905 0.507011 0.240215
v -0.024088 0.517503 0.238438
v -0.026219 0.518884 0.236121
v -0.002103 0.512366 0.223569
v -0.006390 0.517792 0.221659
v -0.023811 0.523569 0.227835
v -0.024236 0.523845 0.230529
v -0.016347 0.521601 0.222004
v -0.018791 0.523185 0.223569
v -0.022564 0.522761 0.225324
v -0.001202 0.502665 0.230529
v -0.003942 0.507633 0.222846
v -0.025732 0.521759 0.233341
v -0.011138 0.509107 0.241332
v -0.018078 0.513606 0.241332
v -0.005128 0.505211 0.238438
v -0.004547 0.513951 0.222004
v -0.007393 0.515796 0.221021
v -0.012088 0.521486 0.221659
v -0.009239 0.519639 0.221346
v -0.013501 0.519756 0.221021
v -0.020581 0.521475 0.223168
v -0.001658 0.502961 0.233424
v -0.001658 0.502961 0.227634
v -0.002998 0.503829 0.224937
v -0.002933 0.510034 0.223168
v -0.012583 0.506774 0.241482
v -0.019618 0.511336 0.241482
v -0.022897 0.513461 0.240349
v -0.006489 0.502824 0.238547
v -0.027872 0.516687 0.236199
v -0.027558 0.519752 0.233424
v -0.025732 0.521759 0.227717
v -0.024431 0.520916 0.225097
v -0.026176 0.522047 0.230529
v -0.017996 0.519800 0.221514
v -0.022361 0.519574 0.222846
v -0.002971 0.500543 0.233464
v -0.005128 0.505211 0.222621
v -0.005518 0.511710 0.221514
v -0.016100 0.509055 0.241868
v -0.025712 0.515286 0.238547
v -0.004329 0.501424 0.236199
v -0.009304 0.504649 0.240349
v -0.029230 0.517567 0.233464
v -0.010447 0.517776 0.220685
v -0.014987 0.517848 0.220474
v -0.019664 0.517825 0.221120
v -0.002508 0.500243 0.230529
v -0.002971 0.500543 0.227594
v -0.004329 0.501424 0.224860
v -0.007905 0.507011 0.220843
v -0.006640 0.509382 0.221120
v -0.014093 0.504473 0.241442
v -0.017598 0.506745 0.241827
v -0.024369 0.511135 0.240313
v -0.008022 0.500537 0.238518
v -0.010827 0.502355 0.240313
v -0.027174 0.512954 0.238518
v -0.029326 0.514349 0.236178
v -0.028015 0.520048 0.230529
v -0.008527 0.513661 0.220474
v -0.011757 0.515755 0.220119
v -0.027558 0.519752 0.227634
v -0.026219 0.518884 0.224937
v -0.024088 0.517503 0.222621
v -0.016523 0.515789 0.220034
v -0.004517 0.498265 0.233453
v -0.006489 0.502824 0.222511
v -0.021103 0.509018 0.241442
v -0.005870 0.499142 0.236178
v -0.030679 0.515226 0.233453
v -0.029693 0.517867 0.230529
v -0.013152 0.513603 0.219664
v -0.021312 0.515703 0.220843
v -0.004055 0.497965 0.230529
v -0.004517 0.498265 0.227605
v -0.008022 0.500537 0.222540
v -0.009304 0.504649 0.220709
v -0.009781 0.511418 0.220034
v -0.019068 0.504478 0.241557
v -0.012458 0.500193 0.240080
v -0.022489 0.506696 0.241182
v -0.028415 0.510538 0.238327
v -0.009720 0.498418 0.238327
v -0.007619 0.497056 0.236043
v -0.031141 0.515525 0.230529
v -0.031837 0.512756 0.233384
v -0.027872 0.516687 0.224860
v -0.025712 0.515286 0.222511
v -0.014608 0.511357 0.219345
v -0.018078 0.513606 0.219726
v -0.022897 0.513461 0.220709
v -0.005848 0.495908 0.230529
v -0.005870 0.499142 0.224880
v -0.010827 0.502355 0.220745
v -0.011138 0.509107 0.219726
v -0.015646 0.502260 0.241182
v -0.025678 0.508763 0.240080
v -0.030516 0.511900 0.236043
v -0.029230 0.517567 0.227594
v -0.030679 0.515226 0.227605
v -0.006299 0.496200 0.233384
v -0.006299 0.496200 0.227675
v -0.009720 0.498418 0.222731
v -0.012583 0.506774 0.219576
v -0.017216 0.500194 0.240675
v -0.023734 0.504420 0.240675
v -0.011572 0.496535 0.237957
v -0.014180 0.498226 0.239626
v -0.029379 0.508079 0.237957
v -0.009571 0.495238 0.235781
v -0.031379 0.509376 0.235781
v -0.032287 0.513048 0.230529
v -0.031837 0.512756 0.227675
v -0.029326 0.514349 0.224880
v -0.027174 0.512954 0.222540
v -0.024369 0.511135 0.220745
v -0.019618 0.511336 0.219576
v -0.007884 0.494144 0.230529
v -0.007619 0.497056 0.225015
v -0.012458 0.500193 0.220978
v -0.014093 0.504473 0.219616
v -0.020475 0.502307 0.241033
v -0.026771 0.506389 0.239626
v -0.032637 0.510192 0.233248
v -0.030516 0.511900 0.225015
v -0.021103 0.509018 0.219616
v -0.016100 0.509055 0.219190
v -0.008313 0.494422 0.233248
v -0.008313 0.494422 0.227811
v -0.009571 0.495238 0.225277
v -0.014180 0.498226 0.221433
v -0.018773 0.498335 0.239905
v -0.024796 0.502239 0.239905
v -0.011708 0.493754 0.235383
v -0.013557 0.494953 0.237393
v -0.027603 0.504059 0.238936
v -0.031862 0.506820 0.235383
v -0.033066 0.510470 0.230529
v -0.031379 0.509376 0.225277
v -0.025678 0.508763 0.220978
v -0.022489 0.506696 0.219877
v -0.010546 0.493000 0.233042
v -0.010149 0.492743 0.230529
v -0.011572 0.496535 0.223102
v -0.017216 0.500194 0.220383
v -0.015646 0.502260 0.219877
v -0.017598 0.506745 0.219231
v -0.021785 0.500287 0.240236
v -0.015967 0.496515 0.238936
v -0.030013 0.505621 0.237393
v -0.032637 0.510192 0.227811
v -0.033024 0.507573 0.233042
v -0.029379 0.508079 0.223102
v -0.028415 0.510538 0.222731
v -0.019068 0.504478 0.219501
v -0.010546 0.493000 0.228017
v -0.011708 0.493754 0.225676
v -0.013557 0.494953 0.223665
v -0.015967 0.496515 0.222123
v -0.022963 0.498471 0.239161
v -0.020285 0.496734 0.238867
v -0.025640 0.500207 0.238867
v -0.028136 0.501825 0.238004
v -0.014002 0.492661 0.234845
v -0.017789 0.495117 0.238004
v -0.030279 0.503214 0.236633
v -0.031923 0.504280 0.234845
v -0.033421 0.507831 0.230529
v -0.033024 0.507573 0.228017
v -0.030013 0.505621 0.223665
v -0.026771 0.506389 0.221433
v -0.023734 0.504420 0.220383
v -0.020475 0.502307 0.220025
v -0.012968 0.491991 0.232763
v -0.012616 0.491763 0.230529
v -0.018773 0.498335 0.221153
v -0.015646 0.493727 0.236633
v -0.032957 0.504950 0.232763
v -0.031862 0.506820 0.225676
v -0.012968 0.491991 0.228295
v -0.014002 0.492661 0.226213
v -0.015646 0.493727 0.224426
v -0.017789 0.495117 0.223054
v -0.021785 0.500287 0.220822
v -0.023976 0.496908 0.237818
v -0.026237 0.498374 0.237569
v -0.021715 0.495442 0.237569
v -0.028344 0.499740 0.236841
v -0.030153 0.500913 0.235683
v -0.016410 0.492003 0.234173
v -0.017798 0.492903 0.235683
v -0.031542 0.501813 0.234173
v -0.032957 0.504950 0.228295
v -0.033309 0.505179 0.230529
v -0.030279 0.503214 0.224426
v -0.027603 0.504059 0.222123
v -0.015537 0.491437 0.232416
v -0.015239 0.491244 0.230529
v -0.020285 0.496734 0.222192
v -0.019607 0.494076 0.236841
v -0.032415 0.502379 0.232416
v -0.031923 0.504280 0.226213
v -0.028136 0.501825 0.223054
v -0.024796 0.502239 0.221153
v -0.015537 0.491437 0.228643
v -0.016410 0.492003 0.226885
v -0.017798 0.492903 0.225376
v -0.021715 0.495442 0.223489
v -0.022963 0.498471 0.221898
v -0.023027 0.494495 0.236039
v -0.026566 0.496789 0.236039
v -0.028215 0.497859 0.235469
v -0.029631 0.498777 0.234562
v -0.018875 0.491804 0.233381
v -0.019962 0.492508 0.234562
v -0.032415 0.502379 0.228643
v -0.032712 0.502572 0.230529
v -0.031400 0.499924 0.232005
v -0.030153 0.500913 0.225376
v -0.028344 0.499740 0.224217
v -0.025640 0.500207 0.222192
v -0.018192 0.491361 0.232005
v -0.017959 0.491210 0.230529
v -0.019607 0.494076 0.224217
v -0.024796 0.495642 0.236233
v -0.021378 0.493426 0.235469
v -0.030717 0.499481 0.233381
v -0.031633 0.500075 0.230529
v -0.031542 0.501813 0.226885
v -0.026237 0.498374 0.223489
v -0.018192 0.491361 0.229053
v -0.018875 0.491804 0.227677
v -0.021378 0.493426 0.225590
v -0.023976 0.496908 0.223241
v -0.025400 0.494711 0.234450
v -0.026616 0.495499 0.234316
v -0.023050 0.493187 0.233925
v -0.028723 0.496865 0.233302
v -0.022077 0.492556 0.233302
v -0.029940 0.497654 0.231544
v -0.030717 0.499481 0.227677
v -0.029631 0.498777 0.226496
v -0.026566 0.496789 0.225020
v -0.021330 0.492072 0.232490
v -0.020860 0.491768 0.231544
v -0.020860 0.491768 0.229514
v -0.019962 0.492508 0.226496
v -0.023027 0.494495 0.225020
v -0.024796 0.495642 0.224825
v -0.024184 0.493922 0.234316
v -0.027750 0.496234 0.233925
v -0.029470 0.497350 0.232490
v -0.031400 0.499924 0.229053
v -0.030100 0.497758 0.230529
v -0.028215 0.497859 0.225590
v -0.020700 0.491664 0.230529
v -0.021330 0.492072 0.228569
v -0.022077 0.492556 0.227757
v -0.023050 0.493187 0.227134
v -0.025150 0.493739 0.232458
v -0.026389 0.494542 0.232458
v -0.026967 0.494917 0.232259
v -0.024573 0.493365 0.232259
v -0.027462 0.495238 0.231941
v -0.023697 0.492797 0.231528
v -0.029940 0.497654 0.229514
v -0.028082 0.495640 0.231046
v -0.029470 0.497350 0.228569
v -0.028723 0.496865 0.227757
v -0.027750 0.496234 0.227134
v -0.026616 0.495499 0.226742
v -0.023457 0.492642 0.231046
v -0.023376 0.492589 0.230529
v -0.024184 0.493922 0.226742
v -0.025400 0.494711 0.226608
v -0.025770 0.494141 0.232526
v -0.024077 0.493043 0.231941
v -0.027843 0.495485 0.231528
v -0.028082 0.495640 0.230012
v -0.028164 0.495693 0.230529
v -0.023457 0.492642 0.230012
v -0.023697 0.492797 0.229531
v -0.024573 0.493365 0.228800
v -0.025894 0.493949 0.230529
v -0.027843 0.495485 0.229531
v -0.026967 0.494917 0.228800
v -0.026389 0.494542 0.228600
v -0.025770 0.494141 0.228532
v -0.024077 0.493043 0.229117
v -0.025150 0.493739 0.228600
v -0.027462 0.495238 0.229117
v 0.012626 0.527071 0.231588
v 0.013297 0.527643 0.230529
v 0.012322 0.526874 0.231394
v 0.011491 0.525924 0.232244
v 0.012089 0.526723 0.231141
v 0.012980 0.527300 0.231711
v 0.012093 0.526314 0.232630
v 0.011943 0.526628 0.230846
v 0.013359 0.527546 0.231752
v 0.011029 0.525624 0.231742
v 0.011710 0.525377 0.233637
v 0.011893 0.526596 0.230529
v 0.012794 0.526769 0.232872
v 0.013547 0.527257 0.232955
v 0.013738 0.527792 0.231711
v 0.010819 0.524799 0.233067
v 0.010738 0.525436 0.231157
v 0.011943 0.526628 0.230213
v 0.014299 0.527745 0.232872
v 0.014092 0.528022 0.231588
v 0.010136 0.524356 0.232324
v 0.010322 0.523506 0.233851
v 0.012748 0.526050 0.233996
v 0.010639 0.525372 0.230529
v 0.012089 0.526723 0.229918
v 0.014975 0.527493 0.233996
v 0.015000 0.528199 0.232630
v 0.014396 0.528218 0.231394
v 0.009427 0.522926 0.232878
v 0.011489 0.524262 0.234598
v 0.012847 0.525143 0.235067
v 0.009706 0.524077 0.231458
v 0.010738 0.525436 0.229901
v 0.012322 0.526874 0.229664
v 0.013861 0.526771 0.234118
v 0.016012 0.528166 0.233637
v 0.015603 0.528589 0.232244
v 0.014629 0.528369 0.231141
v 0.008865 0.522561 0.231745
v 0.010011 0.522046 0.234590
v 0.008917 0.521337 0.233401
v 0.014305 0.526088 0.235227
v 0.009559 0.523982 0.230529
v 0.011029 0.525624 0.229316
v 0.012626 0.527071 0.229470
v 0.015762 0.527032 0.235067
v 0.016903 0.528744 0.233067
v 0.016065 0.528889 0.231742
v 0.014775 0.528464 0.230846
v 0.013097 0.524047 0.236076
v 0.011437 0.522970 0.235503
v 0.014879 0.525202 0.236272
v 0.009706 0.524077 0.229600
v 0.011491 0.525924 0.228814
v 0.012980 0.527300 0.229348
v 0.017121 0.527913 0.234598
v 0.018287 0.528669 0.233851
v 0.017587 0.529187 0.232324
v 0.014825 0.528497 0.230529
v 0.008230 0.520891 0.232016
v 0.011560 0.521503 0.236345
v 0.008613 0.519592 0.233887
v 0.008673 0.522436 0.230529
v 0.008865 0.522561 0.229313
v 0.010136 0.524356 0.228735
v 0.010819 0.524799 0.227991
v 0.012093 0.526314 0.228429
v 0.013359 0.527546 0.229306
v 0.018321 0.527433 0.235503
v 0.019182 0.529250 0.232878
v 0.016355 0.529077 0.231157
v 0.014775 0.528464 0.230213
v 0.007995 0.520739 0.230529
v 0.013502 0.522761 0.237016
v 0.009893 0.520422 0.235278
v 0.016661 0.526357 0.236076
v 0.012794 0.526769 0.228186
v 0.013738 0.527792 0.229348
v 0.019746 0.528358 0.234590
v 0.020840 0.529067 0.233401
v 0.018017 0.529465 0.231458
v 0.016454 0.529142 0.230529
v 0.016355 0.529077 0.229901
v 0.014629 0.528369 0.229918
v 0.007809 0.519071 0.232267
v 0.015585 0.524112 0.237245
v 0.014061 0.521287 0.237885
v 0.009969 0.518634 0.235914
v 0.008519 0.517694 0.234337
v 0.009427 0.522926 0.228180
v 0.011710 0.525377 0.227421
v 0.012748 0.526050 0.227063
v 0.013547 0.527257 0.228104
v 0.014092 0.528022 0.229470
v 0.019611 0.526722 0.236345
v 0.021528 0.529513 0.232016
v 0.019745 0.529614 0.231745
v 0.016065 0.528889 0.229316
v 0.014396 0.528218 0.229664
v 0.007535 0.518893 0.230529
v 0.016424 0.522819 0.238144
v 0.011860 0.519860 0.237124
v 0.017669 0.525463 0.237016
v 0.008230 0.520891 0.229043
v 0.010322 0.523506 0.227207
v 0.014299 0.527745 0.228186
v 0.021278 0.527803 0.235278
v 0.022557 0.528632 0.233887
v 0.018163 0.529560 0.230529
v 0.018017 0.529465 0.229600
v 0.015603 0.528589 0.228814
v 0.007607 0.517102 0.232500
v 0.014774 0.519628 0.238680
v 0.012335 0.518046 0.237837
v 0.010240 0.516688 0.236496
v 0.008633 0.515646 0.234748
v 0.008917 0.521337 0.227658
v 0.011489 0.524262 0.226460
v 0.013861 0.526771 0.226940
v 0.014975 0.527493 0.227063
v 0.015000 0.528199 0.228429
v 0.020988 0.525778 0.237124
v 0.022878 0.527003 0.235914
v 0.023362 0.529154 0.232267
v 0.019936 0.529739 0.230529
v 0.017587 0.529187 0.228735
v 0.016903 0.528744 0.227991
v 0.007296 0.516901 0.230529
v 0.007809 0.519071 0.228791
v 0.018786 0.524350 0.237885
v 0.017392 0.521325 0.238967
v 0.010011 0.522046 0.226468
v 0.012847 0.525143 0.225991
v 0.024329 0.527944 0.234337
v 0.023636 0.529331 0.230529
v 0.021763 0.529665 0.230529
v 0.019745 0.529614 0.229313
v 0.019182 0.529250 0.228180
v 0.016012 0.528166 0.227421
v 0.007622 0.514991 0.232713
v 0.007278 0.514768 0.230529
v 0.020010 0.523022 0.238680
v 0.018485 0.519639 0.239712
v 0.015636 0.517792 0.239399
v 0.012981 0.516071 0.238482
v 0.010702 0.514593 0.237022
v 0.008613 0.519592 0.227171
v 0.009893 0.520422 0.225780
v 0.011437 0.522970 0.225556
v 0.013097 0.524047 0.224982
v 0.014305 0.526088 0.225831
v 0.015762 0.527032 0.225991
v 0.022450 0.524604 0.237837
v 0.026152 0.527004 0.234748
v 0.025241 0.528535 0.232500
v 0.021528 0.529513 0.229043
v 0.018287 0.528669 0.227207
v 0.017121 0.527913 0.226460
v 0.007853 0.512746 0.232906
v 0.007607 0.517102 0.228558
v 0.021334 0.521486 0.239399
v 0.008952 0.513459 0.235121
v 0.011560 0.521503 0.224713
v 0.014879 0.525202 0.224786
v 0.024544 0.525962 0.236496
v 0.023362 0.529154 0.228791
v 0.025552 0.528737 0.230529
v 0.020840 0.529067 0.227658
v 0.019746 0.528358 0.226468
v 0.007478 0.512503 0.230529
v 0.007622 0.514991 0.228345
v 0.023989 0.523207 0.238482
v 0.016639 0.515796 0.240038
v 0.022747 0.519756 0.240038
v 0.013793 0.513951 0.239054
v 0.011350 0.512366 0.237490
v 0.008519 0.517694 0.226722
v 0.009969 0.518634 0.225145
v 0.015585 0.524112 0.223813
v 0.016661 0.526357 0.224982
v 0.018321 0.527433 0.225556
v 0.026269 0.524686 0.237022
v 0.027162 0.527659 0.232713
v 0.025241 0.528535 0.228558
v 0.022557 0.528632 0.227171
v 0.008296 0.510386 0.233077
v 0.007853 0.512746 0.228152
v 0.008633 0.515646 0.226310
v 0.025593 0.521601 0.239054
v 0.019693 0.517776 0.240373
v 0.009474 0.511151 0.235451
v 0.011860 0.519860 0.223934
v 0.013502 0.522761 0.224042
v 0.028018 0.525820 0.235121
v 0.029118 0.526533 0.232906
v 0.024329 0.527944 0.226722
v 0.027162 0.527659 0.228345
v 0.027507 0.527882 0.230529
v 0.021278 0.527803 0.225780
v 0.019611 0.526722 0.224713
v 0.007894 0.510126 0.230529
v 0.028037 0.523185 0.237490
v 0.021004 0.515755 0.240939
v 0.014764 0.511710 0.239545
v 0.024233 0.517848 0.240585
v 0.027243 0.519800 0.239545
v 0.012180 0.510034 0.237890
v 0.010197 0.508748 0.235734
v 0.010240 0.516688 0.224563
v 0.017669 0.525463 0.224042
v 0.016424 0.522819 0.222914
v 0.029912 0.524401 0.235451
v 0.029493 0.526776 0.230529
v 0.026152 0.527004 0.226310
v 0.022878 0.527003 0.225145
v 0.008950 0.507940 0.233224
v 0.008296 0.510386 0.227981
v 0.008952 0.513459 0.225938
v 0.029828 0.521475 0.237890
v 0.017774 0.513661 0.240585
v 0.012335 0.518046 0.223222
v 0.014061 0.521287 0.223174
v 0.031091 0.525165 0.233077
v 0.024544 0.525962 0.224563
v 0.029118 0.526533 0.228152
v 0.028018 0.525820 0.225938
v 0.018786 0.524350 0.223174
v 0.008525 0.507664 0.230529
v 0.008950 0.507940 0.227835
v 0.031811 0.522761 0.235734
v 0.022398 0.513603 0.241394
v 0.025769 0.515789 0.241024
v 0.013189 0.507633 0.238212
v 0.015886 0.509382 0.239939
v 0.028910 0.517825 0.239939
v 0.031608 0.519574 0.238212
v 0.011119 0.506291 0.235962
v 0.012981 0.516071 0.222577
v 0.014774 0.519628 0.222379
v 0.031493 0.525426 0.230529
v 0.026269 0.524686 0.224036
v 0.031091 0.525165 0.227981
v 0.020988 0.525778 0.223934
v 0.009818 0.505448 0.233341
v 0.010197 0.508748 0.225324
v 0.009474 0.511151 0.225607
v 0.010702 0.514593 0.224036
v 0.033677 0.520916 0.235962
v 0.019027 0.511418 0.241024
v 0.020010 0.523022 0.222379
v 0.017392 0.521325 0.222091
v 0.033057 0.523569 0.233224
v 0.023989 0.523207 0.222577
v 0.029912 0.524401 0.225607
v 0.022450 0.524604 0.223222
v 0.009374 0.505160 0.230529
v 0.009818 0.505448 0.227717
v 0.011119 0.506291 0.225097
v 0.023855 0.511357 0.241714
v 0.030558 0.515703 0.240215
v 0.012244 0.503829 0.236121
v 0.017152 0.507011 0.240215
v 0.033335 0.517503 0.238438
v 0.035465 0.518884 0.236121
v 0.011350 0.512366 0.223569
v 0.015636 0.517792 0.221659
v 0.033057 0.523569 0.227835
v 0.033482 0.523845 0.230529
v 0.025593 0.521601 0.222004
v 0.028037 0.523185 0.223569
v 0.031811 0.522761 0.225324
v 0.010448 0.502665 0.230529
v 0.013189 0.507633 0.222846
v 0.034978 0.521759 0.233341
v 0.020385 0.509107 0.241332
v 0.027325 0.513606 0.241332
v 0.014375 0.505211 0.238438
v 0.013793 0.513951 0.222004
v 0.016639 0.515796 0.221021
v 0.021334 0.521486 0.221659
v 0.018485 0.519639 0.221346
v 0.022747 0.519756 0.221021
v 0.029828 0.521475 0.223168
v 0.010905 0.502961 0.233424
v 0.010905 0.502961 0.227634
v 0.012244 0.503829 0.224937
v 0.012180 0.510034 0.223168
v 0.021829 0.506774 0.241482
v 0.028865 0.511336 0.241482
v 0.032143 0.513461 0.240349
v 0.015736 0.502824 0.238547
v 0.037118 0.516687 0.236199
v 0.036805 0.519752 0.233424
v 0.034978 0.521759 0.227717
v 0.033677 0.520916 0.225097
v 0.035422 0.522047 0.230529
v 0.027243 0.519800 0.221514
v 0.031608 0.519574 0.222846
v 0.012218 0.500543 0.233464
v 0.014375 0.505211 0.222621
v 0.014764 0.511710 0.221514
v 0.025347 0.509055 0.241868
v 0.034958 0.515286 0.238547
v 0.013576 0.501424 0.236199
v 0.018551 0.504649 0.240349
v 0.038476 0.517567 0.233464
v 0.019693 0.517776 0.220685
v 0.024233 0.517848 0.220474
v 0.028910 0.517825 0.221120
v 0.011755 0.500243 0.230529
v 0.012218 0.500543 0.227594
v 0.013576 0.501424 0.224860
v 0.017152 0.507011 0.220843
v 0.015886 0.509382 0.221120
v 0.023339 0.504473 0.241442
v 0.026845 0.506745 0.241827
v 0.033616 0.511135 0.240313
v 0.017269 0.500537 0.238518
v 0.020073 0.502355 0.240313
v 0.036421 0.512954 0.238518
v 0.038573 0.514349 0.236178
v 0.037262 0.520048 0.230529
v 0.017774 0.513661 0.220474
v 0.021004 0.515755 0.220119
v 0.036805 0.519752 0.227634
v 0.035465 0.518884 0.224937
v 0.033335 0.517503 0.222621
v 0.025769 0.515789 0.220034
v 0.013763 0.498265 0.233453
v 0.015736 0.502824 0.222511
v 0.030350 0.509018 0.241442
v 0.015116 0.499142 0.236178
v 0.039926 0.515226 0.233453
v 0.038939 0.517867 0.230529
v 0.022398 0.513603 0.219664
v 0.030558 0.515703 0.220843
v 0.013302 0.497965 0.230529
v 0.013763 0.498265 0.227605
v 0.017269 0.500537 0.222540
v 0.018551 0.504649 0.220709
v 0.019027 0.511418 0.220034
v 0.028314 0.504478 0.241557
v 0.021705 0.500193 0.240080
v 0.031736 0.506696 0.241182
v 0.037662 0.510538 0.238327
v 0.018967 0.498418 0.238327
v 0.016866 0.497056 0.236043
v 0.040387 0.515525 0.230529
v 0.041083 0.512756 0.233384
v 0.037118 0.516687 0.224860
v 0.034958 0.515286 0.222511
v 0.023855 0.511357 0.219345
v 0.027325 0.513606 0.219726
v 0.032143 0.513461 0.220709
v 0.015095 0.495908 0.230529
v 0.015116 0.499142 0.224880
v 0.020073 0.502355 0.220745
v 0.020385 0.509107 0.219726
v 0.024893 0.502260 0.241182
v 0.034924 0.508763 0.240080
v 0.039763 0.511900 0.236043
v 0.038476 0.517567 0.227594
v 0.039926 0.515226 0.227605
v 0.015545 0.496200 0.233384
v 0.015545 0.496200 0.227675
v 0.018967 0.498418 0.222731
v 0.021829 0.506774 0.219576
v 0.026463 0.500194 0.240675
v 0.032981 0.504420 0.240675
v 0.020819 0.496535 0.237957
v 0.023426 0.498226 0.239626
v 0.038625 0.508079 0.237957
v 0.018818 0.495238 0.235781
v 0.040626 0.509376 0.235781
v 0.041534 0.513048 0.230529
v 0.041083 0.512756 0.227675
v 0.038573 0.514349 0.224880
v 0.036421 0.512954 0.222540
v 0.033616 0.511135 0.220745
v 0.028865 0.511336 0.219576
v 0.017131 0.494144 0.230529
v 0.016866 0.497056 0.225015
v 0.021705 0.500193 0.220978
v 0.023339 0.504473 0.219616
v 0.029722 0.502307 0.241033
v 0.036017 0.506389 0.239626
v 0.041884 0.510192 0.233248
v 0.039763 0.511900 0.225015
v 0.030350 0.509018 0.219616
v 0.025347 0.509055 0.219190
v 0.017560 0.494422 0.233248
v 0.017560 0.494422 0.227811
v 0.018818 0.495238 0.225277
v 0.023426 0.498226 0.221433
v 0.028020 0.498335 0.239905
v 0.034043 0.502239 0.239905
v 0.020955 0.493754 0.235383
v 0.022804 0.494953 0.237393
v 0.036849 0.504059 0.238936
v 0.041108 0.506820 0.235383
v 0.042313 0.510470 0.230529
v 0.040626 0.509376 0.225277
v 0.034924 0.508763 0.220978
v 0.031736 0.506696 0.219877
v 0.019792 0.493000 0.233042
v 0.019396 0.492743 0.230529
v 0.020819 0.496535 0.223102
v 0.026463 0.500194 0.220383
v 0.024893 0.502260 0.219877
v 0.026845 0.506745 0.219231
v 0.031032 0.500287 0.240236
v 0.025214 0.496515 0.238936
v 0.039259 0.505621 0.237393
v 0.041884 0.510192 0.227811
v 0.042271 0.507573 0.233042
v 0.038625 0.508079 0.223102
v 0.037662 0.510538 0.222731
v 0.028314 0.504478 0.219501
v 0.019792 0.493000 0.228017
v 0.020955 0.493754 0.225676
v 0.022804 0.494953 0.223665
v 0.025214 0.496515 0.222123
v 0.032209 0.498471 0.239161
v 0.029531 0.496734 0.238867
v 0.034887 0.500207 0.238867
v 0.037383 0.501825 0.238004
v 0.023249 0.492661 0.234845
v 0.027036 0.495117 0.238004
v 0.039525 0.503214 0.236633
v 0.041170 0.504280 0.234845
v 0.042667 0.507831 0.230529
v 0.042271 0.507573 0.228017
v 0.039259 0.505621 0.223665
v 0.036017 0.506389 0.221433
v 0.032981 0.504420 0.220383
v 0.029722 0.502307 0.220025
v 0.022215 0.491991 0.232763
v 0.021862 0.491763 0.230529
v 0.028020 0.498335 0.221153
v 0.024893 0.493727 0.236633
v 0.042203 0.504950 0.232763
v 0.041108 0.506820 0.225676
v 0.022215 0.491991 0.228295
v 0.023249 0.492661 0.226213
v 0.024893 0.493727 0.224426
v 0.027036 0.495117 0.223054
v 0.031032 0.500287 0.220822
v 0.033222 0.496908 0.237818
v 0.035484 0.498374 0.237569
v 0.030961 0.495442 0.237569
v 0.037591 0.499740 0.236841
v 0.039400 0.500913 0.235683
v 0.025656 0.492003 0.234173
v 0.027045 0.492903 0.235683
v 0.040788 0.501813 0.234173
v 0.042203 0.504950 0.228295
v 0.042556 0.505179 0.230529
v 0.039525 0.503214 0.224426
v 0.036849 0.504059 0.222123
v 0.024783 0.491437 0.232416
v 0.024486 0.491244 0.230529
v 0.029531 0.496734 0.222192
v 0.028854 0.494076 0.236841
v 0.041661 0.502379 0.232416
v 0.041170 0.504280 0.226213
v 0.037383 0.501825 0.223054
v 0.034043 0.502239 0.221153
v 0.024783 0.491437 0.228643
v 0.025656 0.492003 0.226885
v 0.027045 0.492903 0.225376
v 0.030961 0.495442 0.223489
v 0.032209 0.498471 0.221898
v 0.032273 0.494495 0.236039
v 0.035812 0.496789 0.236039
v 0.037461 0.497859 0.235469
v 0.038877 0.498777 0.234562
v 0.028122 0.491804 0.233381
v 0.029208 0.492508 0.234562
v 0.041661 0.502379 0.228643
v 0.041959 0.502572 0.230529
v 0.040647 0.499924 0.232005
v 0.039400 0.500913 0.225376
v 0.037591 0.499740 0.224217
v 0.034887 0.500207 0.222192
v 0.027439 0.491361 0.232005
v 0.027206 0.491210 0.230529
v 0.028854 0.494076 0.224217
v 0.034043 0.495642 0.236233
v 0.030624 0.493426 0.235469
v 0.039964 0.499481 0.233381
v 0.040880 0.500075 0.230529
v 0.040788 0.501813 0.226885
v 0.035484 0.498374 0.223489
v 0.027439 0.491361 0.229053
v 0.028122 0.491804 0.227677
v 0.030624 0.493426 0.225590
v 0.033222 0.496908 0.223241
v 0.034647 0.494711 0.234450
v 0.035863 0.495499 0.234316
v 0.032297 0.493187 0.233925
v 0.037970 0.496865 0.233302
v 0.031323 0.492556 0.233302
v 0.039186 0.497654 0.231544
v 0.039964 0.499481 0.227677
v 0.038877 0.498777 0.226496
v 0.035812 0.496789 0.225020
v 0.030576 0.492072 0.232490
v 0.030107 0.491768 0.231544
v 0.030107 0.491768 0.229514
v 0.029208 0.492508 0.226496
v 0.032273 0.494495 0.225020
v 0.034043 0.495642 0.224825
v 0.033430 0.493922 0.234316
v 0.036997 0.496234 0.233925
v 0.038717 0.497350 0.232490
v 0.040647 0.499924 0.229053
v 0.039347 0.497758 0.230529
v 0.037461 0.497859 0.225590
v 0.029947 0.491664 0.230529
v 0.030576 0.492072 0.228569
v 0.031323 0.492556 0.227757
v 0.032297 0.493187 0.227134
v 0.034397 0.493739 0.232458
v 0.035636 0.494542 0.232458
v 0.036213 0.494917 0.232259
v 0.033819 0.493365 0.232259
v 0.036709 0.495238 0.231941
v 0.032943 0.492797 0.231528
v 0.039186 0.497654 0.229514
v 0.037329 0.495640 0.231046
v 0.038717 0.497350 0.228569
v 0.037970 0.496865 0.227757
v 0.036997 0.496234 0.227134
v 0.035863 0.495499 0.226742
v 0.032704 0.492642 0.231046
v 0.032622 0.492589 0.230529
v 0.033430 0.493922 0.226742
v 0.034647 0.494711 0.226608
v 0.035016 0.494141 0.232526
v 0.033324 0.493043 0.231941
v 0.037089 0.495485 0.231528
v 0.037329 0.495640 0.230012
v 0.037410 0.495693 0.230529
v 0.032704 0.492642 0.230012
v 0.032943 0.492797 0.229531
v 0.033819 0.493365 0.228800
v 0.035141 0.493949 0.230529
v 0.037089 0.495485 0.229531
v 0.036213 0.494917 0.228800
v 0.035636 0.494542 0.228600
v 0.035016 0.494141 0.228532
v 0.033324 0.493043 0.229117
v 0.034397 0.493739 0.228600
v 0.036709 0.495238 0.229117
v 0.077749 0.549042 -0.146671
v 0.052669 0.549402 -0.156839
v 0.052205 0.546604 -0.153221
v 0.053750 0.551172 -0.160976
v 0.079344 0.550802 -0.150608
v 0.033800 0.549599 -0.159206
v 0.033343 0.546800 -0.155587
v 0.076370 0.546243 -0.143294
v 0.054943 0.551781 -0.165410
v 0.081045 0.551402 -0.154837
v 0.053526 0.551166 -0.161007
v 0.095767 0.548869 -0.139319
v 0.097415 0.550628 -0.143234
v 0.034320 0.551359 -0.163421
v 0.005620 0.547181 -0.159230
v 0.032979 0.543153 -0.152812
v 0.051877 0.542957 -0.150441
v 0.094359 0.546070 -0.135954
v 0.056137 0.551190 -0.169844
v 0.082736 0.550802 -0.159070
v 0.054139 0.551766 -0.165524
v 0.099191 0.551228 -0.147433
v 0.097345 0.548921 -0.138638
v 0.099502 0.550689 -0.142335
v 0.034868 0.551959 -0.167947
v 0.005131 0.549979 -0.162845
v 0.004789 0.551743 -0.167082
v 0.006026 0.543534 -0.156460
v 0.032734 0.538905 -0.151069
v 0.051706 0.538710 -0.148688
v 0.075301 0.542595 -0.140708
v 0.093286 0.542423 -0.133368
v 0.095493 0.546115 -0.135464
v 0.057250 0.549438 -0.173976
v 0.084304 0.549043 -0.163018
v 0.054756 0.551165 -0.170041
v 0.100973 0.550627 -0.151628
v 0.101816 0.551298 -0.146301
v 0.116279 0.548807 -0.124198
v 0.118864 0.550567 -0.127569
v 0.035405 0.551359 -0.172473
v 0.004797 0.552353 -0.171674
v -0.042728 0.550334 -0.156386
v -0.044046 0.552100 -0.160431
v -0.041317 0.547536 -0.153022
v -0.040198 0.543890 -0.150454
v 0.006322 0.539287 -0.154723
v 0.032624 0.534347 -0.150478
v 0.051706 0.534152 -0.148082
v 0.074613 0.538348 -0.139088
v 0.092623 0.538175 -0.131738
v 0.094073 0.542462 -0.133028
v 0.114055 0.546008 -0.121307
v 0.058205 0.546646 -0.177525
v 0.085639 0.546244 -0.166413
v 0.055334 0.549405 -0.174249
v 0.102641 0.548867 -0.155535
v 0.104131 0.550706 -0.150268
v 0.121633 0.551167 -0.131190
v 0.131631 0.548737 -0.112474
v 0.134252 0.550496 -0.115817
v 0.035895 0.549600 -0.176693
v 0.004805 0.551762 -0.176266
v 0.004313 0.552343 -0.171615
v -0.045207 0.552713 -0.164876
v -0.069213 0.550418 -0.145357
v -0.070851 0.552178 -0.149276
v -0.039447 0.539644 -0.148859
v 0.006486 0.534730 -0.154138
v 0.032657 0.529789 -0.151079
v 0.051875 0.529595 -0.148664
v 0.074355 0.533790 -0.138545
v 0.092414 0.533616 -0.131175
v 0.093180 0.538210 -0.131497
v 0.112343 0.542361 -0.119093
v 0.129391 0.545938 -0.109595
v 0.058939 0.543003 -0.180247
v 0.086653 0.542597 -0.169022
v 0.055835 0.546606 -0.177862
v 0.104080 0.546067 -0.158887
v 0.106288 0.548954 -0.153964
v 0.124398 0.550567 -0.134814
v 0.137075 0.551096 -0.119396
v 0.135680 0.548925 -0.109242
v 0.138732 0.550692 -0.112243
v 0.036305 0.546802 -0.180318
v 0.004813 0.550011 -0.180545
v 0.003752 0.551743 -0.176139
v -0.046376 0.552122 -0.169317
v -0.045745 0.552700 -0.164661
v -0.072613 0.552778 -0.153481
v -0.087289 0.550541 -0.137796
v -0.088980 0.552301 -0.141693
v -0.067810 0.547620 -0.141990
v -0.066738 0.543972 -0.139405
v -0.066070 0.539724 -0.137777
v -0.039116 0.535087 -0.148345
v 0.006508 0.530172 -0.154745
v 0.032830 0.525541 -0.152830
v 0.052165 0.525347 -0.150400
v 0.074543 0.529231 -0.139117
v 0.092674 0.529057 -0.131717
v 0.092876 0.533650 -0.130974
v 0.111260 0.538113 -0.117706
v 0.127686 0.542291 -0.107375
v 0.133060 0.546119 -0.106665
v 0.059400 0.538759 -0.181959
v 0.087275 0.538350 -0.170669
v 0.056225 0.542958 -0.180634
v 0.105193 0.542419 -0.161456
v 0.108140 0.546161 -0.157138
v 0.126969 0.548807 -0.138195
v 0.139909 0.550495 -0.122967
v 0.142006 0.551301 -0.115462
v 0.142794 0.548981 -0.099930
v 0.146173 0.550740 -0.102503
v 0.036607 0.543154 -0.183101
v 0.004820 0.547219 -0.184219
v 0.003235 0.549983 -0.180355
v -0.047466 0.550371 -0.173455
v -0.047434 0.552100 -0.168895
v -0.074378 0.552178 -0.157683
v -0.090815 0.552902 -0.145866
v -0.089389 0.552327 -0.141515
v -0.085858 0.547742 -0.134441
v -0.084782 0.544094 -0.131857
v -0.084137 0.539847 -0.130219
v -0.065852 0.535166 -0.137218
v -0.039227 0.530530 -0.148947
v 0.006387 0.525926 -0.156503
v 0.033132 0.521894 -0.155613
v 0.052554 0.521699 -0.153171
v 0.052202 0.525348 -0.150394
v 0.075165 0.524984 -0.140763
v 0.093384 0.524809 -0.133327
v 0.093181 0.529092 -0.131496
v 0.110879 0.533555 -0.117242
v 0.126630 0.538043 -0.105967
v 0.131050 0.542465 -0.104687
v 0.139894 0.546182 -0.097716
v 0.059557 0.534201 -0.182543
v 0.087463 0.533791 -0.171240
v 0.056476 0.538709 -0.182376
v 0.105903 0.538170 -0.163066
v 0.109562 0.542518 -0.159573
v 0.129173 0.546008 -0.141101
v 0.142560 0.548735 -0.126286
v 0.145281 0.550708 -0.118682
v 0.149803 0.551341 -0.105260
v 0.159666 0.549184 -0.077756
v 0.163084 0.550944 -0.080279
v 0.036780 0.538907 -0.184852
v 0.004825 0.543577 -0.187038
v 0.002797 0.547183 -0.183977
v -0.048401 0.547579 -0.177008
v -0.048999 0.550340 -0.172845
v -0.076027 0.550418 -0.161598
v -0.092668 0.552302 -0.150031
v -0.091727 0.552936 -0.145467
v -0.101651 0.550702 -0.126655
v -0.099431 0.547903 -0.123761
v -0.097735 0.544255 -0.121534
v -0.096677 0.540008 -0.120128
v -0.083966 0.535288 -0.129639
v -0.066098 0.530608 -0.137765
v -0.039772 0.526284 -0.150623
v 0.006330 0.525925 -0.156496
v 0.006130 0.522279 -0.159291
v 0.033542 0.519095 -0.159238
v 0.053056 0.518899 -0.156784
v 0.076178 0.521337 -0.143372
v 0.094497 0.521160 -0.135896
v 0.094075 0.524847 -0.133027
v 0.111226 0.528997 -0.117732
v 0.126297 0.533484 -0.105466
v 0.129787 0.538213 -0.103444
v 0.137674 0.542534 -0.096013
v 0.156746 0.546385 -0.075569
v 0.059400 0.529641 -0.181959
v 0.087205 0.529233 -0.170697
v 0.056571 0.534150 -0.182968
v 0.106162 0.533611 -0.163608
v 0.110456 0.538273 -0.161103
v 0.130858 0.542361 -0.143336
v 0.144848 0.545936 -0.129128
v 0.148333 0.548956 -0.121682
v 0.153436 0.550740 -0.108013
v 0.166767 0.551545 -0.082966
v 0.164756 0.549605 -0.070748
v 0.168491 0.551373 -0.072837
v 0.036813 0.534349 -0.185453
v 0.004828 0.539332 -0.188811
v 0.002469 0.543535 -0.186756
v -0.049118 0.543936 -0.179735
v -0.050332 0.547540 -0.176240
v -0.077446 0.547620 -0.164958
v -0.094414 0.550542 -0.153904
v -0.094066 0.552345 -0.149419
v -0.104242 0.552461 -0.130021
v -0.107028 0.553061 -0.133629
v -0.096330 0.535449 -0.119638
v -0.084280 0.530730 -0.130157
v -0.066791 0.526360 -0.139382
v -0.039866 0.526281 -0.150586
v -0.040715 0.522637 -0.153260
v 0.005755 0.519481 -0.162919
v 0.034033 0.517336 -0.163457
v 0.053634 0.517139 -0.160993
v 0.052664 0.521701 -0.153155
v 0.077514 0.518538 -0.146767
v 0.095936 0.518360 -0.139248
v 0.095497 0.521204 -0.135462
v 0.112279 0.524749 -0.119142
v 0.126709 0.528925 -0.105906
v 0.129357 0.533653 -0.103019
v 0.136282 0.538287 -0.094936
v 0.154523 0.542737 -0.073868
v 0.161549 0.546798 -0.068954
v 0.058939 0.525389 -0.180247
v 0.086517 0.524985 -0.169077
v 0.056505 0.529592 -0.182372
v 0.105954 0.529052 -0.163044
v 0.110762 0.533715 -0.161625
v 0.131911 0.538113 -0.144746
v 0.146616 0.542287 -0.131299
v 0.150955 0.546163 -0.124258
v 0.156824 0.548981 -0.110575
v 0.170464 0.550945 -0.085634
v 0.172500 0.551982 -0.075078
v 0.172485 0.549937 -0.051612
v 0.176423 0.551697 -0.053204
v 0.036703 0.529791 -0.184862
v 0.004830 0.534774 -0.189415
v 0.002272 0.539287 -0.188505
v -0.049569 0.539691 -0.181449
v -0.051342 0.543892 -0.178851
v -0.078540 0.543972 -0.167534
v -0.095934 0.547744 -0.157222
v -0.096246 0.550593 -0.153101
v -0.109820 0.552461 -0.137232
v -0.125865 0.552594 -0.113335
v -0.128719 0.553195 -0.116890
v -0.123223 0.550835 -0.110009
v -0.120971 0.548036 -0.107140
v -0.119263 0.544388 -0.104921
v -0.118216 0.540140 -0.103506
v -0.117902 0.535581 -0.102990
v -0.096717 0.530891 -0.120097
v -0.085058 0.526482 -0.131738
v -0.067885 0.522712 -0.141959
v -0.040877 0.522633 -0.153196
v 0.006002 0.522276 -0.159276
v 0.005288 0.517722 -0.167141
v 0.034570 0.516736 -0.167984
v 0.054251 0.516539 -0.165509
v 0.053232 0.518903 -0.156759
v 0.079081 0.516779 -0.150715
v 0.097604 0.516600 -0.143155
v 0.097349 0.518412 -0.138636
v 0.113964 0.521102 -0.121377
v 0.127837 0.524677 -0.107257
v 0.129788 0.529094 -0.103442
v 0.135815 0.533728 -0.094559
v 0.153149 0.538489 -0.072768
v 0.159088 0.543144 -0.067577
v 0.169108 0.547138 -0.050234
v 0.058206 0.521736 -0.177524
v 0.085447 0.521338 -0.166491
v 0.056281 0.525344 -0.180627
v 0.105290 0.524804 -0.161415
v 0.110458 0.529155 -0.161103
v 0.132258 0.533555 -0.145236
v 0.147745 0.538039 -0.132650
v 0.152966 0.542519 -0.126235
v 0.159737 0.546182 -0.112771
v 0.173923 0.549186 -0.088101
v 0.176508 0.551389 -0.077319
v 0.180653 0.552297 -0.054902
v 0.178923 0.550089 -0.035850
v 0.182879 0.551849 -0.037399
v 0.036458 0.525543 -0.183119
v 0.004829 0.530214 -0.188811
v 0.002220 0.534728 -0.189103
v -0.049722 0.535133 -0.182034
v -0.051962 0.539644 -0.180498
v -0.079234 0.539724 -0.169151
v -0.097123 0.544096 -0.159757
v -0.098118 0.547800 -0.156263
v -0.112427 0.550702 -0.140586
v -0.131589 0.552594 -0.120433
v -0.128254 0.552733 -0.111409
v -0.131539 0.553342 -0.114617
v -0.125193 0.550964 -0.108419
v -0.122565 0.548157 -0.105851
v -0.120549 0.544503 -0.103880
v -0.119282 0.540250 -0.102640
v -0.118851 0.535688 -0.102216
v -0.118341 0.531023 -0.103408
v -0.097812 0.526644 -0.121475
v -0.086248 0.522835 -0.134273
v -0.042210 0.519834 -0.156592
v -0.069305 0.519914 -0.145319
v -0.041992 0.519839 -0.156678
v 0.005047 0.517717 -0.167113
v 0.004800 0.517124 -0.171674
v 0.035117 0.517337 -0.172509
v 0.054864 0.517138 -0.170026
v 0.053864 0.517143 -0.160959
v 0.054945 0.516552 -0.165410
v 0.080773 0.516179 -0.154948
v 0.099386 0.515999 -0.147350
v 0.099507 0.516660 -0.142332
v 0.116168 0.518303 -0.124283
v 0.129606 0.521028 -0.109427
v 0.131053 0.524848 -0.104684
v 0.136304 0.529170 -0.094907
v 0.152716 0.533931 -0.072344
v 0.157542 0.538891 -0.066710
v 0.166521 0.543490 -0.049164
v 0.175536 0.547290 -0.034496
v 0.084068 0.518539 -0.163114
v 0.057251 0.518929 -0.173976
v 0.055915 0.521696 -0.177852
v 0.104218 0.521157 -0.158829
v 0.109565 0.524903 -0.159571
v 0.131877 0.528997 -0.144772
v 0.148156 0.533480 -0.133090
v 0.154231 0.538274 -0.127477
v 0.161975 0.542535 -0.114451
v 0.176908 0.546387 -0.090199
v 0.180244 0.549636 -0.079406
v 0.184887 0.551697 -0.056591
v 0.187133 0.552450 -0.039036
v 0.182679 0.550600 -0.026049
v 0.186827 0.552368 -0.027101
v 0.036094 0.521895 -0.180344
v 0.004826 0.525962 -0.187038
v 0.002316 0.530169 -0.188511
v -0.049568 0.530573 -0.181449
v -0.052149 0.535086 -0.181070
v -0.079480 0.535166 -0.169699
v -0.097902 0.539849 -0.161338
v -0.099555 0.544156 -0.158688
v -0.114670 0.547903 -0.143462
v -0.134280 0.550835 -0.123720
v -0.134825 0.552750 -0.117825
v -0.137896 0.552887 -0.098697
v -0.141524 0.553487 -0.101456
v -0.134522 0.551127 -0.096116
v -0.131634 0.548328 -0.093888
v -0.129427 0.544681 -0.092167
v -0.128051 0.540434 -0.091069
v -0.127601 0.535876 -0.090668
v -0.119285 0.531129 -0.102637
v -0.119503 0.526775 -0.104732
v -0.099540 0.522996 -0.123676
v -0.087767 0.520036 -0.137590
v -0.043775 0.518074 -0.160541
v -0.070954 0.518154 -0.149233
v 0.005564 0.519477 -0.162897
v 0.004486 0.517116 -0.171637
v 0.004808 0.517733 -0.176266
v 0.035637 0.519096 -0.176725
v 0.055432 0.518897 -0.174236
v 0.056139 0.517161 -0.169844
v 0.082474 0.516779 -0.159177
v 0.101162 0.516599 -0.151549
v 0.101821 0.516068 -0.146298
v 0.118740 0.516543 -0.127664
v 0.131893 0.518229 -0.112269
v 0.133065 0.521205 -0.106660
v 0.137716 0.524923 -0.095957
v 0.153255 0.529373 -0.072624
v 0.157015 0.534329 -0.066414
v 0.164902 0.539243 -0.048476
v 0.172949 0.543642 -0.033428
v 0.179117 0.547793 -0.025145
v 0.102810 0.518358 -0.155464
v 0.108144 0.521250 -0.157136
v 0.130794 0.524749 -0.143385
v 0.147823 0.528921 -0.132589
v 0.154663 0.533715 -0.127900
v 0.163387 0.538287 -0.115501
v 0.179216 0.542740 -0.091786
v 0.183453 0.546842 -0.081198
v 0.188837 0.549938 -0.058155
v 0.191397 0.551851 -0.040651
v 0.191278 0.552977 -0.028229
v 0.185407 0.550931 -0.003919
v 0.189623 0.552691 -0.004437
v 0.004822 0.522308 -0.184219
v 0.002555 0.525922 -0.186767
v -0.049116 0.526321 -0.179736
v -0.051890 0.530527 -0.180528
v -0.079262 0.530608 -0.169140
v -0.098216 0.535290 -0.161856
v -0.100459 0.539910 -0.160213
v -0.116399 0.544255 -0.145663
v -0.136608 0.548036 -0.126530
v -0.137887 0.550998 -0.120814
v -0.145160 0.552887 -0.104206
v -0.154055 0.553185 -0.077354
v -0.157750 0.553786 -0.080026
v -0.150629 0.551425 -0.074844
v -0.147702 0.548625 -0.072666
v -0.145477 0.544977 -0.070968
v -0.144103 0.540730 -0.069867
v -0.143675 0.536171 -0.069436
v -0.128108 0.531317 -0.090993
v -0.120554 0.526883 -0.103874
v -0.121310 0.523127 -0.106872
v -0.101784 0.520197 -0.126552
v -0.089513 0.518277 -0.141464
v -0.045464 0.517474 -0.164775
v -0.072719 0.517554 -0.153436
v -0.043514 0.518081 -0.160643
v -0.045179 0.517481 -0.164887
v 0.003918 0.517716 -0.176160
v 0.004815 0.519501 -0.180545
v 0.104136 0.516676 -0.150265
v 0.121504 0.515943 -0.131288
v 0.134544 0.516469 -0.115588
v 0.135686 0.518412 -0.109236
v 0.139955 0.521275 -0.097637
v 0.154729 0.525125 -0.073591
v 0.157544 0.529769 -0.066707
v 0.164360 0.534685 -0.048215
v 0.171337 0.539394 -0.032719
v 0.176385 0.544138 -0.024450
v 0.181789 0.548132 -0.003462
v 0.106292 0.518444 -0.153961
v 0.129082 0.521102 -0.141171
v 0.146768 0.524673 -0.131180
v 0.154233 0.529154 -0.127475
v 0.163876 0.533729 -0.115849
v 0.180690 0.538492 -0.092753
v 0.185915 0.543197 -0.082572
v 0.192232 0.547139 -0.059487
v 0.195379 0.550092 -0.042133
v 0.195730 0.552385 -0.029357
v 0.194149 0.553291 -0.004982
v 0.187308 0.551088 0.011189
v 0.191529 0.552848 0.010712
v 0.002919 0.522274 -0.183992
v -0.048397 0.522667 -0.177009
v -0.051202 0.526279 -0.178908
v -0.078594 0.526360 -0.167512
v -0.098045 0.530732 -0.161276
v -0.100769 0.535352 -0.160732
v -0.117494 0.540008 -0.147040
v -0.138415 0.544389 -0.128670
v -0.140517 0.548205 -0.123380
v -0.148556 0.551127 -0.106758
v -0.161459 0.553187 -0.082676
v -0.157765 0.553504 -0.072223
v -0.161775 0.554114 -0.074460
v -0.154029 0.551736 -0.070137
v -0.150821 0.548928 -0.068346
v -0.148360 0.545273 -0.066970
v -0.146813 0.541019 -0.066105
v -0.146287 0.536457 -0.065808
v -0.144221 0.531613 -0.069707
v -0.129537 0.527070 -0.092021
v -0.122573 0.523239 -0.105843
v -0.123638 0.520328 -0.109681
v -0.104391 0.518438 -0.129906
v -0.091367 0.517677 -0.145629
v -0.047162 0.518073 -0.169006
v -0.074481 0.518154 -0.157640
v -0.046370 0.518092 -0.169318
v 0.003384 0.519475 -0.180374
v 0.124273 0.516543 -0.134909
v 0.137378 0.515868 -0.119159
v 0.138738 0.516659 -0.112236
v 0.142867 0.518476 -0.099833
v 0.157038 0.521478 -0.075178
v 0.159092 0.525522 -0.067570
v 0.164932 0.530126 -0.048401
v 0.170810 0.534836 -0.032419
v 0.174667 0.539885 -0.024013
v 0.179013 0.544485 -0.003099
v 0.183686 0.548289 0.011624
v 0.126858 0.518303 -0.138280
v 0.145062 0.521026 -0.128961
v 0.152969 0.524903 -0.126231
v 0.163409 0.529171 -0.115472
v 0.181229 0.533934 -0.093033
v 0.187463 0.538951 -0.083435
v 0.194843 0.543492 -0.060497
v 0.198808 0.547293 -0.043381
v 0.199878 0.550632 -0.030407
v 0.198676 0.552691 -0.005516
v 0.196062 0.553449 0.010225
v 0.188428 0.551542 0.021631
v 0.192707 0.553310 0.021678
v -0.047461 0.519861 -0.173456
v -0.050133 0.522632 -0.176321
v -0.077522 0.522713 -0.164926
v -0.097399 0.526484 -0.159638
v -0.100463 0.530790 -0.160211
v -0.117881 0.535449 -0.147500
v -0.139577 0.540141 -0.129994
v -0.142535 0.544561 -0.125349
v -0.151479 0.548329 -0.108939
v -0.164932 0.551428 -0.085125
v -0.165785 0.553522 -0.076697
v -0.165741 0.553831 -0.052462
v -0.169974 0.554431 -0.054155
v -0.161802 0.552071 -0.050874
v -0.158423 0.549272 -0.049499
v -0.155836 0.545624 -0.048431
v -0.154217 0.541377 -0.047742
v -0.153675 0.536818 -0.047480
v -0.146816 0.531897 -0.066100
v -0.145705 0.527366 -0.070660
v -0.131790 0.523423 -0.093682
v -0.125203 0.520446 -0.108409
v -0.126329 0.518569 -0.112969
v -0.091740 0.517698 -0.145459
v -0.107183 0.517838 -0.133509
v -0.093202 0.518277 -0.149802
v -0.048755 0.519833 -0.172944
v -0.076119 0.519914 -0.161559
v 0.140202 0.516468 -0.122738
v 0.142013 0.516067 -0.115456
v 0.146255 0.516717 -0.102395
v 0.160023 0.518679 -0.077276
v 0.161555 0.521877 -0.068944
v 0.166580 0.525879 -0.049020
v 0.171405 0.530278 -0.032546
v 0.174082 0.535323 -0.023862
v 0.177271 0.540237 -0.002853
v 0.180910 0.544641 0.011985
v 0.184754 0.548734 0.021592
v 0.142823 0.518227 -0.126081
v 0.150959 0.521249 -0.124254
v 0.162018 0.524923 -0.114395
v 0.180797 0.529376 -0.092609
v 0.187992 0.534391 -0.083729
v 0.196491 0.539245 -0.061116
v 0.201451 0.543646 -0.044310
v 0.203440 0.547839 -0.031309
v 0.202896 0.550932 -0.006004
v 0.200597 0.552850 0.009760
v 0.197299 0.553919 0.021728
v 0.189321 0.553508 0.046527
v 0.185116 0.551748 0.045926
v -0.096324 0.522836 -0.157054
v -0.099562 0.526537 -0.158684
v -0.117534 0.530891 -0.147010
v -0.140016 0.535582 -0.130412
v -0.143805 0.540315 -0.126586
v -0.153733 0.544681 -0.110600
v -0.167930 0.548630 -0.087205
v -0.169523 0.551769 -0.078780
v -0.174210 0.553831 -0.055838
v -0.172799 0.554034 -0.035118
v -0.177058 0.554635 -0.036745
v -0.168840 0.552274 -0.033577
v -0.165451 0.549475 -0.032229
v -0.162862 0.545827 -0.031164
v -0.161249 0.541579 -0.030456
v -0.160724 0.537021 -0.030153
v -0.154249 0.532260 -0.047663
v -0.148365 0.527650 -0.066961
v -0.148025 0.523719 -0.072230
v -0.134714 0.520624 -0.095863
v -0.128265 0.518693 -0.111398
v -0.129199 0.517969 -0.116511
v -0.094078 0.518307 -0.149411
v -0.109969 0.518438 -0.137117
v -0.094892 0.520037 -0.153699
v 0.145288 0.516675 -0.118676
v 0.149888 0.516117 -0.105148
v 0.163482 0.516920 -0.079743
v 0.164763 0.519083 -0.070736
v 0.169190 0.522232 -0.050030
v 0.173081 0.526030 -0.033093
v 0.174668 0.530763 -0.024008
v 0.176680 0.535679 -0.002742
v 0.179170 0.540393 0.012250
v 0.181935 0.545080 0.021563
v 0.181499 0.548949 0.045455
v 0.148339 0.518443 -0.121677
v 0.159797 0.521275 -0.112692
v 0.179422 0.525128 -0.091509
v 0.187465 0.529829 -0.083432
v 0.197063 0.534687 -0.061301
v 0.203126 0.539399 -0.044857
v 0.206174 0.544194 -0.031999
v 0.206521 0.548134 -0.006411
v 0.204826 0.551091 0.009349
v 0.201891 0.553328 0.021779
v 0.193838 0.554108 0.047145
v 0.187487 0.553633 0.059933
v 0.183286 0.551873 0.059301
v -0.098127 0.522883 -0.156257
v -0.116476 0.526644 -0.145603
v -0.139702 0.531024 -0.129896
v -0.144238 0.535755 -0.127007
v -0.155161 0.540434 -0.111628
v -0.170250 0.544983 -0.088775
v -0.172732 0.548976 -0.080569
v -0.178162 0.552072 -0.057395
v -0.181325 0.554036 -0.038349
v -0.175973 0.554468 -0.026798
v -0.180424 0.555077 -0.027925
v -0.171826 0.552699 -0.025747
v -0.168264 0.549891 -0.024843
v -0.165532 0.546236 -0.024149
v -0.163815 0.541982 -0.023712
v -0.163229 0.537420 -0.023561
v -0.161321 0.532463 -0.030275
v -0.155898 0.528013 -0.048277
v -0.150828 0.524005 -0.068333
v -0.151024 0.520921 -0.074310
v -0.138109 0.518865 -0.098416
v -0.131550 0.518102 -0.114606
v -0.132053 0.518569 -0.120066
v -0.096257 0.520076 -0.153094
v -0.112560 0.520197 -0.140483
v 0.153518 0.516717 -0.107905
v 0.167179 0.516320 -0.082411
v 0.168499 0.517330 -0.072823
v 0.172586 0.519433 -0.051362
v 0.175723 0.522383 -0.034022
v 0.176387 0.526516 -0.024441
v 0.177281 0.531121 -0.002772
v 0.178583 0.535835 0.012399
v 0.180163 0.540827 0.021545
v 0.178722 0.545302 0.045108
v 0.179676 0.549074 0.058782
v 0.156898 0.518476 -0.110478
v 0.177199 0.521480 -0.089807
v 0.185919 0.525576 -0.082565
v 0.196521 0.530128 -0.061041
v 0.203721 0.534840 -0.044985
v 0.207893 0.539948 -0.032433
v 0.209304 0.544486 -0.006710
v 0.208460 0.548293 0.009021
v 0.206169 0.551576 0.021827
v 0.198353 0.553508 0.047771
v 0.191991 0.554234 0.060636
v 0.185880 0.554081 0.070179
v 0.181760 0.552313 0.069024
v -0.114780 0.522996 -0.143377
v -0.138655 0.526776 -0.128480
v -0.143808 0.531194 -0.126583
v -0.155668 0.535876 -0.111953
v -0.171734 0.540736 -0.089728
v -0.175196 0.545331 -0.081940
v -0.181560 0.549274 -0.058721
v -0.185312 0.552277 -0.039820
v -0.184876 0.554486 -0.029051
v -0.178549 0.554736 -0.006013
v -0.183074 0.555337 -0.006560
v -0.174333 0.552977 -0.005493
v -0.170714 0.550178 -0.005037
v -0.167939 0.546530 -0.004674
v -0.166196 0.542282 -0.004431
v -0.165605 0.537724 -0.004323
v -0.163816 0.532860 -0.023706
v -0.163000 0.528215 -0.030815
v -0.158511 0.524366 -0.049282
v -0.154038 0.521212 -0.070121
v -0.154496 0.519162 -0.076759
v -0.141745 0.518265 -0.101165
v -0.134836 0.518711 -0.117814
v -0.134695 0.520329 -0.123392
v 0.170862 0.516921 -0.085098
v 0.172508 0.516738 -0.075064
v 0.176536 0.517674 -0.052926
v 0.179153 0.519585 -0.035270
v 0.179120 0.522872 -0.025132
v 0.179033 0.526873 -0.002943
v 0.179190 0.531277 0.012422
v 0.179558 0.536266 0.021541
v 0.176973 0.541055 0.044907
v 0.176901 0.545426 0.058413
v 0.174279 0.518681 -0.087621
v 0.183458 0.521921 -0.081188
v 0.194902 0.525881 -0.060353
v 0.203195 0.530282 -0.044684
v 0.208479 0.535388 -0.032579
v 0.211056 0.540239 -0.006880
v 0.211251 0.544646 0.008798
v 0.209844 0.548783 0.021868
v 0.202559 0.551749 0.048363
v 0.196492 0.553634 0.061361
v 0.190302 0.554691 0.071418
v 0.185517 0.554096 0.071040
v 0.181600 0.552337 0.069396
v -0.136947 0.523128 -0.126262
v -0.142541 0.526941 -0.125343
v -0.155218 0.531318 -0.111552
v -0.172281 0.536178 -0.089998
v -0.176745 0.541084 -0.082802
v -0.184174 0.545626 -0.059726
v -0.188745 0.549479 -0.041057
v -0.189023 0.552734 -0.030100
v -0.187601 0.554737 -0.007097
v -0.180724 0.554909 0.011272
v -0.185257 0.555510 0.010789
v -0.176502 0.553149 0.011744
v -0.172880 0.550350 0.012174
v -0.170103 0.546702 0.012533
v -0.168363 0.542454 0.012795
v -0.167775 0.537896 0.012943
v -0.166205 0.533166 -0.004357
v -0.165534 0.528614 -0.024139
v -0.165646 0.524568 -0.031734
v -0.161909 0.521567 -0.050608
v -0.157775 0.519459 -0.072205
v -0.158206 0.518563 -0.079409
v -0.145373 0.518865 -0.103924
v -0.137897 0.520479 -0.120804
v 0.176516 0.517346 -0.077305
v 0.180770 0.517074 -0.054614
v 0.183135 0.517826 -0.036752
v 0.182683 0.520078 -0.026034
v 0.181816 0.523226 -0.003242
v 0.180949 0.527030 0.012319
v 0.180162 0.531706 0.021549
v 0.176373 0.536496 0.044867
v 0.175151 0.541178 0.058217
v 0.178235 0.549538 0.067990
v 0.180251 0.519114 -0.079394
v 0.192315 0.522233 -0.059283
v 0.201583 0.526034 -0.043976
v 0.207894 0.530826 -0.032428
v 0.211657 0.535681 -0.006911
v 0.213011 0.540398 0.008694
v 0.212663 0.545140 0.021901
v 0.206170 0.548950 0.048880
v 0.200683 0.551875 0.062060
v 0.194723 0.554099 0.072659
v 0.189718 0.554697 0.072810
v 0.171029 0.554255 0.105783
v 0.167132 0.552496 0.104093
v -0.140525 0.523286 -0.123372
v -0.153843 0.527070 -0.110454
v -0.171852 0.531620 -0.089568
v -0.177274 0.536524 -0.083094
v -0.185823 0.541379 -0.060340
v -0.191391 0.545832 -0.041976
v -0.192586 0.549941 -0.031000
v -0.191820 0.552978 -0.007588
v -0.189792 0.554910 0.010328
v -0.181824 0.555358 0.021654
v -0.186415 0.555968 0.021706
v -0.177546 0.553589 0.021607
v -0.173872 0.550781 0.021567
v -0.171053 0.547126 0.021537
v -0.169281 0.542873 0.021519
v -0.168676 0.538311 0.021515
v -0.168382 0.533338 0.012967
v -0.167956 0.528919 -0.004532
v -0.168268 0.524969 -0.024828
v -0.169079 0.521770 -0.032971
v -0.165862 0.519808 -0.052165
v -0.161785 0.518867 -0.074441
v -0.161900 0.519164 -0.082080
v -0.148747 0.520624 -0.106506
v 0.185000 0.517674 -0.056313
v 0.187398 0.517226 -0.038367
v 0.186831 0.518325 -0.027084
v 0.185441 0.520427 -0.003649
v 0.183741 0.523383 0.012096
v 0.181935 0.527460 0.021571
v 0.176962 0.531938 0.044990
v 0.174546 0.536620 0.058209
v 0.175649 0.545890 0.066917
v 0.188938 0.519434 -0.057905
v 0.198995 0.522386 -0.042908
v 0.206176 0.526572 -0.031991
v 0.211066 0.531123 -0.006800
v 0.213618 0.535840 0.008718
v 0.214435 0.540893 0.021922
v 0.208939 0.545302 0.049288
v 0.204278 0.549077 0.062684
v 0.198843 0.552347 0.073815
v 0.193916 0.554096 0.074585
v 0.175203 0.554856 0.107616
v 0.163777 0.549697 0.102662
v 0.166860 0.554687 0.115202
v 0.163178 0.552919 0.113021
v -0.151635 0.523423 -0.108733
v -0.170479 0.527372 -0.088467
v -0.176747 0.531962 -0.082797
v -0.186397 0.536821 -0.060523
v -0.193070 0.541585 -0.042516
v -0.195319 0.546296 -0.031690
v -0.195445 0.550179 -0.007999
v -0.194021 0.553151 0.009922
v -0.191006 0.555377 0.021758
v -0.181329 0.556212 0.059197
v -0.176823 0.555612 0.058506
v -0.172622 0.553852 0.057880
v -0.169011 0.551053 0.057364
v -0.166236 0.547405 0.056993
v -0.164487 0.543157 0.056790
v -0.163884 0.538599 0.056772
v -0.169281 0.533752 0.021524
v -0.170142 0.529090 0.012865
v -0.170739 0.525271 -0.004836
v -0.171830 0.522176 -0.025728
v -0.173065 0.520012 -0.034442
v -0.170098 0.519208 -0.053848
v -0.165795 0.519477 -0.076679
v -0.165327 0.520924 -0.084591
v 0.191653 0.517827 -0.040005
v 0.191283 0.517733 -0.028212
v 0.189661 0.518668 -0.004136
v 0.187375 0.520585 0.011768
v 0.184754 0.523817 0.021604
v 0.178700 0.527691 0.045267
v 0.175126 0.532062 0.058389
v 0.173459 0.537084 0.066039
v 0.174021 0.541643 0.066252
v 0.161192 0.546049 0.101587
v 0.195608 0.519587 -0.041553
v 0.203444 0.522918 -0.031296
v 0.209324 0.526875 -0.006554
v 0.213031 0.531282 0.008867
v 0.215040 0.536334 0.021931
v 0.210678 0.541055 0.049559
v 0.207033 0.545430 0.063191
v 0.202380 0.549554 0.074809
v 0.197826 0.552337 0.076245
v 0.179369 0.554255 0.109467
v 0.170810 0.555296 0.117543
v 0.160016 0.550112 0.111149
v 0.149772 0.554922 0.137247
v 0.146420 0.553162 0.134638
v -0.168253 0.523724 -0.086769
v -0.175201 0.527708 -0.081931
v -0.185855 0.532263 -0.060261
v -0.193667 0.537027 -0.042638
v -0.197038 0.542050 -0.032122
v -0.198227 0.546532 -0.008303
v -0.197656 0.550353 0.009598
v -0.195284 0.553625 0.021807
v -0.185832 0.555613 0.059909
v -0.179485 0.556667 0.071090
v -0.175061 0.556057 0.069861
v -0.170939 0.554288 0.068716
v -0.167399 0.551481 0.067733
v -0.164682 0.547826 0.066980
v -0.162974 0.543573 0.066507
v -0.162391 0.539012 0.066347
v -0.164466 0.534041 0.056938
v -0.171053 0.529506 0.021546
v -0.172934 0.525443 0.012644
v -0.174364 0.522473 -0.005247
v -0.175978 0.520424 -0.026777
v -0.177333 0.519412 -0.036046
v -0.174330 0.519809 -0.055541
v -0.169532 0.521245 -0.078764
v 0.195734 0.518342 -0.029340
v 0.194188 0.518068 -0.004670
v 0.191604 0.518826 0.011357
v 0.188428 0.521024 0.021645
v 0.181468 0.524043 0.045680
v 0.176852 0.527815 0.058745
v 0.174004 0.532526 0.066293
v 0.158975 0.537242 0.100768
v 0.159554 0.541801 0.100941
v 0.157590 0.546457 0.109713
v 0.199882 0.520110 -0.030392
v 0.206548 0.523227 -0.006190
v 0.211290 0.527035 0.009131
v 0.214435 0.531773 0.021927
v 0.211268 0.536497 0.049674
v 0.208759 0.541183 0.063547
v 0.205095 0.545910 0.075572
v 0.201182 0.549538 0.077676
v 0.183244 0.552496 0.111211
v 0.174761 0.554705 0.119884
v 0.153363 0.555522 0.140055
v 0.143536 0.550363 0.132404
v 0.143638 0.555037 0.145139
v 0.140328 0.553277 0.142477
v -0.172740 0.524053 -0.080556
v -0.184236 0.528015 -0.059572
v -0.193141 0.532468 -0.042335
v -0.197625 0.537490 -0.032268
v -0.199979 0.542284 -0.008478
v -0.200448 0.546706 0.009377
v -0.198958 0.550832 0.021850
v -0.190025 0.553854 0.060591
v -0.183908 0.556076 0.072320
v -0.170841 0.556710 0.091885
v -0.166635 0.556110 0.090125
v -0.162716 0.554350 0.088489
v -0.159348 0.551551 0.087087
v -0.156763 0.547904 0.086015
v -0.155136 0.543656 0.085346
v -0.154577 0.539098 0.085125
v -0.162973 0.534453 0.066511
v -0.166195 0.529793 0.057277
v -0.173872 0.525863 0.021580
v -0.176568 0.522645 0.012320
v -0.178583 0.520714 -0.005738
v -0.180430 0.519833 -0.027904
v -0.181591 0.520013 -0.037673
v -0.178270 0.521568 -0.057129
v 0.198714 0.518669 -0.005215
v 0.196139 0.518227 0.010892
v 0.192707 0.519272 0.021693
v 0.185079 0.521245 0.046201
v 0.179607 0.524167 0.059253
v 0.159494 0.532684 0.101081
v 0.155543 0.537643 0.108505
v 0.156064 0.542204 0.108811
v 0.141317 0.546716 0.130699
v 0.202929 0.520428 -0.005734
v 0.208515 0.523387 0.009493
v 0.212663 0.527520 0.021909
v 0.210669 0.531938 0.049626
v 0.209339 0.536625 0.063727
v 0.206801 0.541664 0.076052
v 0.203753 0.545891 0.078780
v 0.186562 0.549697 0.112728
v 0.178442 0.552953 0.122066
v 0.156948 0.554922 0.142870
v 0.147173 0.555638 0.148018
v 0.137469 0.550477 0.140211
v 0.138374 0.555438 0.151618
v 0.135028 0.553680 0.149000
v -0.181649 0.524367 -0.058504
v -0.191529 0.528221 -0.041627
v -0.197039 0.532928 -0.032117
v -0.200579 0.537726 -0.008512
v -0.202207 0.542459 0.009275
v -0.201777 0.547189 0.021884
v -0.193623 0.551055 0.061197
v -0.188031 0.554325 0.073467
v -0.175044 0.556110 0.093647
v -0.165450 0.556785 0.104790
v -0.161278 0.556184 0.102954
v -0.157382 0.554425 0.101261
v -0.154028 0.551625 0.099827
v -0.151444 0.547978 0.098749
v -0.149807 0.543730 0.098101
v -0.149228 0.539171 0.097928
v -0.155126 0.534539 0.085368
v -0.164680 0.530208 0.066987
v -0.168952 0.526146 0.057767
v -0.177545 0.523070 0.021623
v -0.180798 0.520886 0.011913
v -0.183109 0.520114 -0.006275
v -0.184881 0.520442 -0.029031
v -0.185550 0.521773 -0.039214
v 0.200672 0.518827 0.010404
v 0.197299 0.518681 0.021744
v 0.189285 0.519485 0.046794
v 0.183202 0.521369 0.059877
v 0.175617 0.528278 0.066996
v 0.161076 0.528436 0.101857
v 0.156062 0.533084 0.108815
v 0.139421 0.537910 0.129293
v 0.139913 0.542468 0.129638
v 0.135255 0.546829 0.138498
v 0.204893 0.520587 0.009927
v 0.209843 0.523865 0.021880
v 0.208921 0.527691 0.049417
v 0.208733 0.532066 0.063719
v 0.207382 0.537105 0.076218
v 0.205366 0.541643 0.079483
v 0.189098 0.546049 0.113915
v 0.181602 0.550160 0.123940
v 0.160284 0.553163 0.145499
v 0.150693 0.555039 0.150916
v 0.141926 0.556037 0.154476
v 0.132115 0.550885 0.146801
v 0.136793 0.555571 0.153555
v 0.133814 0.553802 0.150484
v -0.188940 0.524573 -0.040562
v -0.195322 0.528674 -0.031679
v -0.199988 0.533168 -0.008404
v -0.202814 0.537901 0.009299
v -0.203549 0.542943 0.021906
v -0.196381 0.547407 0.061687
v -0.191570 0.551533 0.074452
v -0.178960 0.554350 0.095292
v -0.169615 0.556185 0.106645
v -0.160677 0.557264 0.115559
v -0.156532 0.556661 0.113661
v -0.152651 0.554900 0.111936
v -0.149297 0.552101 0.110501
v -0.146699 0.548455 0.109454
v -0.145035 0.544209 0.108866
v -0.144418 0.539654 0.108778
v -0.149747 0.534613 0.098241
v -0.156744 0.530292 0.086059
v -0.167396 0.526565 0.067744
v -0.172550 0.523347 0.058373
v -0.181824 0.521319 0.021672
v -0.185333 0.520287 0.011453
v -0.187635 0.520714 -0.006822
v -0.189028 0.522211 -0.030082
v 0.201890 0.519290 0.021794
v 0.193808 0.518885 0.047358
v 0.187393 0.519610 0.060576
v 0.181756 0.521794 0.069038
v 0.178218 0.524587 0.068045
v 0.178188 0.524631 0.068101
v 0.163612 0.524788 0.103045
v 0.157586 0.528838 0.109720
v 0.139873 0.533351 0.129689
v 0.133314 0.538023 0.137147
v 0.133838 0.542581 0.137453
v 0.129835 0.547242 0.145169
v 0.206169 0.521058 0.021841
v 0.206145 0.524043 0.049061
v 0.206984 0.527818 0.063524
v 0.206799 0.532543 0.076056
v 0.205911 0.537085 0.079737
v 0.190680 0.541802 0.114692
v 0.184027 0.546516 0.125379
v 0.163143 0.550364 0.147764
v 0.153957 0.553280 0.153637
v 0.145441 0.555438 0.157379
v 0.139991 0.556180 0.156851
v 0.131254 0.550995 0.147848
v 0.106097 0.556211 0.176641
v 0.103599 0.554451 0.173204
v -0.192589 0.525019 -0.030985
v -0.198245 0.528920 -0.008160
v -0.202227 0.533342 0.009447
v -0.204153 0.538384 0.021915
v -0.198109 0.543160 0.062026
v -0.194286 0.547890 0.075209
v -0.182322 0.551551 0.096708
v -0.173487 0.554425 0.108392
v -0.164802 0.556668 0.117501
v -0.160080 0.557316 0.116911
v -0.156126 0.556706 0.114576
v -0.152442 0.554937 0.112401
v -0.125030 0.544386 0.134521
v -0.124515 0.539828 0.134205
v -0.144889 0.535099 0.109196
v -0.151328 0.530365 0.099018
v -0.159322 0.526644 0.087149
v -0.170935 0.523772 0.068729
v -0.176743 0.521588 0.059055
v -0.186415 0.520728 0.021724
v -0.189866 0.520887 0.010970
v -0.191851 0.522474 -0.007342
v 0.198321 0.519485 0.048001
v 0.191893 0.519011 0.061301
v 0.185876 0.520042 0.070194
v 0.166930 0.521989 0.104562
v 0.181544 0.521832 0.069531
v 0.160011 0.525194 0.111159
v 0.141240 0.529104 0.130798
v 0.133719 0.533465 0.137602
v 0.127737 0.538446 0.144008
v 0.128341 0.542999 0.144216
v 0.129289 0.547339 0.145826
v 0.202529 0.521245 0.048579
v 0.204209 0.524171 0.063154
v 0.205092 0.528290 0.075580
v 0.205349 0.532527 0.079524
v 0.191199 0.537243 0.115004
v 0.185551 0.542270 0.126284
v 0.165331 0.546717 0.149511
v 0.156742 0.550482 0.155994
v 0.148679 0.553680 0.160129
v 0.143188 0.555588 0.160147
v 0.108750 0.556813 0.180349
v 0.101428 0.551651 0.170273
v 0.097833 0.556779 0.182569
v 0.095756 0.555010 0.178828
v -0.195470 0.525273 -0.007798
v -0.200487 0.529095 0.009709
v -0.203549 0.533822 0.021911
v -0.198692 0.538602 0.062192
v -0.195992 0.543645 0.075685
v -0.184900 0.547904 0.097798
v -0.176804 0.551627 0.109912
v -0.168627 0.554913 0.119354
v -0.164033 0.556725 0.119247
v -0.138406 0.557441 0.145034
v -0.134852 0.556841 0.142179
v -0.131528 0.555081 0.139534
v -0.149278 0.552129 0.110534
v -0.126444 0.548634 0.135570
v -0.124934 0.535269 0.134642
v -0.146417 0.530856 0.110091
v -0.153864 0.526717 0.100208
v -0.162684 0.523845 0.088565
v -0.175057 0.522021 0.069875
v -0.181246 0.520988 0.059766
v -0.191006 0.521338 0.021776
v -0.194088 0.522647 0.010498
v 0.196398 0.519611 0.062004
v 0.190297 0.519451 0.071435
v 0.170804 0.520230 0.106306
v 0.185454 0.520073 0.071191
v 0.163171 0.522401 0.113033
v 0.143427 0.525457 0.132545
v 0.135024 0.529218 0.138787
v 0.128063 0.533893 0.144558
v 0.128054 0.543086 0.144555
v 0.099730 0.548003 0.168047
v 0.200598 0.521371 0.062636
v 0.202377 0.524636 0.074820
v 0.203721 0.528279 0.078859
v 0.190619 0.532685 0.114832
v 0.186070 0.537711 0.126594
v 0.166697 0.542469 0.150620
v 0.158860 0.546835 0.157827
v 0.151421 0.550885 0.162538
v 0.146166 0.553835 0.163220
v 0.111377 0.556214 0.184075
v 0.100060 0.557388 0.186584
v 0.093972 0.552202 0.175616
v 0.062416 0.557546 0.196742
v 0.060842 0.555786 0.192797
v -0.197710 0.525447 0.010068
v -0.201777 0.529569 0.021893
v -0.198088 0.534043 0.062173
v -0.196574 0.539086 0.075849
v -0.186519 0.543656 0.098489
v -0.179340 0.547979 0.111101
v -0.171891 0.552119 0.120991
v -0.167716 0.554973 0.121424
v -0.141947 0.556841 0.147906
v -0.129500 0.558045 0.156037
v -0.126291 0.557435 0.152752
v -0.123301 0.555666 0.149692
v -0.128660 0.552282 0.137279
v -0.117521 0.544950 0.143784
v -0.118761 0.549203 0.145050
v -0.117097 0.540388 0.143353
v -0.117518 0.535829 0.143787
v -0.126259 0.531021 0.135804
v -0.148897 0.527214 0.111402
v -0.157181 0.523919 0.101727
v -0.166600 0.522086 0.090210
v -0.179481 0.521431 0.071105
v -0.185752 0.521589 0.060458
v -0.195284 0.523107 0.021823
v 0.194718 0.520060 0.072674
v 0.189652 0.519473 0.072966
v 0.174970 0.519630 0.108157
v 0.166852 0.520649 0.115215
v 0.146286 0.522658 0.134810
v 0.137142 0.525571 0.140620
v 0.129297 0.529650 0.145829
v 0.098622 0.543755 0.166678
v 0.092602 0.548546 0.173152
v 0.198839 0.521828 0.073829
v 0.201135 0.524631 0.077786
v 0.188982 0.528437 0.114186
v 0.185549 0.533149 0.126287
v 0.167149 0.537911 0.151016
v 0.160166 0.542588 0.159012
v 0.153479 0.547241 0.164443
v 0.148723 0.551041 0.165858
v 0.113801 0.554456 0.187565
v 0.102287 0.556796 0.190599
v 0.064090 0.558147 0.200982
v 0.059475 0.552987 0.189415
v 0.058642 0.557611 0.198270
v 0.057114 0.555851 0.194306
v -0.198958 0.525914 0.021863
v -0.196339 0.529795 0.061971
v -0.195991 0.534525 0.075689
v -0.187067 0.539098 0.098732
v -0.180921 0.543731 0.111879
v -0.174372 0.548476 0.122302
v -0.170878 0.552181 0.123294
v -0.145234 0.555081 0.150598
v -0.132708 0.557454 0.159321
v -0.106962 0.558243 0.173173
v -0.104208 0.557643 0.169540
v -0.101638 0.555883 0.166159
v -0.120733 0.552858 0.147065
v -0.096647 0.545189 0.159645
v -0.097724 0.549437 0.161037
v -0.096269 0.540631 0.159179
v -0.096615 0.536072 0.159670
v -0.118754 0.531583 0.145057
v -0.128398 0.527373 0.137611
v -0.152161 0.524419 0.113039
v -0.161054 0.522159 0.103474
v -0.170804 0.521486 0.091972
v -0.183905 0.522041 0.072335
v -0.189954 0.523348 0.061083
v 0.193853 0.520073 0.074736
v 0.179144 0.520230 0.109990
v 0.170802 0.520057 0.117556
v 0.149622 0.520899 0.137440
v 0.139928 0.522773 0.142978
v 0.131355 0.526007 0.147734
v 0.098179 0.539197 0.166259
v 0.127631 0.538523 0.144123
v 0.091739 0.544291 0.171604
v 0.058408 0.549339 0.186828
v 0.197769 0.521832 0.076380
v 0.186397 0.524789 0.113111
v 0.184023 0.528896 0.125385
v 0.166657 0.533353 0.150672
v 0.160571 0.538030 0.159467
v 0.154713 0.542999 0.165714
v 0.150684 0.547397 0.167884
v 0.115854 0.551659 0.190583
v 0.104362 0.555043 0.194342
v 0.065750 0.557547 0.205228
v 0.060254 0.558213 0.202534
v 0.055772 0.553051 0.190914
v 0.052849 0.557938 0.200468
v 0.051802 0.556168 0.196320
v -0.193565 0.526147 0.061599
v -0.194284 0.530272 0.075216
v -0.186509 0.534540 0.098511
v -0.181440 0.539173 0.112192
v -0.175900 0.544233 0.123197
v -0.173305 0.548538 0.124729
v -0.148043 0.552282 0.152927
v -0.135697 0.555702 0.162382
v -0.109712 0.557643 0.176808
v -0.100516 0.558284 0.178093
v -0.097817 0.557683 0.174419
v -0.095287 0.555924 0.171006
v -0.099426 0.553084 0.163258
v -0.090307 0.545229 0.164483
v -0.091400 0.549477 0.165864
v -0.089895 0.540670 0.164042
v -0.090191 0.536112 0.164570
v -0.097662 0.531825 0.161084
v -0.120723 0.527940 0.147075
v -0.131207 0.524574 0.139940
v -0.155986 0.522664 0.114892
v -0.165218 0.521559 0.105329
v -0.175009 0.522086 0.093731
v -0.188027 0.523810 0.073480
v 0.183042 0.521990 0.111680
v 0.174753 0.520666 0.119897
v 0.153208 0.520299 0.140254
v 0.143192 0.521014 0.145698
v 0.134096 0.523211 0.150143
v 0.098431 0.534639 0.166819
v 0.128050 0.533963 0.144559
v 0.091443 0.539728 0.171077
v 0.057714 0.545092 0.185210
v 0.054709 0.549403 0.188325
v 0.181597 0.525242 0.123949
v 0.165253 0.529105 0.149611
v 0.160047 0.533471 0.159162
v 0.155039 0.538446 0.166264
v 0.151916 0.543149 0.169158
v 0.117399 0.548013 0.192921
v 0.106142 0.552249 0.197556
v 0.067281 0.555788 0.209190
v 0.061838 0.557614 0.206810
v 0.053972 0.558548 0.204920
v 0.050901 0.553360 0.192758
v 0.006019 0.558614 0.206223
v 0.005504 0.556855 0.202006
v -0.191567 0.526617 0.074463
v -0.184882 0.530292 0.097842
v -0.180861 0.534614 0.112018
v -0.176371 0.539679 0.123615
v -0.174829 0.544292 0.125633
v -0.150182 0.548635 0.154734
v -0.138263 0.552910 0.165012
v -0.112270 0.555883 0.180200
v -0.103200 0.557684 0.181778
v -0.095091 0.558547 0.182059
v -0.092461 0.557943 0.178335
v -0.089981 0.556181 0.174886
v -0.093098 0.553125 0.168088
v -0.085014 0.545485 0.168352
v -0.086127 0.549732 0.169719
v -0.084560 0.540928 0.167941
v -0.084794 0.536372 0.168513
v -0.091176 0.531864 0.166031
v -0.099339 0.528177 0.163325
v -0.123289 0.525147 0.149704
v -0.134494 0.522815 0.142632
v -0.160112 0.522068 0.116834
v -0.169390 0.522160 0.107166
v -0.178929 0.523845 0.095368
v 0.178435 0.522435 0.122077
v 0.156799 0.520899 0.143062
v 0.146712 0.520415 0.148596
v 0.137335 0.521454 0.152893
v 0.099361 0.530393 0.168319
v 0.128063 0.533893 0.144558
v 0.129282 0.529716 0.145833
v 0.091733 0.535167 0.171607
v 0.057440 0.540533 0.184674
v 0.053996 0.545155 0.186714
v 0.050209 0.549704 0.190025
v 0.163034 0.525458 0.147905
v 0.158630 0.529223 0.158117
v 0.154434 0.533893 0.166056
v 0.152335 0.538589 0.169594
v 0.118329 0.543766 0.194421
v 0.107507 0.548604 0.200022
v 0.068581 0.552990 0.212599
v 0.063287 0.555856 0.210804
v 0.055094 0.557957 0.209372
v 0.006559 0.559215 0.210749
v 0.004895 0.556851 0.202097
v 0.004849 0.558626 0.206369
v -0.182296 0.526644 0.096770
v -0.179224 0.530366 0.111371
v -0.175753 0.535123 0.123527
v -0.175348 0.539733 0.125943
v -0.151507 0.544387 0.155896
v -0.140231 0.549266 0.167030
v -0.114462 0.553084 0.183115
v -0.105685 0.555924 0.185224
v -0.097692 0.557950 0.185804
v -0.089911 0.558818 0.185821
v -0.087661 0.558207 0.181820
v -0.085563 0.556438 0.178091
v -0.087821 0.553381 0.171948
v -0.081507 0.545721 0.170890
v -0.082378 0.549975 0.172434
v -0.081208 0.541159 0.170365
v -0.081502 0.536600 0.170893
v -0.085701 0.532127 0.170029
v -0.092782 0.528217 0.168325
v -0.101531 0.525378 0.166240
v -0.126278 0.523396 0.152765
v -0.138035 0.522215 0.145504
v -0.160069 0.522079 0.116929
v -0.164256 0.522671 0.118732
v -0.173286 0.523919 0.108859
v 0.160150 0.522659 0.145672
v 0.150247 0.521016 0.151475
v 0.140850 0.520854 0.155796
v 0.133800 0.523277 0.150497
v 0.100905 0.526746 0.170657
v 0.131243 0.526071 0.147859
v 0.092590 0.530920 0.173158
v 0.057605 0.535976 0.185254
v 0.053682 0.540597 0.186192
v 0.049773 0.545450 0.188307
v 0.005350 0.554053 0.198477
v 0.156416 0.525575 0.156403
v 0.152941 0.529650 0.165103
v 0.151912 0.534027 0.169162
v 0.118581 0.539209 0.194981
v 0.108364 0.544356 0.201574
v 0.069561 0.549343 0.215222
v 0.064502 0.553059 0.214246
v 0.056138 0.556205 0.213521
v 0.007088 0.558615 0.215277
v 0.004865 0.559237 0.210960
v 0.004378 0.558611 0.206313
v -0.176640 0.526718 0.110293
v -0.174089 0.530878 0.122940
v -0.174826 0.535172 0.125638
v -0.151926 0.539828 0.156333
v -0.141468 0.545020 0.168299
v -0.116139 0.549437 0.185356
v -0.107803 0.553126 0.188195
v -0.100087 0.556194 0.189314
v -0.092161 0.558227 0.189823
v -0.052139 0.559058 0.201307
v -0.050476 0.558458 0.197063
v -0.048909 0.556698 0.193115
v -0.083761 0.553630 0.174890
v -0.045785 0.546004 0.185526
v -0.046481 0.550251 0.187143
v -0.045505 0.541445 0.184991
v -0.045662 0.536887 0.185575
v -0.082369 0.532354 0.172439
v -0.087219 0.528483 0.172386
v -0.094900 0.525418 0.171296
v -0.104089 0.523619 0.169631
v -0.129486 0.522805 0.156050
v -0.141588 0.522815 0.148359
v -0.164022 0.522688 0.119264
v -0.168138 0.524432 0.120458
v 0.153557 0.522776 0.154138
v 0.144401 0.521454 0.158653
v 0.136779 0.521524 0.153570
v 0.102959 0.523949 0.173675
v 0.093955 0.527274 0.175625
v 0.058197 0.531728 0.186913
v 0.053790 0.536040 0.186795
v 0.049622 0.540888 0.187722
v 0.005712 0.550405 0.195702
v 0.150660 0.526007 0.163471
v 0.150677 0.529773 0.167891
v 0.118138 0.534651 0.194562
v 0.108655 0.539795 0.202104
v 0.070153 0.545096 0.216880
v 0.065400 0.549412 0.216900
v 0.057035 0.553411 0.217083
v 0.007570 0.556856 0.219497
v 0.004882 0.558647 0.215551
v 0.003835 0.559211 0.210839
v -0.040947 0.554165 0.192302
v -0.041873 0.556973 0.195857
v -0.042950 0.558743 0.199997
v -0.171492 0.527231 0.121893
v -0.173299 0.530919 0.124738
v -0.151411 0.535269 0.156017
v -0.141888 0.540461 0.168733
v -0.117186 0.545189 0.186770
v -0.109409 0.549478 0.190489
v -0.102113 0.553399 0.192352
v -0.094257 0.556476 0.193553
v -0.053787 0.558458 0.205558
v -0.048809 0.559180 0.202609
v -0.047200 0.558578 0.198344
v -0.045661 0.556818 0.194385
v -0.047547 0.553899 0.189731
v -0.042453 0.546126 0.186828
v -0.043204 0.550372 0.188424
v -0.042096 0.541570 0.186323
v -0.042158 0.537014 0.186943
v -0.046244 0.532639 0.187237
v -0.083748 0.528711 0.174897
v -0.089244 0.525688 0.175423
v -0.097385 0.523658 0.174741
v -0.106839 0.523019 0.173267
v -0.132694 0.523414 0.159334
v -0.144912 0.524574 0.151004
v -0.167706 0.524457 0.121439
v 0.147747 0.523211 0.161271
v 0.143173 0.521541 0.160162
v 0.139975 0.520932 0.156866
v 0.105382 0.522191 0.177165
v 0.095736 0.524480 0.178839
v 0.059177 0.528082 0.189535
v 0.054310 0.531793 0.188481
v 0.049766 0.536328 0.188309
v 0.006066 0.541598 0.193368
v 0.005956 0.546157 0.193959
v -0.040237 0.550510 0.189574
v 0.148712 0.526118 0.165869
v 0.117029 0.530403 0.193193
v 0.108358 0.535232 0.201577
v 0.070318 0.540538 0.217460
v 0.065921 0.545166 0.218586
v 0.057721 0.549767 0.219818
v 0.007971 0.554057 0.223123
v 0.004897 0.556896 0.219829
v 0.003301 0.558610 0.215366
v -0.044105 0.559353 0.204441
v -0.044298 0.554018 0.191001
v -0.170870 0.527265 0.123306
v -0.149997 0.531021 0.154968
v -0.141464 0.535899 0.168303
v -0.117533 0.540631 0.187261
v -0.110394 0.545230 0.191949
v -0.103630 0.549755 0.194709
v -0.096056 0.553684 0.196756
v -0.055306 0.556699 0.209525
v -0.050380 0.558583 0.206889
v -0.039790 0.546257 0.187860
v -0.039637 0.541696 0.187275
v -0.039788 0.537138 0.187860
v -0.042634 0.532770 0.188646
v -0.047211 0.528992 0.189865
v -0.085547 0.525919 0.178100
v -0.091639 0.523932 0.178934
v -0.100068 0.523058 0.178427
v -0.109593 0.523619 0.176899
v -0.135685 0.525183 0.162394
v -0.147781 0.527374 0.153259
v 0.146152 0.523310 0.163233
v 0.110663 0.522194 0.184599
v 0.108010 0.521593 0.180891
v 0.097810 0.522727 0.182581
v 0.060476 0.525283 0.192944
v 0.055209 0.528147 0.191135
v 0.050197 0.532081 0.190028
v 0.006035 0.537040 0.193969
v 0.115332 0.526755 0.190967
v 0.107496 0.530978 0.200029
v 0.070044 0.535980 0.216924
v 0.066028 0.540608 0.219188
v 0.058151 0.545520 0.221537
v 0.008266 0.550410 0.225907
v 0.004910 0.554105 0.223502
v 0.002815 0.556850 0.219586
v -0.045261 0.558763 0.208884
v -0.140224 0.531646 0.167037
v -0.117154 0.536073 0.186794
v -0.110690 0.540672 0.192477
v -0.104537 0.545511 0.196225
v -0.097436 0.550040 0.199214
v -0.056593 0.553901 0.212939
v -0.051805 0.556827 0.210893
v -0.040233 0.532893 0.189576
v -0.043493 0.529126 0.191316
v -0.048498 0.526193 0.193279
v -0.087643 0.524168 0.181830
v -0.094240 0.523336 0.182679
v -0.102767 0.523659 0.182101
v -0.112163 0.525379 0.180281
v -0.138253 0.527991 0.165021
v 0.113160 0.523955 0.188036
v 0.102265 0.522745 0.190612
v 0.100037 0.522135 0.186597
v 0.062008 0.523525 0.196906
v 0.056424 0.525349 0.194576
v 0.050883 0.528436 0.192762
v 0.106126 0.527322 0.197565
v 0.069350 0.531733 0.215307
v 0.065715 0.536050 0.218666
v 0.058296 0.540960 0.222124
v 0.008433 0.546163 0.227659
v 0.004921 0.550463 0.226321
v 0.002408 0.554051 0.223212
v -0.046337 0.557013 0.213024
v -0.116078 0.531825 0.185403
v -0.110278 0.536113 0.192036
v -0.104772 0.540954 0.196796
v -0.098302 0.545794 0.200760
v -0.057560 0.550253 0.215567
v -0.052986 0.554032 0.214347
v 0.005863 0.532792 0.195721
v -0.040941 0.529250 0.192304
v -0.044674 0.526331 0.194770
v -0.050018 0.524434 0.197246
v -0.089893 0.523577 0.185832
v -0.096870 0.523939 0.186402
v -0.105297 0.525418 0.185513
v -0.114375 0.528178 0.183181
v 0.104342 0.524514 0.194353
v 0.065341 0.523526 0.205392
v 0.063668 0.522925 0.201152
v 0.057873 0.523591 0.198571
v 0.051779 0.525643 0.196325
v 0.068283 0.528085 0.212719
v 0.065002 0.531802 0.217056
v 0.058145 0.536397 0.221538
v 0.008461 0.541605 0.228260
v 0.004928 0.546219 0.228093
v 0.002109 0.550403 0.225995
v -0.047261 0.554221 0.216580
v -0.109185 0.531865 0.190656
v -0.104317 0.536397 0.196385
v -0.098596 0.541235 0.201288
v -0.058142 0.546006 0.217229
v -0.053845 0.550388 0.217017
v 0.005564 0.529144 0.198504
v -0.041865 0.526459 0.195860
v -0.046099 0.524575 0.198774
v -0.051665 0.523834 0.201497
v -0.092143 0.524187 0.189833
v -0.099350 0.525701 0.189851
v -0.107486 0.528217 0.188431
v 0.066916 0.525286 0.209337
v 0.061068 0.523594 0.207111
v 0.059457 0.522992 0.202846
v 0.052824 0.523891 0.200474
v 0.063938 0.528154 0.214466
v 0.057709 0.532143 0.219821
v 0.008349 0.537046 0.227669
v 0.004931 0.541661 0.228698
v 0.001937 0.546155 0.227747
v -0.047969 0.550579 0.219308
v -0.103205 0.532150 0.195018
v -0.098297 0.536673 0.200763
v -0.058299 0.541447 0.217813
v -0.054321 0.546144 0.218719
v 0.005157 0.526344 0.202129
v -0.042941 0.524708 0.200000
v -0.047670 0.523978 0.203054
v -0.053329 0.524435 0.205741
v -0.094241 0.525957 0.193562
v -0.101511 0.528502 0.192790
v 0.062596 0.525354 0.211074
v 0.055069 0.523910 0.209378
v 0.053946 0.523300 0.204926
v 0.005704 0.524592 0.206262
v 0.005222 0.526351 0.202041
v 0.057017 0.528487 0.217088
v 0.008103 0.532799 0.225927
v 0.004929 0.537100 0.228093
v 0.001906 0.541596 0.228348
v -0.048414 0.546334 0.221024
v -0.097427 0.532420 0.199219
v -0.058020 0.536889 0.217278
v -0.054383 0.541588 0.219339
v 0.004671 0.524584 0.206349
v -0.044096 0.524118 0.204443
v -0.049279 0.524580 0.207319
v -0.054895 0.526194 0.209690
v -0.096043 0.528765 0.196763
v 0.056116 0.525679 0.213526
v 0.006773 0.524593 0.215316
v 0.006233 0.523992 0.210789
v 0.007741 0.529151 0.223151
v 0.004924 0.532848 0.226321
v 0.002016 0.537037 0.227756
v -0.048565 0.541775 0.221609
v -0.057323 0.532641 0.215662
v -0.054026 0.537032 0.218834
v 0.004137 0.523984 0.210877
v -0.045252 0.524729 0.208887
v -0.050818 0.526340 0.211278
v -0.056258 0.528993 0.213073
v 0.007287 0.526352 0.219532
v 0.004888 0.524616 0.215551
v 0.004872 0.524005 0.210960
v 0.004856 0.524595 0.206369
v 0.004915 0.529193 0.223502
v 0.002260 0.532789 0.226014
v -0.048412 0.537214 0.221024
v -0.053275 0.532786 0.217239
v 0.003594 0.524584 0.215403
v -0.046329 0.526498 0.213027
v -0.052181 0.529140 0.214662
v 0.004903 0.526385 0.219829
v 0.005157 0.526344 0.202129
v 0.002622 0.529142 0.223238
v -0.047965 0.532961 0.219310
v 0.003077 0.526343 0.219619
v -0.047254 0.529306 0.216582
vn 0.1359 -0.9907 -0.0000
vn -0.0000 -1.0000 -0.0000
vn 0.1312 -0.9907 -0.0351
vn 0.1177 -0.9907 -0.0679
vn 0.2549 -0.9646 -0.0683
vn 0.2639 -0.9646 -0.0000
vn 0.1313 -0.9907 0.0351
vn 0.0961 -0.9907 -0.0961
vn 0.2285 -0.9646 -0.1319
vn 0.3741 -0.9219 -0.1002
vn 0.3873 -0.9220 -0.0000
vn 0.2549 -0.9646 0.0683
vn 0.1177 -0.9907 0.0679
vn 0.0680 -0.9907 -0.1177
vn 0.1866 -0.9646 -0.1866
vn 0.3354 -0.9219 -0.1936
vn 0.4869 -0.8637 -0.1305
vn 0.5041 -0.8637 -0.0000
vn 0.3741 -0.9219 0.1002
vn 0.2285 -0.9646 0.1319
vn 0.0961 -0.9907 0.0961
vn 0.0352 -0.9907 -0.1312
vn 0.1319 -0.9646 -0.2285
vn 0.2739 -0.9220 -0.2739
vn 0.4365 -0.8637 -0.2520
vn 0.5913 -0.7907 -0.1584
vn 0.6122 -0.7907 -0.0000
vn 0.4869 -0.8637 0.1305
vn 0.3354 -0.9219 0.1936
vn 0.1866 -0.9646 0.1866
vn 0.0679 -0.9907 0.1177
vn -0.0000 -0.9907 -0.1359
vn 0.0683 -0.9646 -0.2549
vn 0.1937 -0.9220 -0.3354
vn 0.3564 -0.8637 -0.3564
vn 0.5302 -0.7907 -0.3061
vn 0.6856 -0.7044 -0.1837
vn 0.7098 -0.7044 -0.0000
vn 0.5913 -0.7907 0.1584
vn 0.4365 -0.8637 0.2520
vn 0.2739 -0.9219 0.2739
vn 0.1319 -0.9646 0.2285
vn 0.0352 -0.9907 0.1312
vn -0.0351 -0.9907 -0.1312
vn -0.0000 -0.9646 -0.2639
vn 0.1002 -0.9219 -0.3741
vn 0.2520 -0.8637 -0.4365
vn 0.4329 -0.7907 -0.4329
vn 0.6147 -0.7044 -0.3549
vn 0.7954 -0.6061 -0.0000
vn 0.7682 -0.6062 -0.2058
vn 0.6856 -0.7044 0.1837
vn 0.5302 -0.7907 0.3061
vn 0.3564 -0.8637 0.3564
vn 0.1937 -0.9219 0.3354
vn 0.0683 -0.9646 0.2549
vn -0.0000 -0.9907 0.1359
vn -0.0679 -0.9907 -0.1177
vn -0.0683 -0.9646 -0.2549
vn -0.0000 -0.9220 -0.3873
vn 0.1305 -0.8637 -0.4869
vn 0.3061 -0.7907 -0.5302
vn 0.5019 -0.7044 -0.5019
vn 0.6888 -0.6061 -0.3977
vn 0.8674 -0.4977 -0.0000
vn 0.8378 -0.4977 -0.2245
vn 0.7682 -0.6062 0.2058
vn 0.6147 -0.7044 0.3549
vn 0.4329 -0.7907 0.4329
vn 0.2520 -0.8637 0.4365
vn 0.1002 -0.9219 0.3741
vn -0.0000 -0.9646 0.2639
vn -0.0352 -0.9907 0.1312
vn -0.0961 -0.9907 -0.0961
vn -0.1319 -0.9646 -0.2285
vn -0.1002 -0.9220 -0.3741
vn -0.0000 -0.8637 -0.5041
vn 0.1584 -0.7907 -0.5913
vn 0.3549 -0.7044 -0.6147
vn 0.5624 -0.6061 -0.5624
vn 0.7512 -0.4977 -0.4337
vn 0.9247 -0.3808 -0.0000
vn 0.8932 -0.3808 -0.2393
vn 0.8378 -0.4977 0.2245
vn 0.6888 -0.6061 0.3977
vn 0.5019 -0.7044 0.5019
vn 0.3061 -0.7907 0.5302
vn 0.1305 -0.8637 0.4869
vn -0.0000 -0.9220 0.3873
vn -0.0683 -0.9646 0.2549
vn -0.0679 -0.9907 0.1177
vn -0.1177 -0.9907 -0.0679
vn -0.1866 -0.9646 -0.1866
vn -0.1937 -0.9220 -0.3354
vn -0.1305 -0.8637 -0.4869
vn -0.0000 -0.7907 -0.6122
vn 0.1837 -0.7044 -0.6856
vn 0.3977 -0.6062 -0.6888
vn 0.6133 -0.4977 -0.6133
vn 0.8008 -0.3808 -0.4623
vn 0.9663 -0.2575 -0.0000
vn 0.9334 -0.2575 -0.2501
vn 0.8932 -0.3807 0.2393
vn 0.7512 -0.4977 0.4337
vn 0.5624 -0.6061 0.5624
vn 0.3549 -0.7044 0.6147
vn 0.1584 -0.7907 0.5913
vn -0.0000 -0.8637 0.5041
vn -0.1002 -0.9219 0.3741
vn -0.1319 -0.9646 0.2285
vn -0.0961 -0.9907 0.0961
vn -0.1313 -0.9907 -0.0351
vn -0.2285 -0.9646 -0.1319
vn -0.2739 -0.9220 -0.2739
vn -0.2520 -0.8637 -0.4365
vn -0.1584 -0.7907 -0.5913
vn -0.0000 -0.7044 -0.7098
vn 0.2059 -0.6062 -0.7682
vn 0.4337 -0.4977 -0.7512
vn 0.6538 -0.3808 -0.6538
vn 0.8368 -0.2575 -0.4831
vn 0.9915 -0.1298 -0.0000
vn 0.9578 -0.1298 -0.2566
vn 0.9334 -0.2575 0.2501
vn 0.8008 -0.3808 0.4623
vn 0.6133 -0.4977 0.6133
vn 0.3977 -0.6061 0.6888
vn 0.1837 -0.7044 0.6856
vn -0.0000 -0.7907 0.6122
vn -0.1305 -0.8637 0.4869
vn -0.1937 -0.9219 0.3354
vn -0.1866 -0.9646 0.1866
vn -0.1177 -0.9907 0.0679
vn -0.1359 -0.9907 -0.0000
vn -0.2549 -0.9646 -0.0683
vn -0.3354 -0.9219 -0.1937
vn -0.3564 -0.8637 -0.3564
vn -0.3061 -0.7907 -0.5302
vn -0.1837 -0.7044 -0.6856
vn -0.0000 -0.6061 -0.7954
vn 0.2245 -0.4977 -0.8378
vn 0.4623 -0.3808 -0.8008
vn 0.6833 -0.2574 -0.6833
vn 0.8587 -0.1298 -0.4958
vn 1.0000 -0.0000 -0.0000
vn 0.9659 -0.0000 -0.2588
vn 0.9578 -0.1298 0.2566
vn 0.8368 -0.2575 0.4831
vn 0.6538 -0.3808 0.6538
vn 0.4337 -0.4977 0.7512
vn 0.2058 -0.6061 0.7683
vn -0.0000 -0.7044 0.7098
vn -0.1584 -0.7907 0.5913
vn -0.2520 -0.8637 0.4365
vn -0.2739 -0.9219 0.2739
vn -0.2285 -0.9646 0.1320
vn -0.1313 -0.9907 0.0351
vn -0.2639 -0.9646 -0.0000
vn -0.3741 -0.9219 -0.1002
vn -0.4365 -0.8637 -0.2520
vn -0.4329 -0.7907 -0.4329
vn -0.3549 -0.7044 -0.6147
vn -0.2059 -0.6062 -0.7682
vn -0.0000 -0.4977 -0.8674
vn 0.2393 -0.3808 -0.8932
vn 0.4831 -0.2575 -0.8368
vn 0.7011 -0.1298 -0.7011
vn 0.8660 -0.0000 -0.5000
vn 0.9915 0.1298 -0.0000
vn 0.9577 0.1298 -0.2566
vn 0.9659 -0.0000 0.2588
vn 0.8587 -0.1298 0.4958
vn 0.6833 -0.2574 0.6833
vn 0.4623 -0.3808 0.8008
vn 0.2245 -0.4977 0.8378
vn -0.0000 -0.6061 0.7954
vn -0.1837 -0.7044 0.6856
vn -0.3061 -0.7907 0.5302
vn -0.3564 -0.8637 0.3564
vn -0.3354 -0.9219 0.1936
vn -0.2549 -0.9646 0.0683
vn -0.3873 -0.9220 -0.0000
vn -0.4869 -0.8637 -0.1305
vn -0.5302 -0.7907 -0.3061
vn -0.5019 -0.7044 -0.5019
vn -0.3977 -0.6062 -0.6888
vn -0.2245 -0.4977 -0.8378
vn -0.0000 -0.3808 -0.9247
vn 0.2501 -0.2575 -0.9334
vn 0.4958 -0.1299 -0.8587
vn 0.7071 -0.0000 -0.7071
vn 0.8587 0.1298 -0.4958
vn 0.9663 0.2575 -0.0000
vn 0.9334 0.2575 -0.2501
vn 0.9578 0.1298 0.2566
vn 0.8660 -0.0000 0.5000
vn 0.7011 -0.1298 0.7011
vn 0.4831 -0.2575 0.8368
vn 0.2393 -0.3808 0.8932
vn -0.0000 -0.4977 0.8674
vn -0.2059 -0.6061 0.7683
vn -0.3549 -0.7044 0.6147
vn -0.4329 -0.7907 0.4329
vn -0.4365 -0.8637 0.2520
vn -0.3741 -0.9219 0.1002
vn -0.5040 -0.8637 -0.0000
vn -0.5913 -0.7907 -0.1584
vn -0.6147 -0.7044 -0.3549
vn -0.5624 -0.6061 -0.5624
vn -0.4337 -0.4977 -0.7512
vn -0.2393 -0.3808 -0.8932
vn -0.0000 -0.2575 -0.9663
vn 0.2566 -0.1298 -0.9577
vn 0.5000 -0.0000 -0.8660
vn 0.7011 0.1298 -0.7011
vn 0.8368 0.2575 -0.4831
vn 0.9247 0.3808 -0.0000
vn 0.8932 0.3808 -0.2393
vn 0.9334 0.2575 0.2501
vn 0.8587 0.1298 0.4958
vn 0.7071 -0.0000 0.7071
vn 0.4958 -0.1299 0.8587
vn 0.2501 -0.2575 0.9334
vn -0.0000 -0.3808 0.9247
vn -0.2245 -0.4977 0.8378
vn -0.3977 -0.6062 0.6888
vn -0.5019 -0.7044 0.5019
vn -0.5302 -0.7907 0.3061
vn -0.4869 -0.8637 0.1305
vn -0.6122 -0.7907 -0.0000
vn -0.6856 -0.7044 -0.1837
vn -0.6888 -0.6061 -0.3977
vn -0.6133 -0.4977 -0.6133
vn -0.4623 -0.3808 -0.8008
vn -0.2501 -0.2575 -0.9334
vn -0.0000 -0.1298 -0.9915
vn 0.2588 -0.0000 -0.9659
vn 0.4958 0.1299 -0.8587
vn 0.6833 0.2575 -0.6833
vn 0.8008 0.3808 -0.4623
vn 0.8674 0.4977 -0.0000
vn 0.8378 0.4977 -0.2245
vn 0.8932 0.3808 0.2393
vn 0.8368 0.2575 0.4831
vn 0.7011 0.1298 0.7011
vn 0.5000 -0.0000 0.8660
vn 0.2566 -0.1298 0.9577
vn -0.0000 -0.2575 0.9663
vn -0.2393 -0.3808 0.8932
vn -0.4337 -0.4977 0.7512
vn -0.5624 -0.6061 0.5624
vn -0.6147 -0.7044 0.3549
vn -0.5913 -0.7907 0.1584
vn -0.7098 -0.7044 -0.0000
vn -0.7682 -0.6062 -0.2058
vn -0.7512 -0.4977 -0.4337
vn -0.6538 -0.3808 -0.6538
vn -0.4831 -0.2575 -0.8368
vn -0.2566 -0.1298 -0.9578
vn -0.0000 -0.0000 -1.0000
vn 0.2566 0.1298 -0.9577
vn 0.4831 0.2575 -0.8368
vn 0.6538 0.3808 -0.6538
vn 0.7512 0.4976 -0.4337
vn 0.7954 0.6061 -0.0000
vn 0.7682 0.6062 -0.2059
vn 0.8378 0.4977 0.2245
vn 0.8008 0.3808 0.4623
vn 0.6833 0.2575 0.6833
vn 0.4958 0.1299 0.8587
vn 0.2588 -0.0000 0.9659
vn -0.0000 -0.1298 0.9915
vn -0.2501 -0.2575 0.9334
vn -0.4623 -0.3808 0.8008
vn -0.6133 -0.4977 0.6133
vn -0.6888 -0.6061 0.3977
vn -0.6856 -0.7044 0.1837
vn -0.7953 -0.6062 -0.0000
vn -0.8378 -0.4977 -0.2245
vn -0.8008 -0.3808 -0.4623
vn -0.6833 -0.2575 -0.6833
vn -0.4958 -0.1299 -0.8587
vn -0.2588 -0.0000 -0.9659
vn -0.0000 0.1298 -0.9915
vn 0.2501 0.2575 -0.9334
vn 0.4623 0.3808 -0.8008
vn 0.6133 0.4977 -0.6133
vn 0.6888 0.6061 -0.3977
vn 0.7098 0.7044 -0.0000
vn 0.6856 0.7044 -0.1837
vn 0.7682 0.6062 0.2058
vn 0.7512 0.4976 0.4337
vn 0.6538 0.3808 0.6538
vn 0.4831 0.2575 0.8368
vn 0.2566 0.1298 0.9577
vn -0.0000 -0.0000 1.0000
vn -0.2566 -0.1298 0.9577
vn -0.4831 -0.2575 0.8368
vn -0.6538 -0.3808 0.6538
vn -0.7512 -0.4977 0.4337
vn -0.7682 -0.6062 0.2058
vn -0.8674 -0.4977 -0.0000
vn -0.8932 -0.3807 -0.2393
vn -0.8368 -0.2575 -0.4831
vn -0.7011 -0.1298 -0.7011
vn -0.5000 -0.0000 -0.8660
vn -0.2566 0.1298 -0.9577
vn -0.0000 0.2575 -0.9663
vn 0.2393 0.3808 -0.8932
vn 0.4337 0.4977 -0.7512
vn 0.5624 0.6061 -0.5624
vn 0.6147 0.7044 -0.3549
vn 0.6122 0.7907 -0.0000
vn 0.5913 0.7907 -0.1584
vn 0.6856 0.7044 0.1837
vn 0.6888 0.6061 0.3977
vn 0.6133 0.4977 0.6133
vn 0.4623 0.3808 0.8008
vn 0.2501 0.2575 0.9334
vn -0.0000 0.1298 0.9915
vn -0.2588 -0.0000 0.9659
vn -0.4958 -0.1298 0.8587
vn -0.6833 -0.2575 0.6833
vn -0.8008 -0.3808 0.4623
vn -0.8378 -0.4977 0.2245
vn -0.9247 -0.3808 -0.0000
vn -0.9334 -0.2575 -0.2501
vn -0.8587 -0.1298 -0.4958
vn -0.7071 -0.0000 -0.7071
vn -0.4958 0.1299 -0.8587
vn -0.2501 0.2575 -0.9334
vn -0.0000 0.3808 -0.9247
vn 0.2245 0.4977 -0.8378
vn 0.3977 0.6061 -0.6888
vn 0.5019 0.7044 -0.5019
vn 0.5302 0.7907 -0.3061
vn 0.5041 0.8636 -0.0000
vn 0.4869 0.8636 -0.1305
vn 0.5913 0.7907 0.1584
vn 0.6147 0.7044 0.3549
vn 0.5624 0.6061 0.5624
vn 0.4337 0.4977 0.7512
vn 0.2393 0.3808 0.8932
vn -0.0000 0.2575 0.9663
vn -0.2566 0.1298 0.9577
vn -0.5000 -0.0000 0.8660
vn -0.7011 -0.1298 0.7011
vn -0.8368 -0.2575 0.4831
vn -0.8932 -0.3807 0.2393
vn -0.9663 -0.2575 -0.0000
vn -0.9578 -0.1298 -0.2566
vn -0.8660 -0.0000 -0.5000
vn -0.7011 0.1298 -0.7011
vn -0.4831 0.2575 -0.8368
vn -0.2393 0.3808 -0.8932
vn -0.0000 0.4977 -0.8674
vn 0.2059 0.6061 -0.7683
vn 0.3549 0.7044 -0.6147
vn 0.4329 0.7907 -0.4329
vn 0.4366 0.8636 -0.2520
vn 0.3873 0.9219 -0.0000
vn 0.3741 0.9219 -0.1002
vn 0.4869 0.8636 0.1305
vn 0.5302 0.7907 0.3061
vn 0.5019 0.7044 0.5019
vn 0.3977 0.6061 0.6888
vn 0.2245 0.4977 0.8378
vn -0.0000 0.3808 0.9247
vn -0.2501 0.2575 0.9334
vn -0.4958 0.1299 0.8587
vn -0.7071 -0.0000 0.7071
vn -0.8587 -0.1298 0.4958
vn -0.9334 -0.2575 0.2501
vn -0.9915 -0.1298 -0.0000
vn -0.9659 -0.0000 -0.2588
vn -0.8587 0.1298 -0.4958
vn -0.6833 0.2575 -0.6833
vn -0.4623 0.3808 -0.8008
vn -0.2245 0.4977 -0.8378
vn -0.0000 0.6061 -0.7954
vn 0.1837 0.7044 -0.6856
vn 0.3061 0.7907 -0.5301
vn 0.3564 0.8636 -0.3565
vn 0.3355 0.9219 -0.1937
vn 0.2639 0.9646 -0.0000
vn 0.2549 0.9646 -0.0683
vn 0.3741 0.9219 0.1002
vn 0.4366 0.8636 0.2520
vn 0.4329 0.7907 0.4329
vn 0.3549 0.7044 0.6147
vn 0.2059 0.6061 0.7683
vn -0.0000 0.4977 0.8674
vn -0.2393 0.3808 0.8932
vn -0.4831 0.2575 0.8368
vn -0.7011 0.1298 0.7011
vn -0.8660 -0.0000 0.5000
vn -0.9578 -0.1298 0.2566
vn -1.0000 -0.0000 -0.0000
vn -0.9578 0.1299 -0.2566
vn -0.8368 0.2575 -0.4831
vn -0.6538 0.3808 -0.6538
vn -0.4337 0.4977 -0.7512
vn -0.2059 0.6061 -0.7683
vn -0.0000 0.7044 -0.7098
vn 0.1584 0.7907 -0.5913
vn 0.2521 0.8636 -0.4366
vn 0.2739 0.9219 -0.2739
vn 0.2285 0.9646 -0.1319
vn 0.1359 0.9907 -0.0000
vn 0.1313 0.9907 -0.0351
vn 0.2549 0.9646 0.0683
vn 0.3355 0.9219 0.1937
vn 0.3564 0.8636 0.3565
vn 0.3061 0.7907 0.5301
vn 0.1837 0.7044 0.6856
vn -0.0000 0.6061 0.7954
vn -0.2245 0.4977 0.8378
vn -0.4623 0.3808 0.8008
vn -0.6833 0.2575 0.6833
vn -0.8587 0.1298 0.4958
vn -0.9659 -0.0000 0.2588
vn -0.9915 0.1298 -0.0000
vn -0.9334 0.2575 -0.2501
vn -0.8008 0.3808 -0.4623
vn -0.6133 0.4977 -0.6133
vn -0.3977 0.6061 -0.6888
vn -0.1837 0.7044 -0.6856
vn -0.0000 0.7907 -0.6122
vn 0.1305 0.8636 -0.4869
vn 0.1937 0.9219 -0.3354
vn 0.1866 0.9646 -0.1866
vn 0.1176 0.9907 -0.0679
vn -0.0000 1.0000 -0.0000
vn 0.1312 0.9907 0.0351
vn 0.2285 0.9646 0.1319
vn 0.2739 0.9219 0.2739
vn 0.2521 0.8636 0.4366
vn 0.1585 0.7907 0.5913
vn -0.0000 0.7044 0.7098
vn -0.2059 0.6061 0.7683
vn -0.4337 0.4977 0.7512
vn -0.6538 0.3808 0.6538
vn -0.8368 0.2575 0.4831
vn -0.9578 0.1298 0.2566
vn -0.9663 0.2575 -0.0000
vn -0.8932 0.3807 -0.2393
vn -0.7512 0.4976 -0.4337
vn -0.5624 0.6061 -0.5624
vn -0.3549 0.7044 -0.6147
vn -0.1584 0.7907 -0.5913
vn -0.0000 0.8636 -0.5041
vn 0.1002 0.9219 -0.3741
vn 0.1319 0.9646 -0.2285
vn 0.0961 0.9907 -0.0961
vn 0.1176 0.9907 0.0679
vn 0.1866 0.9646 0.1866
vn 0.1937 0.9219 0.3354
vn 0.1305 0.8636 0.4869
vn -0.0000 0.7907 0.6122
vn -0.1837 0.7044 0.6856
vn -0.3977 0.6061 0.6888
vn -0.6133 0.4977 0.6133
vn -0.8008 0.3808 0.4623
vn -0.9334 0.2575 0.2501
vn -0.9247 0.3808 -0.0000
vn -0.8378 0.4977 -0.2245
vn -0.6888 0.6061 -0.3977
vn -0.5019 0.7044 -0.5019
vn -0.3061 0.7907 -0.5301
vn -0.1305 0.8636 -0.4869
vn -0.0000 0.9219 -0.3873
vn 0.0683 0.9646 -0.2549
vn 0.0680 0.9907 -0.1176
vn 0.0960 0.9907 0.0961
vn 0.1319 0.9646 0.2285
vn 0.1002 0.9219 0.3741
vn -0.0000 0.8636 0.5041
vn -0.1585 0.7907 0.5913
vn -0.3549 0.7044 0.6147
vn -0.5624 0.6061 0.5624
vn -0.7512 0.4976 0.4337
vn -0.8932 0.3808 0.2393
vn -0.8674 0.4977 -0.0000
vn -0.7682 0.6062 -0.2058
vn -0.6147 0.7044 -0.3549
vn -0.4329 0.7907 -0.4329
vn -0.2521 0.8636 -0.4366
vn -0.1003 0.9219 -0.3741
vn -0.0000 0.9646 -0.2639
vn 0.0351 0.9907 -0.1312
vn 0.0679 0.9907 0.1176
vn 0.0683 0.9646 0.2549
vn -0.0000 0.9219 0.3873
vn -0.1305 0.8636 0.4869
vn -0.3061 0.7907 0.5301
vn -0.5019 0.7044 0.5019
vn -0.6888 0.6061 0.3977
vn -0.8378 0.4977 0.2245
vn -0.7954 0.6061 -0.0000
vn -0.6856 0.7044 -0.1837
vn -0.5302 0.7907 -0.3061
vn -0.3564 0.8636 -0.3565
vn -0.1937 0.9219 -0.3354
vn -0.0683 0.9646 -0.2549
vn -0.0000 0.9907 -0.1358
vn 0.0352 0.9907 0.1312
vn -0.0000 0.9646 0.2639
vn -0.1002 0.9219 0.3741
vn -0.2521 0.8636 0.4366
vn -0.4329 0.7907 0.4329
vn -0.6147 0.7044 0.3549
vn -0.7682 0.6062 0.2058
vn -0.7098 0.7044 -0.0000
vn -0.5913 0.7907 -0.1584
vn -0.4366 0.8636 -0.2520
vn -0.2739 0.9219 -0.2739
vn -0.1319 0.9646 -0.2285
vn -0.0351 0.9907 -0.1312
vn -0.0000 0.9907 0.1358
vn -0.0683 0.9646 0.2549
vn -0.1937 0.9219 0.3354
vn -0.3564 0.8636 0.3565
vn -0.5302 0.7907 0.3061
vn -0.6856 0.7044 0.1837
vn -0.6122 0.7907 -0.0000
vn -0.4869 0.8636 -0.1305
vn -0.3355 0.9219 -0.1937
vn -0.1866 0.9646 -0.1866
vn -0.0680 0.9907 -0.1176
vn -0.0352 0.9907 0.1312
vn -0.1319 0.9646 0.2285
vn -0.2739 0.9219 0.2739
vn -0.4366 0.8636 0.2520
vn -0.5913 0.7907 0.1584
vn -0.5041 0.8636 -0.0000
vn -0.3741 0.9219 -0.1002
vn -0.2285 0.9646 -0.1319
vn -0.0961 0.9907 -0.0961
vn -0.0679 0.9907 0.1176
vn -0.1866 0.9646 0.1866
vn -0.3354 0.9219 0.1937
vn -0.4869 0.8636 0.1305
vn -0.3873 0.9219 -0.0000
vn -0.2549 0.9646 -0.0683
vn -0.1176 0.9907 -0.0679
vn -0.0960 0.9907 0.0961
vn -0.2285 0.9646 0.1320
vn -0.3742 0.9219 0.1002
vn -0.2639 0.9646 -0.0000
vn -0.1312 0.9907 -0.0351
vn -0.1176 0.9907 0.0679
vn -0.2549 0.9646 0.0683
vn -0.1359 0.9907 -0.0000
vn -0.1312 0.9907 0.0351
vn 0.6157 0.7756 0.1388
vn 0.5440 0.8391 -0.0000
vn 0.5904 0.7895 0.1675
vn 0.6696 0.6931 0.2668
vn 0.6365 0.7648 0.0998
vn 0.5626 0.8058 0.1849
vn 0.6183 0.7170 0.3219
vn 0.6505 0.7577 0.0525
vn 0.5340 0.8237 0.1907
vn 0.7121 0.6753 0.1919
vn 0.6280 0.6254 0.4632
vn 0.6555 0.7552 -0.0000
vn 0.5626 0.7464 0.3554
vn 0.5061 0.7807 0.3666
vn 0.5060 0.8425 0.1849
vn 0.7062 0.5933 0.3865
vn 0.7407 0.6642 0.1008
vn 0.6505 0.7576 -0.0525
vn 0.4518 0.8183 0.3554
vn 0.4798 0.8612 0.1674
vn 0.7726 0.5699 0.2799
vn 0.7245 0.4822 0.4925
vn 0.5453 0.6660 0.5090
vn 0.7510 0.6604 -0.0000
vn 0.6365 0.7648 -0.0999
vn 0.3854 0.7697 0.5090
vn 0.4021 0.8571 0.3219
vn 0.4568 0.8787 0.1388
vn 0.8154 0.4531 0.3603
vn 0.6208 0.5221 0.5848
vn 0.5143 0.5725 0.6385
vn 0.8183 0.5555 0.1477
vn 0.7407 0.6642 -0.1007
vn 0.6157 0.7756 -0.1388
vn 0.4633 0.7146 0.5242
vn 0.3146 0.8285 0.4632
vn 0.3594 0.8942 0.2668
vn 0.4384 0.8932 0.0999
vn 0.8798 0.4350 0.1917
vn 0.7261 0.3684 0.5806
vn 0.8397 0.3323 0.4295
vn 0.4105 0.6332 0.6561
vn 0.8348 0.5506 -0.0000
vn 0.7121 0.6753 -0.1919
vn 0.5905 0.7895 -0.1675
vn 0.3128 0.7032 0.6385
vn 0.2534 0.8868 0.3865
vn 0.3259 0.9257 0.1919
vn 0.4262 0.9031 0.0525
vn 0.4749 0.4758 0.7403
vn 0.6006 0.4164 0.6825
vn 0.3542 0.5463 0.7590
vn 0.8183 0.5555 -0.1477
vn 0.6696 0.6931 -0.2668
vn 0.5626 0.8058 -0.1849
vn 0.2233 0.7799 0.5848
vn 0.1446 0.8582 0.4926
vn 0.2050 0.9379 0.2799
vn 0.4218 0.9067 -0.0000
vn 0.9226 0.3092 0.2305
vn 0.5726 0.3168 0.7562
vn 0.8474 0.2159 0.4851
vn 0.9034 0.4288 -0.0000
vn 0.8798 0.4350 -0.1917
vn 0.7726 0.5699 -0.2799
vn 0.7062 0.5933 -0.3865
vn 0.6183 0.7170 -0.3219
vn 0.5340 0.8237 -0.1907
vn 0.1350 0.7183 0.6825
vn 0.0808 0.9293 0.3604
vn 0.3040 0.9473 0.1007
vn 0.4262 0.9031 -0.0525
vn 0.9536 0.3012 -0.0000
vn 0.4328 0.3842 0.8155
vn 0.7149 0.2603 0.6490
vn 0.2405 0.6277 0.7403
vn 0.5626 0.7464 -0.3554
vn 0.5061 0.8425 -0.1849
vn 0.0400 0.8132 0.5806
vn -0.0394 0.9022 0.4295
vn 0.1732 0.9738 0.1477
vn 0.2964 0.9551 -0.0000
vn 0.3040 0.9473 -0.1007
vn 0.4384 0.8932 -0.0999
vn 0.9467 0.1864 0.2627
vn 0.2998 0.4625 0.8344
vn 0.3922 0.3029 0.8686
vn 0.6956 0.1637 0.6995
vn 0.8424 0.1103 0.5275
vn 0.8154 0.4531 -0.3603
vn 0.6280 0.6254 -0.4632
vn 0.5453 0.6660 -0.5090
vn 0.5061 0.7807 -0.3666
vn 0.4797 0.8613 -0.1674
vn 0.0556 0.6520 0.7562
vn -0.0942 0.9685 0.2305
vn 0.0381 0.9807 0.1917
vn 0.3259 0.9257 -0.1919
vn 0.4567 0.8787 -0.1388
vn 0.9844 0.1760 -0.0000
vn 0.2508 0.3869 0.8873
vn 0.5415 0.2285 0.8091
vn 0.1741 0.5519 0.8155
vn 0.9226 0.3092 -0.2305
vn 0.7245 0.4822 -0.4926
vn 0.4518 0.8183 -0.3554
vn -0.0541 0.7589 0.6490
vn -0.1488 0.8617 0.4851
vn 0.1620 0.9868 -0.0000
vn 0.1732 0.9738 -0.1477
vn 0.3595 0.8942 -0.2668
vn 0.9549 0.0735 0.2878
vn 0.3554 0.2331 0.9052
vn 0.5107 0.1528 0.8461
vn 0.6727 0.0803 0.7356
vn 0.8293 0.0183 0.5585
vn 0.8397 0.3323 -0.4295
vn 0.6208 0.5221 -0.5848
vn 0.4633 0.7146 -0.5242
vn 0.3854 0.7697 -0.5090
vn 0.4022 0.8571 -0.3219
vn -0.0124 0.5876 0.8091
vn -0.1345 0.7019 0.6995
vn -0.2162 0.9403 0.2627
vn 0.0228 0.9997 -0.0000
vn 0.2050 0.9379 -0.2799
vn 0.2534 0.8868 -0.3865
vn 0.9982 0.0601 -0.0000
vn 0.9467 0.1864 -0.2627
vn 0.1164 0.4817 0.8686
vn 0.2084 0.3215 0.9237
vn 0.7261 0.3684 -0.5806
vn 0.5143 0.5726 -0.6385
vn -0.2431 0.8141 0.5275
vn -0.2412 0.9705 -0.0000
vn -0.1142 0.9935 -0.0000
vn 0.0381 0.9807 -0.1917
vn 0.0808 0.9293 -0.3603
vn 0.3146 0.8285 -0.4632
vn 0.9515 -0.0261 0.3067
vn 0.9991 -0.0426 -0.0000
vn 0.0678 0.4196 0.9052
vn 0.1719 0.2652 0.9487
vn 0.3225 0.1735 0.9305
vn 0.4817 0.0883 0.8719
vn 0.6485 0.0090 0.7612
vn 0.8474 0.2159 -0.4851
vn 0.7149 0.2603 -0.6490
vn 0.6007 0.4164 -0.6825
vn 0.4749 0.4758 -0.7403
vn 0.4105 0.6332 -0.6561
vn 0.3128 0.7032 -0.6385
vn -0.0689 0.5286 0.8461
vn -0.3218 0.7645 0.5585
vn -0.3226 0.9017 0.2878
vn -0.0942 0.9685 -0.2305
vn 0.1446 0.8582 -0.4926
vn 0.2232 0.7799 -0.5848
vn 0.9405 -0.1128 0.3206
vn 0.9549 0.0735 -0.2878
vn 0.0268 0.3653 0.9305
vn 0.8116 -0.0611 0.5811
vn 0.5726 0.3168 -0.7562
vn 0.3542 0.5464 -0.7590
vn -0.2012 0.6469 0.7356
vn -0.2162 0.9404 -0.2627
vn -0.3526 0.9358 -0.0000
vn -0.0394 0.9022 -0.4295
vn 0.0400 0.8132 -0.5806
vn 0.9912 -0.1324 -0.0000
vn 0.9515 -0.0261 -0.3067
vn -0.1160 0.4757 0.8719
vn 0.2928 0.1213 0.9485
vn -0.0088 0.3168 0.9485
vn 0.4542 0.0319 0.8903
vn 0.6239 -0.0535 0.7797
vn 0.8424 0.1103 -0.5275
vn 0.6956 0.1637 -0.6995
vn 0.2998 0.4625 -0.8344
vn 0.2405 0.6277 -0.7403
vn 0.1350 0.7183 -0.6825
vn -0.2565 0.5957 0.7612
vn -0.4121 0.8580 0.3066
vn -0.3226 0.9017 -0.2878
vn -0.1488 0.8617 -0.4851
vn 0.9244 -0.1896 0.3309
vn 0.9405 -0.1128 -0.3206
vn 0.8293 0.0183 -0.5585
vn -0.1563 0.4276 0.8903
vn 0.1397 0.2154 0.9665
vn 0.7910 -0.1311 0.5976
vn 0.5415 0.2285 -0.8091
vn 0.4328 0.3842 -0.8155
vn -0.3870 0.7159 0.5811
vn -0.4868 0.8126 0.3206
vn -0.2431 0.8141 -0.5275
vn -0.4121 0.8580 -0.3067
vn -0.4467 0.8947 -0.0000
vn -0.0541 0.7589 -0.6490
vn 0.0555 0.6520 -0.7562
vn 0.9772 -0.2121 -0.0000
vn -0.3035 0.5477 0.7797
vn 0.1096 0.1691 0.9795
vn 0.4271 -0.0203 0.9040
vn -0.0414 0.2711 0.9617
vn -0.1929 0.3816 0.9040
vn 0.5984 -0.1112 0.7935
vn 0.7678 -0.1958 0.6100
vn 0.6727 0.0803 -0.7356
vn 0.1741 0.5519 -0.8155
vn 0.2508 0.3869 -0.8873
vn -0.4425 0.6686 0.5976
vn -0.5254 0.8508 -0.0000
vn -0.3218 0.7645 -0.5585
vn -0.1345 0.7019 -0.6995
vn 0.9040 -0.2609 0.3388
vn 0.9244 -0.1896 -0.3309
vn 0.8116 -0.0611 -0.5811
vn -0.3457 0.5009 0.7935
vn 0.2644 0.0729 0.9617
vn 0.5107 0.1528 -0.8461
vn 0.3922 0.3029 -0.8686
vn -0.5504 0.7665 0.3309
vn -0.2012 0.6469 -0.7356
vn -0.4868 0.8126 -0.3206
vn -0.3870 0.7159 -0.5811
vn 0.1164 0.4817 -0.8686
vn 0.9582 -0.2862 -0.0000
vn 0.9040 -0.2609 -0.3388
vn -0.4921 0.6211 0.6100
vn 0.0796 0.1228 0.9892
vn -0.0735 0.2251 0.9716
vn 0.5705 -0.1682 0.8039
vn 0.3988 -0.0719 0.9142
vn -0.2284 0.3347 0.9142
vn -0.3864 0.4521 0.8039
vn 0.7408 -0.2597 0.6195
vn 0.4817 0.0883 -0.8719
vn 0.3554 0.2331 -0.9052
vn -0.5925 0.8056 -0.0000
vn -0.2564 0.5957 -0.7612
vn -0.5504 0.7665 -0.3309
vn -0.0124 0.5876 -0.8091
vn 0.8783 -0.3313 0.3448
vn 0.7678 -0.1958 -0.6100
vn 0.7910 -0.1311 -0.5976
vn 0.6485 0.0090 -0.7612
vn -0.5394 0.5703 0.6195
vn 0.2355 0.0248 0.9716
vn 0.0677 0.4196 -0.9052
vn 0.2084 0.3215 -0.9237
vn -0.6071 0.7188 0.3388
vn -0.1160 0.4758 -0.8719
vn -0.4425 0.6686 -0.5976
vn -0.0690 0.5286 -0.8461
vn 0.9332 -0.3594 -0.0000
vn 0.8783 -0.3313 -0.3448
vn 0.7408 -0.2597 -0.6195
vn 0.0475 0.0732 0.9962
vn -0.2654 0.2835 0.9215
vn 0.7078 -0.3268 0.6263
vn 0.3671 -0.1266 0.9215
vn -0.4281 0.3981 0.8113
vn -0.5872 0.5128 0.6263
vn 0.6239 -0.0535 -0.7797
vn 0.3225 0.1735 -0.9305
vn -0.6071 0.7188 -0.3388
vn -0.6524 0.7579 -0.0000
vn -0.1563 0.4276 -0.8903
vn -0.3035 0.5477 -0.7797
vn -0.4921 0.6210 -0.6100
vn 0.8999 -0.4360 -0.0000
vn 0.5705 -0.1682 -0.8039
vn -0.6609 0.6666 0.3448
vn 0.2040 -0.0264 0.9786
vn -0.1074 0.1755 0.9786
vn 0.5381 -0.2283 0.8113
vn 0.4542 0.0318 -0.8903
vn 0.2928 0.1213 -0.9485
vn 0.0268 0.3653 -0.9305
vn 0.1719 0.2652 -0.9487
vn -0.0088 0.3168 -0.9485
vn -0.3457 0.5009 -0.7935
vn 0.8450 -0.4050 0.3492
vn 0.8450 -0.4050 -0.3492
vn 0.7078 -0.3268 -0.6263
vn 0.5984 -0.1112 -0.7935
vn 0.1677 -0.0837 0.9823
vn -0.1449 0.1190 0.9823
vn -0.3056 0.2245 0.9253
vn 0.4986 -0.2948 0.8152
vn -0.6372 0.4443 0.6297
vn -0.7146 0.6061 0.3492
vn -0.6609 0.6666 -0.3448
vn -0.5394 0.5703 -0.6195
vn -0.7090 0.7052 -0.0000
vn -0.1929 0.3816 -0.9040
vn -0.3864 0.4521 -0.8039
vn 0.8007 -0.4853 0.3514
vn 0.5381 -0.2283 -0.8113
vn 0.4271 -0.0203 -0.9040
vn 0.0112 0.0173 0.9998
vn -0.4726 0.3349 0.8152
vn 0.6657 -0.4003 0.6297
vn 0.3297 -0.1874 0.9253
vn -0.7698 0.5329 0.3514
vn 0.1397 0.2154 -0.9665
vn -0.0414 0.2711 -0.9617
vn -0.2284 0.3347 -0.9142
vn 0.8547 -0.5192 -0.0000
vn 0.8007 -0.4853 -0.3514
vn 0.6657 -0.4003 -0.6297
vn 0.3671 -0.1266 -0.9215
vn 0.3988 -0.0719 -0.9142
vn 0.1246 -0.1500 0.9808
vn -0.0311 -0.0479 0.9984
vn -0.3505 0.1544 0.9238
vn 0.4488 -0.3698 0.8135
vn 0.2840 -0.2570 0.9238
vn -0.5208 0.2588 0.8135
vn -0.6895 0.3606 0.6281
vn -0.7654 0.6436 -0.0000
vn 0.2644 0.0729 -0.9617
vn 0.1096 0.1691 -0.9795
vn -0.7146 0.6061 -0.3492
vn -0.5872 0.5128 -0.6263
vn -0.4281 0.3981 -0.8113
vn -0.0735 0.2251 -0.9716
vn 0.7405 -0.5735 0.3503
vn 0.4986 -0.2948 -0.8152
vn -0.1878 0.0525 0.9808
vn 0.6106 -0.4823 0.6281
vn -0.8258 0.4419 0.3503
vn -0.8228 0.5683 -0.0000
vn 0.0796 0.1228 -0.9892
vn -0.2654 0.2835 -0.9215
vn 0.7923 -0.6101 -0.0000
vn 0.7405 -0.5735 -0.3503
vn 0.4488 -0.3698 -0.8135
vn 0.3297 -0.1874 -0.9253
vn 0.2355 0.0248 -0.9716
vn -0.0809 -0.1248 0.9889
vn 0.2273 -0.3369 0.9137
vn -0.2369 -0.0267 0.9712
vn -0.5721 0.1663 0.8032
vn 0.3853 -0.4544 0.8032
vn 0.5381 -0.5725 0.6186
vn -0.8803 0.4743 -0.0000
vn -0.8794 0.3290 0.3442
vn -0.6372 0.4443 -0.6297
vn -0.4726 0.3349 -0.8152
vn 0.0475 0.0732 -0.9962
vn -0.1074 0.1755 -0.9786
vn -0.3056 0.2245 -0.9253
vn 0.7073 -0.7069 -0.0000
vn 0.6106 -0.4823 -0.6281
vn 0.2840 -0.2570 -0.9238
vn 0.2040 -0.0264 -0.9786
vn 0.0724 -0.2272 0.9712
vn -0.4004 0.0700 0.9137
vn -0.7423 0.2576 0.6186
vn -0.7698 0.5329 -0.3514
vn -0.8258 0.4420 -0.3503
vn 0.6593 -0.6685 0.3442
vn 0.6593 -0.6685 -0.3442
vn 0.3853 -0.4544 -0.8032
vn 0.1677 -0.0838 -0.9823
vn 0.0095 -0.3163 0.9486
vn -0.2926 -0.1205 0.9486
vn 0.3048 -0.5472 0.7795
vn 0.1573 -0.4272 0.8904
vn -0.6240 0.0549 0.7795
vn 0.4443 -0.6678 0.5973
vn -0.7909 0.1330 0.5973
vn -0.9340 0.3572 -0.0000
vn -0.8794 0.3290 -0.3442
vn -0.6895 0.3606 -0.6281
vn -0.5208 0.2588 -0.8135
vn -0.3505 0.1544 -0.9238
vn -0.1449 0.1190 -0.9823
vn 0.5949 -0.8038 -0.0000
vn 0.5381 -0.5725 -0.6186
vn 0.2273 -0.3369 -0.9137
vn 0.1246 -0.1500 -0.9808
vn -0.1393 -0.2149 0.9667
vn -0.4542 -0.0308 0.8904
vn -0.9240 0.1922 0.3307
vn -0.7423 0.2576 -0.6186
vn -0.1878 0.0525 -0.9808
vn 0.0112 0.0173 -0.9998
vn 0.5525 -0.7651 0.3307
vn 0.5525 -0.7651 -0.3307
vn 0.4443 -0.6678 -0.5973
vn 0.1573 -0.4272 -0.8904
vn -0.0650 -0.4164 0.9069
vn -0.3536 -0.2293 0.9068
vn 0.3272 -0.7612 0.5599
vn 0.2055 -0.6438 0.7371
vn -0.5093 -0.1485 0.8477
vn -0.8284 -0.0120 0.5599
vn -0.9766 0.2150 -0.0000
vn -0.7909 0.1330 -0.5973
vn -0.4003 0.0700 -0.9137
vn -0.2369 -0.0267 -0.9712
vn 0.4189 -0.8544 0.3076
vn 0.4540 -0.8910 -0.0000
vn 0.3048 -0.5472 -0.7795
vn 0.0095 -0.3163 -0.9486
vn 0.0724 -0.2272 -0.9712
vn -0.0311 -0.0479 -0.9984
vn -0.2062 -0.3181 0.9254
vn 0.0723 -0.5256 0.8477
vn -0.6716 -0.0752 0.7371
vn -0.9240 0.1922 -0.3307
vn -0.9509 0.0337 0.3076
vn -0.6240 0.0549 -0.7795
vn -0.5721 0.1663 -0.8032
vn -0.0809 -0.1248 -0.9889
vn 0.4189 -0.8544 -0.3076
vn 0.3272 -0.7612 -0.5600
vn 0.2055 -0.6438 -0.7371
vn 0.0723 -0.5256 -0.8477
vn -0.2799 -0.4317 0.8575
vn -0.1503 -0.5236 0.8386
vn -0.4167 -0.3509 0.8386
vn -0.5606 -0.2804 0.7791
vn 0.1891 -0.8430 0.5036
vn -0.0271 -0.6263 0.7791
vn -0.7081 -0.2201 0.6709
vn -0.8467 -0.1715 0.5036
vn -0.9987 0.0509 -0.0000
vn -0.9509 0.0337 -0.3076
vn -0.6716 -0.0752 -0.7371
vn -0.4542 -0.0308 -0.8904
vn -0.2926 -0.1205 -0.9486
vn -0.1393 -0.2148 -0.9667
vn 0.2622 -0.9254 0.2738
vn 0.2896 -0.9571 -0.0000
vn -0.0650 -0.4164 -0.9068
vn 0.0881 -0.7363 0.6709
vn -0.9518 -0.1383 0.2738
vn -0.8284 -0.0120 -0.5599
vn 0.2622 -0.9254 -0.2738
vn 0.1891 -0.8430 -0.5036
vn 0.0881 -0.7363 -0.6710
vn -0.0271 -0.6263 -0.7791
vn -0.2062 -0.3181 -0.9254
vn -0.3562 -0.5495 0.7558
vn -0.4764 -0.4791 0.7372
vn -0.2430 -0.6305 0.7372
vn -0.6015 -0.4199 0.6797
vn -0.7262 -0.3717 0.5783
vn 0.0366 -0.9030 0.4280
vn -0.0429 -0.8147 0.5783
vn -0.8393 -0.3352 0.4280
vn -0.9518 -0.1383 -0.2738
vn -0.9920 -0.1263 -0.0000
vn -0.7081 -0.2201 -0.6710
vn -0.5093 -0.1485 -0.8477
vn 0.0918 -0.9689 0.2299
vn 0.1120 -0.9937 -0.0000
vn -0.1503 -0.5236 -0.8386
vn -0.1378 -0.7205 0.6796
vn -0.9220 -0.3116 0.2299
vn -0.8467 -0.1715 -0.5036
vn -0.5606 -0.2804 -0.7791
vn -0.3536 -0.2293 -0.9069
vn 0.0918 -0.9689 -0.2299
vn 0.0366 -0.9030 -0.4280
vn -0.0429 -0.8147 -0.5783
vn -0.2429 -0.6305 -0.7372
vn -0.2799 -0.4317 -0.8575
vn -0.3369 -0.7264 0.5990
vn -0.5257 -0.6041 0.5990
vn -0.6247 -0.5566 0.5476
vn -0.7203 -0.5190 0.4602
vn -0.1205 -0.9342 0.3359
vn -0.1798 -0.8694 0.4602
vn -0.9220 -0.3116 -0.2299
vn -0.9529 -0.3034 -0.0000
vn -0.8622 -0.4741 0.1784
vn -0.7262 -0.3717 -0.5783
vn -0.6015 -0.4199 -0.6796
vn -0.4167 -0.3509 -0.8386
vn -0.0809 -0.9806 0.1784
vn -0.0667 -0.9978 -0.0000
vn -0.1378 -0.7205 -0.6796
vn -0.4286 -0.6611 0.6158
vn -0.2531 -0.7975 0.5476
vn -0.8036 -0.4913 0.3359
vn -0.8837 -0.4681 -0.0000
vn -0.8393 -0.3352 -0.4280
vn -0.4764 -0.4791 -0.7372
vn -0.0809 -0.9806 -0.1784
vn -0.1206 -0.9342 -0.3359
vn -0.2531 -0.7975 -0.5476
vn -0.3562 -0.5494 -0.7558
vn -0.4889 -0.7541 0.4385
vn -0.5569 -0.7134 0.4254
vn -0.3647 -0.8472 0.3863
vn -0.6878 -0.6508 0.3214
vn -0.3134 -0.8936 0.3214
vn -0.7772 -0.6172 0.1223
vn -0.8036 -0.4913 -0.3359
vn -0.7204 -0.5190 -0.4602
vn -0.5256 -0.6041 -0.5990
vn -0.2729 -0.9336 0.2321
vn -0.2462 -0.9615 0.1223
vn -0.2462 -0.9615 -0.1223
vn -0.1798 -0.8694 -0.4602
vn -0.3369 -0.7264 -0.5990
vn -0.4286 -0.6611 -0.6158
vn -0.4240 -0.7995 0.4254
vn -0.6246 -0.6787 0.3863
vn -0.7410 -0.6302 0.2321
vn -0.8622 -0.4741 -0.1784
vn -0.7903 -0.6127 -0.0000
vn -0.6247 -0.5566 -0.5476
vn -0.2368 -0.9716 -0.0000
vn -0.2728 -0.9336 -0.2321
vn -0.3134 -0.8936 -0.3214
vn -0.3647 -0.8472 -0.3863
vn -0.4953 -0.8393 0.2241
vn -0.5641 -0.7948 0.2241
vn -0.5980 -0.7753 0.2032
vn -0.4637 -0.8624 0.2031
vn -0.6291 -0.7588 0.1686
vn -0.4137 -0.9023 0.1216
vn -0.7772 -0.6172 -0.1223
vn -0.6723 -0.7375 0.0639
vn -0.7410 -0.6302 -0.2321
vn -0.6878 -0.6508 -0.3214
vn -0.6246 -0.6787 -0.3863
vn -0.5569 -0.7134 -0.4254
vn -0.3989 -0.9148 0.0640
vn -0.3936 -0.9193 -0.0000
vn -0.4240 -0.7995 -0.4254
vn -0.4889 -0.7541 -0.4385
vn -0.5293 -0.8164 0.2311
vn -0.4360 -0.8840 0.1686
vn -0.6549 -0.7459 0.1215
vn -0.6723 -0.7375 -0.0639
vn -0.6786 -0.7345 -0.0000
vn -0.3989 -0.9148 -0.0640
vn -0.4137 -0.9023 -0.1216
vn -0.4637 -0.8624 -0.2031
vn -0.5440 -0.8391 -0.0000
vn -0.6549 -0.7459 -0.1215
vn -0.5980 -0.7753 -0.2032
vn -0.5641 -0.7948 -0.2241
vn -0.5293 -0.8164 -0.2311
vn -0.4359 -0.8840 -0.1686
vn -0.4953 -0.8393 -0.2241
vn -0.6291 -0.7588 -0.1686
vn -0.5904 0.7895 0.1675
vn -0.5440 0.8391 -0.0000
vn -0.6157 0.7757 0.1388
vn -0.6696 0.6931 0.2668
vn -0.6365 0.7648 0.0998
vn -0.5626 0.8058 0.1849
vn -0.6183 0.7170 0.3219
vn -0.6505 0.7577 0.0526
vn -0.5340 0.8237 0.1907
vn -0.7121 0.6753 0.1918
vn -0.6280 0.6254 0.4632
vn -0.6555 0.7552 -0.0000
vn -0.5626 0.7464 0.3554
vn -0.5061 0.7806 0.3666
vn -0.5060 0.8425 0.1849
vn -0.7061 0.5933 0.3865
vn -0.7407 0.6642 0.1007
vn -0.6505 0.7577 -0.0526
vn -0.4518 0.8183 0.3554
vn -0.4799 0.8612 0.1674
vn -0.7726 0.5699 0.2799
vn -0.7244 0.4822 0.4926
vn -0.5453 0.6660 0.5090
vn -0.7510 0.6603 -0.0000
vn -0.6365 0.7648 -0.0998
vn -0.3854 0.7697 0.5090
vn -0.4021 0.8571 0.3219
vn -0.4568 0.8787 0.1388
vn -0.8154 0.4531 0.3603
vn -0.6208 0.5221 0.5848
vn -0.5143 0.5725 0.6385
vn -0.8183 0.5555 0.1477
vn -0.7408 0.6642 -0.1007
vn -0.6157 0.7756 -0.1388
vn -0.4633 0.7146 0.5242
vn -0.3146 0.8285 0.4632
vn -0.3594 0.8942 0.2668
vn -0.4384 0.8932 0.0999
vn -0.8798 0.4350 0.1917
vn -0.7261 0.3684 0.5806
vn -0.8397 0.3323 0.4295
vn -0.4105 0.6333 0.6561
vn -0.8348 0.5506 -0.0000
vn -0.7121 0.6753 -0.1919
vn -0.5905 0.7895 -0.1675
vn -0.3128 0.7032 0.6385
vn -0.2534 0.8868 0.3865
vn -0.3259 0.9257 0.1919
vn -0.4262 0.9031 0.0525
vn -0.4749 0.4758 0.7403
vn -0.6006 0.4164 0.6825
vn -0.3542 0.5463 0.7590
vn -0.8183 0.5555 -0.1477
vn -0.6696 0.6931 -0.2668
vn -0.5626 0.8058 -0.1849
vn -0.2233 0.7799 0.5848
vn -0.1446 0.8582 0.4926
vn -0.2050 0.9379 0.2799
vn -0.4218 0.9067 -0.0000
vn -0.9226 0.3093 0.2305
vn -0.5726 0.3168 0.7562
vn -0.8474 0.2159 0.4851
vn -0.9034 0.4288 -0.0000
vn -0.8798 0.4350 -0.1917
vn -0.7726 0.5699 -0.2799
vn -0.7061 0.5933 -0.3865
vn -0.6183 0.7170 -0.3219
vn -0.5340 0.8237 -0.1907
vn -0.1350 0.7183 0.6825
vn -0.0808 0.9293 0.3604
vn -0.3040 0.9473 0.1007
vn -0.4262 0.9031 -0.0525
vn -0.9536 0.3012 -0.0000
vn -0.4328 0.3842 0.8155
vn -0.7149 0.2603 0.6490
vn -0.2405 0.6277 0.7403
vn -0.5626 0.7464 -0.3554
vn -0.5061 0.8424 -0.1849
vn -0.0400 0.8132 0.5806
vn 0.0394 0.9022 0.4295
vn -0.1732 0.9738 0.1477
vn -0.2964 0.9551 -0.0000
vn -0.3040 0.9473 -0.1007
vn -0.4384 0.8932 -0.0999
vn -0.9467 0.1864 0.2627
vn -0.2998 0.4625 0.8344
vn -0.3922 0.3029 0.8686
vn -0.6956 0.1637 0.6995
vn -0.8424 0.1103 0.5275
vn -0.8154 0.4531 -0.3603
vn -0.6280 0.6254 -0.4632
vn -0.5453 0.6660 -0.5090
vn -0.5061 0.7807 -0.3666
vn -0.4797 0.8613 -0.1674
vn -0.0556 0.6520 0.7562
vn 0.0942 0.9685 0.2305
vn -0.0380 0.9807 0.1917
vn -0.3259 0.9257 -0.1919
vn -0.4567 0.8787 -0.1388
vn -0.9844 0.1759 -0.0000
vn -0.2508 0.3869 0.8873
vn -0.5415 0.2285 0.8091
vn -0.1741 0.5519 0.8155
vn -0.9226 0.3092 -0.2305
vn -0.7244 0.4822 -0.4926
vn -0.4518 0.8182 -0.3554
vn 0.0541 0.7589 0.6490
vn 0.1488 0.8617 0.4851
vn -0.1620 0.9868 -0.0000
vn -0.1732 0.9738 -0.1477
vn -0.3594 0.8942 -0.2668
vn -0.9549 0.0735 0.2878
vn -0.3554 0.2331 0.9052
vn -0.5107 0.1528 0.8461
vn -0.6727 0.0803 0.7356
vn -0.8293 0.0183 0.5585
vn -0.8397 0.3323 -0.4295
vn -0.6208 0.5221 -0.5848
vn -0.4633 0.7146 -0.5242
vn -0.3854 0.7696 -0.5090
vn -0.4022 0.8571 -0.3219
vn 0.0124 0.5876 0.8091
vn 0.1345 0.7019 0.6995
vn 0.2162 0.9403 0.2627
vn -0.0227 0.9997 -0.0000
vn -0.2050 0.9379 -0.2799
vn -0.2534 0.8868 -0.3865
vn -0.9982 0.0601 -0.0000
vn -0.9467 0.1864 -0.2627
vn -0.1164 0.4817 0.8686
vn -0.2084 0.3215 0.9237
vn -0.7261 0.3684 -0.5806
vn -0.5143 0.5725 -0.6385
vn 0.2431 0.8141 0.5275
vn 0.2412 0.9705 -0.0000
vn 0.1142 0.9935 -0.0000
vn -0.0381 0.9807 -0.1917
vn -0.0808 0.9293 -0.3603
vn -0.3146 0.8285 -0.4632
vn -0.9515 -0.0261 0.3067
vn -0.9991 -0.0427 -0.0000
vn -0.0678 0.4196 0.9052
vn -0.1719 0.2652 0.9487
vn -0.3225 0.1735 0.9305
vn -0.4817 0.0883 0.8719
vn -0.6485 0.0090 0.7612
vn -0.8474 0.2159 -0.4851
vn -0.7149 0.2603 -0.6490
vn -0.6007 0.4164 -0.6825
vn -0.4749 0.4758 -0.7403
vn -0.4105 0.6332 -0.6561
vn -0.3128 0.7032 -0.6385
vn 0.0689 0.5286 0.8461
vn 0.3218 0.7645 0.5585
vn 0.3226 0.9017 0.2878
vn 0.0942 0.9685 -0.2305
vn -0.1446 0.8582 -0.4926
vn -0.2232 0.7799 -0.5848
vn -0.9405 -0.1128 0.3206
vn -0.9549 0.0735 -0.2878
vn -0.0268 0.3653 0.9305
vn -0.8116 -0.0611 0.5811
vn -0.5726 0.3168 -0.7562
vn -0.3542 0.5464 -0.7590
vn 0.2012 0.6469 0.7356
vn 0.2162 0.9404 -0.2627
vn 0.3526 0.9358 -0.0000
vn 0.0394 0.9022 -0.4295
vn -0.0400 0.8132 -0.5806
vn -0.9912 -0.1324 -0.0000
vn -0.9515 -0.0261 -0.3067
vn 0.1160 0.4757 0.8719
vn -0.2928 0.1213 0.9485
vn 0.0088 0.3168 0.9485
vn -0.4542 0.0319 0.8903
vn -0.6239 -0.0535 0.7797
vn -0.8424 0.1103 -0.5275
vn -0.6956 0.1637 -0.6995
vn -0.2998 0.4625 -0.8344
vn -0.2405 0.6277 -0.7403
vn -0.1350 0.7183 -0.6825
vn 0.2565 0.5957 0.7612
vn 0.4121 0.8580 0.3066
vn 0.3226 0.9017 -0.2878
vn 0.1488 0.8617 -0.4851
vn -0.9244 -0.1896 0.3309
vn -0.9405 -0.1128 -0.3206
vn -0.8293 0.0183 -0.5585
vn 0.1563 0.4276 0.8903
vn -0.1397 0.2154 0.9665
vn -0.7910 -0.1311 0.5976
vn -0.5415 0.2285 -0.8091
vn -0.4328 0.3842 -0.8155
vn 0.3870 0.7159 0.5811
vn 0.4868 0.8126 0.3206
vn 0.2431 0.8141 -0.5275
vn 0.4121 0.8580 -0.3067
vn 0.4467 0.8947 -0.0000
vn 0.0541 0.7589 -0.6490
vn -0.0555 0.6520 -0.7562
vn -0.9772 -0.2121 -0.0000
vn 0.3035 0.5477 0.7797
vn -0.1096 0.1691 0.9795
vn -0.4271 -0.0203 0.9040
vn 0.0414 0.2711 0.9617
vn 0.1929 0.3816 0.9040
vn -0.5984 -0.1112 0.7935
vn -0.7678 -0.1958 0.6100
vn -0.6727 0.0803 -0.7356
vn -0.1741 0.5519 -0.8155
vn -0.2508 0.3869 -0.8873
vn 0.4425 0.6686 0.5976
vn 0.5254 0.8508 -0.0000
vn 0.3218 0.7645 -0.5585
vn 0.1345 0.7019 -0.6995
vn -0.9040 -0.2609 0.3388
vn -0.9244 -0.1896 -0.3309
vn -0.8116 -0.0611 -0.5811
vn 0.3458 0.5009 0.7935
vn -0.2644 0.0729 0.9617
vn -0.5107 0.1528 -0.8461
vn -0.3922 0.3029 -0.8686
vn 0.5504 0.7665 0.3309
vn 0.2012 0.6469 -0.7356
vn 0.4868 0.8126 -0.3206
vn 0.3870 0.7159 -0.5811
vn -0.1164 0.4817 -0.8686
vn -0.9582 -0.2862 -0.0000
vn -0.9040 -0.2609 -0.3388
vn 0.4921 0.6210 0.6100
vn -0.0796 0.1228 0.9892
vn 0.0735 0.2251 0.9716
vn -0.5705 -0.1682 0.8039
vn -0.3988 -0.0719 0.9142
vn 0.2284 0.3347 0.9142
vn 0.3864 0.4521 0.8039
vn -0.7408 -0.2597 0.6195
vn -0.4817 0.0883 -0.8719
vn -0.3554 0.2331 -0.9052
vn 0.5925 0.8056 -0.0000
vn 0.2564 0.5957 -0.7612
vn 0.5504 0.7665 -0.3309
vn 0.0124 0.5876 -0.8091
vn -0.8783 -0.3313 0.3448
vn -0.7678 -0.1958 -0.6100
vn -0.7910 -0.1311 -0.5976
vn -0.6485 0.0090 -0.7612
vn 0.5394 0.5703 0.6195
vn -0.2355 0.0248 0.9716
vn -0.0677 0.4196 -0.9052
vn -0.2084 0.3215 -0.9237
vn 0.6071 0.7188 0.3388
vn 0.1160 0.4758 -0.8719
vn 0.4425 0.6686 -0.5976
vn 0.0689 0.5286 -0.8461
vn -0.9332 -0.3595 -0.0000
vn -0.8783 -0.3313 -0.3448
vn -0.7408 -0.2597 -0.6195
vn -0.0475 0.0732 0.9962
vn 0.2654 0.2835 0.9215
vn -0.7078 -0.3268 0.6263
vn -0.3671 -0.1266 0.9215
vn 0.4281 0.3981 0.8113
vn 0.5872 0.5128 0.6263
vn -0.6239 -0.0535 -0.7797
vn -0.3225 0.1735 -0.9305
vn 0.6071 0.7188 -0.3388
vn 0.6524 0.7579 -0.0000
vn 0.1563 0.4276 -0.8903
vn 0.3035 0.5477 -0.7797
vn 0.4921 0.6210 -0.6100
vn -0.8999 -0.4360 -0.0000
vn -0.5705 -0.1682 -0.8039
vn 0.6609 0.6666 0.3448
vn -0.2040 -0.0264 0.9786
vn 0.1074 0.1755 0.9786
vn -0.5381 -0.2283 0.8113
vn -0.4542 0.0319 -0.8903
vn -0.2928 0.1213 -0.9485
vn -0.0268 0.3653 -0.9305
vn -0.1719 0.2652 -0.9487
vn 0.0088 0.3168 -0.9485
vn 0.3457 0.5009 -0.7935
vn -0.8450 -0.4050 0.3492
vn -0.8450 -0.4050 -0.3492
vn -0.7078 -0.3268 -0.6263
vn -0.5984 -0.1112 -0.7935
vn -0.1677 -0.0837 0.9823
vn 0.1449 0.1190 0.9823
vn 0.3056 0.2245 0.9253
vn -0.4986 -0.2948 0.8152
vn 0.6372 0.4443 0.6297
vn 0.7146 0.6061 0.3492
vn 0.6609 0.6666 -0.3448
vn 0.5394 0.5703 -0.6195
vn 0.7090 0.7052 -0.0000
vn 0.1929 0.3816 -0.9040
vn 0.3864 0.4521 -0.8039
vn -0.8007 -0.4853 0.3514
vn -0.5381 -0.2283 -0.8113
vn -0.4271 -0.0203 -0.9040
vn -0.0112 0.0173 0.9998
vn 0.4726 0.3349 0.8152
vn -0.6657 -0.4003 0.6297
vn -0.3297 -0.1874 0.9253
vn 0.7698 0.5329 0.3513
vn -0.1397 0.2154 -0.9665
vn 0.0414 0.2711 -0.9617
vn 0.2284 0.3347 -0.9142
vn -0.8547 -0.5192 -0.0000
vn -0.8007 -0.4853 -0.3514
vn -0.6657 -0.4003 -0.6297
vn -0.3671 -0.1266 -0.9215
vn -0.3988 -0.0719 -0.9142
vn -0.1246 -0.1500 0.9808
vn 0.0311 -0.0479 0.9984
vn 0.3505 0.1544 0.9238
vn -0.4488 -0.3698 0.8135
vn -0.2840 -0.2570 0.9238
vn 0.5208 0.2588 0.8135
vn 0.6895 0.3606 0.6281
vn 0.7654 0.6436 -0.0000
vn -0.2644 0.0729 -0.9617
vn -0.1096 0.1691 -0.9795
vn 0.7146 0.6061 -0.3492
vn 0.5872 0.5128 -0.6263
vn 0.4281 0.3981 -0.8113
vn 0.0735 0.2251 -0.9716
vn -0.7405 -0.5735 0.3503
vn -0.4986 -0.2948 -0.8152
vn 0.1878 0.0525 0.9808
vn -0.6106 -0.4823 0.6281
vn 0.8258 0.4420 0.3503
vn 0.8228 0.5683 -0.0000
vn -0.0796 0.1228 -0.9892
vn 0.2654 0.2835 -0.9215
vn -0.7923 -0.6101 -0.0000
vn -0.7405 -0.5735 -0.3503
vn -0.4488 -0.3698 -0.8135
vn -0.3297 -0.1874 -0.9253
vn -0.2355 0.0248 -0.9716
vn 0.0809 -0.1248 0.9889
vn -0.2273 -0.3369 0.9137
vn 0.2369 -0.0267 0.9712
vn 0.5721 0.1663 0.8032
vn -0.3853 -0.4544 0.8032
vn -0.5381 -0.5725 0.6186
vn 0.8803 0.4743 -0.0000
vn 0.8794 0.3290 0.3442
vn 0.6372 0.4443 -0.6297
vn 0.4726 0.3349 -0.8152
vn -0.0475 0.0732 -0.9962
vn 0.1074 0.1755 -0.9786
vn 0.3056 0.2245 -0.9253
vn -0.7073 -0.7069 -0.0000
vn -0.6106 -0.4823 -0.6281
vn -0.2840 -0.2570 -0.9238
vn -0.2040 -0.0264 -0.9786
vn -0.0724 -0.2272 0.9712
vn 0.4004 0.0700 0.9137
vn 0.7423 0.2576 0.6186
vn 0.7698 0.5329 -0.3514
vn 0.8258 0.4420 -0.3503
vn -0.6593 -0.6685 0.3442
vn -0.6593 -0.6685 -0.3442
vn -0.3853 -0.4544 -0.8032
vn -0.1677 -0.0838 -0.9823
vn -0.0095 -0.3163 0.9486
vn 0.2926 -0.1205 0.9486
vn -0.3048 -0.5472 0.7795
vn -0.1573 -0.4272 0.8904
vn 0.6240 0.0549 0.7795
vn -0.4443 -0.6678 0.5973
vn 0.7909 0.1330 0.5973
vn 0.9340 0.3572 -0.0000
vn 0.8794 0.3290 -0.3442
vn 0.6895 0.3606 -0.6281
vn 0.5208 0.2588 -0.8135
vn 0.3505 0.1544 -0.9238
vn 0.1449 0.1190 -0.9823
vn -0.5949 -0.8038 -0.0000
vn -0.5381 -0.5725 -0.6186
vn -0.2273 -0.3369 -0.9137
vn -0.1246 -0.1500 -0.9808
vn 0.1393 -0.2148 0.9667
vn 0.4542 -0.0308 0.8904
vn 0.9240 0.1922 0.3307
vn 0.7423 0.2576 -0.6186
vn 0.1878 0.0525 -0.9808
vn -0.0112 0.0173 -0.9998
vn -0.5525 -0.7651 0.3307
vn -0.5525 -0.7651 -0.3307
vn -0.4443 -0.6678 -0.5973
vn -0.1573 -0.4272 -0.8904
vn 0.0650 -0.4164 0.9069
vn 0.3536 -0.2293 0.9068
vn -0.3272 -0.7612 0.5599
vn -0.2055 -0.6438 0.7371
vn 0.5093 -0.1485 0.8477
vn 0.8284 -0.0120 0.5599
vn 0.9766 0.2150 -0.0000
vn 0.7909 0.1330 -0.5973
vn 0.4003 0.0700 -0.9137
vn 0.2369 -0.0267 -0.9712
vn -0.4189 -0.8544 0.3076
vn -0.4541 -0.8910 -0.0000
vn -0.3048 -0.5472 -0.7795
vn -0.0095 -0.3163 -0.9486
vn -0.0724 -0.2272 -0.9712
vn 0.0311 -0.0479 -0.9984
vn 0.2062 -0.3181 0.9254
vn -0.0723 -0.5256 0.8477
vn 0.6716 -0.0752 0.7371
vn 0.9240 0.1922 -0.3307
vn 0.9509 0.0337 0.3076
vn 0.6240 0.0549 -0.7795
vn 0.5721 0.1663 -0.8032
vn 0.0809 -0.1248 -0.9889
vn -0.4189 -0.8544 -0.3076
vn -0.3272 -0.7612 -0.5599
vn -0.2055 -0.6438 -0.7371
vn -0.0723 -0.5256 -0.8477
vn 0.2799 -0.4317 0.8575
vn 0.1503 -0.5236 0.8386
vn 0.4167 -0.3509 0.8386
vn 0.5606 -0.2804 0.7791
vn -0.1891 -0.8430 0.5036
vn 0.0271 -0.6263 0.7791
vn 0.7081 -0.2201 0.6709
vn 0.8467 -0.1715 0.5036
vn 0.9987 0.0509 -0.0000
vn 0.9509 0.0337 -0.3076
vn 0.6716 -0.0752 -0.7371
vn 0.4542 -0.0308 -0.8904
vn 0.2926 -0.1205 -0.9486
vn 0.1393 -0.2148 -0.9667
vn -0.2622 -0.9254 0.2738
vn -0.2896 -0.9571 -0.0000
vn 0.0650 -0.4164 -0.9068
vn -0.0881 -0.7363 0.6709
vn 0.9518 -0.1383 0.2738
vn 0.8284 -0.0120 -0.5599
vn -0.2622 -0.9254 -0.2738
vn -0.1891 -0.8430 -0.5036
vn -0.0881 -0.7363 -0.6710
vn 0.0271 -0.6263 -0.7791
vn 0.2062 -0.3181 -0.9254
vn 0.3562 -0.5494 0.7558
vn 0.4764 -0.4791 0.7372
vn 0.2429 -0.6305 0.7372
vn 0.6015 -0.4199 0.6797
vn 0.7262 -0.3717 0.5783
vn -0.0366 -0.9030 0.4280
vn 0.0429 -0.8147 0.5783
vn 0.8393 -0.3352 0.4280
vn 0.9518 -0.1383 -0.2738
vn 0.9920 -0.1263 -0.0000
vn 0.7081 -0.2201 -0.6710
vn 0.5093 -0.1485 -0.8477
vn -0.0918 -0.9689 0.2299
vn -0.1120 -0.9937 -0.0000
vn 0.1503 -0.5236 -0.8386
vn 0.1378 -0.7205 0.6796
vn 0.9220 -0.3116 0.2299
vn 0.8467 -0.1715 -0.5036
vn 0.5606 -0.2804 -0.7791
vn 0.3536 -0.2293 -0.9069
vn -0.0918 -0.9689 -0.2299
vn -0.0366 -0.9030 -0.4280
vn 0.0429 -0.8147 -0.5783
vn 0.2429 -0.6305 -0.7372
vn 0.2799 -0.4317 -0.8575
vn 0.3369 -0.7264 0.5990
vn 0.5257 -0.6041 0.5990
vn 0.6247 -0.5566 0.5476
vn 0.7203 -0.5190 0.4602
vn 0.1205 -0.9342 0.3359
vn 0.1798 -0.8694 0.4602
vn 0.9220 -0.3116 -0.2299
vn 0.9529 -0.3034 -0.0000
vn 0.8622 -0.4741 0.1784
vn 0.7262 -0.3717 -0.5783
vn 0.6015 -0.4199 -0.6796
vn 0.4167 -0.3509 -0.8386
vn 0.0809 -0.9806 0.1784
vn 0.0667 -0.9978 -0.0000
vn 0.1378 -0.7205 -0.6796
vn 0.4286 -0.6611 0.6158
vn 0.2531 -0.7975 0.5476
vn 0.8036 -0.4913 0.3359
vn 0.8837 -0.4681 -0.0000
vn 0.8393 -0.3352 -0.4280
vn 0.4764 -0.4791 -0.7372
vn 0.0809 -0.9806 -0.1784
vn 0.1206 -0.9342 -0.3359
vn 0.2531 -0.7975 -0.5476
vn 0.3562 -0.5494 -0.7558
vn 0.4889 -0.7541 0.4385
vn 0.5569 -0.7134 0.4254
vn 0.3647 -0.8472 0.3863
vn 0.6878 -0.6508 0.3214
vn 0.3134 -0.8936 0.3214
vn 0.7772 -0.6172 0.1223
vn 0.8036 -0.4913 -0.3359
vn 0.7203 -0.5190 -0.4602
vn 0.5256 -0.6041 -0.5990
vn 0.2729 -0.9336 0.2321
vn 0.2462 -0.9615 0.1223
vn 0.2462 -0.9615 -0.1223
vn 0.1798 -0.8694 -0.4602
vn 0.3369 -0.7264 -0.5990
vn 0.4286 -0.6611 -0.6158
vn 0.4240 -0.7995 0.4254
vn 0.6246 -0.6787 0.3863
vn 0.7410 -0.6302 0.2321
vn 0.8622 -0.4741 -0.1784
vn 0.7903 -0.6127 -0.0000
vn 0.6247 -0.5566 -0.5476
vn 0.2368 -0.9716 -0.0000
vn 0.2728 -0.9336 -0.2321
vn 0.3134 -0.8936 -0.3214
vn 0.3647 -0.8472 -0.3863
vn 0.4953 -0.8393 0.2241
vn 0.5640 -0.7948 0.2241
vn 0.5980 -0.7753 0.2031
vn 0.4637 -0.8624 0.2031
vn 0.6291 -0.7588 0.1686
vn 0.4137 -0.9023 0.1216
vn 0.7773 -0.6172 -0.1223
vn 0.6723 -0.7375 0.0640
vn 0.7410 -0.6302 -0.2321
vn 0.6878 -0.6508 -0.3214
vn 0.6246 -0.6787 -0.3863
vn 0.5569 -0.7134 -0.4254
vn 0.3989 -0.9148 0.0640
vn 0.3936 -0.9193 -0.0000
vn 0.4240 -0.7995 -0.4254
vn 0.4889 -0.7541 -0.4385
vn 0.5293 -0.8164 0.2311
vn 0.4359 -0.8840 0.1686
vn 0.6549 -0.7459 0.1216
vn 0.6723 -0.7375 -0.0640
vn 0.6786 -0.7345 -0.0000
vn 0.3989 -0.9148 -0.0640
vn 0.4137 -0.9023 -0.1216
vn 0.4637 -0.8624 -0.2031
vn 0.5440 -0.8391 -0.0000
vn 0.6549 -0.7459 -0.1216
vn 0.5980 -0.7753 -0.2032
vn 0.5640 -0.7948 -0.2241
vn 0.5293 -0.8164 -0.2311
vn 0.4359 -0.8840 -0.1686
vn 0.4953 -0.8393 -0.2241
vn 0.6291 -0.7588 -0.1686
vn -0.1801 0.8658 0.4669
vn -0.1124 0.8705 0.4792
vn -0.1705 0.7105 0.6827
vn -0.0694 0.9684 0.2397
vn -0.0875 0.9659 0.2438
vn -0.0531 0.8657 0.4977
vn -0.0824 0.7066 0.7028
vn -0.2613 0.7066 0.6576
vn -0.0001 1.0000 -0.0084
vn 0.0104 0.9999 0.0041
vn -0.0411 0.9659 0.2557
vn -0.2021 0.8661 0.4571
vn -0.1079 0.9661 0.2346
vn -0.0212 0.9658 0.2584
vn 0.0076 0.7101 0.7041
vn -0.1066 0.4994 0.8598
vn -0.2160 0.5019 0.8375
vn -0.2830 0.7068 0.6484
vn 0.0670 0.9644 -0.2558
vn 0.1076 0.9658 -0.2358
vn -0.0040 1.0000 -0.0014
vn -0.0068 1.0000 -0.0041
vn -0.2572 0.8714 0.4178
vn -0.1348 0.9684 0.2098
vn 0.0114 0.9999 0.0014
vn 0.0118 0.8697 0.4934
vn 0.0116 0.9684 0.2489
vn 0.0025 0.5012 0.8653
vn -0.1236 0.2583 0.9581
vn -0.2466 0.2587 0.9339
vn -0.3251 0.4993 0.8031
vn -0.3445 0.4988 0.7953
vn -0.3630 0.7145 0.5980
vn 0.1295 0.8642 -0.4861
vn 0.1974 0.8659 -0.4597
vn 0.0310 0.9656 -0.2581
vn 0.0943 0.9655 -0.2426
vn -0.0041 0.9999 -0.0118
vn -0.3004 0.8660 0.3997
vn -0.1537 0.9659 0.2083
vn 0.0431 0.9658 -0.2555
vn -0.0031 1.0000 -0.0081
vn 0.1347 0.8698 0.4747
vn 0.0700 0.9685 0.2392
vn 0.1866 0.7099 0.6791
vn 0.2261 0.5010 0.8354
vn -0.0029 0.2581 0.9661
vn -0.1317 -0.0001 0.9913
vn -0.2597 -0.0018 0.9657
vn -0.3667 0.2583 0.8938
vn -0.3810 0.2565 0.8883
vn -0.4444 0.5079 0.7379
vn -0.4267 0.7071 0.5639
vn 0.1832 0.7059 -0.6842
vn 0.2737 0.7069 -0.6522
vn 0.0636 0.8654 -0.4971
vn 0.1886 0.8652 -0.4646
vn 0.1263 0.9644 -0.2325
vn 0.0036 1.0000 0.0027
vn -0.3189 0.8661 0.3851
vn -0.1706 0.9660 0.1941
vn 0.0719 0.8659 -0.4950
vn -0.0019 0.9644 -0.2643
vn -0.0060 1.0000 -0.0000
vn -0.0095 0.9999 -0.0056
vn 0.1962 0.8660 0.4600
vn 0.1036 0.9659 0.2372
vn 0.2498 0.2578 0.9333
vn -0.0075 -0.0021 1.0000
vn -0.1301 -0.2585 0.9572
vn -0.2545 -0.2616 0.9310
vn -0.3830 -0.0002 0.9238
vn -0.3887 -0.0032 0.9214
vn -0.4942 0.2652 0.8279
vn -0.5238 0.5000 0.6896
vn -0.4452 0.7067 0.5498
vn 0.2246 0.4997 -0.8366
vn 0.3314 0.4998 -0.8002
vn 0.0917 0.7061 -0.7021
vn 0.2699 0.7059 -0.6549
vn 0.2480 0.8641 -0.4379
vn 0.1606 0.9659 -0.2031
vn -0.0107 0.9999 -0.0100
vn -0.3630 0.8713 0.3302
vn -0.1909 0.9683 0.1611
vn 0.0957 0.7070 -0.7008
vn -0.0010 0.8643 -0.5030
vn -0.0380 0.9656 -0.2571
vn -0.0730 0.9644 -0.2542
vn -0.0096 0.9999 0.0030
vn 0.0041 1.0000 -0.0018
vn 0.2542 0.8698 0.4229
vn 0.1303 0.9655 0.2254
vn 0.2753 0.7071 0.6513
vn 0.3357 0.4999 0.7984
vn 0.3731 0.2587 0.8910
vn 0.2564 -0.0027 0.9666
vn -0.0108 -0.2614 0.9652
vn -0.1191 -0.4995 0.8581
vn -0.1129 -0.5014 0.8578
vn -0.3725 -0.2586 0.8913
vn -0.3688 -0.2617 0.8919
vn -0.5069 0.0029 0.8620
vn -0.5852 0.2588 0.7685
vn -0.5408 0.4990 0.6771
vn -0.5109 0.7144 0.4780
vn 0.2509 0.2593 -0.9326
vn 0.3665 0.2586 -0.8938
vn 0.1135 0.4988 -0.8592
vn 0.3325 0.4986 -0.8005
vn 0.3529 0.7057 -0.6143
vn 0.3066 0.8660 -0.3951
vn 0.1496 0.9654 -0.2135
vn -0.0065 0.9998 -0.0184
vn -0.4008 0.8660 0.2992
vn -0.2091 0.9659 0.1528
vn 0.1130 0.4998 -0.8587
vn -0.0001 0.7059 -0.7083
vn -0.0680 0.8654 -0.4964
vn -0.1326 0.8642 -0.4854
vn -0.1056 0.9656 -0.2375
vn -0.0957 0.9659 -0.2406
vn 0.0187 0.9998 -0.0095
vn 0.1553 0.9673 0.2006
vn 0.3632 0.7097 0.6037
vn 0.4460 0.5011 0.7416
vn 0.4976 0.2581 0.8281
vn 0.3851 -0.0001 0.9229
vn 0.2453 -0.2621 0.9333
vn -0.1269 -0.4978 0.8580
vn -0.0997 -0.7066 0.7006
vn -0.0951 -0.7080 0.6998
vn -0.3427 -0.4976 0.7968
vn -0.3361 -0.4996 0.7984
vn -0.3264 -0.5019 0.8010
vn -0.4827 -0.2606 0.8362
vn -0.6067 -0.0000 0.7949
vn -0.5989 0.2572 0.7584
vn -0.6241 0.5076 0.5940
vn -0.5652 0.7070 0.4252
vn 0.2602 0.0013 -0.9656
vn 0.3766 -0.0002 -0.9264
vn 0.1276 0.2576 -0.9578
vn 0.3724 0.2574 -0.8917
vn 0.4341 0.4995 -0.7497
vn 0.4317 0.7070 -0.5601
vn 0.2995 0.8651 -0.4024
vn 0.1778 0.9642 -0.1966
vn -0.0031 1.0000 -0.0040
vn -0.4156 0.8658 0.2785
vn -0.2227 0.9658 0.1328
vn 0.1226 0.2587 -0.9582
vn 0.0007 0.4997 -0.8662
vn -0.0933 0.7062 -0.7019
vn -0.1836 0.7058 -0.6842
vn -0.1954 0.8654 -0.4614
vn -0.1890 0.8659 -0.4631
vn -0.0869 0.9654 -0.2458
vn 0.0136 0.9998 -0.0172
vn 0.3105 0.8658 0.3923
vn 0.4382 0.7065 0.5558
vn 0.5367 0.4991 0.6803
vn 0.5988 0.2581 0.7582
vn 0.5138 -0.0025 0.8579
vn 0.3709 -0.2590 0.8918
vn 0.1054 -0.4993 0.8600
vn 0.1061 -0.5007 0.8591
vn -0.1064 -0.7059 0.7002
vn -0.0738 -0.8657 0.4951
vn -0.0708 -0.8666 0.4939
vn -0.2766 -0.7067 0.6512
vn -0.2636 -0.7084 0.6547
vn -0.4265 -0.5058 0.7498
vn -0.5869 -0.2588 0.7672
vn -0.6158 -0.0019 0.7879
vn -0.6940 0.2643 0.6697
vn -0.6909 0.5000 0.5223
vn -0.5800 0.7064 0.4057
vn 0.2519 -0.2567 -0.9331
vn 0.3611 -0.2590 -0.8958
vn 0.1330 -0.0011 -0.9911
vn 0.3869 -0.0012 -0.9221
vn 0.4859 0.2592 -0.8347
vn 0.5273 0.4999 -0.6870
vn 0.4288 0.7057 -0.5640
vn 0.3500 0.8640 -0.3618
vn 0.2031 0.9659 -0.1606
vn -0.0146 0.9997 -0.0220
vn -0.4427 0.8710 0.2130
vn -0.2325 0.9680 0.0945
vn 0.1239 -0.0001 -0.9923
vn 0.0015 0.2593 -0.9658
vn -0.1124 0.4989 -0.8594
vn -0.2226 0.4995 -0.8372
vn -0.2720 0.7062 -0.6537
vn -0.2695 0.7070 -0.6539
vn -0.1848 0.8652 -0.4661
vn -0.1210 0.9643 -0.2357
vn 0.1628 0.9659 0.2014
vn 0.0045 1.0000 -0.0033
vn 0.6196 -0.0002 0.7850
vn 0.4935 -0.2626 0.8291
vn 0.3314 -0.5001 0.8000
vn 0.3312 -0.5009 0.7996
vn 0.0870 -0.7088 0.7001
vn -0.0759 -0.8685 0.4899
vn -0.0437 -0.9658 0.2554
vn -0.0308 -0.9664 0.2553
vn -0.2823 -0.7059 0.6496
vn -0.1984 -0.8658 0.4594
vn -0.1836 -0.8666 0.4641
vn -0.3428 -0.7147 0.6096
vn -0.5270 -0.5000 0.6872
vn -0.5906 -0.2607 0.7637
vn -0.7151 0.0015 0.6990
vn -0.7693 0.2588 0.5841
vn -0.7042 0.4990 0.5051
vn -0.6238 0.7140 0.3178
vn 0.2266 -0.4969 -0.8377
vn 0.3210 -0.5001 -0.8043
vn 0.1293 -0.2597 -0.9570
vn 0.3751 -0.2598 -0.8898
vn 0.5048 0.0011 -0.8632
vn 0.5870 0.2587 -0.7671
vn 0.5285 0.4985 -0.6871
vn 0.4987 0.7056 -0.5034
vn 0.3953 0.8659 -0.3063
vn 0.1943 0.9652 -0.1752
vn -0.0072 0.9995 -0.0298
vn -0.4673 0.8659 0.1783
vn -0.2443 0.9658 0.0868
vn 0.1167 -0.2589 -0.9588
vn 0.0021 0.0013 -1.0000
vn -0.1238 0.2576 -0.9583
vn -0.2465 0.2592 -0.9338
vn -0.3301 0.4990 -0.8013
vn -0.3315 0.4998 -0.8002
vn -0.2693 0.7061 -0.6549
vn -0.2458 0.8640 -0.4394
vn -0.1542 0.9659 -0.2078
vn 0.1789 0.9659 0.1871
vn 0.0172 0.9997 -0.0156
vn 0.3289 0.8660 0.3768
vn 0.4565 0.7065 0.5408
vn 0.5523 0.4984 0.6682
vn 0.6086 0.2561 0.7510
vn 0.6213 -0.0034 0.7836
vn 0.5974 -0.2584 0.7592
vn 0.4385 -0.5046 0.7437
vn 0.2694 -0.7072 0.6537
vn 0.2695 -0.7081 0.6527
vn 0.0855 -0.7075 0.7016
vn 0.0016 -0.9682 0.2501
vn -0.0116 -0.9999 -0.0014
vn 0.0047 -1.0000 -0.0000
vn -0.1990 -0.8684 0.4541
vn -0.1075 -0.9659 0.2356
vn -0.0910 -0.9661 0.2417
vn -0.2365 -0.8723 0.4280
vn -0.4313 -0.7071 0.5603
vn -0.5254 -0.5015 0.6873
vn -0.6855 -0.2618 0.6793
vn -0.7954 -0.0000 0.6061
vn -0.7803 0.2572 0.5701
vn -0.7624 0.5075 0.4015
vn -0.6586 0.7070 0.2577
vn 0.1862 -0.7033 -0.6861
vn 0.2590 -0.7071 -0.6580
vn 0.1169 -0.5005 -0.8578
vn 0.3379 -0.5006 -0.7970
vn 0.4895 -0.2568 -0.8333
vn 0.6067 -0.0001 -0.7949
vn 0.5921 0.2573 -0.7636
vn 0.6137 0.4995 -0.6115
vn 0.5606 0.7069 -0.4313
vn 0.3897 0.8648 -0.3166
vn 0.2181 0.9640 -0.1521
vn -0.0046 0.9999 -0.0106
vn -0.4739 0.8658 0.1605
vn -0.2499 0.9658 0.0696
vn 0.1015 -0.5000 -0.8600
vn 0.0026 -0.2566 -0.9665
vn -0.1268 -0.0011 -0.9919
vn -0.2539 0.0011 -0.9672
vn -0.3658 0.2578 -0.8943
vn -0.3710 0.2586 -0.8919
vn -0.3350 0.4990 -0.7992
vn -0.3534 0.7054 -0.6144
vn -0.3022 0.8660 -0.3983
vn -0.1450 0.9652 -0.2174
vn 0.1974 0.9680 0.1549
vn 0.0115 0.9997 -0.0230
vn 0.3709 0.8709 0.3225
vn 0.5198 0.7140 0.4690
vn 0.6331 0.5076 0.5844
vn 0.7017 0.2651 0.6613
vn 0.7197 0.0030 0.6943
vn 0.5906 -0.2619 0.7633
vn 0.5339 -0.4992 0.6825
vn 0.3529 -0.7120 0.6070
vn 0.1952 -0.8670 0.4586
vn 0.1890 -0.8661 0.4628
vn 0.1295 -0.8693 0.4770
vn 0.0373 -0.9664 0.2544
vn 0.0060 -0.9999 -0.0107
vn 0.0211 -0.9658 -0.2582
vn 0.0383 -0.9659 -0.2562
vn -0.0620 -0.9685 0.2411
vn 0.0061 -0.9999 -0.0107
vn -0.0103 -0.9999 -0.0043
vn 0.0081 -1.0000 0.0029
vn -0.1145 -0.9692 0.2181
vn -0.3062 -0.8661 0.3952
vn -0.4247 -0.7083 0.5639
vn -0.6079 -0.5064 0.6116
vn -0.7671 -0.2588 0.5869
vn -0.8027 -0.0019 0.5963
vn -0.8485 0.2642 0.4586
vn -0.8048 0.5001 0.3196
vn -0.6655 0.7065 0.2409
vn 0.1793 -0.8660 -0.4668
vn 0.1335 -0.8621 -0.4888
vn 0.0966 -0.7073 -0.7002
vn 0.2778 -0.7074 -0.6499
vn 0.4413 -0.4970 -0.7471
vn 0.5850 -0.2589 -0.7686
vn 0.6154 -0.0013 -0.7882
vn 0.6873 0.2592 -0.6786
vn 0.6875 0.4998 -0.5269
vn 0.5583 0.7055 -0.4365
vn 0.4286 0.8639 -0.2646
vn 0.2355 0.9659 -0.1074
vn -0.0089 0.9996 -0.0261
vn -0.4827 0.8710 0.0917
vn -0.2490 0.9680 0.0315
vn 0.0795 -0.7071 -0.7026
vn 0.0030 -0.4969 -0.8678
vn -0.1211 -0.2596 -0.9581
vn -0.2440 -0.2568 -0.9352
vn -0.3766 -0.0009 -0.9264
vn -0.3851 -0.0001 -0.9229
vn -0.3777 0.2579 -0.8893
vn -0.4368 0.4992 -0.7483
vn -0.4296 0.7071 -0.5617
vn -0.2968 0.8649 -0.4047
vn -0.1745 0.9642 -0.1997
vn 0.2123 0.9658 0.1485
vn 0.0060 1.0000 -0.0078
vn 0.4042 0.8659 0.2947
vn 0.5685 0.7069 0.4208
vn 0.6939 0.5000 0.5183
vn 0.7718 0.2589 0.5807
vn 0.7972 0.0001 0.6038
vn 0.6859 -0.2602 0.6796
vn 0.5212 -0.5020 0.6901
vn 0.4335 -0.7063 0.5596
vn 0.2436 -0.8703 0.4280
vn 0.1060 -0.9661 0.2353
vn 0.0957 -0.9659 0.2404
vn 0.0588 -0.8663 0.4961
vn 0.0074 -1.0000 -0.0014
vn 0.0037 -0.9633 -0.2686
vn 0.0520 -0.8660 -0.4974
vn 0.0697 -0.8660 -0.4951
vn 0.0719 -0.9633 -0.2587
vn 0.0875 -0.9659 -0.2439
vn 0.1071 -0.9659 -0.2359
vn 0.0150 -0.9999 -0.0052
vn -0.1603 -0.9659 0.2031
vn -0.2955 -0.8665 0.4022
vn -0.4884 -0.7148 0.5006
vn -0.6867 -0.5000 0.5277
vn -0.7703 -0.2607 0.5820
vn -0.8750 0.0015 0.4841
vn -0.8962 0.2591 0.3601
vn -0.8112 0.4990 0.3049
vn -0.6847 0.7141 0.1461
vn 0.1991 -0.8661 -0.4585
vn 0.3638 -0.7033 -0.6107
vn 0.5235 -0.5000 -0.6898
vn 0.5969 -0.2598 -0.7591
vn 0.7143 0.0012 -0.6999
vn 0.7675 0.2585 -0.5866
vn 0.6886 0.4983 -0.5268
vn 0.6105 0.7055 -0.3600
vn 0.4595 0.8661 -0.1969
vn 0.2326 0.9652 -0.1199
vn 0.0007 0.9995 -0.0305
vn -0.4976 0.8659 0.0511
vn -0.2584 0.9658 0.0205
vn 0.0033 -0.7032 -0.7110
vn -0.1072 -0.5005 -0.8591
vn -0.2176 -0.4970 -0.8400
vn -0.3617 -0.2595 -0.8954
vn -0.3731 -0.2589 -0.8909
vn -0.3946 -0.0007 -0.9189
vn -0.4906 0.2588 -0.8321
vn -0.5276 0.5000 -0.6868
vn -0.4280 0.7057 -0.5647
vn -0.3483 0.8640 -0.3635
vn -0.2008 0.9659 -0.1636
vn 0.2252 0.9657 0.1291
vn 0.0165 0.9996 -0.0249
vn 0.4185 0.8658 0.2743
vn 0.5832 0.7063 0.4014
vn 0.7072 0.4989 0.5010
vn 0.7828 0.2571 0.5667
vn 0.8044 -0.0021 0.5941
vn 0.7682 -0.2588 0.5856
vn 0.6046 -0.5052 0.6158
vn 0.4180 -0.7084 0.5687
vn 0.3038 -0.8655 0.3982
vn 0.1168 -0.9690 0.2179
vn 0.0093 -0.9999 -0.0045
vn -0.0041 -1.0000 0.0016
vn 0.0706 -0.9682 0.2400
vn 0.0061 -0.9999 -0.0128
vn -0.0272 -0.9658 -0.2577
vn 0.0035 -0.8621 -0.5067
vn 0.1433 -0.9632 -0.2272
vn -0.0035 -1.0000 -0.0028
vn -0.1466 -0.9660 0.2129
vn -0.3363 -0.8722 0.3552
vn -0.5595 -0.7072 0.4322
vn -0.6856 -0.5014 0.5278
vn -0.8399 -0.2617 0.4755
vn -0.9266 0.0004 0.3761
vn -0.9015 0.2573 0.3481
vn -0.8402 0.5075 0.1912
vn -0.7029 0.7070 0.0783
vn 0.2622 -0.8622 -0.4335
vn 0.4264 -0.7071 -0.5641
vn 0.5378 -0.5007 -0.6783
vn 0.6930 -0.2568 -0.6737
vn 0.7952 -0.0003 -0.6064
vn 0.7718 0.2572 -0.5815
vn 0.7512 0.4994 -0.4315
vn 0.6521 0.7072 -0.2732
vn 0.4580 0.8648 -0.2057
vn 0.2499 0.9640 -0.0905
vn -0.0016 0.9999 -0.0116
vn -0.4991 0.8658 0.0347
vn -0.2594 0.9658 0.0046
vn -0.0859 -0.7073 -0.7017
vn -0.1764 -0.7032 -0.6887
vn -0.3222 -0.5004 -0.8036
vn -0.3356 -0.5001 -0.7983
vn -0.3846 -0.2593 -0.8859
vn -0.5110 0.0008 -0.8596
vn -0.5896 0.2588 -0.7651
vn -0.5295 0.4985 -0.6863
vn -0.4984 0.7055 -0.5038
vn -0.3937 0.8660 -0.3084
vn -0.1930 0.9651 -0.1772
vn 0.2337 0.9679 0.0929
vn 0.0081 0.9995 -0.0308
vn 0.4442 0.8708 0.2107
vn 0.6256 0.7138 0.3150
vn 0.7640 0.5075 0.3985
vn 0.8498 0.2645 0.4560
vn 0.8760 0.0019 0.4824
vn 0.7709 -0.2609 0.5811
vn 0.6868 -0.4999 0.5276
vn 0.4830 -0.7144 0.5062
vn 0.2882 -0.8662 0.4081
vn 0.1541 -0.9658 0.2084
vn -0.0270 -0.9996 0.0105
vn -0.0888 -0.9658 -0.2435
vn -0.1036 -0.9659 -0.2373
vn -0.0611 -0.9632 -0.2618
vn -0.0587 -0.8660 -0.4966
vn 0.1536 -0.9659 -0.2084
vn 0.0122 -0.9999 0.0090
vn -0.1623 -0.9690 0.1860
vn -0.3943 -0.8661 0.3072
vn -0.5542 -0.7081 0.4375
vn -0.7457 -0.5062 0.4333
vn -0.8938 -0.2584 0.3666
vn -0.9299 -0.0018 0.3677
vn -0.9381 0.2642 0.2238
vn -0.8602 0.5001 0.1003
vn -0.7048 0.7066 0.0625
vn 0.3002 -0.8660 -0.3999
vn 0.4423 -0.7074 -0.5513
vn 0.6250 -0.4970 -0.6020
vn 0.7687 -0.2590 -0.5848
vn 0.8025 -0.0013 -0.5966
vn 0.8413 0.2591 -0.4743
vn 0.8002 0.5002 -0.3309
vn 0.6521 0.7055 -0.2776
vn 0.4824 0.8639 -0.1447
vn 0.2553 0.9659 -0.0429
vn -0.0019 0.9997 -0.0257
vn -0.4902 0.8711 -0.0294
vn -0.2490 0.9681 -0.0274
vn -0.1231 -0.8621 -0.4915
vn -0.2607 -0.7072 -0.6572
vn -0.2752 -0.7071 -0.6513
vn -0.3486 -0.5002 -0.7927
vn -0.4969 -0.2571 -0.8288
vn -0.6114 -0.0000 -0.7913
vn -0.5948 0.2574 -0.7616
vn -0.6147 0.4994 -0.6105
vn -0.5598 0.7070 -0.4323
vn -0.3890 0.8648 -0.3176
vn -0.2176 0.9640 -0.1526
vn 0.2447 0.9658 0.0857
vn 0.0049 0.9999 -0.0115
vn 0.4678 0.8659 0.1771
vn 0.6591 0.7070 0.2565
vn 0.8053 0.5001 0.3185
vn 0.8966 0.2590 0.3591
vn 0.9269 0.0003 0.3753
vn 0.8403 -0.2613 0.4751
vn 0.6852 -0.5015 0.5282
vn 0.5587 -0.7071 0.4333
vn 0.3305 -0.8719 0.3612
vn 0.1392 -0.9657 0.2191
vn -0.0324 -0.9995 0.0032
vn -0.0046 -1.0000 0.0035
vn -0.1195 -0.9657 -0.2304
vn -0.1812 -0.8660 -0.4661
vn -0.1961 -0.8660 -0.4600
vn 0.1703 -0.9658 -0.1955
vn 0.0216 -0.9998 0.0050
vn -0.2023 -0.9660 0.1612
vn -0.3856 -0.8663 0.3174
vn -0.5997 -0.7145 0.3603
vn -0.8001 -0.4996 0.3320
vn -0.8949 -0.2606 0.3623
vn -0.9705 0.0015 0.2412
vn -0.9589 0.2590 0.1158
vn -0.8622 0.4991 0.0862
vn -0.6992 0.7143 -0.0292
vn 0.3170 -0.8661 -0.3866
vn 0.5154 -0.7033 -0.4896
vn 0.6900 -0.5001 -0.5233
vn 0.7786 -0.2598 -0.5712
vn 0.8744 0.0012 -0.4851
vn 0.8938 0.2590 -0.3661
vn 0.8014 0.4983 -0.3308
vn 0.6828 0.7055 -0.1898
vn 0.4948 0.8660 -0.0714
vn 0.2555 0.9653 -0.0542
vn 0.0082 0.9997 -0.0236
vn -0.2554 0.9659 -0.0433
vn -0.4944 0.8660 -0.0753
vn -0.2892 -0.7071 -0.6453
vn -0.4495 -0.4972 -0.7421
vn -0.5915 -0.2588 -0.7636
vn -0.6195 -0.0012 -0.7850
vn -0.6894 0.2591 -0.6765
vn -0.6876 0.4998 -0.5267
vn -0.5583 0.7055 -0.4366
vn -0.4285 0.8639 -0.2646
vn -0.2352 0.9659 -0.1081
vn 0.2506 0.9657 0.0675
vn 0.0094 0.9996 -0.0276
vn 0.4748 0.8658 0.1581
vn 0.6664 0.7064 0.2384
vn 0.8121 0.4990 0.3025
vn 0.9023 0.2573 0.3460
vn 0.9306 -0.0018 0.3662
vn 0.8940 -0.2585 0.3660
vn 0.7455 -0.5058 0.4340
vn 0.5530 -0.7081 0.4391
vn 0.3927 -0.8660 0.3094
vn 0.1565 -0.9689 0.1918
vn -0.0195 -0.9997 0.0151
vn -0.1533 -0.9631 -0.2214
vn -0.1625 -0.9659 -0.2016
vn -0.2107 -0.8659 -0.4537
vn 0.2036 -0.9632 -0.1758
vn 0.0034 -1.0000 0.0041
vn -0.1911 -0.9658 0.1754
vn -0.4136 -0.8719 0.2622
vn -0.6519 -0.7069 0.2745
vn -0.7990 -0.5014 0.3321
vn -0.9344 -0.2617 0.2418
vn -0.9924 0.0003 0.1234
vn -0.9606 0.2575 0.1043
vn -0.8613 0.5075 -0.0266
vn -0.6997 0.7071 -0.1021
vn 0.3718 -0.8621 -0.3443
vn 0.5642 -0.7072 -0.4262
vn 0.7018 -0.5005 -0.5069
vn 0.8484 -0.2566 -0.4630
vn 0.9265 0.0001 -0.3764
vn 0.8961 0.2572 -0.3616
vn 0.8373 0.4995 -0.2226
vn 0.7006 0.7071 -0.0952
vn 0.4954 0.8650 -0.0793
vn 0.2645 0.9642 -0.0183
vn 0.0011 1.0000 -0.0083
vn -0.2517 0.9658 -0.0623
vn -0.4911 0.8659 -0.0955
vn -0.3724 -0.7033 -0.6055
vn -0.5314 -0.5000 -0.6838
vn -0.6021 -0.2597 -0.7550
vn -0.7173 0.0011 -0.6968
vn -0.7685 0.2586 -0.5853
vn -0.6891 0.4984 -0.5261
vn -0.6107 0.7055 -0.3595
vn -0.4594 0.8660 -0.1973
vn -0.2323 0.9651 -0.1210
vn 0.2493 0.9679 0.0313
vn -0.0004 0.9995 -0.0303
vn 0.4830 0.8709 0.0911
vn 0.6850 0.7139 0.1453
vn 0.8405 0.5074 0.1901
vn 0.9383 0.2643 0.2228
vn 0.9707 0.0017 0.2405
vn 0.8952 -0.2606 0.3614
vn 0.8002 -0.4997 0.3318
vn 0.5991 -0.7144 0.3616
vn 0.3839 -0.8662 0.3199
vn 0.2000 -0.9659 0.1643
vn -0.0274 -0.9996 0.0105
vn -0.1775 -0.9657 -0.1895
vn -0.2712 -0.8621 -0.4281
vn -0.3093 -0.8660 -0.3929
vn 0.2089 -0.9659 -0.1532
vn 0.0164 -0.9996 0.0213
vn -0.2003 -0.9687 0.1464
vn -0.4593 -0.8659 0.1982
vn -0.6487 -0.7080 0.2791
vn -0.8325 -0.5062 0.2251
vn -0.9582 -0.2585 0.1226
vn -0.9933 -0.0015 0.1154
vn -0.9642 0.2642 -0.0216
vn -0.8574 0.5000 -0.1218
vn -0.6967 0.7068 -0.1226
vn 0.4001 -0.8660 -0.3000
vn 0.5775 -0.7074 -0.4077
vn 0.7653 -0.4968 -0.4094
vn 0.8960 -0.2587 -0.3610
vn 0.9299 -0.0013 -0.3679
vn 0.9354 0.2592 -0.2405
vn 0.8587 0.5001 -0.1125
vn 0.7014 0.7058 -0.0991
vn 0.5032 0.8641 -0.0121
vn 0.2575 0.9659 0.0272
vn 0.0048 0.9997 -0.0249
vn -0.2313 0.9682 -0.0954
vn -0.4557 0.8721 -0.1783
vn -0.4352 -0.7071 -0.5574
vn -0.5440 -0.5005 -0.6735
vn -0.6967 -0.2568 -0.6698
vn -0.7970 -0.0002 -0.6040
vn -0.7728 0.2573 -0.5801
vn -0.7516 0.4994 -0.4308
vn -0.6521 0.7071 -0.2733
vn -0.4579 0.8648 -0.2062
vn -0.2498 0.9641 -0.0901
vn 0.2583 0.9658 0.0214
vn 0.0015 0.9999 -0.0107
vn 0.4975 0.8659 0.0520
vn 0.7028 0.7070 0.0791
vn 0.8601 0.5000 0.1009
vn 0.9589 0.2590 0.1162
vn 0.9923 0.0002 0.1237
vn 0.9345 -0.2615 0.2414
vn 0.7990 -0.5014 0.3319
vn 0.6518 -0.7069 0.2747
vn 0.4127 -0.8718 0.2638
vn 0.1891 -0.9656 0.1784
vn -0.0063 -0.9999 0.0080
vn -0.2091 -0.9629 -0.1704
vn -0.3241 -0.8660 -0.3809
vn 0.2228 -0.9656 -0.1343
vn 0.0254 -0.9995 0.0210
vn -0.2355 -0.9658 0.1083
vn -0.4546 -0.8663 0.2070
vn -0.6728 -0.7145 0.1923
vn -0.8587 -0.4997 0.1135
vn -0.9582 -0.2603 0.1187
vn -0.9999 0.0015 -0.0148
vn -0.9567 0.2588 -0.1332
vn -0.8561 0.4980 -0.1382
vn 0.4142 -0.8659 -0.2806
vn 0.6309 -0.7032 -0.3280
vn 0.8045 -0.4999 -0.3209
vn 0.9003 -0.2598 -0.3492
vn 0.9702 0.0013 -0.2423
vn 0.9581 0.2589 -0.1222
vn 0.8595 0.4986 -0.1123
vn 0.7084 0.7058 -0.0054
vn 0.4964 0.8660 0.0609
vn 0.2609 0.9653 0.0141
vn 0.0141 0.9997 -0.0196
vn -0.2354 0.9656 -0.1100
vn -0.4491 0.8660 -0.2198
vn -0.4491 -0.7073 -0.5459
vn -0.6294 -0.4969 -0.5975
vn -0.7712 -0.2589 -0.5816
vn -0.8039 -0.0012 -0.5947
vn -0.8419 0.2592 -0.4733
vn -0.8004 0.5001 -0.3307
vn -0.6521 0.7055 -0.2775
vn -0.4824 0.8640 -0.1442
vn -0.2554 0.9659 -0.0421
vn 0.2593 0.9658 0.0041
vn 0.0018 0.9997 -0.0260
vn 0.4992 0.8658 0.0340
vn 0.7049 0.7066 0.0617
vn 0.8623 0.4991 0.0854
vn 0.9607 0.2575 0.1035
vn 0.9934 -0.0016 0.1147
vn 0.9582 -0.2585 0.1227
vn 0.8327 -0.5059 0.2250
vn 0.6485 -0.7080 0.2796
vn 0.4591 -0.8659 0.1987
vn 0.1993 -0.9687 0.1480
vn -0.0185 -0.9995 0.0245
vn -0.2121 -0.9658 -0.1489
vn -0.3770 -0.8619 -0.3392
vn 0.2485 -0.9629 -0.1055
vn 0.0044 -0.9999 0.0109
vn -0.2297 -0.9658 0.1206
vn -0.4675 -0.8719 0.1458
vn -0.7007 -0.7069 0.0964
vn -0.8578 -0.5012 0.1138
vn -0.9651 -0.2617 -0.0069
vn -0.9908 -0.0000 -0.1355
vn -0.9562 0.2561 -0.1417
vn -0.6669 0.7148 -0.2104
vn 0.4548 -0.8618 -0.2245
vn 0.6581 -0.7070 -0.2589
vn 0.8096 -0.5005 -0.3067
vn 0.9393 -0.2565 -0.2277
vn 0.9923 -0.0000 -0.1237
vn 0.9591 0.2575 -0.1180
vn 0.8663 0.4996 0.0015
vn 0.7014 0.7070 0.0903
vn 0.4991 0.8650 0.0520
vn 0.2594 0.9643 0.0538
vn 0.0011 1.0000 -0.0044
vn -0.2284 0.9659 -0.1221
vn -0.4511 0.8659 -0.2160
vn -0.5203 -0.7031 -0.4847
vn -0.6929 -0.5000 -0.5194
vn -0.7804 -0.2597 -0.5688
vn -0.8751 0.0013 -0.4840
vn -0.8940 0.2589 -0.3656
vn -0.8017 0.4983 -0.3302
vn -0.6828 0.7056 -0.1892
vn -0.4950 0.8660 -0.0708
vn -0.2556 0.9652 -0.0544
vn 0.2492 0.9681 -0.0276
vn -0.0080 0.9997 -0.0237
vn 0.4904 0.8710 -0.0296
vn 0.6993 0.7142 -0.0294
vn 0.8613 0.5074 -0.0269
vn 0.9642 0.2643 -0.0220
vn 0.9999 0.0016 -0.0153
vn 0.9583 -0.2604 0.1181
vn 0.8587 -0.4997 0.1133
vn 0.6728 -0.7144 0.1924
vn 0.4542 -0.8662 0.2081
vn 0.2351 -0.9658 0.1090
vn -0.0264 -0.9994 0.0225
vn -0.2250 -0.9655 -0.1310
vn -0.4035 -0.8659 -0.2955
vn 0.2440 -0.9659 -0.0872
vn 0.0107 -0.9996 0.0258
vn -0.2314 -0.9688 0.0892
vn -0.4949 -0.8659 0.0726
vn -0.6991 -0.7078 0.1010
vn -0.8624 -0.5063 0.0014
vn -0.9574 -0.2588 -0.1285
vn -0.9906 -0.0019 -0.1365
vn -0.8283 0.5046 -0.2436
vn 0.4669 -0.8659 -0.1792
vn 0.6639 -0.7073 -0.2429
vn 0.8452 -0.4967 -0.1974
vn 0.9589 -0.2588 -0.1166
vn 0.9933 -0.0011 -0.1157
vn 0.9658 0.2593 0.0080
vn 0.8586 0.4999 0.1134
vn 0.7031 0.7058 0.0861
vn 0.4880 0.8642 0.1221
vn 0.2392 0.9660 0.0981
vn 0.0099 0.9998 -0.0199
vn -0.6429 0.7068 -0.2952
vn -0.2014 0.9681 -0.1489
vn -0.4093 0.8711 -0.2713
vn -0.5675 -0.7071 -0.4219
vn -0.7038 -0.5004 -0.5041
vn -0.8491 -0.2566 -0.4617
vn -0.9268 0.0001 -0.3756
vn -0.8965 0.2573 -0.3606
vn -0.8374 0.4996 -0.2219
vn -0.7007 0.7071 -0.0947
vn -0.4955 0.8650 -0.0792
vn -0.2644 0.9642 -0.0183
vn -0.0042 0.9998 -0.0217
vn 0.2524 0.9658 -0.0588
vn 0.4917 0.8659 -0.0920
vn 0.6974 0.7068 -0.1187
vn 0.8556 0.4992 -0.1371
vn 0.9552 0.2576 -0.1458
vn 0.9895 -0.0014 -0.1443
vn 0.9652 -0.2615 -0.0074
vn 0.8578 -0.5013 0.1134
vn 0.7007 -0.7070 0.0961
vn 0.4675 -0.8718 0.1460
vn 0.2292 -0.9657 0.1220
vn -0.0048 -0.9999 0.0119
vn -0.2495 -0.9628 -0.1041
vn -0.4164 -0.8658 -0.2774
vn 0.2504 -0.9655 -0.0708
vn 0.0191 -0.9995 0.0266
vn -0.2554 -0.9658 0.0438
vn -0.4930 -0.8663 0.0810
vn -0.6997 -0.7144 0.0092
vn -0.8587 -0.5000 -0.1128
vn -0.9576 -0.2600 -0.1243
vn -0.9648 0.0027 -0.2630
vn -0.9288 0.2622 -0.2617
vn -0.7910 0.4990 -0.3539
vn 0.4732 -0.8658 -0.1624
vn 0.6944 -0.7031 -0.1535
vn 0.8601 -0.4999 -0.1016
vn 0.9599 -0.2596 -0.1055
vn 0.9999 0.0013 0.0139
vn 0.9573 0.2587 0.1288
vn 0.8593 0.4985 0.1142
vn 0.6844 0.7061 0.1814
vn 0.4615 0.8660 0.1924
vn 0.2475 0.9653 0.0836
vn 0.0193 0.9997 -0.0169
vn -0.5904 0.7145 -0.3754
vn -0.1985 0.9659 -0.1664
vn -0.3895 0.8659 -0.3137
vn -0.5796 -0.7073 -0.4047
vn -0.7660 -0.4966 -0.4081
vn -0.8963 -0.2588 -0.3600
vn -0.9304 -0.0013 -0.3665
vn -0.9355 0.2593 -0.2400
vn -0.8587 0.5000 -0.1123
vn -0.7015 0.7057 -0.0988
vn -0.5031 0.8641 -0.0120
vn -0.2603 0.9654 0.0169
vn -0.0128 0.9998 -0.0171
vn 0.2347 0.9682 -0.0869
vn 0.4673 0.8711 -0.1510
vn 0.6691 0.7144 -0.2048
vn 0.8262 0.5074 -0.2446
vn 0.9267 0.2643 -0.2673
vn 0.9625 0.0016 -0.2711
vn 0.9564 -0.2603 -0.1329
vn 0.8625 -0.5061 0.0009
vn 0.6991 -0.7079 0.1008
vn 0.4949 -0.8659 0.0721
vn 0.2314 -0.9687 0.0894
vn -0.0113 -0.9996 0.0275
vn -0.2444 -0.9658 -0.0861
vn -0.4557 -0.8617 -0.2231
vn 0.2674 -0.9628 -0.0376
vn 0.0015 -0.9999 0.0119
vn -0.2534 -0.9658 0.0554
vn -0.4892 -0.8720 0.0159
vn -0.7015 -0.7071 -0.0894
vn -0.8594 -0.5002 -0.1056
vn -0.9338 -0.2576 -0.2482
vn -0.9186 -0.0018 -0.3952
vn -0.8850 0.2573 -0.3879
vn -0.7324 0.5074 -0.4540
vn 0.4975 -0.8618 -0.0991
vn 0.7027 -0.7070 -0.0795
vn 0.8613 -0.5005 -0.0881
vn 0.9663 -0.2566 0.0189
vn 0.9908 -0.0002 0.1353
vn 0.9569 0.2574 0.1344
vn 0.8355 0.5000 0.2280
vn 0.6525 0.7070 0.2728
vn 0.4680 0.8650 0.1811
vn 0.2385 0.9642 0.1160
vn 0.0060 1.0000 -0.0077
vn -0.5541 0.7071 -0.4394
vn -0.1842 0.9657 -0.1831
vn -0.3753 0.8657 -0.3311
vn -0.6317 -0.7030 -0.3266
vn -0.8049 -0.4999 -0.3198
vn -0.9010 -0.2597 -0.3476
vn -0.9703 0.0014 -0.2418
vn -0.9582 0.2588 -0.1223
vn -0.8596 0.4985 -0.1118
vn -0.7084 0.7058 -0.0051
vn -0.4987 0.8651 0.0541
vn -0.2592 0.9643 0.0536
vn -0.0014 1.0000 -0.0034
vn 0.2375 0.9659 -0.1031
vn 0.4602 0.8660 -0.1958
vn 0.6515 0.7071 -0.2749
vn 0.7985 0.4999 -0.3353
vn 0.8911 0.2588 -0.3728
vn 0.9230 -0.0000 -0.3848
vn 0.9307 -0.2617 -0.2558
vn 0.8580 -0.5012 -0.1125
vn 0.6998 -0.7143 0.0088
vn 0.4929 -0.8663 0.0810
vn 0.2555 -0.9659 0.0430
vn -0.0192 -0.9995 0.0268
vn -0.2511 -0.9655 -0.0689
vn -0.4674 -0.8659 -0.1781
vn 0.2583 -0.9658 -0.0208
vn 0.0034 -0.9997 0.0258
vn -0.2465 -0.9689 0.0211
vn -0.4964 -0.8660 -0.0600
vn -0.7028 -0.7066 -0.0819
vn -0.8894 -0.2606 -0.3755
vn -0.8584 0.0015 -0.5130
vn -0.8240 0.2642 -0.5011
vn -0.6809 0.4999 -0.5352
vn 0.4974 -0.8659 -0.0521
vn 0.7041 -0.7072 -0.0645
vn 0.8676 -0.4967 0.0229
vn 0.9567 -0.2589 0.1327
vn 0.9894 -0.0012 0.1454
vn 0.9303 0.2598 0.2588
vn 0.7992 0.4997 0.3341
vn 0.6567 0.7057 0.2660
vn 0.4420 0.8641 0.2409
vn 0.2101 0.9659 0.1514
vn 0.0194 0.9996 -0.0226
vn -0.5407 0.7065 -0.4565
vn -0.1697 0.9649 -0.2003
vn -0.3570 0.8651 -0.3523
vn -0.6585 -0.7070 -0.2578
vn -0.8103 -0.5005 -0.3049
vn -0.9395 -0.2564 -0.2273
vn -0.9923 -0.0000 -0.1240
vn -0.9592 0.2574 -0.1174
vn -0.8662 0.4996 0.0018
vn -0.7029 0.7059 0.0873
vn -0.4884 0.8642 0.1206
vn -0.2402 0.9659 0.0965
vn -0.0101 0.9997 -0.0207
vn 0.2284 0.9658 -0.1225
vn 0.4513 0.8659 -0.2159
vn 0.6433 0.7067 -0.2946
vn 0.7913 0.4992 -0.3531
vn 0.8852 0.2576 -0.3875
vn 0.9185 -0.0015 -0.3954
vn 0.8920 -0.2589 -0.3706
vn 0.8332 -0.5062 -0.2225
vn 0.7013 -0.7078 -0.0848
vn 0.4893 -0.8720 0.0156
vn 0.2533 -0.9658 0.0555
vn -0.0014 -0.9999 0.0110
vn -0.2676 -0.9628 -0.0375
vn -0.4740 -0.8658 -0.1605
vn 0.2600 -0.9656 -0.0055
vn 0.0117 -0.9996 0.0247
vn -0.2575 -0.9659 -0.0267
vn -0.4971 -0.8663 -0.0496
vn -0.8381 -0.4995 -0.2194
vn -0.7997 -0.5015 -0.3303
vn -0.8323 -0.2617 -0.4887
vn -0.7898 -0.0001 -0.6133
vn -0.7613 0.2588 -0.5946
vn -0.6691 0.4991 -0.5507
vn 0.4990 -0.8658 -0.0363
vn 0.7108 -0.7030 0.0256
vn 0.8575 -0.5000 0.1210
vn 0.9545 -0.2597 0.1466
vn 0.9623 0.0018 0.2722
vn 0.8914 0.2584 0.3724
vn 0.8006 0.4984 0.3327
vn 0.6162 0.7058 0.3495
vn 0.4000 0.8659 0.3003
vn 0.2216 0.9651 0.1395
vn 0.0300 0.9989 -0.0359
vn -0.5191 0.7060 -0.4818
vn -0.1482 0.9677 -0.2041
vn -0.3139 0.8704 -0.3792
vn -0.6646 -0.7073 -0.2410
vn -0.8453 -0.4965 -0.1971
vn -0.9588 -0.2588 -0.1172
vn -0.9934 -0.0012 -0.1150
vn -0.9658 0.2593 0.0084
vn -0.8593 0.4985 0.1145
vn -0.6852 0.7060 0.1792
vn -0.4627 0.8660 0.1898
vn -0.2478 0.9653 0.0825
vn -0.0154 0.9993 -0.0341
vn 0.2196 0.9652 -0.1418
vn 0.4354 0.8659 -0.2464
vn 0.6341 0.7073 -0.3125
vn 0.7373 0.4991 -0.4553
vn 0.8252 0.2570 -0.5030
vn 0.8568 -0.0035 -0.5157
vn 0.8892 -0.2603 -0.3764
vn 0.8002 -0.5001 -0.3312
vn 0.6779 -0.7143 -0.1740
vn 0.4968 -0.8663 -0.0516
vn 0.2465 -0.9689 0.0210
vn -0.0035 -0.9997 0.0262
vn -0.2582 -0.9659 -0.0217
vn -0.4977 -0.8617 -0.0989
vn 0.2683 -0.9630 0.0266
vn -0.0010 -1.0000 0.0085
vn -0.2590 -0.9658 -0.0125
vn -0.4830 -0.8714 -0.0857
vn -0.7062 -0.7037 -0.0779
vn -0.6515 -0.7102 -0.2668
vn -0.6555 -0.7079 -0.2630
vn -0.7475 -0.5063 -0.4300
vn -0.7646 -0.2589 -0.5903
vn -0.7828 -0.0015 -0.6223
vn -0.7516 0.2576 -0.6072
vn -0.6438 0.4986 -0.5805
vn 0.5064 -0.8619 0.0268
vn 0.6999 -0.7070 0.1012
vn 0.8547 -0.5005 0.1379
vn 0.9289 -0.2562 0.2673
vn 0.9228 -0.0004 0.3853
vn 0.8899 0.2572 0.3767
vn 0.7494 0.4995 0.4345
vn 0.5626 0.7070 0.4286
vn 0.4085 0.8648 0.2921
vn 0.2282 0.9649 0.1301
vn 0.0281 0.9995 -0.0166
vn -0.4574 0.7138 -0.5303
vn -0.1247 0.9655 -0.2284
vn -0.2698 0.8656 -0.4218
vn -0.6945 -0.7030 -0.1533
vn -0.8600 -0.4999 -0.1023
vn -0.9600 -0.2597 -0.1048
vn -0.9999 0.0013 0.0144
vn -0.9570 0.2574 0.1338
vn -0.8363 0.4997 0.2257
vn -0.6536 0.7070 0.2700
vn -0.4685 0.8649 0.1800
vn -0.2504 0.9653 0.0737
vn -0.0163 0.9998 -0.0128
vn 0.2026 0.9680 -0.1484
vn 0.4035 0.8710 -0.2803
vn 0.7526 0.2569 -0.6063
vn 0.7823 -0.0022 -0.6229
vn 0.8295 -0.2632 -0.4926
vn 0.7992 -0.5013 -0.3317
vn 0.6538 -0.7072 -0.2692
vn 0.4761 -0.8720 -0.1139
vn 0.2585 -0.9659 -0.0151
vn -0.0118 -0.9996 0.0248
vn -0.2601 -0.9656 -0.0050
vn -0.4974 -0.8659 -0.0530
vn -0.0033 -0.9997 0.0254
vn -0.2479 -0.9682 -0.0340
vn -0.4665 -0.8664 -0.1782
vn -0.4723 -0.8656 -0.1663
vn -0.6107 -0.7143 -0.3417
vn -0.6872 -0.5000 -0.5270
vn -0.7604 -0.2603 -0.5950
vn -0.7751 0.0038 -0.6319
vn -0.7250 0.2517 -0.6411
vn -0.5685 0.5088 -0.6465
vn 0.4945 -0.8660 0.0747
vn 0.6968 -0.7071 0.1198
vn 0.8328 -0.4965 0.2448
vn 0.8913 -0.2591 0.3722
vn 0.9187 -0.0014 0.3949
vn 0.8323 0.2593 0.4900
vn 0.6869 0.4998 0.5276
vn 0.5674 0.7055 0.4247
vn 0.4116 0.8652 0.2865
vn 0.2034 0.9641 0.1709
vn 0.0288 0.9994 -0.0195
vn -0.3964 0.7066 -0.5862
vn -0.0873 0.9677 -0.2367
vn -0.2053 0.8707 -0.4470
vn -0.7026 -0.7071 -0.0804
vn -0.8613 -0.5005 -0.0873
vn -0.9664 -0.2565 0.0195
vn -0.9896 -0.0013 0.1438
vn -0.9310 0.2594 0.2567
vn -0.8001 0.4998 0.3318
vn -0.6570 0.7056 0.2653
vn -0.4689 0.8657 0.1754
vn -0.2353 0.9644 0.1211
vn -0.0153 0.9997 -0.0172
vn 0.1883 0.9659 -0.1779
vn 0.3791 0.8659 -0.3264
vn 0.5563 0.7109 -0.4303
vn 0.6715 0.4987 -0.5480
vn 0.7591 -0.2606 -0.5965
vn 0.7451 -0.5051 -0.4356
vn 0.6548 -0.7080 -0.2645
vn 0.4628 -0.8661 -0.1890
vn 0.2427 -0.9690 -0.0466
vn 0.0027 -0.9997 0.0224
vn -0.2684 -0.9629 0.0268
vn -0.4991 -0.8658 -0.0357
vn 0.2527 -0.9656 0.0616
vn 0.0034 -0.9995 0.0300
vn -0.2458 -0.9659 -0.0813
vn -0.2451 -0.9657 -0.0860
vn -0.4319 -0.8720 -0.2304
vn -0.5629 -0.7071 -0.4279
vn -0.6863 -0.5012 -0.5271
vn -0.7572 -0.2586 -0.5999
vn -0.6397 0.2675 -0.7205
vn -0.4965 0.4988 -0.7104
vn 0.4915 -0.8658 0.0938
vn 0.6808 -0.7027 0.2067
vn 0.7989 -0.5002 0.3340
vn 0.8850 -0.2598 0.3863
vn 0.8588 0.0013 0.5122
vn 0.7644 0.2586 0.5906
vn 0.6876 0.4982 0.5283
vn 0.5673 0.7067 0.4228
vn 0.3658 0.8639 0.3462
vn 0.1804 0.9650 0.1906
vn 0.0361 0.9993 -0.0110
vn -0.3102 0.7141 -0.6275
vn -0.0804 0.9657 -0.2468
vn -0.1718 0.8658 -0.4699
vn -0.7041 -0.7072 -0.0637
vn -0.8677 -0.4966 0.0235
vn -0.9549 -0.2597 0.1442
vn -0.9628 0.0015 0.2703
vn -0.8919 0.2586 0.3709
vn -0.8007 0.4983 0.3325
vn -0.6558 0.7071 0.2644
vn -0.4391 0.8642 0.2458
vn -0.2178 0.9652 0.1444
vn -0.0233 0.9997 -0.0118
vn 0.1557 0.9681 -0.1965
vn 0.3249 0.8710 -0.3685
vn 0.5440 0.7067 -0.4523
vn 0.6657 0.2642 -0.6978
vn 0.5893 0.5075 -0.6286
vn 0.6958 0.0015 -0.7182
vn 0.6769 -0.2616 -0.6880
vn 0.6847 -0.5013 -0.5290
vn 0.6095 -0.7125 -0.3477
vn 0.4659 -0.8665 -0.1793
vn 0.2403 -0.9660 -0.0959
vn -0.0060 -0.9997 0.0232
vn -0.2533 -0.9656 0.0583
vn -0.5065 -0.8618 0.0272
vn 0.2519 -0.9631 0.0951
vn -0.0030 -1.0000 0.0088
vn -0.0084 -0.9997 0.0209
vn -0.2244 -0.9689 -0.1044
vn -0.4002 -0.8660 -0.2997
vn -0.5654 -0.7079 -0.4234
vn -0.6868 -0.4995 -0.5280
vn -0.5631 0.2571 -0.7854
vn -0.3951 0.5072 -0.7659
vn 0.4826 -0.8619 0.1555
vn 0.6521 -0.7070 0.2737
vn 0.7911 -0.5006 0.3516
vn 0.8272 -0.2566 0.4999
vn 0.7898 -0.0002 0.6133
vn 0.7609 0.2570 0.5959
vn 0.6850 0.4999 0.5301
vn 0.5044 0.7056 0.4978
vn 0.3199 0.8646 0.3874
vn 0.1571 0.9639 0.2150
vn 0.0165 0.9998 -0.0069
vn -0.2517 0.7070 -0.6609
vn -0.0636 0.9656 -0.2520
vn -0.1536 0.8658 -0.4763
vn -0.7108 -0.7029 0.0261
vn -0.8552 -0.5005 0.1348
vn -0.9293 -0.2564 0.2657
vn -0.9230 -0.0002 0.3847
vn -0.8898 0.2571 0.3769
vn -0.7984 0.5003 0.3351
vn -0.6141 0.7057 0.3533
vn -0.4054 0.8649 0.2960
vn -0.2006 0.9642 0.1733
vn -0.0048 1.0000 -0.0038
vn 0.1520 0.9659 -0.2097
vn 0.2984 0.8660 -0.4013
vn 0.4728 0.7143 -0.5160
vn 0.5837 0.2589 -0.7696
vn 0.5220 0.5000 -0.6910
vn 0.6058 0.0002 -0.7956
vn 0.5866 -0.2586 -0.7675
vn 0.6103 -0.5061 -0.6094
vn 0.5636 -0.7079 -0.4257
vn 0.4319 -0.8705 -0.2359
vn 0.2454 -0.9659 -0.0818
vn 0.0013 -1.0000 0.0036
vn -0.2535 -0.9630 0.0912
vn -0.4921 -0.8659 0.0903
vn 0.2371 -0.9658 0.1049
vn 0.2295 -0.9656 0.1218
vn -0.0026 -0.9996 0.0279
vn -0.2102 -0.9659 -0.1510
vn -0.4061 -0.8663 -0.2909
vn -0.5697 -0.7063 -0.4202
vn -0.5914 -0.0019 -0.8064
vn -0.6008 -0.0016 -0.7994
vn -0.4530 0.2642 -0.8514
vn -0.3145 0.5000 -0.8069
vn 0.4604 -0.8659 0.1955
vn 0.6434 -0.7072 0.2930
vn 0.7397 -0.4967 0.4540
vn 0.7614 -0.2589 0.5943
vn 0.7823 -0.0016 0.6228
vn 0.7561 0.2591 0.6010
vn 0.6099 0.4991 0.6156
vn 0.4378 0.7054 0.5574
vn 0.2679 0.8638 0.4266
vn 0.1123 0.9658 0.2336
vn 0.0308 0.9995 -0.0106
vn -0.2331 0.7068 -0.6680
vn -0.0279 0.9677 -0.2504
vn -0.0873 0.8707 -0.4841
vn -0.6974 -0.7072 0.1165
vn -0.8332 -0.4966 0.2433
vn -0.8913 -0.2590 0.3723
vn -0.9184 -0.0015 0.3957
vn -0.8867 0.2594 0.3827
vn -0.7484 0.4993 0.4366
vn -0.5654 0.7056 0.4272
vn -0.3647 0.8641 0.3468
vn -0.1613 0.9659 0.2024
vn -0.0183 0.9998 -0.0124
vn 0.1374 0.9658 -0.2197
vn 0.2839 0.8659 -0.4119
vn 0.4246 0.7071 -0.5654
vn 0.5737 0.2577 -0.7775
vn 0.5097 0.4992 -0.7007
vn 0.5984 -0.0014 -0.8012
vn 0.5822 -0.2602 -0.7703
vn 0.5274 -0.4998 -0.6871
vn 0.5011 -0.7142 -0.4886
vn 0.4039 -0.8663 -0.2939
vn 0.2239 -0.9686 -0.1079
vn 0.0083 -0.9997 0.0211
vn -0.2376 -0.9659 0.1029
vn -0.4835 -0.8619 0.1531
vn 0.4519 -0.8659 0.2145
vn 0.2187 -0.9630 0.1578
vn -0.0059 -1.0000 0.0078
vn -0.2192 -0.9658 -0.1385
vn -0.4359 -0.8635 -0.2537
vn -0.5795 -0.2605 -0.7722
vn -0.5988 -0.1120 -0.7931
vn -0.4799 0.0017 -0.8773
vn -0.3559 0.2590 -0.8979
vn -0.2973 0.4988 -0.8141
vn 0.6025 -0.7029 0.3780
vn 0.6812 -0.5001 0.5347
vn 0.7507 -0.2599 0.6074
vn 0.7760 0.0005 0.6308
vn 0.6747 0.2587 0.6913
vn 0.5261 0.4982 0.6892
vn 0.3614 0.7056 0.6096
vn 0.2004 0.8660 0.4582
vn 0.1233 0.9650 0.2314
vn 0.0331 0.9995 -0.0005
vn -0.1420 0.7140 -0.6856
vn -0.0206 0.9656 -0.2592
vn -0.0649 0.8613 -0.5039
vn -0.6812 -0.7029 0.2049
vn -0.7988 -0.5001 0.3346
vn -0.8844 -0.2599 0.3876
vn -0.9148 0.0007 0.4039
vn -0.8324 0.2588 0.4900
vn -0.6870 0.4982 0.5290
vn -0.5046 0.7059 0.4970
vn -0.3068 0.8661 0.3947
vn -0.1727 0.9653 0.1957
vn -0.0329 0.9992 -0.0235
vn 0.1198 0.9652 -0.2325
vn 0.2643 0.8654 -0.4257
vn 0.4109 0.7067 -0.5760
vn 0.5584 0.2580 -0.7884
vn 0.4910 0.4993 -0.7139
vn 0.5881 -0.0007 -0.8088
vn 0.5777 -0.2593 -0.7739
vn 0.5263 -0.5012 -0.6869
vn 0.4322 -0.7070 -0.5598
vn 0.3575 -0.8719 -0.3347
vn 0.2166 -0.9659 -0.1421
vn 0.0103 -0.9992 0.0392
vn -0.2293 -0.9656 0.1227
vn -0.4604 -0.8660 0.1952
vn 0.4248 -0.8618 0.2770
vn 0.1988 -0.9658 0.1662
vn -0.0176 -0.9996 0.0232
vn -0.2403 -0.9638 -0.1158
vn -0.5278 -0.5013 -0.6856
vn -0.5846 -0.2558 -0.7699
vn -0.5248 -0.5078 -0.6832
vn -0.4731 -0.2614 -0.8413
vn -0.3730 0.0003 -0.9278
vn -0.3420 0.2570 -0.9039
vn -0.1887 0.5070 -0.8410
vn 0.5545 -0.7070 0.4389
vn 0.6680 -0.5005 0.5506
vn 0.7430 -0.2582 0.6175
vn 0.6939 0.0008 0.7201
vn 0.5787 0.2571 0.7739
vn 0.4310 0.4994 0.7515
vn 0.2749 0.7071 0.6515
vn 0.2075 0.8648 0.4573
vn 0.0921 0.9641 0.2491
vn 0.0134 0.9999 -0.0019
vn -0.0024 0.8710 -0.4913
vn -0.0116 0.9681 -0.2502
vn -0.6518 -0.7071 0.2742
vn -0.7904 -0.5006 0.3531
vn -0.8806 -0.2580 0.3975
vn -0.8601 0.0008 0.5101
vn -0.7617 0.2570 0.5947
vn -0.6112 0.4997 0.6139
vn -0.4315 0.7072 0.5601
vn -0.3152 0.8650 0.3904
vn -0.1835 0.9651 0.1869
vn -0.0249 0.9997 -0.0054
vn 0.0998 0.9680 -0.2304
vn 0.2181 0.8709 -0.4405
vn 0.3907 0.7067 -0.5899
vn 0.4616 0.2644 -0.8468
vn 0.4058 0.5074 -0.7602
vn 0.4859 0.0020 -0.8740
vn 0.4763 -0.2611 -0.8396
vn 0.5279 -0.5000 -0.6865
vn 0.4346 -0.7080 -0.5567
vn 0.3075 -0.8660 -0.3944
vn 0.1899 -0.9689 -0.1589
vn 0.0140 -0.9997 0.0188
vn -0.0100 -0.9999 0.0123
vn -0.2228 -0.9654 0.1355
vn -0.4513 -0.8658 0.2159
vn 0.3900 -0.8659 0.3132
vn 0.1852 -0.9654 0.1834
vn -0.0342 -0.9987 0.0390
vn -0.3852 -0.8703 -0.3068
vn -0.4399 -0.7077 -0.5529
vn -0.4346 -0.7169 -0.5451
vn -0.4329 -0.5058 -0.7462
vn -0.3646 -0.2584 -0.8946
vn -0.3638 -0.0021 -0.9315
vn -0.2229 0.2641 -0.9384
vn 0.0074 0.7098 -0.7044
vn 0.5400 -0.7072 0.4564
vn 0.6592 -0.4993 0.5623
vn 0.6662 -0.2570 0.7001
vn 0.5920 -0.0014 0.8059
vn 0.4719 0.2592 0.8427
vn 0.3307 0.5000 0.8004
vn 0.2779 0.7056 0.6518
vn 0.1455 0.8640 0.4819
vn 0.0452 0.9659 0.2551
vn -0.0064 1.0000 0.0077
vn 0.0184 0.9660 -0.2579
vn -0.6427 -0.7072 0.2945
vn -0.7863 -0.4993 0.3640
vn -0.8297 -0.2571 0.4955
vn -0.7847 -0.0016 0.6199
vn -0.6767 0.2594 0.6891
vn -0.5268 0.5000 0.6873
vn -0.4361 0.7057 0.5584
vn -0.3218 0.8653 0.3844
vn -0.1480 0.9643 0.2196
vn -0.0189 0.9998 -0.0068
vn 0.0779 0.9658 -0.2472
vn 0.1694 0.8659 -0.4707
vn 0.3224 0.7143 -0.6212
vn 0.3541 0.2579 -0.8989
vn 0.3125 0.4993 -0.8081
vn 0.3715 -0.0011 -0.9284
vn 0.3636 -0.2599 -0.8945
vn 0.4331 -0.5057 -0.7461
vn 0.4417 -0.7066 -0.5528
vn 0.3133 -0.8665 -0.3887
vn 0.1617 -0.9659 -0.2022
vn 0.0101 -0.9996 0.0266
vn -0.1896 -0.9656 0.1780
vn -0.2234 -0.9629 0.1514
vn -0.4463 -0.8655 0.2274
vn 0.3754 -0.8657 0.3312
vn 0.1724 -0.9651 0.1973
vn -0.2029 -0.9684 -0.1449
vn -0.3217 -0.8660 -0.3828
vn -0.3621 -0.7140 -0.5992
vn -0.3314 -0.4996 -0.8003
vn -0.3608 -0.2608 -0.8955
vn -0.2420 0.0021 -0.9703
vn 0.0058 0.5023 -0.8647
vn 0.5301 -0.7064 0.4689
vn 0.5933 -0.4969 0.6333
vn 0.5650 -0.2598 0.7831
vn 0.4811 0.0013 0.8767
vn 0.3641 0.2589 0.8947
vn 0.3296 0.4985 0.8018
vn 0.1897 0.7057 0.6826
vn 0.0736 0.8660 0.4946
vn -0.0034 0.9645 0.2640
vn -0.0110 0.9999 -0.0004
vn 0.1606 0.7144 -0.6811
vn 0.1068 0.8710 -0.4794
vn 0.0464 0.9681 -0.2460
vn -0.6383 -0.7064 0.3059
vn -0.7433 -0.4971 0.4476
vn -0.7542 -0.2600 0.6029
vn -0.6964 0.0014 0.7176
vn -0.5863 0.2588 0.7676
vn -0.5272 0.4984 0.6882
vn -0.4384 0.7065 0.5555
vn -0.2616 0.8642 0.4297
vn -0.1144 0.9655 0.2341
vn -0.0318 0.9994 -0.0121
vn 0.0626 0.9654 -0.2531
vn 0.1526 0.8656 -0.4769
vn 0.2494 0.7068 -0.6620
vn 0.3406 0.2582 -0.9041
vn 0.2960 0.4995 -0.8142
vn 0.3624 -0.0006 -0.9320
vn 0.3598 -0.2592 -0.8963
vn 0.3309 -0.5010 -0.7997
vn 0.3592 -0.7141 -0.6009
vn 0.3249 -0.8652 -0.3819
vn 0.1709 -0.9660 -0.1942
vn 0.0049 -1.0000 0.0038
vn -0.1698 -0.9629 0.2096
vn -0.3802 -0.8659 0.3251
vn -0.4299 -0.8620 0.2685
vn 0.3642 -0.8653 0.3443
vn 0.1650 -0.9627 0.2147
vn -0.0182 -0.9993 0.0340
vn -0.1813 -0.9655 -0.1870
vn -0.2661 -0.8716 -0.4118
vn -0.2756 -0.7068 -0.6515
vn -0.3329 -0.5014 -0.7986
vn -0.2441 -0.2610 -0.9340
vn 0.0007 -0.0004 -1.0000
vn 0.0032 0.2596 -0.9657
vn 0.2041 0.5075 -0.8371
vn 0.4803 -0.7029 0.5246
vn 0.4993 -0.5005 0.7072
vn 0.4575 -0.2565 0.8514
vn 0.3727 0.0001 0.9280
vn 0.3591 0.2574 0.8971
vn 0.2217 0.4995 0.8375
vn 0.0968 0.7070 0.7005
vn -0.0012 0.8644 0.5028
vn -0.0417 0.9656 0.2567
vn -0.0172 0.9998 0.0032
vn 0.2320 0.7069 -0.6682
vn -0.6071 -0.7032 0.3701
vn -0.6725 -0.5006 0.5451
vn -0.6690 -0.2564 0.6977
vn -0.6058 -0.0000 0.7956
vn -0.5824 0.2572 0.7712
vn -0.5254 0.4996 0.6887
vn -0.3582 0.7059 0.6111
vn -0.2020 0.8652 0.4589
vn -0.1241 0.9654 0.2296
vn 0.2339 0.2645 -0.9356
vn 0.2482 0.0020 -0.9687
vn 0.2455 -0.2611 -0.9336
vn 0.3325 -0.5000 -0.7996
vn 0.2756 -0.7078 -0.6504
vn 0.2601 -0.8719 -0.4150
vn 0.1856 -0.9650 -0.1852
vn 0.0168 -0.9998 0.0134
vn -0.1522 -0.9659 0.2095
vn -0.3380 -0.8618 0.3784
vn -0.5450 -0.7073 0.4503
vn 0.3345 -0.8616 0.3817
vn 0.1264 -0.9653 0.2285
vn -0.0284 -0.9994 0.0215
vn -0.1519 -0.9685 -0.1974
vn -0.2009 -0.8658 -0.4583
vn -0.2817 -0.7078 -0.6479
vn -0.2286 -0.5053 -0.8321
vn -0.0016 -0.2604 -0.9655
vn 0.3997 -0.7069 0.5835
vn 0.4029 -0.4965 0.7689
vn 0.3559 -0.2587 0.8980
vn 0.3642 -0.0011 0.9313
vn 0.2391 0.2592 0.9358
vn 0.1133 0.4999 0.8586
vn 0.0006 0.7061 0.7081
vn -0.0702 0.8653 0.4962
vn -0.0797 0.9645 0.2519
vn -0.5962 -0.4965 0.6309
vn -0.5841 -0.2588 0.7693
vn -0.5979 -0.0014 0.8016
vn -0.5768 0.2587 0.7749
vn -0.4312 0.4996 0.7513
vn -0.2759 0.7060 0.6523
vn -0.2081 0.8655 0.4555
vn 0.2254 -0.5058 -0.8327
vn 0.2820 -0.7067 -0.6489
vn 0.2015 -0.8664 -0.4569
vn 0.1431 -0.9689 -0.2020
vn 0.0335 -0.9991 0.0241
vn -0.1383 -0.9656 0.2202
vn -0.2990 -0.8660 0.4009
vn -0.4833 -0.7028 0.5220
vn 0.2725 -0.8656 0.4201
vn 0.0980 -0.9625 0.2528
vn -0.0277 -0.9992 0.0291
vn -0.1124 -0.9657 -0.2338
vn -0.2107 -0.8660 -0.4534
vn -0.1962 -0.7137 -0.6724
vn 0.3209 -0.7025 0.6352
vn 0.3149 -0.4998 0.8068
vn 0.3445 -0.2596 0.9022
vn 0.2404 0.0013 0.9707
vn 0.1221 0.2587 0.9582
vn 0.0020 0.4999 0.8661
vn -0.0941 0.7061 0.7018
vn -0.1373 0.8644 0.4837
vn -0.5225 -0.5000 0.6906
vn -0.5728 -0.2598 0.7774
vn -0.5889 0.0001 0.8082
vn -0.4753 0.2593 0.8407
vn -0.3309 0.4986 0.8011
vn -0.2783 0.7068 0.6504
vn -0.0032 -0.5024 -0.8646
vn 0.1890 -0.7142 -0.6740
vn 0.2117 -0.8654 -0.4542
vn 0.1138 -0.9660 -0.2323
vn 0.0167 -0.9996 0.0234
vn -0.1208 -0.9652 0.2319
vn -0.2839 -0.8658 0.4120
vn -0.4253 -0.7070 0.5650
vn 0.2168 -0.8614 0.4592
vn 0.0809 -0.9658 0.2465
vn -0.0163 -0.9998 0.0066
vn -0.1250 -0.9655 -0.2283
vn -0.1494 -0.8715 -0.4672
vn 0.2524 -0.7069 0.6608
vn 0.3012 -0.5004 0.8117
vn 0.2254 -0.2565 0.9399
vn 0.1226 -0.0001 0.9925
vn 0.0031 0.2596 0.9657
vn -0.1117 0.4988 0.8595
vn -0.1861 0.7060 0.6833
vn -0.5088 -0.5006 0.7004
vn -0.5608 -0.2586 0.7865
vn -0.4874 0.0014 0.8732
vn -0.3635 0.2574 0.8953
vn -0.3296 0.4999 0.8009
vn -0.0042 -0.7081 -0.7061
vn 0.1388 -0.8720 -0.4694
vn 0.1264 -0.9652 -0.2287
vn 0.0182 -0.9998 0.0080
vn -0.1103 -0.9629 0.2464
vn -0.2668 -0.8654 0.4241
vn -0.4103 -0.7072 0.5757
vn 0.1725 -0.8658 0.4696
vn 0.0656 -0.9654 0.2523
vn -0.0306 -0.9995 0.0123
vn -0.0925 -0.9686 -0.2306
vn 0.2374 -0.7070 0.6662
vn 0.1950 -0.4965 0.8458
vn 0.1148 -0.2589 0.9591
vn 0.0040 0.0016 1.0000
vn -0.1218 0.2576 0.9585
vn -0.2226 0.4998 0.8371
vn -0.4943 -0.4997 0.7113
vn -0.4664 -0.2565 0.8466
vn -0.3713 -0.0012 0.9285
vn -0.3587 0.2589 0.8968
vn 0.0639 -0.8667 -0.4947
vn 0.0789 -0.9691 -0.2339
vn 0.0325 -0.9994 0.0124
vn -0.0785 -0.9656 0.2477
vn -0.2295 -0.8617 0.4526
vn -0.3942 -0.7065 0.5878
vn 0.1571 -0.8657 0.4752
vn 0.0344 -0.9627 0.2685
vn -0.0299 -0.9993 0.0201
vn -0.0413 -0.9657 -0.2565
vn -0.0744 -0.8636 -0.4987
vn 0.1509 -0.7025 0.6955
vn 0.0993 -0.5000 0.8603
vn 0.0047 -0.2564 0.9666
vn -0.1236 -0.0011 0.9923
vn -0.2444 0.2594 0.9343
vn -0.4138 -0.4966 0.7630
vn -0.3539 -0.2597 0.8985
vn -0.3633 0.0002 0.9317
vn 0.0322 -0.9679 -0.2494
vn 0.0137 -0.9998 0.0162
vn -0.0635 -0.9654 0.2528
vn -0.1698 -0.8658 0.4706
vn -0.3330 -0.7027 0.6288
vn 0.0961 -0.8615 0.4986
vn 0.0190 -0.9658 0.2586
vn -0.0121 -0.9999 0.0017
vn 0.0769 -0.7070 0.7030
vn 0.0052 -0.4966 0.8680
vn -0.1170 -0.2596 0.9586
vn -0.2497 0.0014 0.9683
vn -0.3124 -0.5005 0.8074
vn -0.3432 -0.2586 0.9030
vn 0.0127 -0.9999 0.0021
vn -0.0521 -0.9630 0.2643
vn -0.1549 -0.8656 0.4762
vn -0.2497 -0.7072 0.6615
vn 0.0494 -0.8659 0.4978
vn 0.0076 -0.9632 0.2687
vn 0.0097 -0.9999 0.0129
vn -0.0347 -0.9688 -0.2454
vn 0.0058 -0.7030 0.7112
vn -0.1023 -0.5005 0.8597
vn -0.2381 -0.2564 0.9368
vn -0.2995 -0.4997 0.8128
vn -0.0215 -0.9658 0.2584
vn -0.1140 -0.8618 0.4943
vn -0.2354 -0.7067 0.6672
vn 0.0065 -0.8620 0.5069
vn -0.0522 -0.9218 -0.3840
vn -0.0805 -0.7072 0.7024
vn -0.2103 -0.4966 0.8421
vn -0.0531 -0.8660 0.4973
vn -0.1680 -0.7028 0.6913
vt 0.126667 0.460000
vt 0.206667 0.460000
vt 0.166667 0.540000
s 1
f 1/1/1 2/2/2 3/3/3
f 3/1/3 2/2/2 4/3/4
f 5/1/5 1/2/1 3/3/3
f 1/1/1 5/2/5 6/3/6
f 1/1/1 7/2/7 2/3/2
f 4/1/4 2/2/2 8/3/8
f 9/1/9 3/2/3 4/3/4
f 3/1/3 9/2/9 5/3/5
f 10/1/10 6/2/6 5/3/5
f 6/1/6 10/2/10 11/3/11
f 1/1/1 12/2/12 7/3/7
f 12/1/12 1/2/1 6/3/6
f 7/1/7 13/2/13 2/3/2
f 8/1/8 2/2/2 14/3/14
f 15/1/15 4/2/4 8/3/8
f 4/1/4 15/2/15 9/3/9
f 16/1/16 5/2/5 9/3/9
f 5/1/5 16/2/16 10/3/10
f 17/1/17 11/2/11 10/3/10
f 11/1/11 17/2/17 18/3/18
f 6/1/6 19/2/19 12/3/12
f 19/1/19 6/2/6 11/3/11
f 7/1/7 20/2/20 13/3/13
f 20/1/20 7/2/7 12/3/12
f 13/1/13 21/2/21 2/3/2
f 14/1/14 2/2/2 22/3/22
f 23/1/23 8/2/8 14/3/14
f 8/1/8 23/2/23 15/3/15
f 24/1/24 9/2/9 15/3/15
f 9/1/9 24/2/24 16/3/16
f 25/1/25 10/2/10 16/3/16
f 10/1/10 25/2/25 17/3/17
f 26/1/26 18/2/18 17/3/17
f 18/1/18 26/2/26 27/3/27
f 11/1/11 28/2/28 19/3/19
f 28/1/28 11/2/11 18/3/18
f 12/1/12 29/2/29 20/3/20
f 29/1/29 12/2/12 19/3/19
f 13/1/13 30/2/30 21/3/21
f 30/1/30 13/2/13 20/3/20
f 21/1/21 31/2/31 2/3/2
f 22/1/22 2/2/2 32/3/32
f 33/1/33 14/2/14 22/3/22
f 14/1/14 33/2/33 23/3/23
f 34/1/34 15/2/15 23/3/23
f 15/1/15 34/2/34 24/3/24
f 35/1/35 16/2/16 24/3/24
f 16/1/16 35/2/35 25/3/25
f 36/1/36 17/2/17 25/3/25
f 17/1/17 36/2/36 26/3/26
f 37/1/37 27/2/27 26/3/26
f 27/1/27 37/2/37 38/3/38
f 18/1/18 39/2/39 28/3/28
f 39/1/39 18/2/18 27/3/27
f 19/1/19 40/2/40 29/3/29
f 40/1/40 19/2/19 28/3/28
f 20/1/20 41/2/41 30/3/30
f 41/1/41 20/2/20 29/3/29
f 21/1/21 42/2/42 31/3/31
f 42/1/42 21/2/21 30/3/30
f 31/1/31 43/2/43 2/3/2
f 2/1/2 44/2/44 32/3/32
f 45/1/45 22/2/22 32/3/32
f 22/1/22 45/2/45 33/3/33
f 46/1/46 23/2/23 33/3/33
f 23/1/23 46/2/46 34/3/34
f 47/1/47 24/2/24 34/3/34
f 24/1/24 47/2/47 35/3/35
f 48/1/48 25/2/25 35/3/35
f 25/1/25 48/2/48 36/3/36
f 49/1/49 26/2/26 36/3/36
f 26/1/26 49/2/49 37/3/37
f 37/1/37 50/2/50 38/3/38
f 50/1/50 37/2/37 51/3/51
f 27/1/27 52/2/52 39/3/39
f 52/1/52 27/2/27 38/3/38
f 28/1/28 53/2/53 40/3/40
f 53/1/53 28/2/28 39/3/39
f 29/1/29 54/2/54 41/3/41
f 54/1/54 29/2/29 40/3/40
f 30/1/30 55/2/55 42/3/42
f 55/1/55 30/2/30 41/3/41
f 31/1/31 56/2/56 43/3/43
f 56/1/56 31/2/31 42/3/42
f 43/1/43 57/2/57 2/3/2
f 2/1/2 58/2/58 44/3/44
f 45/1/45 44/2/44 59/3/59
f 44/1/44 45/2/45 32/3/32
f 46/1/46 45/2/45 60/3/60
f 45/1/45 46/2/46 33/3/33
f 61/1/61 34/2/34 46/3/46
f 34/1/34 61/2/61 47/3/47
f 62/1/62 35/2/35 47/3/47
f 35/1/35 62/2/62 48/3/48
f 63/1/63 36/2/36 48/3/48
f 36/1/36 63/2/63 49/3/49
f 49/1/49 51/2/51 37/3/37
f 51/1/51 49/2/49 64/3/64
f 51/1/51 65/2/65 50/3/50
f 65/1/65 51/2/51 66/3/66
f 52/1/52 50/2/50 67/3/67
f 50/1/50 52/2/52 38/3/38
f 39/1/39 68/2/68 53/3/53
f 68/1/68 39/2/39 52/3/52
f 40/1/40 69/2/69 54/3/54
f 69/1/69 40/2/40 53/3/53
f 41/1/41 70/2/70 55/3/55
f 70/1/70 41/2/41 54/3/54
f 42/1/42 71/2/71 56/3/56
f 71/1/71 42/2/42 55/3/55
f 43/1/43 72/2/72 57/3/57
f 72/1/72 43/2/43 56/3/56
f 2/1/2 57/2/57 73/3/73
f 2/1/2 74/2/74 58/3/58
f 59/1/59 58/2/58 75/3/75
f 58/1/58 59/2/59 44/3/44
f 60/1/60 59/2/59 76/3/76
f 59/1/59 60/2/60 45/3/45
f 61/1/61 60/2/60 77/3/77
f 60/1/60 61/2/61 46/3/46
f 78/1/78 47/2/47 61/3/61
f 47/1/47 78/2/78 62/3/62
f 79/1/79 48/2/48 62/3/62
f 48/1/48 79/2/79 63/3/63
f 80/1/80 49/2/49 63/3/63
f 49/1/49 80/2/80 64/3/64
f 64/1/64 66/2/66 51/3/51
f 66/1/66 64/2/64 81/3/81
f 66/1/66 82/2/82 65/3/65
f 82/1/82 66/2/66 83/3/83
f 67/1/67 65/2/65 84/3/84
f 65/1/65 67/2/67 50/3/50
f 68/1/68 67/2/67 85/3/85
f 67/1/67 68/2/68 52/3/52
f 53/1/53 86/2/86 69/3/69
f 86/1/86 53/2/53 68/3/68
f 54/1/54 87/2/87 70/3/70
f 87/1/87 54/2/54 69/3/69
f 55/1/55 88/2/88 71/3/71
f 88/1/88 55/2/55 70/3/70
f 56/1/56 89/2/89 72/3/72
f 89/1/89 56/2/56 71/3/71
f 73/1/73 72/2/72 90/3/90
f 72/1/72 73/2/73 57/3/57
f 2/1/2 73/2/73 91/3/91
f 2/1/2 92/2/92 74/3/74
f 75/1/75 74/2/74 93/3/93
f 74/1/74 75/2/75 58/3/58
f 76/1/76 75/2/75 94/3/94
f 75/1/75 76/2/76 59/3/59
f 77/1/77 76/2/76 95/3/95
f 76/1/76 77/2/77 60/3/60
f 96/1/96 61/2/61 77/3/77
f 61/1/61 96/2/96 78/3/78
f 97/1/97 62/2/62 78/3/78
f 62/1/62 97/2/97 79/3/79
f 98/1/98 63/2/63 79/3/79
f 63/1/63 98/2/98 80/3/80
f 80/1/80 81/2/81 64/3/64
f 81/1/81 80/2/80 99/3/99
f 81/1/81 83/2/83 66/3/66
f 83/1/83 81/2/81 100/3/100
f 83/1/83 101/2/101 82/3/82
f 101/1/101 83/2/83 102/3/102
f 84/1/84 82/2/82 103/3/103
f 82/1/82 84/2/84 65/3/65
f 85/1/85 84/2/84 104/3/104
f 84/1/84 85/2/85 67/3/67
f 68/1/68 105/2/105 86/3/86
f 105/1/105 68/2/68 85/3/85
f 69/1/69 106/2/106 87/3/87
f 106/1/106 69/2/69 86/3/86
f 70/1/70 107/2/107 88/3/88
f 107/1/107 70/2/70 87/3/87
f 89/1/89 88/2/88 108/3/108
f 88/1/88 89/2/89 71/3/71
f 90/1/90 89/2/89 109/3/109
f 89/1/89 90/2/90 72/3/72
f 91/1/91 90/2/90 110/3/110
f 90/1/90 91/2/91 73/3/73
f 2/1/2 91/2/91 111/3/111
f 2/1/2 112/2/112 92/3/92
f 93/1/93 92/2/92 113/3/113
f 92/1/92 93/2/93 74/3/74
f 94/1/94 93/2/93 114/3/114
f 93/1/93 94/2/94 75/3/75
f 95/1/95 94/2/94 115/3/115
f 94/1/94 95/2/95 76/3/76
f 96/1/96 95/2/95 116/3/116
f 95/1/95 96/2/96 77/3/77
f 97/1/97 96/2/96 117/3/117
f 96/1/96 97/2/97 78/3/78
f 118/1/118 79/2/79 97/3/97
f 79/1/79 118/2/118 98/3/98
f 119/1/119 80/2/80 98/3/98
f 80/1/80 119/2/119 99/3/99
f 99/1/99 100/2/100 81/3/81
f 100/1/100 99/2/99 120/3/120
f 100/1/100 102/2/102 83/3/83
f 102/1/102 100/2/100 121/3/121
f 102/1/102 122/2/122 101/3/101
f 122/1/122 102/2/102 123/3/123
f 103/1/103 101/2/101 124/3/124
f 101/1/101 103/2/103 82/3/82
f 104/1/104 103/2/103 125/3/125
f 103/1/103 104/2/104 84/3/84
f 105/1/105 104/2/104 126/3/126
f 104/1/104 105/2/105 85/3/85
f 86/1/86 127/2/127 106/3/106
f 127/1/127 86/2/86 105/3/105
f 87/1/87 128/2/128 107/3/107
f 128/1/128 87/2/87 106/3/106
f 88/1/88 129/2/129 108/3/108
f 129/1/129 88/2/88 107/3/107
f 109/1/109 108/2/108 130/3/130
f 108/1/108 109/2/109 89/3/89
f 110/1/110 109/2/109 131/3/131
f 109/1/109 110/2/110 90/3/90
f 111/1/111 110/2/110 132/3/132
f 110/1/110 111/2/111 91/3/91
f 2/1/2 111/2/111 133/3/133
f 2/1/2 134/2/134 112/3/112
f 113/1/113 112/2/112 135/3/135
f 112/1/112 113/2/113 92/3/92
f 114/1/114 113/2/113 136/3/136
f 113/1/113 114/2/114 93/3/93
f 115/1/115 114/2/114 137/3/137
f 114/1/114 115/2/115 94/3/94
f 116/1/116 115/2/115 138/3/138
f 115/1/115 116/2/116 95/3/95
f 117/1/117 116/2/116 139/3/139
f 116/1/116 117/2/117 96/3/96
f 140/1/140 97/2/97 117/3/117
f 97/1/97 140/2/140 118/3/118
f 141/1/141 98/2/98 118/3/118
f 98/1/98 141/2/141 119/3/119
f 119/1/119 120/2/120 99/3/99
f 120/1/120 119/2/119 142/3/142
f 120/1/120 121/2/121 100/3/100
f 121/1/121 120/2/120 143/3/143
f 121/1/121 123/2/123 102/3/102
f 123/1/123 121/2/121 144/3/144
f 123/1/123 145/2/145 122/3/122
f 145/1/145 123/2/123 146/3/146
f 124/1/124 122/2/122 147/3/147
f 122/1/122 124/2/124 101/3/101
f 125/1/125 124/2/124 148/3/148
f 124/1/124 125/2/125 103/3/103
f 126/1/126 125/2/125 149/3/149
f 125/1/125 126/2/126 104/3/104
f 126/1/126 127/2/127 105/3/105
f 127/1/127 126/2/126 150/3/150
f 127/1/127 128/2/128 106/3/106
f 128/1/128 127/2/127 151/3/151
f 107/1/107 152/2/152 129/3/129
f 152/1/152 107/2/107 128/3/128
f 130/1/130 129/2/129 153/3/153
f 129/1/129 130/2/130 108/3/108
f 131/1/131 130/2/130 154/3/154
f 130/1/130 131/2/131 109/3/109
f 132/1/132 131/2/131 155/3/155
f 131/1/131 132/2/132 110/3/110
f 133/1/133 132/2/132 156/3/156
f 132/1/132 133/2/133 111/3/111
f 2/1/2 133/2/133 157/3/157
f 2/1/2 157/2/157 134/3/134
f 135/1/135 134/2/134 158/3/158
f 134/1/134 135/2/135 112/3/112
f 136/1/136 135/2/135 159/3/159
f 135/1/135 136/2/136 113/3/113
f 137/1/137 136/2/136 160/3/160
f 136/1/136 137/2/137 114/3/114
f 138/1/138 137/2/137 161/3/161
f 137/1/137 138/2/138 115/3/115
f 139/1/139 138/2/138 162/3/162
f 138/1/138 139/2/139 116/3/116
f 163/1/163 117/2/117 139/3/139
f 117/1/117 163/2/163 140/3/140
f 164/1/164 118/2/118 140/3/140
f 118/1/118 164/2/164 141/3/141
f 165/1/165 119/2/119 141/3/141
f 119/1/119 165/2/165 142/3/142
f 166/1/166 120/2/120 142/3/142
f 120/1/120 166/2/166 143/3/143
f 143/1/143 144/2/144 121/3/121
f 144/1/144 143/2/143 167/3/167
f 144/1/144 146/2/146 123/3/123
f 146/1/146 144/2/144 168/3/168
f 146/1/146 169/2/169 145/3/145
f 169/1/169 146/2/146 170/3/170
f 147/1/147 145/2/145 171/3/171
f 145/1/145 147/2/147 122/3/122
f 148/1/148 147/2/147 172/3/172
f 147/1/147 148/2/148 124/3/124
f 149/1/149 148/2/148 173/3/173
f 148/1/148 149/2/149 125/3/125
f 149/1/149 150/2/150 126/3/126
f 150/1/150 149/2/149 174/3/174
f 150/1/150 151/2/151 127/3/127
f 151/1/151 150/2/150 175/3/175
f 151/1/151 152/2/152 128/3/128
f 152/1/152 151/2/151 176/3/176
f 153/1/153 152/2/152 177/3/177
f 152/1/152 153/2/153 129/3/129
f 154/1/154 153/2/153 178/3/178
f 153/1/153 154/2/154 130/3/130
f 155/1/155 154/2/154 179/3/179
f 154/1/154 155/2/155 131/3/131
f 156/1/156 155/2/155 180/3/180
f 155/1/155 156/2/156 132/3/132
f 157/1/157 156/2/156 181/3/181
f 156/1/156 157/2/157 133/3/133
f 134/1/134 181/2/181 158/3/158
f 181/1/181 134/2/134 157/3/157
f 159/1/159 158/2/158 182/3/182
f 158/1/158 159/2/159 135/3/135
f 160/1/160 159/2/159 183/3/183
f 159/1/159 160/2/160 136/3/136
f 161/1/161 160/2/160 184/3/184
f 160/1/160 161/2/161 137/3/137
f 162/1/162 161/2/161 185/3/185
f 161/1/161 162/2/162 138/3/138
f 162/1/162 163/2/163 139/3/139
f 163/1/163 162/2/162 186/3/186
f 187/1/187 140/2/140 163/3/163
f 140/1/140 187/2/187 164/3/164
f 188/1/188 141/2/141 164/3/164
f 141/1/141 188/2/188 165/3/165
f 189/1/189 142/2/142 165/3/165
f 142/1/142 189/2/189 166/3/166
f 166/1/166 167/2/167 143/3/143
f 167/1/167 166/2/166 190/3/190
f 167/1/167 168/2/168 144/3/144
f 168/1/168 167/2/167 191/3/191
f 146/1/146 192/2/192 170/3/170
f 192/1/192 146/2/146 168/3/168
f 170/1/170 193/2/193 169/3/169
f 193/1/193 170/2/170 194/3/194
f 145/1/145 195/2/195 171/3/171
f 195/1/195 145/2/145 169/3/169
f 172/1/172 171/2/171 196/3/196
f 171/1/171 172/2/172 147/3/147
f 173/1/173 172/2/172 197/3/197
f 172/1/172 173/2/173 148/3/148
f 173/1/173 174/2/174 149/3/149
f 174/1/174 173/2/173 198/3/198
f 150/1/150 199/2/199 175/3/175
f 199/1/199 150/2/150 174/3/174
f 175/1/175 176/2/176 151/3/151
f 176/1/176 175/2/175 200/3/200
f 176/1/176 177/2/177 152/3/152
f 177/1/177 176/2/176 201/3/201
f 178/1/178 177/2/177 202/3/202
f 177/1/177 178/2/178 153/3/153
f 179/1/179 178/2/178 203/3/203
f 178/1/178 179/2/179 154/3/154
f 180/1/180 179/2/179 204/3/204
f 179/1/179 180/2/180 155/3/155
f 181/1/181 180/2/180 205/3/205
f 180/1/180 181/2/181 156/3/156
f 158/1/158 205/2/205 182/3/182
f 205/1/205 158/2/158 181/3/181
f 183/1/183 182/2/182 206/3/206
f 182/1/182 183/2/183 159/3/159
f 184/1/184 183/2/183 207/3/207
f 183/1/183 184/2/184 160/3/160
f 185/1/185 184/2/184 208/3/208
f 184/1/184 185/2/185 161/3/161
f 186/1/186 185/2/185 209/3/209
f 185/1/185 186/2/186 162/3/162
f 186/1/186 187/2/187 163/3/163
f 187/1/187 186/2/186 210/3/210
f 187/1/187 188/2/188 164/3/164
f 188/1/188 187/2/187 211/3/211
f 212/1/212 165/2/165 188/3/188
f 165/1/165 212/2/212 189/3/189
f 213/1/213 166/2/166 189/3/189
f 166/1/166 213/2/213 190/3/190
f 190/1/190 191/2/191 167/3/167
f 191/1/191 190/2/190 214/3/214
f 168/1/168 215/2/215 192/3/192
f 215/1/215 168/2/168 191/3/191
f 170/1/170 216/2/216 194/3/194
f 216/1/216 170/2/170 192/3/192
f 194/1/194 217/2/217 193/3/193
f 217/1/217 194/2/194 218/3/218
f 169/1/169 219/2/219 195/3/195
f 219/1/219 169/2/169 193/3/193
f 171/1/171 220/2/220 196/3/196
f 220/1/220 171/2/171 195/3/195
f 197/1/197 196/2/196 221/3/221
f 196/1/196 197/2/197 172/3/172
f 197/1/197 198/2/198 173/3/173
f 198/1/198 197/2/197 222/3/222
f 174/1/174 223/2/223 199/3/199
f 223/1/223 174/2/174 198/3/198
f 199/1/199 200/2/200 175/3/175
f 200/1/200 199/2/199 224/3/224
f 200/1/200 201/2/201 176/3/176
f 201/1/201 200/2/200 225/3/225
f 201/1/201 202/2/202 177/3/177
f 202/1/202 201/2/201 226/3/226
f 203/1/203 202/2/202 227/3/227
f 202/1/202 203/2/203 178/3/178
f 204/1/204 203/2/203 228/3/228
f 203/1/203 204/2/204 179/3/179
f 205/1/205 204/2/204 229/3/229
f 204/1/204 205/2/205 180/3/180
f 182/1/182 229/2/229 206/3/206
f 229/1/229 182/2/182 205/3/205
f 207/1/207 206/2/206 230/3/230
f 206/1/206 207/2/207 183/3/183
f 208/1/208 207/2/207 231/3/231
f 207/1/207 208/2/208 184/3/184
f 209/1/209 208/2/208 232/3/232
f 208/1/208 209/2/209 185/3/185
f 233/1/233 186/2/186 209/3/209
f 186/1/186 233/2/233 210/3/210
f 234/1/234 187/2/187 210/3/210
f 187/1/187 234/2/234 211/3/211
f 235/1/235 188/2/188 211/3/211
f 188/1/188 235/2/235 212/3/212
f 212/1/212 213/2/213 189/3/189
f 213/1/213 212/2/212 236/3/236
f 237/1/237 190/2/190 213/3/213
f 190/1/190 237/2/237 214/3/214
f 238/1/238 191/2/191 214/3/214
f 191/1/191 238/2/238 215/3/215
f 192/1/192 239/2/239 216/3/216
f 239/1/239 192/2/192 215/3/215
f 194/1/194 240/2/240 218/3/218
f 240/1/240 194/2/194 216/3/216
f 218/1/218 241/2/241 217/3/217
f 241/1/241 218/2/218 242/3/242
f 193/1/193 243/2/243 219/3/219
f 243/1/243 193/2/193 217/3/217
f 195/1/195 244/2/244 220/3/220
f 244/1/244 195/2/195 219/3/219
f 196/1/196 245/2/245 221/3/221
f 245/1/245 196/2/196 220/3/220
f 221/1/221 222/2/222 197/3/197
f 222/1/222 221/2/221 246/3/246
f 198/1/198 247/2/247 223/3/223
f 247/1/247 198/2/198 222/3/222
f 223/1/223 224/2/224 199/3/199
f 224/1/224 223/2/223 248/3/248
f 224/1/224 225/2/225 200/3/200
f 225/1/225 224/2/224 249/3/249
f 225/1/225 226/2/226 201/3/201
f 226/1/226 225/2/225 250/3/250
f 227/1/227 226/2/226 251/3/251
f 226/1/226 227/2/227 202/3/202
f 228/1/228 227/2/227 252/3/252
f 227/1/227 228/2/228 203/3/203
f 229/1/229 228/2/228 253/3/253
f 228/1/228 229/2/229 204/3/204
f 206/1/206 253/2/253 230/3/230
f 253/1/253 206/2/206 229/3/229
f 231/1/231 230/2/230 254/3/254
f 230/1/230 231/2/231 207/3/207
f 255/1/255 208/2/208 231/3/231
f 208/1/208 255/2/255 232/3/232
f 256/1/256 209/2/209 232/3/232
f 209/1/209 256/2/256 233/3/233
f 257/1/257 210/2/210 233/3/233
f 210/1/210 257/2/257 234/3/234
f 258/1/258 211/2/211 234/3/234
f 211/1/211 258/2/258 235/3/235
f 259/1/259 212/2/212 235/3/235
f 212/1/212 259/2/259 236/3/236
f 260/1/260 213/2/213 236/3/236
f 213/1/213 260/2/260 237/3/237
f 261/1/261 214/2/214 237/3/237
f 214/1/214 261/2/261 238/3/238
f 262/1/262 215/2/215 238/3/238
f 215/1/215 262/2/262 239/3/239
f 216/1/216 263/2/263 240/3/240
f 263/1/263 216/2/216 239/3/239
f 218/1/218 264/2/264 242/3/242
f 264/1/264 218/2/218 240/3/240
f 242/1/242 265/2/265 241/3/241
f 265/1/265 242/2/242 266/3/266
f 217/1/217 267/2/267 243/3/243
f 267/1/267 217/2/217 241/3/241
f 219/1/219 268/2/268 244/3/244
f 268/1/268 219/2/219 243/3/243
f 220/1/220 269/2/269 245/3/245
f 269/1/269 220/2/220 244/3/244
f 245/1/245 246/2/246 221/3/221
f 246/1/246 245/2/245 270/3/270
f 222/1/222 271/2/271 247/3/247
f 271/1/271 222/2/222 246/3/246
f 247/1/247 248/2/248 223/3/223
f 248/1/248 247/2/247 272/3/272
f 248/1/248 249/2/249 224/3/224
f 249/1/249 248/2/248 273/3/273
f 225/1/225 274/2/274 250/3/250
f 274/1/274 225/2/225 249/3/249
f 226/1/226 275/2/275 251/3/251
f 275/1/275 226/2/226 250/3/250
f 252/1/252 251/2/251 276/3/276
f 251/1/251 252/2/252 227/3/227
f 253/1/253 252/2/252 277/3/277
f 252/1/252 253/2/253 228/3/228
f 230/1/230 277/2/277 254/3/254
f 277/1/277 230/2/230 253/3/253
f 255/1/255 254/2/254 278/3/278
f 254/1/254 255/2/255 231/3/231
f 279/1/279 232/2/232 255/3/255
f 232/1/232 279/2/279 256/3/256
f 280/1/280 233/2/233 256/3/256
f 233/1/233 280/2/280 257/3/257
f 281/1/281 234/2/234 257/3/257
f 234/1/234 281/2/281 258/3/258
f 282/1/282 235/2/235 258/3/258
f 235/1/235 282/2/282 259/3/259
f 259/1/259 260/2/260 236/3/236
f 260/1/260 259/2/259 283/3/283
f 284/1/284 237/2/237 260/3/260
f 237/1/237 284/2/284 261/3/261
f 285/1/285 238/2/238 261/3/261
f 238/1/238 285/2/285 262/3/262
f 286/1/286 239/2/239 262/3/262
f 239/1/239 286/2/286 263/3/263
f 240/1/240 287/2/287 264/3/264
f 287/1/287 240/2/240 263/3/263
f 242/1/242 288/2/288 266/3/266
f 288/1/288 242/2/242 264/3/264
f 266/1/266 289/2/289 265/3/265
f 289/1/289 266/2/266 290/3/290
f 241/1/241 291/2/291 267/3/267
f 291/1/291 241/2/241 265/3/265
f 243/1/243 292/2/292 268/3/268
f 292/1/292 243/2/243 267/3/267
f 244/1/244 293/2/293 269/3/269
f 293/1/293 244/2/244 268/3/268
f 269/1/269 270/2/270 245/3/245
f 270/1/270 269/2/269 294/3/294
f 270/1/270 271/2/271 246/3/246
f 271/1/271 270/2/270 295/3/295
f 247/1/247 296/2/296 272/3/272
f 296/1/296 247/2/247 271/3/271
f 272/1/272 273/2/273 248/3/248
f 273/1/273 272/2/272 297/3/297
f 273/1/273 274/2/274 249/3/249
f 274/1/274 273/2/273 298/3/298
f 250/1/250 299/2/299 275/3/275
f 299/1/299 250/2/250 274/3/274
f 300/1/300 251/2/251 275/3/275
f 251/1/251 300/2/300 276/3/276
f 301/1/301 252/2/252 276/3/276
f 252/1/252 301/2/301 277/3/277
f 278/1/278 277/2/277 301/3/301
f 277/1/277 278/2/278 254/3/254
f 279/1/279 278/2/278 302/3/302
f 278/1/278 279/2/279 255/3/255
f 303/1/303 256/2/256 279/3/279
f 256/1/256 303/2/303 280/3/280
f 304/1/304 257/2/257 280/3/280
f 257/1/257 304/2/304 281/3/281
f 305/1/305 258/2/258 281/3/281
f 258/1/258 305/2/305 282/3/282
f 306/1/306 259/2/259 282/3/282
f 259/1/259 306/2/306 283/3/283
f 307/1/307 260/2/260 283/3/283
f 260/1/260 307/2/307 284/3/284
f 284/1/284 285/2/285 261/3/261
f 285/1/285 284/2/284 308/3/308
f 285/1/285 286/2/286 262/3/262
f 286/1/286 285/2/285 309/3/309
f 310/1/310 263/2/263 286/3/286
f 263/1/263 310/2/310 287/3/287
f 264/1/264 311/2/311 288/3/288
f 311/1/311 264/2/264 287/3/287
f 266/1/266 312/2/312 290/3/290
f 312/1/312 266/2/266 288/3/288
f 313/1/313 290/2/290 314/3/314
f 290/1/290 313/2/313 289/3/289
f 265/1/265 315/2/315 291/3/291
f 315/1/315 265/2/265 289/3/289
f 267/1/267 316/2/316 292/3/292
f 316/1/316 267/2/267 291/3/291
f 268/1/268 317/2/317 293/3/293
f 317/1/317 268/2/268 292/3/292
f 269/1/269 318/2/318 294/3/294
f 318/1/318 269/2/269 293/3/293
f 270/1/270 319/2/319 295/3/295
f 319/1/319 270/2/270 294/3/294
f 271/1/271 320/2/320 296/3/296
f 320/1/320 271/2/271 295/3/295
f 296/1/296 297/2/297 272/3/272
f 297/1/297 296/2/296 321/3/321
f 273/1/273 322/2/322 298/3/298
f 322/1/322 273/2/273 297/3/297
f 274/1/274 323/2/323 299/3/299
f 323/1/323 274/2/274 298/3/298
f 324/1/324 275/2/275 299/3/299
f 275/1/275 324/2/324 300/3/300
f 325/1/325 276/2/276 300/3/300
f 276/1/276 325/2/325 301/3/301
f 302/1/302 301/2/301 325/3/325
f 301/1/301 302/2/302 278/3/278
f 303/1/303 302/2/302 326/3/326
f 302/1/302 303/2/303 279/3/279
f 327/1/327 280/2/280 303/3/303
f 280/1/280 327/2/327 304/3/304
f 328/1/328 281/2/281 304/3/304
f 281/1/281 328/2/328 305/3/305
f 329/1/329 282/2/282 305/3/305
f 282/1/282 329/2/329 306/3/306
f 306/1/306 307/2/307 283/3/283
f 307/1/307 306/2/306 330/3/330
f 331/1/331 284/2/284 307/3/307
f 284/1/284 331/2/331 308/3/308
f 332/1/332 285/2/285 308/3/308
f 285/1/285 332/2/332 309/3/309
f 333/1/333 286/2/286 309/3/309
f 286/1/286 333/2/333 310/3/310
f 310/1/310 311/2/311 287/3/287
f 311/1/311 310/2/310 334/3/334
f 312/1/312 311/2/311 335/3/335
f 311/1/311 312/2/312 288/3/288
f 314/1/314 312/2/312 336/3/336
f 312/1/312 314/2/314 290/3/290
f 337/1/337 314/2/314 338/3/338
f 314/1/314 337/2/337 313/3/313
f 315/1/315 313/2/313 339/3/339
f 313/1/313 315/2/315 289/3/289
f 291/1/291 340/2/340 316/3/316
f 340/1/340 291/2/291 315/3/315
f 292/1/292 341/2/341 317/3/317
f 341/1/341 292/2/292 316/3/316
f 317/1/317 318/2/318 293/3/293
f 318/1/318 317/2/317 342/3/342
f 318/1/318 319/2/319 294/3/294
f 319/1/319 318/2/318 343/3/343
f 319/1/319 320/2/320 295/3/295
f 320/1/320 319/2/319 344/3/344
f 320/1/320 321/2/321 296/3/296
f 321/1/321 320/2/320 345/3/345
f 321/1/321 322/2/322 297/3/297
f 322/1/322 321/2/321 346/3/346
f 322/1/322 323/2/323 298/3/298
f 323/1/323 322/2/322 347/3/347
f 348/1/348 299/2/299 323/3/323
f 299/1/299 348/2/348 324/3/324
f 349/1/349 300/2/300 324/3/324
f 300/1/300 349/2/349 325/3/325
f 326/1/326 325/2/325 349/3/349
f 325/1/325 326/2/326 302/3/302
f 327/1/327 326/2/326 350/3/350
f 326/1/326 327/2/327 303/3/303
f 351/1/351 304/2/304 327/3/327
f 304/1/304 351/2/351 328/3/328
f 352/1/352 305/2/305 328/3/328
f 305/1/305 352/2/352 329/3/329
f 329/1/329 330/2/330 306/3/306
f 330/1/330 329/2/329 353/3/353
f 354/1/354 307/2/307 330/3/330
f 307/1/307 354/2/354 331/3/331
f 331/1/331 332/2/332 308/3/308
f 332/1/332 331/2/331 355/3/355
f 332/1/332 333/2/333 309/3/309
f 333/1/333 332/2/332 356/3/356
f 357/1/357 310/2/310 333/3/333
f 310/1/310 357/2/357 334/3/334
f 335/1/335 334/2/334 358/3/358
f 334/1/334 335/2/335 311/3/311
f 336/1/336 335/2/335 359/3/359
f 335/1/335 336/2/336 312/3/312
f 338/1/338 336/2/336 360/3/360
f 336/1/336 338/2/338 314/3/314
f 361/1/361 338/2/338 362/3/362
f 338/1/338 361/2/361 337/3/337
f 339/1/339 337/2/337 363/3/363
f 337/1/337 339/2/339 313/3/313
f 340/1/340 339/2/339 364/3/364
f 339/1/339 340/2/340 315/3/315
f 341/1/341 340/2/340 365/3/365
f 340/1/340 341/2/341 316/3/316
f 341/1/341 342/2/342 317/3/317
f 342/1/342 341/2/341 366/3/366
f 342/1/342 343/2/343 318/3/318
f 343/1/343 342/2/342 367/3/367
f 319/1/319 368/2/368 344/3/344
f 368/1/368 319/2/319 343/3/343
f 344/1/344 345/2/345 320/3/320
f 345/1/345 344/2/344 369/3/369
f 345/1/345 346/2/346 321/3/321
f 346/1/346 345/2/345 370/3/370
f 322/1/322 371/2/371 347/3/347
f 371/1/371 322/2/322 346/3/346
f 372/1/372 323/2/323 347/3/347
f 323/1/323 372/2/372 348/3/348
f 373/1/373 324/2/324 348/3/348
f 324/1/324 373/2/373 349/3/349
f 350/1/350 349/2/349 373/3/373
f 349/1/349 350/2/350 326/3/326
f 351/1/351 350/2/350 374/3/374
f 350/1/350 351/2/351 327/3/327
f 375/1/375 328/2/328 351/3/351
f 328/1/328 375/2/375 352/3/352
f 353/1/353 352/2/352 376/3/376
f 352/1/352 353/2/353 329/3/329
f 377/1/377 330/2/330 353/3/353
f 330/1/330 377/2/377 354/3/354
f 354/1/354 355/2/355 331/3/331
f 355/1/355 354/2/354 378/3/378
f 379/1/379 332/2/332 355/3/355
f 332/1/332 379/2/379 356/3/356
f 356/1/356 357/2/357 333/3/333
f 357/1/357 356/2/356 380/3/380
f 381/1/381 334/2/334 357/3/357
f 334/1/334 381/2/381 358/3/358
f 359/1/359 358/2/358 382/3/382
f 358/1/358 359/2/359 335/3/335
f 360/1/360 359/2/359 383/3/383
f 359/1/359 360/2/360 336/3/336
f 362/1/362 360/2/360 384/3/384
f 360/1/360 362/2/362 338/3/338
f 385/1/385 362/2/362 386/3/386
f 362/1/362 385/2/385 361/3/361
f 363/1/363 361/2/361 387/3/387
f 361/1/361 363/2/363 337/3/337
f 364/1/364 363/2/363 388/3/388
f 363/1/363 364/2/364 339/3/339
f 365/1/365 364/2/364 389/3/389
f 364/1/364 365/2/365 340/3/340
f 366/1/366 365/2/365 390/3/390
f 365/1/365 366/2/366 341/3/341
f 342/1/342 391/2/391 367/3/367
f 391/1/391 342/2/342 366/3/366
f 343/1/343 392/2/392 368/3/368
f 392/1/392 343/2/343 367/3/367
f 368/1/368 369/2/369 344/3/344
f 369/1/369 368/2/368 393/3/393
f 345/1/345 394/2/394 370/3/370
f 394/1/394 345/2/345 369/3/369
f 370/1/370 371/2/371 346/3/346
f 371/1/371 370/2/370 395/3/395
f 396/1/396 347/2/347 371/3/371
f 347/1/347 396/2/396 372/3/372
f 397/1/397 348/2/348 372/3/372
f 348/1/348 397/2/397 373/3/373
f 374/1/374 373/2/373 397/3/397
f 373/1/373 374/2/374 350/3/350
f 375/1/375 374/2/374 398/3/398
f 374/1/374 375/2/375 351/3/351
f 376/1/376 375/2/375 399/3/399
f 375/1/375 376/2/376 352/3/352
f 377/1/377 376/2/376 400/3/400
f 376/1/376 377/2/377 353/3/353
f 401/1/401 354/2/354 377/3/377
f 354/1/354 401/2/401 378/3/378
f 378/1/378 379/2/379 355/3/355
f 379/1/379 378/2/378 402/3/402
f 403/1/403 356/2/356 379/3/379
f 356/1/356 403/2/403 380/3/380
f 404/1/404 357/2/357 380/3/380
f 357/1/357 404/2/404 381/3/381
f 382/1/382 381/2/381 405/3/405
f 381/1/381 382/2/382 358/3/358
f 383/1/383 382/2/382 406/3/406
f 382/1/382 383/2/383 359/3/359
f 384/1/384 383/2/383 407/3/407
f 383/1/383 384/2/384 360/3/360
f 386/1/386 384/2/384 408/3/408
f 384/1/384 386/2/386 362/3/362
f 409/1/409 386/2/386 410/3/410
f 386/1/386 409/2/409 385/3/385
f 387/1/387 385/2/385 411/3/411
f 385/1/385 387/2/387 361/3/361
f 388/1/388 387/2/387 412/3/412
f 387/1/387 388/2/388 363/3/363
f 389/1/389 388/2/388 413/3/413
f 388/1/388 389/2/389 364/3/364
f 390/1/390 389/2/389 414/3/414
f 389/1/389 390/2/390 365/3/365
f 390/1/390 391/2/391 366/3/366
f 391/1/391 390/2/390 415/3/415
f 391/1/391 392/2/392 367/3/367
f 392/1/392 391/2/391 416/3/416
f 368/1/368 417/2/417 393/3/393
f 417/1/417 368/2/368 392/3/392
f 393/1/393 394/2/394 369/3/369
f 394/1/394 393/2/393 418/3/418
f 394/1/394 395/2/395 370/3/370
f 395/1/395 394/2/394 419/3/419
f 395/1/395 396/2/396 371/3/371
f 396/1/396 395/2/395 420/3/420
f 421/1/421 372/2/372 396/3/396
f 372/1/372 421/2/421 397/3/397
f 398/1/398 397/2/397 421/3/421
f 397/1/397 398/2/398 374/3/374
f 399/1/399 398/2/398 422/3/422
f 398/1/398 399/2/399 375/3/375
f 400/1/400 399/2/399 423/3/423
f 399/1/399 400/2/400 376/3/376
f 401/1/401 400/2/400 424/3/424
f 400/1/400 401/2/401 377/3/377
f 425/1/425 378/2/378 401/3/401
f 378/1/378 425/2/425 402/3/402
f 426/1/426 379/2/379 402/3/402
f 379/1/379 426/2/426 403/3/403
f 427/1/427 380/2/380 403/3/403
f 380/1/380 427/2/427 404/3/404
f 428/1/428 381/2/381 404/3/404
f 381/1/381 428/2/428 405/3/405
f 406/1/406 405/2/405 429/3/429
f 405/1/405 406/2/406 382/3/382
f 407/1/407 406/2/406 430/3/430
f 406/1/406 407/2/407 383/3/383
f 408/1/408 407/2/407 431/3/431
f 407/1/407 408/2/408 384/3/384
f 410/1/410 408/2/408 432/3/432
f 408/1/408 410/2/410 386/3/386
f 409/1/409 410/2/410 433/3/433
f 411/1/411 409/2/409 434/3/434
f 409/1/409 411/2/411 385/3/385
f 412/1/412 411/2/411 435/3/435
f 411/1/411 412/2/412 387/3/387
f 413/1/413 412/2/412 436/3/436
f 412/1/412 413/2/413 388/3/388
f 414/1/414 413/2/413 437/3/437
f 413/1/413 414/2/414 389/3/389
f 415/1/415 414/2/414 438/3/438
f 414/1/414 415/2/415 390/3/390
f 391/1/391 439/2/439 416/3/416
f 439/1/439 391/2/391 415/3/415
f 416/1/416 417/2/417 392/3/392
f 417/1/417 416/2/416 440/3/440
f 417/1/417 418/2/418 393/3/393
f 418/1/418 417/2/417 441/3/441
f 418/1/418 419/2/419 394/3/394
f 419/1/419 418/2/418 442/3/442
f 419/1/419 420/2/420 395/3/395
f 420/1/420 419/2/419 443/3/443
f 420/1/420 421/2/421 396/3/396
f 421/1/421 420/2/420 444/3/444
f 444/1/444 398/2/398 421/3/421
f 398/1/398 444/2/444 422/3/422
f 423/1/423 422/2/422 445/3/445
f 422/1/422 423/2/423 399/3/399
f 424/1/424 423/2/423 446/3/446
f 423/1/423 424/2/424 400/3/400
f 425/1/425 424/2/424 447/3/447
f 424/1/424 425/2/425 401/3/401
f 448/1/448 402/2/402 425/3/425
f 402/1/402 448/2/448 426/3/426
f 449/1/449 403/2/403 426/3/426
f 403/1/403 449/2/449 427/3/427
f 450/1/450 404/2/404 427/3/427
f 404/1/404 450/2/450 428/3/428
f 429/1/429 428/2/428 451/3/451
f 428/1/428 429/2/429 405/3/405
f 430/1/430 429/2/429 452/3/452
f 429/1/429 430/2/430 406/3/406
f 431/1/431 430/2/430 453/3/453
f 430/1/430 431/2/431 407/3/407
f 432/1/432 431/2/431 454/3/454
f 431/1/431 432/2/432 408/3/408
f 410/1/410 432/2/432 433/3/433
f 409/1/409 433/2/433 434/3/434
f 435/1/435 434/2/434 455/3/455
f 434/1/434 435/2/435 411/3/411
f 436/1/436 435/2/435 456/3/456
f 435/1/435 436/2/436 412/3/412
f 437/1/437 436/2/436 457/3/457
f 436/1/436 437/2/437 413/3/413
f 438/1/438 437/2/437 458/3/458
f 437/1/437 438/2/438 414/3/414
f 415/1/415 459/2/459 439/3/439
f 459/1/459 415/2/415 438/3/438
f 439/1/439 440/2/440 416/3/416
f 440/1/440 439/2/439 460/3/460
f 440/1/440 441/2/441 417/3/417
f 441/1/441 440/2/440 461/3/461
f 441/1/441 442/2/442 418/3/418
f 442/1/442 441/2/441 462/3/462
f 442/1/442 443/2/443 419/3/419
f 443/1/443 442/2/442 463/3/463
f 443/1/443 444/2/444 420/3/420
f 444/1/444 443/2/443 464/3/464
f 464/1/464 422/2/422 444/3/444
f 422/1/422 464/2/464 445/3/445
f 446/1/446 445/2/445 465/3/465
f 445/1/445 446/2/446 423/3/423
f 447/1/447 446/2/446 466/3/466
f 446/1/446 447/2/447 424/3/424
f 448/1/448 447/2/447 467/3/467
f 447/1/447 448/2/448 425/3/425
f 468/1/468 426/2/426 448/3/448
f 426/1/426 468/2/468 449/3/449
f 469/1/469 427/2/427 449/3/449
f 427/1/427 469/2/469 450/3/450
f 470/1/470 428/2/428 450/3/450
f 428/1/428 470/2/470 451/3/451
f 471/1/471 429/2/429 451/3/451
f 429/1/429 471/2/471 452/3/452
f 453/1/453 452/2/452 472/3/472
f 452/1/452 453/2/453 430/3/430
f 454/1/454 453/2/453 473/3/473
f 453/1/453 454/2/454 431/3/431
f 432/1/432 454/2/454 433/3/433
f 434/1/434 433/2/433 455/3/455
f 456/1/456 455/2/455 474/3/474
f 455/1/455 456/2/456 435/3/435
f 457/1/457 456/2/456 475/3/475
f 456/1/456 457/2/457 436/3/436
f 458/1/458 457/2/457 476/3/476
f 457/1/457 458/2/458 437/3/437
f 459/1/459 458/2/458 477/3/477
f 458/1/458 459/2/459 438/3/438
f 439/1/439 478/2/478 460/3/460
f 478/1/478 439/2/439 459/3/459
f 460/1/460 461/2/461 440/3/440
f 461/1/461 460/2/460 479/3/479
f 461/1/461 462/2/462 441/3/441
f 462/1/462 461/2/461 480/3/480
f 462/1/462 463/2/463 442/3/442
f 463/1/463 462/2/462 481/3/481
f 463/1/463 464/2/464 443/3/443
f 464/1/464 463/2/463 482/3/482
f 482/1/482 445/2/445 464/3/464
f 445/1/445 482/2/482 465/3/465
f 466/1/466 465/2/465 483/3/483
f 465/1/465 466/2/466 446/3/446
f 467/1/467 466/2/466 484/3/484
f 466/1/466 467/2/467 447/3/447
f 485/1/485 448/2/448 467/3/467
f 448/1/448 485/2/485 468/3/468
f 486/1/486 449/2/449 468/3/468
f 449/1/449 486/2/486 469/3/469
f 487/1/487 450/2/450 469/3/469
f 450/1/450 487/2/487 470/3/470
f 488/1/488 451/2/451 470/3/470
f 451/1/451 488/2/488 471/3/471
f 489/1/489 452/2/452 471/3/471
f 452/1/452 489/2/489 472/3/472
f 473/1/473 472/2/472 490/3/490
f 472/1/472 473/2/473 453/3/453
f 454/1/454 473/2/473 433/3/433
f 455/1/455 433/2/433 474/3/474
f 475/1/475 474/2/474 491/3/491
f 474/1/474 475/2/475 456/3/456
f 476/1/476 475/2/475 492/3/492
f 475/1/475 476/2/476 457/3/457
f 458/1/458 493/2/493 477/3/477
f 493/1/493 458/2/458 476/3/476
f 459/1/459 494/2/494 478/3/478
f 494/1/494 459/2/459 477/3/477
f 460/1/460 495/2/495 479/3/479
f 495/1/495 460/2/460 478/3/478
f 461/1/461 496/2/496 480/3/480
f 496/1/496 461/2/461 479/3/479
f 480/1/480 481/2/481 462/3/462
f 481/1/481 480/2/480 497/3/497
f 481/1/481 482/2/482 463/3/463
f 482/1/482 481/2/481 498/3/498
f 498/1/498 465/2/465 482/3/482
f 465/1/465 498/2/498 483/3/483
f 499/1/499 466/2/466 483/3/483
f 466/1/466 499/2/499 484/3/484
f 485/1/485 484/2/484 500/3/500
f 484/1/484 485/2/485 467/3/467
f 501/1/501 468/2/468 485/3/485
f 468/1/468 501/2/501 486/3/486
f 502/1/502 469/2/469 486/3/486
f 469/1/469 502/2/502 487/3/487
f 503/1/503 470/2/470 487/3/487
f 470/1/470 503/2/503 488/3/488
f 504/1/504 471/2/471 488/3/488
f 471/1/471 504/2/504 489/3/489
f 490/1/490 489/2/489 505/3/505
f 489/1/489 490/2/490 472/3/472
f 473/1/473 490/2/490 433/3/433
f 474/1/474 433/2/433 491/3/491
f 492/1/492 491/2/491 506/3/506
f 491/1/491 492/2/492 475/3/475
f 476/1/476 507/2/507 493/3/493
f 507/1/507 476/2/476 492/3/492
f 477/1/477 508/2/508 494/3/494
f 508/1/508 477/2/477 493/3/493
f 478/1/478 509/2/509 495/3/495
f 509/1/509 478/2/478 494/3/494
f 479/1/479 510/2/510 496/3/496
f 510/1/510 479/2/479 495/3/495
f 480/1/480 511/2/511 497/3/497
f 511/1/511 480/2/480 496/3/496
f 497/1/497 498/2/498 481/3/481
f 498/1/498 497/2/497 512/3/512
f 512/1/512 483/2/483 498/3/498
f 483/1/483 512/2/512 499/3/499
f 500/1/500 499/2/499 513/3/513
f 499/1/499 500/2/500 484/3/484
f 514/1/514 485/2/485 500/3/500
f 485/1/485 514/2/514 501/3/501
f 515/1/515 486/2/486 501/3/501
f 486/1/486 515/2/515 502/3/502
f 516/1/516 487/2/487 502/3/502
f 487/1/487 516/2/516 503/3/503
f 517/1/517 488/2/488 503/3/503
f 488/1/488 517/2/517 504/3/504
f 518/1/518 489/2/489 504/3/504
f 489/1/489 518/2/518 505/3/505
f 490/1/490 505/2/505 433/3/433
f 491/1/491 433/2/433 506/3/506
f 507/1/507 506/2/506 519/3/519
f 506/1/506 507/2/507 492/3/492
f 493/1/493 520/2/520 508/3/508
f 520/1/520 493/2/493 507/3/507
f 494/1/494 521/2/521 509/3/509
f 521/1/521 494/2/494 508/3/508
f 495/1/495 522/2/522 510/3/510
f 522/1/522 495/2/495 509/3/509
f 496/1/496 523/2/523 511/3/511
f 523/1/523 496/2/496 510/3/510
f 511/1/511 512/2/512 497/3/497
f 512/1/512 511/2/511 524/3/524
f 524/1/524 499/2/499 512/3/512
f 499/1/499 524/2/524 513/3/513
f 525/1/525 500/2/500 513/3/513
f 500/1/500 525/2/525 514/3/514
f 526/1/526 501/2/501 514/3/514
f 501/1/501 526/2/526 515/3/515
f 527/1/527 502/2/502 515/3/515
f 502/1/502 527/2/527 516/3/516
f 528/1/528 503/2/503 516/3/516
f 503/1/503 528/2/528 517/3/517
f 529/1/529 504/2/504 517/3/517
f 504/1/504 529/2/529 518/3/518
f 505/1/505 518/2/518 433/3/433
f 506/1/506 433/2/433 519/3/519
f 507/1/507 530/2/530 520/3/520
f 530/1/530 507/2/507 519/3/519
f 508/1/508 531/2/531 521/3/521
f 531/1/531 508/2/508 520/3/520
f 509/1/509 532/2/532 522/3/522
f 532/1/532 509/2/509 521/3/521
f 510/1/510 533/2/533 523/3/523
f 533/1/533 510/2/510 522/3/522
f 511/1/511 534/2/534 524/3/524
f 534/1/534 511/2/511 523/3/523
f 524/1/524 525/2/525 513/3/513
f 525/1/525 524/2/524 534/3/534
f 535/1/535 514/2/514 525/3/525
f 514/1/514 535/2/535 526/3/526
f 536/1/536 515/2/515 526/3/526
f 515/1/515 536/2/536 527/3/527
f 537/1/537 516/2/516 527/3/527
f 516/1/516 537/2/537 528/3/528
f 538/1/538 517/2/517 528/3/528
f 517/1/517 538/2/538 529/3/529
f 433/1/433 518/2/518 529/3/529
f 433/1/433 530/2/530 519/3/519
f 520/1/520 539/2/539 531/3/531
f 539/1/539 520/2/520 530/3/530
f 521/1/521 540/2/540 532/3/532
f 540/1/540 521/2/521 531/3/531
f 522/1/522 541/2/541 533/3/533
f 541/1/541 522/2/522 532/3/532
f 523/1/523 542/2/542 534/3/534
f 542/1/542 523/2/523 533/3/533
f 534/1/534 535/2/535 525/3/525
f 535/1/535 534/2/534 542/3/542
f 543/1/543 526/2/526 535/3/535
f 526/1/526 543/2/543 536/3/536
f 544/1/544 527/2/527 536/3/536
f 527/1/527 544/2/544 537/3/537
f 545/1/545 528/2/528 537/3/537
f 528/1/528 545/2/545 538/3/538
f 433/1/433 529/2/529 538/3/538
f 433/1/433 539/2/539 530/3/530
f 531/1/531 546/2/546 540/3/540
f 546/1/546 531/2/531 539/3/539
f 532/1/532 547/2/547 541/3/541
f 547/1/547 532/2/532 540/3/540
f 533/1/533 548/2/548 542/3/542
f 548/1/548 533/2/533 541/3/541
f 542/1/542 543/2/543 535/3/535
f 543/1/543 542/2/542 548/3/548
f 549/1/549 536/2/536 543/3/543
f 536/1/536 549/2/549 544/3/544
f 550/1/550 537/2/537 544/3/544
f 537/1/537 550/2/550 545/3/545
f 433/1/433 538/2/538 545/3/545
f 433/1/433 546/2/546 539/3/539
f 540/1/540 551/2/551 547/3/547
f 551/1/551 540/2/540 546/3/546
f 541/1/541 552/2/552 548/3/548
f 552/1/552 541/2/541 547/3/547
f 548/1/548 549/2/549 543/3/543
f 549/1/549 548/2/548 552/3/552
f 553/1/553 544/2/544 549/3/549
f 544/1/544 553/2/553 550/3/550
f 433/1/433 545/2/545 550/3/550
f 433/1/433 551/2/551 546/3/546
f 547/1/547 554/2/554 552/3/552
f 554/1/554 547/2/547 551/3/551
f 552/1/552 553/2/553 549/3/549
f 553/1/553 552/2/552 554/3/554
f 433/1/433 550/2/550 553/3/553
f 433/1/433 554/2/554 551/3/551
f 433/1/433 553/2/553 554/3/554
f 555/1/555 556/2/556 557/3/557
f 558/1/558 555/2/555 557/3/557
f 559/1/559 556/2/556 555/3/555
f 557/1/557 556/2/556 560/3/560
f 558/1/558 559/2/559 555/3/555
f 558/1/558 557/2/557 561/3/561
f 562/1/562 556/2/556 559/3/559
f 561/1/561 557/2/557 560/3/560
f 560/1/560 556/2/556 563/3/563
f 564/1/564 559/2/559 558/3/558
f 565/1/565 558/2/558 561/3/561
f 564/1/564 562/2/562 559/3/559
f 566/1/566 556/2/556 562/3/562
f 561/1/561 560/2/560 567/3/567
f 560/1/560 563/2/563 568/3/568
f 556/1/556 569/2/569 563/3/563
f 570/1/570 564/2/564 558/3/558
f 570/1/570 558/2/558 565/3/565
f 565/1/565 561/2/561 567/3/567
f 571/1/571 562/2/562 564/3/564
f 571/1/571 566/2/566 562/3/562
f 566/1/566 572/2/572 556/3/556
f 567/1/567 560/2/560 568/3/568
f 568/1/568 563/2/563 573/3/573
f 563/1/563 569/2/569 573/3/573
f 556/1/556 574/2/574 569/3/569
f 575/1/575 564/2/564 570/3/570
f 576/1/576 570/2/570 565/3/565
f 565/1/565 567/2/567 577/3/577
f 575/1/575 571/2/571 564/3/564
f 578/1/578 566/2/566 571/3/571
f 578/1/578 572/2/572 566/3/566
f 572/1/572 579/2/579 556/3/556
f 577/1/577 567/2/567 568/3/568
f 568/1/568 573/2/573 580/3/580
f 569/1/569 581/2/581 573/3/573
f 569/1/569 574/2/574 581/3/581
f 556/1/556 582/2/582 574/3/574
f 583/1/583 575/2/575 570/3/570
f 576/1/576 565/2/565 584/3/584
f 583/1/583 570/2/570 576/3/576
f 565/1/565 577/2/577 585/3/585
f 586/1/586 571/2/571 575/3/575
f 586/1/586 578/2/578 571/3/571
f 578/1/578 587/2/587 572/3/572
f 587/1/587 579/2/579 572/3/572
f 579/1/579 588/2/588 556/3/556
f 577/1/577 568/2/568 589/3/589
f 568/1/568 580/2/580 589/3/589
f 573/1/573 590/2/590 580/3/580
f 573/1/573 581/2/581 590/3/590
f 574/1/574 591/2/591 581/3/581
f 574/1/574 582/2/582 591/3/591
f 556/1/556 592/2/592 582/3/582
f 593/1/593 575/2/575 583/3/583
f 584/1/584 565/2/565 585/3/585
f 594/1/594 576/2/576 584/3/584
f 595/1/595 583/2/583 576/3/576
f 585/1/585 577/2/577 596/3/596
f 593/1/593 586/2/586 575/3/575
f 597/1/597 578/2/578 586/3/586
f 597/1/597 587/2/587 578/3/578
f 587/1/587 598/2/598 579/3/579
f 598/1/598 588/2/588 579/3/579
f 588/1/588 599/2/599 556/3/556
f 577/1/577 589/2/589 596/3/596
f 589/1/589 580/2/580 600/3/600
f 580/1/580 590/2/590 600/3/600
f 581/1/581 601/2/601 590/3/590
f 581/1/581 591/2/591 601/3/601
f 582/1/582 602/2/602 591/3/591
f 582/1/582 592/2/592 602/3/602
f 556/1/556 603/2/603 592/3/592
f 595/1/595 593/2/593 583/3/583
f 584/1/584 585/2/585 604/3/604
f 594/1/594 584/2/584 605/3/605
f 595/1/595 576/2/576 594/3/594
f 585/1/585 596/2/596 606/3/606
f 593/1/593 597/2/597 586/3/586
f 597/1/597 607/2/607 587/3/587
f 607/1/607 598/2/598 587/3/587
f 598/1/598 608/2/608 588/3/588
f 608/1/608 599/2/599 588/3/588
f 599/1/599 609/2/609 556/3/556
f 589/1/589 600/2/600 596/3/596
f 600/1/600 590/2/590 610/3/610
f 590/1/590 601/2/601 611/3/611
f 591/1/591 612/2/612 601/3/601
f 591/1/591 602/2/602 612/3/612
f 592/1/592 603/2/603 602/3/602
f 556/1/556 613/2/613 603/3/603
f 614/1/614 593/2/593 595/3/595
f 604/1/604 585/2/585 606/3/606
f 605/1/605 584/2/584 604/3/604
f 594/1/594 605/2/605 615/3/615
f 616/1/616 595/2/595 594/3/594
f 606/1/606 596/2/596 600/3/600
f 617/1/617 597/2/597 593/3/593
f 618/1/618 607/2/607 597/3/597
f 607/1/607 619/2/619 598/3/598
f 620/1/620 608/2/608 598/3/598
f 608/1/608 621/2/621 599/3/599
f 621/1/621 609/2/609 599/3/599
f 609/1/609 622/2/622 556/3/556
f 590/1/590 611/2/611 610/3/610
f 600/1/600 610/2/610 623/3/623
f 601/1/601 624/2/624 611/3/611
f 601/1/601 612/2/612 624/3/624
f 602/1/602 625/2/625 612/3/612
f 603/1/603 625/2/625 602/3/602
f 603/1/603 613/2/613 625/3/625
f 556/1/556 626/2/626 613/3/613
f 616/1/616 614/2/614 595/3/595
f 627/1/627 593/2/593 614/3/614
f 628/1/628 604/2/604 606/3/606
f 605/1/605 604/2/604 628/3/628
f 615/1/615 605/2/605 628/3/628
f 629/1/629 594/2/594 615/3/615
f 616/1/616 594/2/594 629/3/629
f 606/1/606 600/2/600 630/3/630
f 627/1/627 617/2/617 593/3/593
f 617/1/617 618/2/618 597/3/597
f 618/1/618 619/2/619 607/3/607
f 619/1/619 620/2/620 598/3/598
f 620/1/620 621/2/621 608/3/608
f 621/1/621 631/2/631 609/3/609
f 631/1/631 622/2/622 609/3/609
f 622/1/622 632/2/632 556/3/556
f 610/1/610 611/2/611 633/3/633
f 600/1/600 623/2/623 630/3/630
f 610/1/610 633/2/633 623/3/623
f 611/1/611 624/2/624 634/3/634
f 612/1/612 635/2/635 624/3/624
f 625/1/625 635/2/635 612/3/612
f 613/1/613 636/2/636 625/3/625
f 626/1/626 637/2/637 613/3/613
f 556/1/556 638/2/638 626/3/626
f 639/1/639 614/2/614 616/3/616
f 639/1/639 627/2/627 614/3/614
f 628/1/628 606/2/606 640/3/640
f 628/1/628 641/2/641 615/3/615
f 642/1/642 629/2/629 615/3/615
f 643/1/643 616/2/616 629/3/629
f 606/1/606 630/2/630 640/3/640
f 627/1/627 618/2/618 617/3/617
f 618/1/618 644/2/644 619/3/619
f 644/1/644 620/2/620 619/3/619
f 620/1/620 645/2/645 621/3/621
f 621/1/621 646/2/646 631/3/631
f 631/1/631 647/2/647 622/3/622
f 647/1/647 632/2/632 622/3/622
f 556/1/556 632/2/632 648/3/648
f 611/1/611 634/2/634 633/3/633
f 630/1/630 623/2/623 649/3/649
f 623/1/623 633/2/633 649/3/649
f 624/1/624 650/2/650 634/3/634
f 635/1/635 651/2/651 624/3/624
f 625/1/625 636/2/636 635/3/635
f 613/1/613 637/2/637 636/3/636
f 626/1/626 652/2/652 637/3/637
f 638/1/638 652/2/652 626/3/626
f 556/1/556 653/2/653 638/3/638
f 639/1/639 616/2/616 643/3/643
f 654/1/654 627/2/627 639/3/639
f 628/1/628 640/2/640 655/3/655
f 628/1/628 655/2/655 641/3/641
f 615/1/615 641/2/641 656/3/656
f 642/1/642 615/2/615 656/3/656
f 643/1/643 629/2/629 642/3/642
f 640/1/640 630/2/630 657/3/657
f 627/1/627 658/2/658 618/3/618
f 658/1/658 644/2/644 618/3/618
f 644/1/644 659/2/659 620/3/620
f 659/1/659 645/2/645 620/3/620
f 645/1/645 646/2/646 621/3/621
f 646/1/646 647/2/647 631/3/631
f 647/1/647 660/2/660 632/3/632
f 632/1/632 660/2/660 648/3/648
f 556/1/556 648/2/648 653/3/653
f 633/1/633 634/2/634 661/3/661
f 630/1/630 649/2/649 657/3/657
f 649/1/649 633/2/633 661/3/661
f 634/1/634 650/2/650 662/3/662
f 624/1/624 651/2/651 650/3/650
f 635/1/635 663/2/663 651/3/651
f 636/1/636 663/2/663 635/3/635
f 637/1/637 663/2/663 636/3/636
f 652/1/652 664/2/664 637/3/637
f 638/1/638 665/2/665 652/3/652
f 653/1/653 665/2/665 638/3/638
f 639/1/639 643/2/643 666/3/666
f 654/1/654 639/2/639 666/3/666
f 654/1/654 658/2/658 627/3/627
f 657/1/657 655/2/655 640/3/640
f 641/1/641 655/2/655 667/3/667
f 641/1/641 668/2/668 656/3/656
f 656/1/656 669/2/669 642/3/642
f 643/1/643 642/2/642 670/3/670
f 658/1/658 671/2/671 644/3/644
f 671/1/671 659/2/659 644/3/644
f 659/1/659 672/2/672 645/3/645
f 672/1/672 646/2/646 645/3/645
f 646/1/646 673/2/673 647/3/647
f 647/1/647 674/2/674 660/3/660
f 648/1/648 660/2/660 675/3/675
f 648/1/648 675/2/675 653/3/653
f 661/1/661 634/2/634 662/3/662
f 649/1/649 676/2/676 657/3/657
f 649/1/649 661/2/661 677/3/677
f 650/1/650 678/2/678 662/3/662
f 651/1/651 679/2/679 650/3/650
f 663/1/663 679/2/679 651/3/651
f 637/1/637 664/2/664 663/3/663
f 652/1/652 680/2/680 664/3/664
f 665/1/665 681/2/681 652/3/652
f 653/1/653 675/2/675 665/3/665
f 666/1/666 643/2/643 670/3/670
f 654/1/654 666/2/666 682/3/682
f 654/1/654 683/2/683 658/3/658
f 657/1/657 684/2/684 655/3/655
f 655/1/655 685/2/685 667/3/667
f 641/1/641 667/2/667 668/3/668
f 656/1/656 668/2/668 669/3/669
f 670/1/670 642/2/642 669/3/669
f 683/1/683 671/2/671 658/3/658
f 671/1/671 686/2/686 659/3/659
f 686/1/686 672/2/672 659/3/659
f 672/1/672 687/2/687 646/3/646
f 687/1/687 673/2/673 646/3/646
f 647/1/647 673/2/673 674/3/674
f 660/1/660 674/2/674 675/3/675
f 661/1/661 662/2/662 688/3/688
f 657/1/657 676/2/676 684/3/684
f 649/1/649 677/2/677 676/3/676
f 661/1/661 688/2/688 677/3/677
f 650/1/650 689/2/689 678/3/678
f 678/1/678 688/2/688 662/3/662
f 679/1/679 690/2/690 650/3/650
f 663/1/663 691/2/691 679/3/679
f 664/1/664 691/2/691 663/3/663
f 652/1/652 681/2/681 680/3/680
f 680/1/680 692/2/692 664/3/664
f 665/1/665 693/2/693 681/3/681
f 675/1/675 693/2/693 665/3/665
f 666/1/666 670/2/670 694/3/694
f 682/1/682 666/2/666 695/3/695
f 683/1/683 654/2/654 682/3/682
f 684/1/684 696/2/696 655/3/655
f 655/1/655 696/2/696 685/3/685
f 685/1/685 697/2/697 667/3/667
f 668/1/668 667/2/667 698/3/698
f 668/1/668 699/2/699 669/3/669
f 670/1/670 669/2/669 700/3/700
f 683/1/683 701/2/701 671/3/671
f 671/1/671 702/2/702 686/3/686
f 686/1/686 703/2/703 672/3/672
f 672/1/672 704/2/704 687/3/687
f 687/1/687 705/2/705 673/3/673
f 673/1/673 706/2/706 674/3/674
f 674/1/674 693/2/693 675/3/675
f 676/1/676 707/2/707 684/3/684
f 677/1/677 707/2/707 676/3/676
f 688/1/688 708/2/708 677/3/677
f 650/1/650 690/2/690 689/3/689
f 689/1/689 709/2/709 678/3/678
f 678/1/678 709/2/709 688/3/688
f 679/1/679 710/2/710 690/3/690
f 691/1/691 710/2/710 679/3/679
f 664/1/664 692/2/692 691/3/691
f 681/1/681 711/2/711 680/3/680
f 680/1/680 711/2/711 692/3/692
f 693/1/693 712/2/712 681/3/681
f 694/1/694 670/2/670 713/3/713
f 695/1/695 666/2/666 694/3/694
f 714/1/714 682/2/682 695/3/695
f 714/1/714 683/2/683 682/3/682
f 684/1/684 707/2/707 696/3/696
f 696/1/696 715/2/715 685/3/685
f 667/1/667 697/2/697 698/3/698
f 685/1/685 715/2/715 697/3/697
f 668/1/668 698/2/698 699/3/699
f 669/1/669 699/2/699 700/3/700
f 670/1/670 700/2/700 716/3/716
f 701/1/701 683/2/683 714/3/714
f 701/1/701 702/2/702 671/3/671
f 702/1/702 717/2/717 686/3/686
f 686/1/686 717/2/717 703/3/703
f 703/1/703 704/2/704 672/3/672
f 704/1/704 718/2/718 687/3/687
f 687/1/687 718/2/718 705/3/705
f 673/1/673 705/2/705 706/3/706
f 674/1/674 706/2/706 712/3/712
f 674/1/674 712/2/712 693/3/693
f 677/1/677 719/2/719 707/3/707
f 708/1/708 719/2/719 677/3/677
f 709/1/709 708/2/708 688/3/688
f 690/1/690 720/2/720 689/3/689
f 721/1/721 709/2/709 689/3/689
f 710/1/710 720/2/720 690/3/690
f 691/1/691 722/2/722 710/3/710
f 692/1/692 722/2/722 691/3/691
f 712/1/712 711/2/711 681/3/681
f 711/1/711 723/2/723 692/3/692
f 713/1/713 670/2/670 716/3/716
f 724/1/724 694/2/694 713/3/713
f 695/1/695 694/2/694 724/3/724
f 725/1/725 714/2/714 695/3/695
f 707/1/707 726/2/726 696/3/696
f 696/1/696 726/2/726 715/3/715
f 698/1/698 697/2/697 727/3/727
f 697/1/697 715/2/715 728/3/728
f 698/1/698 729/2/729 699/3/699
f 699/1/699 730/2/730 700/3/700
f 716/1/716 700/2/700 730/3/730
f 731/1/731 701/2/701 714/3/714
f 731/1/731 702/2/702 701/3/701
f 732/1/732 717/2/717 702/3/702
f 717/1/717 704/2/704 703/3/703
f 704/1/704 733/2/733 718/3/718
f 718/1/718 734/2/734 705/3/705
f 705/1/705 734/2/734 706/3/706
f 706/1/706 735/2/735 712/3/712
f 719/1/719 736/2/736 707/3/707
f 708/1/708 736/2/736 719/3/719
f 709/1/709 737/2/737 708/3/708
f 738/1/738 689/2/689 720/3/720
f 738/1/738 721/2/721 689/3/689
f 721/1/721 737/2/737 709/3/709
f 710/1/710 739/2/739 720/3/720
f 722/1/722 739/2/739 710/3/710
f 723/1/723 722/2/722 692/3/692
f 712/1/712 735/2/735 711/3/711
f 735/1/735 723/2/723 711/3/711
f 713/1/713 716/2/716 740/3/740
f 724/1/724 713/2/713 740/3/740
f 741/1/741 695/2/695 724/3/724
f 741/1/741 725/2/725 695/3/695
f 742/1/742 714/2/714 725/3/725
f 707/1/707 736/2/736 726/3/726
f 726/1/726 743/2/743 715/3/715
f 697/1/697 744/2/744 727/3/727
f 698/1/698 727/2/727 729/3/729
f 697/1/697 728/2/728 744/3/744
f 715/1/715 743/2/743 728/3/728
f 699/1/699 729/2/729 730/3/730
f 716/1/716 730/2/730 745/3/745
f 742/1/742 731/2/731 714/3/714
f 731/1/731 732/2/732 702/3/702
f 732/1/732 746/2/746 717/3/717
f 717/1/717 747/2/747 704/3/704
f 718/1/718 733/2/733 734/3/734
f 747/1/747 733/2/733 704/3/704
f 706/1/706 734/2/734 735/3/735
f 708/1/708 748/2/748 736/3/736
f 737/1/737 749/2/749 708/3/708
f 750/1/750 738/2/738 720/3/720
f 751/1/751 721/2/721 738/3/738
f 721/1/721 752/2/752 737/3/737
f 750/1/750 720/2/720 739/3/739
f 753/1/753 739/2/739 722/3/722
f 723/1/723 753/2/753 722/3/722
f 735/1/735 754/2/754 723/3/723
f 740/1/740 716/2/716 745/3/745
f 724/1/724 740/2/740 755/3/755
f 741/1/741 724/2/724 755/3/755
f 742/1/742 725/2/725 741/3/741
f 736/1/736 756/2/756 726/3/726
f 726/1/726 756/2/756 743/3/743
f 727/1/727 744/2/744 757/3/757
f 727/1/727 758/2/758 729/3/729
f 728/1/728 759/2/759 744/3/744
f 743/1/743 760/2/760 728/3/728
f 730/1/730 729/2/729 761/3/761
f 745/1/745 730/2/730 762/3/762
f 732/1/732 731/2/731 742/3/742
f 732/1/732 763/2/763 746/3/746
f 717/1/717 746/2/746 747/3/747
f 733/1/733 764/2/764 734/3/734
f 747/1/747 765/2/765 733/3/733
f 734/1/734 764/2/764 735/3/735
f 749/1/749 748/2/748 708/3/708
f 748/1/748 766/2/766 736/3/736
f 767/1/767 749/2/749 737/3/737
f 768/1/768 738/2/738 750/3/750
f 751/1/751 752/2/752 721/3/721
f 768/1/768 751/2/751 738/3/738
f 752/1/752 767/2/767 737/3/737
f 769/1/769 750/2/750 739/3/739
f 753/1/753 769/2/769 739/3/739
f 754/1/754 753/2/753 723/3/723
f 764/1/764 754/2/754 735/3/735
f 740/1/740 745/2/745 762/3/762
f 755/1/755 740/2/740 770/3/770
f 771/1/771 741/2/741 755/3/755
f 772/1/772 742/2/742 741/3/741
f 766/1/766 756/2/756 736/3/736
f 756/1/756 773/2/773 743/3/743
f 727/1/727 757/2/757 774/3/774
f 744/1/744 759/2/759 757/3/757
f 729/1/729 758/2/758 761/3/761
f 727/1/727 774/2/774 758/3/758
f 728/1/728 760/2/760 759/3/759
f 743/1/743 773/2/773 760/3/760
f 762/1/762 730/2/730 761/3/761
f 763/1/763 732/2/732 742/3/742
f 746/1/746 763/2/763 775/3/775
f 747/1/747 746/2/746 776/3/776
f 733/1/733 765/2/765 764/3/764
f 747/1/747 776/2/776 765/3/765
f 749/1/749 766/2/766 748/3/748
f 767/1/767 777/2/777 749/3/749
f 778/1/778 768/2/768 750/3/750
f 779/1/779 752/2/752 751/3/751
f 780/1/780 751/2/751 768/3/768
f 779/1/779 767/2/767 752/3/752
f 778/1/778 750/2/750 769/3/769
f 754/1/754 769/2/769 753/3/753
f 754/1/754 764/2/764 781/3/781
f 740/1/740 762/2/762 770/3/770
f 755/1/755 770/2/770 782/3/782
f 783/1/783 771/2/771 755/3/755
f 772/1/772 741/2/741 771/3/771
f 763/1/763 742/2/742 772/3/772
f 766/1/766 784/2/784 756/3/756
f 784/1/784 773/2/773 756/3/756
f 757/1/757 785/2/785 774/3/774
f 759/1/759 786/2/786 757/3/757
f 758/1/758 787/2/787 761/3/761
f 758/1/758 774/2/774 788/3/788
f 759/1/759 760/2/760 789/3/789
f 773/1/773 790/2/790 760/3/760
f 762/1/762 761/2/761 791/3/791
f 775/1/775 763/2/763 792/3/792
f 746/1/746 775/2/775 776/3/776
f 764/1/764 765/2/765 781/3/781
f 776/1/776 793/2/793 765/3/765
f 749/1/749 777/2/777 766/3/766
f 767/1/767 794/2/794 777/3/777
f 795/1/795 768/2/768 778/3/778
f 780/1/780 779/2/779 751/3/751
f 795/1/795 780/2/780 768/3/768
f 796/1/796 767/2/767 779/3/779
f 769/1/769 797/2/797 778/3/778
f 754/1/754 797/2/797 769/3/769
f 754/1/754 781/2/781 797/3/797
f 770/1/770 762/2/762 791/3/791
f 782/1/782 770/2/770 798/3/798
f 783/1/783 755/2/755 782/3/782
f 799/1/799 771/2/771 783/3/783
f 800/1/800 772/2/772 771/3/771
f 801/1/801 763/2/763 772/3/772
f 777/1/777 784/2/784 766/3/766
f 784/1/784 802/2/802 773/3/773
f 774/1/774 785/2/785 803/3/803
f 757/1/757 786/2/786 785/3/785
f 759/1/759 789/2/789 786/3/786
f 791/1/791 761/2/761 787/3/787
f 758/1/758 788/2/788 787/3/787
f 774/1/774 803/2/803 788/3/788
f 760/1/760 790/2/790 789/3/789
f 802/1/802 790/2/790 773/3/773
f 763/1/763 801/2/801 792/3/792
f 775/1/775 792/2/792 793/3/793
f 776/1/776 775/2/775 793/3/793
f 765/1/765 804/2/804 781/3/781
f 765/1/765 793/2/793 805/3/805
f 796/1/796 794/2/794 767/3/767
f 794/1/794 806/2/806 777/3/777
f 778/1/778 807/2/807 795/3/795
f 808/1/808 779/2/779 780/3/780
f 795/1/795 808/2/808 780/3/780
f 808/1/808 796/2/796 779/3/779
f 797/1/797 809/2/809 778/3/778
f 781/1/781 804/2/804 797/3/797
f 770/1/770 791/2/791 798/3/798
f 782/1/782 798/2/798 810/3/810
f 811/1/811 783/2/783 782/3/782
f 812/1/812 799/2/799 783/3/783
f 799/1/799 800/2/800 771/3/771
f 801/1/801 772/2/772 800/3/800
f 777/1/777 806/2/806 784/3/784
f 806/1/806 802/2/802 784/3/784
f 803/1/803 785/2/785 813/3/813
f 786/1/786 813/2/813 785/3/785
f 789/1/789 814/2/814 786/3/786
f 791/1/791 787/2/787 815/3/815
f 788/1/788 816/2/816 787/3/787
f 803/1/803 816/2/816 788/3/788
f 790/1/790 817/2/817 789/3/789
f 802/1/802 818/2/818 790/3/790
f 801/1/801 819/2/819 792/3/792
f 793/1/793 792/2/792 820/3/820
f 765/1/765 805/2/805 804/3/804
f 805/1/805 793/2/793 820/3/820
f 821/1/821 794/2/794 796/3/796
f 794/1/794 822/2/822 806/3/806
f 807/1/807 823/2/823 795/3/795
f 809/1/809 807/2/807 778/3/778
f 824/1/824 808/2/808 795/3/795
f 825/1/825 796/2/796 808/3/808
f 797/1/797 804/2/804 809/3/809
f 798/1/798 791/2/791 815/3/815
f 810/1/810 798/2/798 826/3/826
f 811/1/811 782/2/782 810/3/810
f 812/1/812 783/2/783 811/3/811
f 827/1/827 799/2/799 812/3/812
f 819/1/819 800/2/800 799/3/799
f 819/1/819 801/2/801 800/3/800
f 806/1/806 828/2/828 802/3/802
f 803/1/803 813/2/813 829/3/829
f 786/1/786 830/2/830 813/3/813
f 786/1/786 814/2/814 830/3/830
f 789/1/789 817/2/817 814/3/814
f 815/1/815 787/2/787 831/3/831
f 787/1/787 816/2/816 831/3/831
f 803/1/803 829/2/829 816/3/816
f 818/1/818 817/2/817 790/3/790
f 828/1/828 818/2/818 802/3/802
f 792/1/792 819/2/819 832/3/832
f 792/1/792 833/2/833 820/3/820
f 805/1/805 834/2/834 804/3/804
f 805/1/805 820/2/820 835/3/835
f 821/1/821 822/2/822 794/3/794
f 825/1/825 821/2/821 796/3/796
f 822/1/822 828/2/828 806/3/806
f 795/1/795 823/2/823 824/3/824
f 807/1/807 836/2/836 823/3/823
f 809/1/809 834/2/834 807/3/807
f 837/1/837 808/2/808 824/3/824
f 837/1/837 825/2/825 808/3/808
f 804/1/804 834/2/834 809/3/809
f 798/1/798 815/2/815 838/3/838
f 826/1/826 798/2/798 838/3/838
f 811/1/811 810/2/810 826/3/826
f 812/1/812 811/2/811 839/3/839
f 827/1/827 812/2/812 840/3/840
f 827/1/827 841/2/841 799/3/799
f 841/1/841 819/2/819 799/3/799
f 829/1/829 813/2/813 842/3/842
f 830/1/830 843/2/843 813/3/813
f 830/1/830 814/2/814 844/3/844
f 814/1/814 817/2/817 844/3/844
f 815/1/815 831/2/831 845/3/845
f 816/1/816 845/2/845 831/3/831
f 816/1/816 829/2/829 842/3/842
f 818/1/818 846/2/846 817/3/817
f 828/1/828 847/2/847 818/3/818
f 819/1/819 841/2/841 832/3/832
f 792/1/792 832/2/832 833/3/833
f 835/1/835 820/2/820 833/3/833
f 805/1/805 835/2/835 834/3/834
f 848/1/848 822/2/822 821/3/821
f 849/1/849 821/2/821 825/3/825
f 822/1/822 850/2/850 828/3/828
f 823/1/823 851/2/851 824/3/824
f 823/1/823 836/2/836 851/3/851
f 807/1/807 834/2/834 836/3/836
f 824/1/824 851/2/851 837/3/837
f 852/1/852 825/2/825 837/3/837
f 838/1/838 815/2/815 853/3/853
f 826/1/826 838/2/838 853/3/853
f 839/1/839 811/2/811 826/3/826
f 840/1/840 812/2/812 839/3/839
f 854/1/854 827/2/827 840/3/840
f 841/1/841 827/2/827 855/3/855
f 813/1/813 856/2/856 842/3/842
f 813/1/813 843/2/843 856/3/856
f 830/1/830 844/2/844 843/3/843
f 817/1/817 857/2/857 844/3/844
f 815/1/815 845/2/845 858/3/858
f 816/1/816 859/2/859 845/3/845
f 816/1/816 842/2/842 859/3/859
f 846/1/846 857/2/857 817/3/817
f 860/1/860 846/2/846 818/3/818
f 850/1/850 847/2/847 828/3/828
f 847/1/847 860/2/860 818/3/818
f 832/1/832 841/2/841 855/3/855
f 833/1/833 832/2/832 855/3/855
f 835/1/835 833/2/833 861/3/861
f 835/1/835 836/2/836 834/3/834
f 848/1/848 850/2/850 822/3/822
f 849/1/849 848/2/848 821/3/821
f 852/1/852 849/2/849 825/3/825
f 836/1/836 862/2/862 851/3/851
f 851/1/851 863/2/863 837/3/837
f 837/1/837 863/2/863 852/3/852
f 853/1/853 815/2/815 858/3/858
f 826/1/826 853/2/853 864/3/864
f 865/1/865 839/2/839 826/3/826
f 840/1/840 839/2/839 865/3/865
f 854/1/854 840/2/840 866/3/866
f 827/1/827 854/2/854 867/3/867
f 855/1/855 827/2/827 868/3/868
f 856/1/856 869/2/869 842/3/842
f 843/1/843 870/2/870 856/3/856
f 843/1/843 844/2/844 871/3/871
f 844/1/844 857/2/857 871/3/871
f 858/1/858 845/2/845 872/3/872
f 859/1/859 873/2/873 845/3/845
f 859/1/859 842/2/842 873/3/873
f 846/1/846 874/2/874 857/3/857
f 860/1/860 875/2/875 846/3/846
f 850/1/850 876/2/876 847/3/847
f 876/1/876 860/2/860 847/3/847
f 833/1/833 855/2/855 877/3/877
f 833/1/833 878/2/878 861/3/861
f 835/1/835 861/2/861 836/3/836
f 879/1/879 850/2/850 848/3/848
f 880/1/880 848/2/848 849/3/849
f 881/1/881 849/2/849 852/3/852
f 836/1/836 878/2/878 862/3/862
f 862/1/862 882/2/882 851/3/851
f 851/1/851 882/2/882 863/3/863
f 852/1/852 863/2/863 881/3/881
f 883/1/883 853/2/853 858/3/858
f 864/1/864 853/2/853 883/3/883
f 865/1/865 826/2/826 864/3/864
f 866/1/866 840/2/840 865/3/865
f 884/1/884 854/2/854 866/3/866
f 867/1/867 854/2/854 884/3/884
f 868/1/868 827/2/827 867/3/867
f 855/1/855 868/2/868 877/3/877
f 856/1/856 870/2/870 869/3/869
f 842/1/842 869/2/869 873/3/873
f 843/1/843 885/2/885 870/3/870
f 843/1/843 871/2/871 885/3/885
f 857/1/857 874/2/874 871/3/871
f 845/1/845 873/2/873 872/3/872
f 886/1/886 858/2/858 872/3/872
f 875/1/875 874/2/874 846/3/846
f 887/1/887 875/2/875 860/3/860
f 879/1/879 876/2/876 850/3/850
f 876/1/876 888/2/888 860/3/860
f 833/1/833 877/2/877 878/3/878
f 836/1/836 861/2/861 878/3/878
f 880/1/880 879/2/879 848/3/848
f 881/1/881 880/2/880 849/3/849
f 878/1/878 889/2/889 862/3/862
f 862/1/862 889/2/889 882/3/882
f 863/1/863 882/2/882 890/3/890
f 863/1/863 890/2/890 881/3/881
f 883/1/883 858/2/858 886/3/886
f 864/1/864 883/2/883 891/3/891
f 865/1/865 864/2/864 891/3/891
f 866/1/866 865/2/865 892/3/892
f 884/1/884 866/2/866 893/3/893
f 867/1/867 884/2/884 894/3/894
f 868/1/868 867/2/867 895/3/895
f 877/1/877 868/2/868 895/3/895
f 869/1/869 870/2/870 896/3/896
f 873/1/873 869/2/869 897/3/897
f 885/1/885 898/2/898 870/3/870
f 871/1/871 898/2/898 885/3/885
f 871/1/871 874/2/874 899/3/899
f 873/1/873 900/2/900 872/3/872
f 901/1/901 886/2/886 872/3/872
f 875/1/875 899/2/899 874/3/874
f 902/1/902 887/2/887 860/3/860
f 903/1/903 875/2/875 887/3/887
f 879/1/879 888/2/888 876/3/876
f 888/1/888 902/2/902 860/3/860
f 878/1/878 877/2/877 895/3/895
f 904/1/904 879/2/879 880/3/880
f 905/1/905 880/2/880 881/3/881
f 878/1/878 895/2/895 889/3/889
f 889/1/889 906/2/906 882/3/882
f 882/1/882 907/2/907 890/3/890
f 890/1/890 908/2/908 881/3/881
f 883/1/883 886/2/886 901/3/901
f 891/1/891 883/2/883 909/3/909
f 865/1/865 891/2/891 892/3/892
f 866/1/866 892/2/892 910/3/910
f 893/1/893 866/2/866 910/3/910
f 884/1/884 893/2/893 911/3/911
f 894/1/894 884/2/884 911/3/911
f 867/1/867 894/2/894 912/3/912
f 895/1/895 867/2/867 912/3/912
f 869/1/869 896/2/896 913/3/913
f 870/1/870 898/2/898 896/3/896
f 873/1/873 897/2/897 900/3/900
f 869/1/869 913/2/913 897/3/897
f 871/1/871 914/2/914 898/3/898
f 871/1/871 899/2/899 914/3/914
f 901/1/901 872/2/872 900/3/900
f 915/1/915 899/2/899 875/3/875
f 902/1/902 903/2/903 887/3/887
f 903/1/903 915/2/915 875/3/875
f 916/1/916 888/2/888 879/3/879
f 917/1/917 902/2/902 888/3/888
f 904/1/904 916/2/916 879/3/879
f 905/1/905 904/2/904 880/3/880
f 881/1/881 908/2/908 905/3/905
f 895/1/895 906/2/906 889/3/889
f 882/1/882 906/2/906 907/3/907
f 907/1/907 908/2/908 890/3/890
f 918/1/918 883/2/883 901/3/901
f 909/1/909 883/2/883 918/3/918
f 892/1/892 891/2/891 909/3/909
f 910/1/910 892/2/892 919/3/919
f 893/1/893 910/2/910 920/3/920
f 893/1/893 920/2/920 911/3/911
f 894/1/894 911/2/911 921/3/921
f 912/1/912 894/2/894 921/3/921
f 895/1/895 912/2/912 906/3/906
f 896/1/896 922/2/922 913/3/913
f 898/1/898 923/2/923 896/3/896
f 897/1/897 924/2/924 900/3/900
f 897/1/897 913/2/913 925/3/925
f 898/1/898 914/2/914 923/3/923
f 914/1/914 899/2/899 926/3/926
f 927/1/927 901/2/901 900/3/900
f 928/1/928 899/2/899 915/3/915
f 902/1/902 929/2/929 903/3/903
f 903/1/903 928/2/928 915/3/915
f 916/1/916 917/2/917 888/3/888
f 917/1/917 930/2/930 902/3/902
f 904/1/904 931/2/931 916/3/916
f 905/1/905 932/2/932 904/3/904
f 908/1/908 933/2/933 905/3/905
f 907/1/907 906/2/906 934/3/934
f 907/1/907 934/2/934 908/3/908
f 918/1/918 901/2/901 927/3/927
f 909/1/909 918/2/918 935/3/935
f 892/1/892 909/2/909 919/3/919
f 910/1/910 919/2/919 936/3/936
f 920/1/920 910/2/910 936/3/936
f 911/1/911 920/2/920 937/3/937
f 921/1/921 911/2/911 938/3/938
f 912/1/912 921/2/921 906/3/906
f 896/1/896 939/2/939 922/3/922
f 913/1/913 922/2/922 925/3/925
f 896/1/896 923/2/923 939/3/939
f 927/1/927 900/2/900 924/3/924
f 897/1/897 925/2/925 924/3/924
f 914/1/914 940/2/940 923/3/923
f 914/1/914 926/2/926 940/3/940
f 928/1/928 926/2/926 899/3/899
f 930/1/930 929/2/929 902/3/902
f 929/1/929 941/2/941 903/3/903
f 941/1/941 928/2/928 903/3/903
f 931/1/931 917/2/917 916/3/916
f 942/1/942 930/2/930 917/3/917
f 932/1/932 931/2/931 904/3/904
f 905/1/905 933/2/933 932/3/932
f 908/1/908 943/2/943 933/3/933
f 906/1/906 944/2/944 934/3/934
f 934/1/934 943/2/943 908/3/908
f 945/1/945 918/2/918 927/3/927
f 935/1/935 918/2/918 945/3/945
f 946/1/946 909/2/909 935/3/935
f 919/1/919 909/2/909 946/3/946
f 936/1/936 919/2/919 946/3/946
f 920/1/920 936/2/936 947/3/947
f 937/1/937 920/2/920 948/3/948
f 938/1/938 911/2/911 937/3/937
f 944/1/944 921/2/921 938/3/938
f 906/1/906 921/2/921 944/3/944
f 939/1/939 949/2/949 922/3/922
f 922/1/922 949/2/949 925/3/925
f 939/1/939 923/2/923 950/3/950
f 951/1/951 927/2/927 924/3/924
f 924/1/924 925/2/925 952/3/952
f 940/1/940 953/2/953 923/3/923
f 940/1/940 926/2/926 953/3/953
f 954/1/954 926/2/926 928/3/928
f 930/1/930 955/2/955 929/3/929
f 955/1/955 941/2/941 929/3/929
f 941/1/941 954/2/954 928/3/928
f 931/1/931 942/2/942 917/3/917
f 942/1/942 956/2/956 930/3/930
f 932/1/932 942/2/942 931/3/931
f 933/1/933 957/2/957 932/3/932
f 933/1/933 943/2/943 958/3/958
f 934/1/934 944/2/944 943/3/943
f 945/1/945 927/2/927 951/3/951
f 935/1/935 945/2/945 959/3/959
f 946/1/946 935/2/935 960/3/960
f 936/1/936 946/2/946 947/3/947
f 920/1/920 947/2/947 961/3/961
f 920/1/920 961/2/961 948/3/948
f 937/1/937 948/2/948 962/3/962
f 938/1/938 937/2/937 963/3/963
f 944/1/944 938/2/938 964/3/964
f 939/1/939 965/2/965 949/3/949
f 925/1/925 949/2/949 966/3/966
f 939/1/939 950/2/950 965/3/965
f 923/1/923 953/2/953 950/3/950
f 951/1/951 924/2/924 952/3/952
f 925/1/925 966/2/966 952/3/952
f 926/1/926 967/2/967 953/3/953
f 954/1/954 967/2/967 926/3/926
f 930/1/930 968/2/968 955/3/955
f 955/1/955 969/2/969 941/3/941
f 969/1/969 954/2/954 941/3/941
f 956/1/956 968/2/968 930/3/930
f 970/1/970 956/2/956 942/3/942
f 932/1/932 971/2/971 942/3/942
f 932/1/932 957/2/957 971/3/971
f 933/1/933 958/2/958 957/3/957
f 943/1/943 972/2/972 958/3/958
f 944/1/944 964/2/964 943/3/943
f 959/1/959 945/2/945 951/3/951
f 935/1/935 959/2/959 960/3/960
f 946/1/946 960/2/960 973/3/973
f 947/1/947 946/2/946 973/3/973
f 961/1/961 947/2/947 974/3/974
f 948/1/948 961/2/961 975/3/975
f 962/1/962 948/2/948 976/3/976
f 937/1/937 962/2/962 963/3/963
f 938/1/938 963/2/963 964/3/964
f 949/1/949 965/2/965 977/3/977
f 949/1/949 978/2/978 966/3/966
f 950/1/950 979/2/979 965/3/965
f 953/1/953 980/2/980 950/3/950
f 981/1/981 951/2/951 952/3/952
f 952/1/952 966/2/966 982/3/982
f 953/1/953 967/2/967 983/3/983
f 984/1/984 967/2/967 954/3/954
f 968/1/968 985/2/985 955/3/955
f 955/1/955 985/2/985 969/3/969
f 969/1/969 984/2/984 954/3/954
f 956/1/956 986/2/986 968/3/968
f 970/1/970 987/2/987 956/3/956
f 971/1/971 970/2/970 942/3/942
f 957/1/957 988/2/988 971/3/971
f 958/1/958 989/2/989 957/3/957
f 958/1/958 972/2/972 990/3/990
f 964/1/964 972/2/972 943/3/943
f 959/1/959 951/2/951 981/3/981
f 960/1/960 959/2/959 991/3/991
f 973/1/973 960/2/960 992/3/992
f 947/1/947 973/2/973 974/3/974
f 961/1/961 974/2/974 975/3/975
f 948/1/948 975/2/975 976/3/976
f 962/1/962 976/2/976 993/3/993
f 972/1/972 963/2/963 962/3/962
f 964/1/964 963/2/963 972/3/972
f 949/1/949 977/2/977 978/3/978
f 965/1/965 979/2/979 977/3/977
f 966/1/966 978/2/978 982/3/982
f 950/1/950 980/2/980 979/3/979
f 953/1/953 983/2/983 980/3/980
f 981/1/981 952/2/952 994/3/994
f 952/1/952 982/2/982 994/3/994
f 984/1/984 983/2/983 967/3/967
f 968/1/968 986/2/986 985/3/985
f 985/1/985 995/2/995 969/3/969
f 995/1/995 984/2/984 969/3/969
f 956/1/956 996/2/996 986/3/986
f 987/1/987 996/2/996 956/3/956
f 970/1/970 988/2/988 987/3/987
f 971/1/971 988/2/988 970/3/970
f 957/1/957 989/2/989 988/3/988
f 958/1/958 990/2/990 989/3/989
f 972/1/972 962/2/962 990/3/990
f 991/1/991 959/2/959 981/3/981
f 960/1/960 991/2/991 992/3/992
f 973/1/973 992/2/992 997/3/997
f 974/1/974 973/2/973 998/3/998
f 975/1/975 974/2/974 999/3/999
f 975/1/975 999/2/999 976/3/976
f 976/1/976 1000/2/1000 993/3/993
f 962/1/962 993/2/993 1001/3/1001
f 978/1/978 977/2/977 1002/3/1002
f 977/1/977 979/2/979 1003/3/1003
f 982/1/982 978/2/978 1004/3/1004
f 979/1/979 980/2/980 1005/3/1005
f 980/1/980 983/2/983 1006/3/1006
f 981/1/981 994/2/994 1007/3/1007
f 994/1/994 982/2/982 1008/3/1008
f 983/1/983 984/2/984 1009/3/1009
f 986/1/986 1010/2/1010 985/3/985
f 985/1/985 1011/2/1011 995/3/995
f 1009/1/1009 984/2/984 995/3/995
f 996/1/996 1010/2/1010 986/3/986
f 987/1/987 1012/2/1012 996/3/996
f 988/1/988 1013/2/1013 987/3/987
f 988/1/988 989/2/989 1013/3/1013
f 989/1/989 990/2/990 1001/3/1001
f 962/1/962 1001/2/1001 990/3/990
f 991/1/991 981/2/981 1007/3/1007
f 992/1/992 991/2/991 1014/3/1014
f 992/1/992 1015/2/1015 997/3/997
f 998/1/998 973/2/973 997/3/997
f 999/1/999 974/2/974 998/3/998
f 976/1/976 999/2/999 1000/3/1000
f 993/1/993 1000/2/1000 1016/3/1016
f 1001/1/1001 993/2/993 1016/3/1016
f 978/1/978 1002/2/1002 1004/3/1004
f 977/1/977 1003/2/1003 1002/3/1002
f 1003/1/1003 979/2/979 1005/3/1005
f 982/1/982 1004/2/1004 1017/3/1017
f 1005/1/1005 980/2/980 1006/3/1006
f 1006/1/1006 983/2/983 1009/3/1009
f 1007/1/1007 994/2/994 1008/3/1008
f 1008/1/1008 982/2/982 1017/3/1017
f 1010/1/1010 1011/2/1011 985/3/985
f 1018/1/1018 995/2/995 1011/3/1011
f 1009/1/1009 995/2/995 1018/3/1018
f 996/1/996 1019/2/1019 1010/3/1010
f 1012/1/1012 1019/2/1019 996/3/996
f 987/1/987 1020/2/1020 1012/3/1012
f 1013/1/1013 1020/2/1020 987/3/987
f 989/1/989 1021/2/1021 1013/3/1013
f 989/1/989 1001/2/1001 1021/3/1021
f 991/1/991 1007/2/1007 1014/3/1014
f 992/1/992 1014/2/1014 1015/3/1015
f 997/1/997 1015/2/1015 1022/3/1022
f 997/1/997 1022/2/1022 998/3/998
f 998/1/998 1023/2/1023 999/3/999
f 999/1/999 1024/2/1024 1000/3/1000
f 1000/1/1000 1025/2/1025 1016/3/1016
f 1001/1/1001 1016/2/1016 1026/3/1026
f 1004/1/1004 1002/2/1002 1027/3/1027
f 1002/1/1002 1003/2/1003 1028/3/1028
f 1003/1/1003 1005/2/1005 1029/3/1029
f 1017/1/1017 1004/2/1004 1027/3/1027
f 1029/1/1029 1005/2/1005 1006/3/1006
f 1030/1/1030 1006/2/1006 1009/3/1009
f 1007/1/1007 1008/2/1008 1031/3/1031
f 1008/1/1008 1017/2/1017 1032/3/1032
f 1033/1/1033 1011/2/1011 1010/3/1010
f 1018/1/1018 1011/2/1011 1034/3/1034
f 1035/1/1035 1009/2/1009 1018/3/1018
f 1033/1/1033 1010/2/1010 1019/3/1019
f 1036/1/1036 1019/2/1019 1012/3/1012
f 1037/1/1037 1012/2/1012 1020/3/1020
f 1013/1/1013 1038/2/1038 1020/3/1020
f 1013/1/1013 1021/2/1021 1038/3/1038
f 1001/1/1001 1026/2/1026 1021/3/1021
f 1014/1/1014 1007/2/1007 1031/3/1031
f 1015/1/1015 1014/2/1014 1039/3/1039
f 1015/1/1015 1040/2/1040 1022/3/1022
f 998/1/998 1022/2/1022 1023/3/1023
f 1023/1/1023 1024/2/1024 999/3/999
f 1024/1/1024 1041/2/1041 1000/3/1000
f 1000/1/1000 1041/2/1041 1025/3/1025
f 1016/1/1016 1025/2/1025 1026/3/1026
f 1027/1/1027 1002/2/1002 1042/3/1042
f 1042/1/1042 1002/2/1002 1028/3/1028
f 1028/1/1028 1003/2/1003 1029/3/1029
f 1017/1/1017 1027/2/1027 1043/3/1043
f 1029/1/1029 1006/2/1006 1030/3/1030
f 1030/1/1030 1009/2/1009 1044/3/1044
f 1008/1/1008 1032/2/1032 1031/3/1031
f 1032/1/1032 1017/2/1017 1043/3/1043
f 1033/1/1033 1034/2/1034 1011/3/1011
f 1045/1/1045 1018/2/1018 1034/3/1034
f 1035/1/1035 1018/2/1018 1045/3/1045
f 1044/1/1044 1009/2/1009 1035/3/1035
f 1046/1/1046 1033/2/1033 1019/3/1019
f 1036/1/1036 1046/2/1046 1019/3/1019
f 1037/1/1037 1036/2/1036 1012/3/1012
f 1047/1/1047 1037/2/1037 1020/3/1020
f 1047/1/1047 1020/2/1020 1038/3/1038
f 1021/1/1021 1026/2/1026 1038/3/1038
f 1014/1/1014 1031/2/1031 1039/3/1039
f 1015/1/1015 1039/2/1039 1040/3/1040
f 1022/1/1022 1040/2/1040 1048/3/1048
f 1022/1/1022 1048/2/1048 1023/3/1023
f 1023/1/1023 1049/2/1049 1024/3/1024
f 1024/1/1024 1050/2/1050 1041/3/1041
f 1041/1/1041 1050/2/1050 1025/3/1025
f 1025/1/1025 1051/2/1051 1026/3/1026
f 1027/1/1027 1042/2/1042 1052/3/1052
f 1042/1/1042 1028/2/1028 1053/3/1053
f 1053/1/1053 1028/2/1028 1029/3/1029
f 1043/1/1043 1027/2/1027 1054/3/1054
f 1055/1/1055 1029/2/1029 1030/3/1030
f 1055/1/1055 1030/2/1030 1044/3/1044
f 1031/1/1031 1032/2/1032 1056/3/1056
f 1032/1/1032 1043/2/1043 1056/3/1056
f 1045/1/1045 1034/2/1034 1033/3/1033
f 1057/1/1057 1035/2/1035 1045/3/1045
f 1057/1/1057 1044/2/1044 1035/3/1035
f 1058/1/1058 1033/2/1033 1046/3/1046
f 1059/1/1059 1046/2/1046 1036/3/1036
f 1037/1/1037 1059/2/1059 1036/3/1036
f 1060/1/1060 1037/2/1037 1047/3/1047
f 1051/1/1051 1047/2/1047 1038/3/1038
f 1026/1/1026 1051/2/1051 1038/3/1038
f 1039/1/1039 1031/2/1031 1061/3/1061
f 1040/1/1040 1039/2/1039 1062/3/1062
f 1040/1/1040 1063/2/1063 1048/3/1048
f 1023/1/1023 1048/2/1048 1049/3/1049
f 1024/1/1024 1049/2/1049 1064/3/1064
f 1024/1/1024 1064/2/1064 1050/3/1050
f 1050/1/1050 1065/2/1065 1025/3/1025
f 1025/1/1025 1066/2/1066 1051/3/1051
f 1027/1/1027 1052/2/1052 1067/3/1067
f 1042/1/1042 1053/2/1053 1052/3/1052
f 1053/1/1053 1029/2/1029 1068/3/1068
f 1054/1/1054 1027/2/1027 1067/3/1067
f 1043/1/1043 1054/2/1054 1056/3/1056
f 1068/1/1068 1029/2/1029 1055/3/1055
f 1055/1/1055 1044/2/1044 1069/3/1069
f 1031/1/1031 1056/2/1056 1061/3/1061
f 1070/1/1070 1045/2/1045 1033/3/1033
f 1057/1/1057 1045/2/1045 1071/3/1071
f 1069/1/1069 1044/2/1044 1057/3/1057
f 1058/1/1058 1070/2/1070 1033/3/1033
f 1059/1/1059 1058/2/1058 1046/3/1046
f 1072/1/1072 1059/2/1059 1037/3/1037
f 1060/1/1060 1072/2/1072 1037/3/1037
f 1051/1/1051 1060/2/1060 1047/3/1047
f 1039/1/1039 1061/2/1061 1062/3/1062
f 1040/1/1040 1062/2/1062 1073/3/1073
f 1040/1/1040 1073/2/1073 1063/3/1063
f 1048/1/1048 1063/2/1063 1049/3/1049
f 1049/1/1049 1074/2/1074 1064/3/1064
f 1064/1/1064 1075/2/1075 1050/3/1050
f 1050/1/1050 1076/2/1076 1065/3/1065
f 1025/1/1025 1065/2/1065 1066/3/1066
f 1066/1/1066 1060/2/1060 1051/3/1051
f 1067/1/1067 1052/2/1052 1077/3/1077
f 1052/1/1052 1053/2/1053 1078/3/1078
f 1079/1/1079 1053/2/1053 1068/3/1068
f 1054/1/1054 1067/2/1067 1080/3/1080
f 1056/1/1056 1054/2/1054 1080/3/1080
f 1079/1/1079 1068/2/1068 1055/3/1055
f 1081/1/1081 1055/2/1055 1069/3/1069
f 1061/1/1061 1056/2/1056 1082/3/1082
f 1083/1/1083 1045/2/1045 1070/3/1070
f 1083/1/1083 1071/2/1071 1045/3/1045
f 1084/1/1084 1057/2/1057 1071/3/1071
f 1084/1/1084 1069/2/1069 1057/3/1057
f 1085/1/1085 1070/2/1070 1058/3/1058
f 1086/1/1086 1058/2/1058 1059/3/1059
f 1087/1/1087 1059/2/1059 1072/3/1072
f 1088/1/1088 1072/2/1072 1060/3/1060
f 1062/1/1062 1061/2/1061 1089/3/1089
f 1073/1/1073 1062/2/1062 1090/3/1090
f 1073/1/1073 1090/2/1090 1063/3/1063
f 1049/1/1049 1063/2/1063 1074/3/1074
f 1064/1/1064 1074/2/1074 1075/3/1075
f 1050/1/1050 1075/2/1075 1076/3/1076
f 1076/1/1076 1091/2/1091 1065/3/1065
f 1065/1/1065 1091/2/1091 1066/3/1066
f 1092/1/1092 1060/2/1060 1066/3/1066
f 1067/1/1067 1077/2/1077 1080/3/1080
f 1077/1/1077 1052/2/1052 1093/3/1093
f 1052/1/1052 1078/2/1078 1093/3/1093
f 1078/1/1078 1053/2/1053 1079/3/1079
f 1056/1/1056 1080/2/1080 1094/3/1094
f 1079/1/1079 1055/2/1055 1081/3/1081
f 1081/1/1081 1069/2/1069 1095/3/1095
f 1056/1/1056 1094/2/1094 1082/3/1082
f 1061/1/1061 1082/2/1082 1089/3/1089
f 1085/1/1085 1083/2/1083 1070/3/1070
f 1096/1/1096 1071/2/1071 1083/3/1083
f 1084/1/1084 1071/2/1071 1097/3/1097
f 1095/1/1095 1069/2/1069 1084/3/1084
f 1086/1/1086 1085/2/1085 1058/3/1058
f 1087/1/1087 1086/2/1086 1059/3/1059
f 1088/1/1088 1087/2/1087 1072/3/1072
f 1092/1/1092 1088/2/1088 1060/3/1060
f 1062/1/1062 1089/2/1089 1090/3/1090
f 1063/1/1063 1090/2/1090 1098/3/1098
f 1063/1/1063 1099/2/1099 1074/3/1074
f 1074/1/1074 1099/2/1099 1075/3/1075
f 1075/1/1075 1100/2/1100 1076/3/1076
f 1076/1/1076 1100/2/1100 1091/3/1091
f 1091/1/1091 1092/2/1092 1066/3/1066
f 1080/1/1080 1077/2/1077 1101/3/1101
f 1077/1/1077 1093/2/1093 1101/3/1101
f 1101/1/1101 1093/2/1093 1078/3/1078
f 1101/1/1101 1078/2/1078 1079/3/1079
f 1094/1/1094 1080/2/1080 1101/3/1101
f 1101/1/1101 1079/2/1079 1081/3/1081
f 1101/1/1101 1081/2/1081 1095/3/1095
f 1082/1/1082 1094/2/1094 1101/3/1101
f 1089/1/1089 1082/2/1082 1101/3/1101
f 1102/1/1102 1083/2/1083 1085/3/1085
f 1096/1/1096 1097/2/1097 1071/3/1071
f 1102/1/1102 1096/2/1096 1083/3/1083
f 1101/1/1101 1084/2/1084 1097/3/1097
f 1101/1/1101 1095/2/1095 1084/3/1084
f 1102/1/1102 1085/2/1085 1086/3/1086
f 1103/1/1103 1086/2/1086 1087/3/1087
f 1104/1/1104 1087/2/1087 1088/3/1088
f 1092/1/1092 1105/2/1105 1088/3/1088
f 1090/1/1090 1089/2/1089 1101/3/1101
f 1090/1/1090 1101/2/1101 1098/3/1098
f 1063/1/1063 1098/2/1098 1099/3/1099
f 1075/1/1075 1099/2/1099 1106/3/1106
f 1075/1/1075 1106/2/1106 1100/3/1100
f 1091/1/1091 1100/2/1100 1107/3/1107
f 1091/1/1091 1107/2/1107 1092/3/1092
f 1101/1/1101 1097/2/1097 1096/3/1096
f 1101/1/1101 1096/2/1096 1102/3/1102
f 1108/1/1108 1102/2/1102 1086/3/1086
f 1103/1/1103 1108/2/1108 1086/3/1086
f 1104/1/1104 1103/2/1103 1087/3/1087
f 1105/1/1105 1104/2/1104 1088/3/1088
f 1107/1/1107 1105/2/1105 1092/3/1092
f 1098/1/1098 1101/2/1101 1099/3/1099
f 1099/1/1099 1101/2/1101 1106/3/1106
f 1106/1/1106 1101/2/1101 1100/3/1100
f 1100/1/1100 1101/2/1101 1107/3/1107
f 1101/1/1101 1102/2/1102 1108/3/1108
f 1101/1/1101 1108/2/1108 1103/3/1103
f 1101/1/1101 1103/2/1103 1104/3/1104
f 1101/1/1101 1104/2/1104 1105/3/1105
f 1107/1/1107 1101/2/1101 1105/3/1105
f 1109/1/1109 1110/2/1110 1111/3/1111
f 1109/1/1109 1111/2/1111 1112/3/1112
f 1111/1/1111 1110/2/1110 1113/3/1113
f 1114/1/1114 1110/2/1110 1109/3/1109
f 1111/1/1111 1113/2/1113 1112/3/1112
f 1115/1/1115 1109/2/1109 1112/3/1112
f 1113/1/1113 1110/2/1110 1116/3/1116
f 1114/1/1114 1109/2/1109 1115/3/1115
f 1117/1/1117 1110/2/1110 1114/3/1114
f 1112/1/1112 1113/2/1113 1118/3/1118
f 1115/1/1115 1112/2/1112 1119/3/1119
f 1113/1/1113 1116/2/1116 1118/3/1118
f 1116/1/1116 1110/2/1110 1120/3/1120
f 1121/1/1121 1114/2/1114 1115/3/1115
f 1122/1/1122 1117/2/1117 1114/3/1114
f 1117/1/1117 1123/2/1123 1110/3/1110
f 1112/1/1112 1118/2/1118 1124/3/1124
f 1119/1/1119 1112/2/1112 1124/3/1124
f 1121/1/1121 1115/2/1115 1119/3/1119
f 1118/1/1118 1116/2/1116 1125/3/1125
f 1116/1/1116 1120/2/1120 1125/3/1125
f 1110/1/1110 1126/2/1126 1120/3/1120
f 1122/1/1122 1114/2/1114 1121/3/1121
f 1127/1/1127 1117/2/1117 1122/3/1122
f 1127/1/1127 1123/2/1123 1117/3/1117
f 1123/1/1123 1128/2/1128 1110/3/1110
f 1124/1/1124 1118/2/1118 1129/3/1129
f 1119/1/1119 1124/2/1124 1130/3/1130
f 1131/1/1131 1121/2/1121 1119/3/1119
f 1118/1/1118 1125/2/1125 1129/3/1129
f 1125/1/1125 1120/2/1120 1132/3/1132
f 1120/1/1120 1126/2/1126 1132/3/1132
f 1110/1/1110 1133/2/1133 1126/3/1126
f 1122/1/1122 1121/2/1121 1131/3/1131
f 1134/1/1134 1127/2/1127 1122/3/1122
f 1127/1/1127 1135/2/1135 1123/3/1123
f 1135/1/1135 1128/2/1128 1123/3/1123
f 1128/1/1128 1136/2/1136 1110/3/1110
f 1124/1/1124 1129/2/1129 1137/3/1137
f 1138/1/1138 1119/2/1119 1130/3/1130
f 1130/1/1130 1124/2/1124 1137/3/1137
f 1139/1/1139 1131/2/1131 1119/3/1119
f 1129/1/1129 1125/2/1125 1140/3/1140
f 1125/1/1125 1132/2/1132 1140/3/1140
f 1126/1/1126 1141/2/1141 1132/3/1132
f 1126/1/1126 1133/2/1133 1141/3/1141
f 1110/1/1110 1142/2/1142 1133/3/1133
f 1143/1/1143 1122/2/1122 1131/3/1131
f 1143/1/1143 1134/2/1134 1122/3/1122
f 1134/1/1134 1144/2/1144 1127/3/1127
f 1144/1/1144 1135/2/1135 1127/3/1127
f 1135/1/1135 1145/2/1145 1128/3/1128
f 1145/1/1145 1136/2/1136 1128/3/1128
f 1136/1/1136 1146/2/1146 1110/3/1110
f 1137/1/1137 1129/2/1129 1147/3/1147
f 1139/1/1139 1119/2/1119 1138/3/1138
f 1138/1/1138 1130/2/1130 1148/3/1148
f 1130/1/1130 1137/2/1137 1149/3/1149
f 1150/1/1150 1131/2/1131 1139/3/1139
f 1129/1/1129 1140/2/1140 1147/3/1147
f 1140/1/1140 1132/2/1132 1151/3/1151
f 1132/1/1132 1141/2/1141 1151/3/1151
f 1133/1/1133 1152/2/1152 1141/3/1141
f 1133/1/1133 1142/2/1142 1152/3/1152
f 1110/1/1110 1153/2/1153 1142/3/1142
f 1150/1/1150 1143/2/1143 1131/3/1131
f 1154/1/1154 1134/2/1134 1143/3/1143
f 1154/1/1154 1144/2/1144 1134/3/1134
f 1144/1/1144 1155/2/1155 1135/3/1135
f 1155/1/1155 1145/2/1145 1135/3/1135
f 1145/1/1145 1156/2/1156 1136/3/1136
f 1156/1/1156 1146/2/1146 1136/3/1136
f 1146/1/1146 1157/2/1157 1110/3/1110
f 1137/1/1137 1147/2/1147 1149/3/1149
f 1158/1/1158 1139/2/1139 1138/3/1138
f 1159/1/1159 1138/2/1138 1148/3/1148
f 1148/1/1148 1130/2/1130 1149/3/1149
f 1160/1/1160 1150/2/1150 1139/3/1139
f 1140/1/1140 1151/2/1151 1147/3/1147
f 1141/1/1141 1161/2/1161 1151/3/1151
f 1141/1/1141 1152/2/1152 1161/3/1161
f 1142/1/1142 1162/2/1162 1152/3/1152
f 1142/1/1142 1153/2/1153 1162/3/1162
f 1110/1/1110 1163/2/1163 1153/3/1153
f 1150/1/1150 1154/2/1154 1143/3/1143
f 1164/1/1164 1144/2/1144 1154/3/1154
f 1165/1/1165 1155/2/1155 1144/3/1144
f 1155/1/1155 1166/2/1166 1145/3/1145
f 1166/1/1166 1156/2/1156 1145/3/1145
f 1156/1/1156 1157/2/1157 1146/3/1146
f 1157/1/1157 1167/2/1167 1110/3/1110
f 1149/1/1149 1147/2/1147 1168/3/1168
f 1160/1/1160 1139/2/1139 1158/3/1158
f 1158/1/1158 1138/2/1138 1159/3/1159
f 1169/1/1169 1159/2/1159 1148/3/1148
f 1148/1/1148 1149/2/1149 1170/3/1170
f 1154/1/1154 1150/2/1150 1160/3/1160
f 1147/1/1147 1151/2/1151 1171/3/1171
f 1151/1/1151 1161/2/1161 1172/3/1172
f 1152/1/1152 1173/2/1173 1161/3/1161
f 1152/1/1152 1162/2/1162 1174/3/1174
f 1153/1/1153 1175/2/1175 1162/3/1162
f 1153/1/1153 1163/2/1163 1175/3/1175
f 1110/1/1110 1176/2/1176 1163/3/1163
f 1164/1/1164 1165/2/1165 1144/3/1144
f 1177/1/1177 1164/2/1164 1154/3/1154
f 1165/1/1165 1178/2/1178 1155/3/1155
f 1178/1/1178 1166/2/1166 1155/3/1155
f 1166/1/1166 1179/2/1179 1156/3/1156
f 1156/1/1156 1179/2/1179 1157/3/1157
f 1179/1/1179 1167/2/1167 1157/3/1157
f 1167/1/1167 1180/2/1180 1110/3/1110
f 1149/1/1149 1168/2/1168 1170/3/1170
f 1168/1/1168 1147/2/1147 1181/3/1181
f 1160/1/1160 1158/2/1158 1182/3/1182
f 1182/1/1182 1158/2/1158 1159/3/1159
f 1182/1/1182 1159/2/1159 1169/3/1169
f 1169/1/1169 1148/2/1148 1183/3/1183
f 1183/1/1183 1148/2/1148 1170/3/1170
f 1184/1/1184 1154/2/1154 1160/3/1160
f 1147/1/1147 1171/2/1171 1181/3/1181
f 1151/1/1151 1172/2/1172 1171/3/1171
f 1161/1/1161 1173/2/1173 1172/3/1172
f 1152/1/1152 1174/2/1174 1173/3/1173
f 1162/1/1162 1175/2/1175 1174/3/1174
f 1163/1/1163 1185/2/1185 1175/3/1175
f 1163/1/1163 1176/2/1176 1185/3/1185
f 1110/1/1110 1186/2/1186 1176/3/1176
f 1187/1/1187 1165/2/1165 1164/3/1164
f 1184/1/1184 1177/2/1177 1154/3/1154
f 1177/1/1177 1187/2/1187 1164/3/1164
f 1188/1/1188 1178/2/1178 1165/3/1165
f 1178/1/1178 1189/2/1189 1166/3/1166
f 1166/1/1166 1189/2/1189 1179/3/1179
f 1179/1/1179 1190/2/1190 1167/3/1167
f 1167/1/1167 1191/2/1191 1180/3/1180
f 1180/1/1180 1192/2/1192 1110/3/1110
f 1170/1/1170 1168/2/1168 1193/3/1193
f 1168/1/1168 1181/2/1181 1193/3/1193
f 1194/1/1194 1160/2/1160 1182/3/1182
f 1169/1/1169 1195/2/1195 1182/3/1182
f 1169/1/1169 1183/2/1183 1196/3/1196
f 1183/1/1183 1170/2/1170 1197/3/1197
f 1194/1/1194 1184/2/1184 1160/3/1160
f 1171/1/1171 1172/2/1172 1181/3/1181
f 1173/1/1173 1198/2/1198 1172/3/1172
f 1173/1/1173 1174/2/1174 1198/3/1198
f 1175/1/1175 1199/2/1199 1174/3/1174
f 1185/1/1185 1200/2/1200 1175/3/1175
f 1176/1/1176 1201/2/1201 1185/3/1185
f 1176/1/1176 1186/2/1186 1201/3/1201
f 1202/1/1202 1186/2/1186 1110/3/1110
f 1187/1/1187 1188/2/1188 1165/3/1165
f 1203/1/1203 1177/2/1177 1184/3/1184
f 1203/1/1203 1187/2/1187 1177/3/1177
f 1188/1/1188 1204/2/1204 1178/3/1178
f 1178/1/1178 1205/2/1205 1189/3/1189
f 1189/1/1189 1190/2/1190 1179/3/1179
f 1190/1/1190 1191/2/1191 1167/3/1167
f 1191/1/1191 1206/2/1206 1180/3/1180
f 1180/1/1180 1206/2/1206 1192/3/1192
f 1192/1/1192 1207/2/1207 1110/3/1110
f 1197/1/1197 1170/2/1170 1193/3/1193
f 1193/1/1193 1181/2/1181 1208/3/1208
f 1209/1/1209 1194/2/1194 1182/3/1182
f 1195/1/1195 1209/2/1209 1182/3/1182
f 1210/1/1210 1195/2/1195 1169/3/1169
f 1210/1/1210 1169/2/1169 1196/3/1196
f 1196/1/1196 1183/2/1183 1197/3/1197
f 1211/1/1211 1184/2/1184 1194/3/1194
f 1172/1/1172 1212/2/1212 1181/3/1181
f 1172/1/1172 1198/2/1198 1212/3/1212
f 1174/1/1174 1213/2/1213 1198/3/1198
f 1174/1/1174 1199/2/1199 1213/3/1213
f 1175/1/1175 1200/2/1200 1199/3/1199
f 1185/1/1185 1201/2/1201 1200/3/1200
f 1186/1/1186 1214/2/1214 1201/3/1201
f 1202/1/1202 1214/2/1214 1186/3/1186
f 1207/1/1207 1202/2/1202 1110/3/1110
f 1215/1/1215 1188/2/1188 1187/3/1187
f 1211/1/1211 1203/2/1203 1184/3/1184
f 1215/1/1215 1187/2/1187 1203/3/1203
f 1216/1/1216 1204/2/1204 1188/3/1188
f 1204/1/1204 1205/2/1205 1178/3/1178
f 1205/1/1205 1217/2/1217 1189/3/1189
f 1189/1/1189 1217/2/1217 1190/3/1190
f 1190/1/1190 1217/2/1217 1191/3/1191
f 1191/1/1191 1218/2/1218 1206/3/1206
f 1206/1/1206 1219/2/1219 1192/3/1192
f 1192/1/1192 1219/2/1219 1207/3/1207
f 1220/1/1220 1197/2/1197 1193/3/1193
f 1220/1/1220 1193/2/1193 1208/3/1208
f 1181/1/1181 1212/2/1212 1208/3/1208
f 1194/1/1194 1209/2/1209 1211/3/1211
f 1221/1/1221 1209/2/1209 1195/3/1195
f 1210/1/1210 1222/2/1222 1195/3/1195
f 1196/1/1196 1223/2/1223 1210/3/1210
f 1224/1/1224 1196/2/1196 1197/3/1197
f 1198/1/1198 1225/2/1225 1212/3/1212
f 1198/1/1198 1213/2/1213 1225/3/1225
f 1199/1/1199 1226/2/1226 1213/3/1213
f 1199/1/1199 1200/2/1200 1226/3/1226
f 1201/1/1201 1227/2/1227 1200/3/1200
f 1214/1/1214 1228/2/1228 1201/3/1201
f 1229/1/1229 1214/2/1214 1202/3/1202
f 1207/1/1207 1229/2/1229 1202/3/1202
f 1216/1/1216 1188/2/1188 1215/3/1215
f 1211/1/1211 1230/2/1230 1203/3/1203
f 1231/1/1231 1215/2/1215 1203/3/1203
f 1216/1/1216 1232/2/1232 1204/3/1204
f 1204/1/1204 1233/2/1233 1205/3/1205
f 1205/1/1205 1233/2/1233 1217/3/1217
f 1217/1/1217 1218/2/1218 1191/3/1191
f 1218/1/1218 1234/2/1234 1206/3/1206
f 1206/1/1206 1235/2/1235 1219/3/1219
f 1219/1/1219 1229/2/1229 1207/3/1207
f 1224/1/1224 1197/2/1197 1220/3/1220
f 1236/1/1236 1220/2/1220 1208/3/1208
f 1212/1/1212 1237/2/1237 1208/3/1208
f 1209/1/1209 1238/2/1238 1211/3/1211
f 1221/1/1221 1239/2/1239 1209/3/1209
f 1222/1/1222 1221/2/1221 1195/3/1195
f 1223/1/1223 1222/2/1222 1210/3/1210
f 1223/1/1223 1196/2/1196 1224/3/1224
f 1212/1/1212 1225/2/1225 1237/3/1237
f 1213/1/1213 1240/2/1240 1225/3/1225
f 1213/1/1213 1226/2/1226 1240/3/1240
f 1200/1/1200 1241/2/1241 1226/3/1226
f 1200/1/1200 1227/2/1227 1241/3/1241
f 1228/1/1228 1227/2/1227 1201/3/1201
f 1229/1/1229 1228/2/1228 1214/3/1214
f 1242/1/1242 1216/2/1216 1215/3/1215
f 1238/1/1238 1230/2/1230 1211/3/1211
f 1230/1/1230 1231/2/1231 1203/3/1203
f 1231/1/1231 1242/2/1242 1215/3/1215
f 1232/1/1232 1243/2/1243 1204/3/1204
f 1216/1/1216 1242/2/1242 1232/3/1232
f 1204/1/1204 1244/2/1244 1233/3/1233
f 1233/1/1233 1245/2/1245 1217/3/1217
f 1217/1/1217 1245/2/1245 1218/3/1218
f 1234/1/1234 1235/2/1235 1206/3/1206
f 1218/1/1218 1246/2/1246 1234/3/1234
f 1235/1/1235 1247/2/1247 1219/3/1219
f 1219/1/1219 1247/2/1247 1229/3/1229
f 1248/1/1248 1224/2/1224 1220/3/1220
f 1249/1/1249 1220/2/1220 1236/3/1236
f 1236/1/1236 1208/2/1208 1237/3/1237
f 1209/1/1209 1250/2/1250 1238/3/1238
f 1239/1/1239 1250/2/1250 1209/3/1209
f 1221/1/1221 1251/2/1251 1239/3/1239
f 1252/1/1252 1221/2/1221 1222/3/1222
f 1223/1/1223 1253/2/1253 1222/3/1222
f 1254/1/1254 1223/2/1223 1224/3/1224
f 1225/1/1225 1255/2/1255 1237/3/1237
f 1240/1/1240 1256/2/1256 1225/3/1225
f 1226/1/1226 1257/2/1257 1240/3/1240
f 1241/1/1241 1258/2/1258 1226/3/1226
f 1227/1/1227 1259/2/1259 1241/3/1241
f 1228/1/1228 1260/2/1260 1227/3/1227
f 1229/1/1229 1247/2/1247 1228/3/1228
f 1238/1/1238 1261/2/1261 1230/3/1230
f 1230/1/1230 1261/2/1261 1231/3/1231
f 1231/1/1231 1262/2/1262 1242/3/1242
f 1243/1/1243 1244/2/1244 1204/3/1204
f 1232/1/1232 1263/2/1263 1243/3/1243
f 1242/1/1242 1263/2/1263 1232/3/1232
f 1244/1/1244 1264/2/1264 1233/3/1233
f 1233/1/1233 1264/2/1264 1245/3/1245
f 1245/1/1245 1246/2/1246 1218/3/1218
f 1234/1/1234 1265/2/1265 1235/3/1235
f 1246/1/1246 1265/2/1265 1234/3/1234
f 1235/1/1235 1266/2/1266 1247/3/1247
f 1267/1/1267 1224/2/1224 1248/3/1248
f 1248/1/1248 1220/2/1220 1249/3/1249
f 1249/1/1249 1236/2/1236 1268/3/1268
f 1236/1/1236 1237/2/1237 1268/3/1268
f 1250/1/1250 1261/2/1261 1238/3/1238
f 1239/1/1239 1269/2/1269 1250/3/1250
f 1252/1/1252 1251/2/1251 1221/3/1221
f 1251/1/1251 1269/2/1269 1239/3/1239
f 1253/1/1253 1252/2/1252 1222/3/1222
f 1254/1/1254 1253/2/1253 1223/3/1223
f 1270/1/1270 1254/2/1254 1224/3/1224
f 1268/1/1268 1237/2/1237 1255/3/1255
f 1225/1/1225 1256/2/1256 1255/3/1255
f 1240/1/1240 1271/2/1271 1256/3/1256
f 1257/1/1257 1271/2/1271 1240/3/1240
f 1226/1/1226 1258/2/1258 1257/3/1257
f 1241/1/1241 1272/2/1272 1258/3/1258
f 1259/1/1259 1272/2/1272 1241/3/1241
f 1260/1/1260 1259/2/1259 1227/3/1227
f 1266/1/1266 1260/2/1260 1228/3/1228
f 1247/1/1247 1266/2/1266 1228/3/1228
f 1261/1/1261 1273/2/1273 1231/3/1231
f 1231/1/1231 1273/2/1273 1262/3/1262
f 1242/1/1242 1262/2/1262 1263/3/1263
f 1243/1/1243 1274/2/1274 1244/3/1244
f 1243/1/1243 1263/2/1263 1275/3/1275
f 1244/1/1244 1274/2/1274 1264/3/1264
f 1264/1/1264 1276/2/1276 1245/3/1245
f 1245/1/1245 1276/2/1276 1246/3/1246
f 1235/1/1235 1265/2/1265 1266/3/1266
f 1246/1/1246 1277/2/1277 1265/3/1265
f 1270/1/1270 1224/2/1224 1267/3/1267
f 1267/1/1267 1248/2/1248 1278/3/1278
f 1278/1/1278 1248/2/1248 1249/3/1249
f 1249/1/1249 1268/2/1268 1279/3/1279
f 1250/1/1250 1280/2/1280 1261/3/1261
f 1269/1/1269 1280/2/1280 1250/3/1250
f 1281/1/1281 1251/2/1251 1252/3/1252
f 1282/1/1282 1269/2/1269 1251/3/1251
f 1253/1/1253 1283/2/1283 1252/3/1252
f 1254/1/1254 1284/2/1284 1253/3/1253
f 1284/1/1284 1254/2/1254 1270/3/1270
f 1268/1/1268 1255/2/1255 1285/3/1285
f 1255/1/1255 1256/2/1256 1285/3/1285
f 1256/1/1256 1271/2/1271 1286/3/1286
f 1257/1/1257 1258/2/1258 1271/3/1271
f 1272/1/1272 1287/2/1287 1258/3/1258
f 1259/1/1259 1288/2/1288 1272/3/1272
f 1260/1/1260 1288/2/1288 1259/3/1259
f 1266/1/1266 1289/2/1289 1260/3/1260
f 1261/1/1261 1290/2/1290 1273/3/1273
f 1273/1/1273 1290/2/1290 1262/3/1262
f 1262/1/1262 1291/2/1291 1263/3/1263
f 1274/1/1274 1243/2/1243 1292/3/1292
f 1243/1/1243 1275/2/1275 1292/3/1292
f 1263/1/1263 1291/2/1291 1275/3/1275
f 1274/1/1274 1293/2/1293 1264/3/1264
f 1264/1/1264 1293/2/1293 1276/3/1276
f 1246/1/1246 1276/2/1276 1277/3/1277
f 1265/1/1265 1289/2/1289 1266/3/1266
f 1265/1/1265 1277/2/1277 1289/3/1289
f 1294/1/1294 1270/2/1270 1267/3/1267
f 1294/1/1294 1267/2/1267 1278/3/1278
f 1278/1/1278 1249/2/1249 1295/3/1295
f 1249/1/1249 1279/2/1279 1295/3/1295
f 1279/1/1279 1268/2/1268 1296/3/1296
f 1280/1/1280 1290/2/1290 1261/3/1261
f 1269/1/1269 1297/2/1297 1280/3/1280
f 1281/1/1281 1298/2/1298 1251/3/1251
f 1283/1/1283 1281/2/1281 1252/3/1252
f 1298/1/1298 1282/2/1282 1251/3/1251
f 1282/1/1282 1297/2/1297 1269/3/1269
f 1284/1/1284 1283/2/1283 1253/3/1253
f 1299/1/1299 1284/2/1284 1270/3/1270
f 1268/1/1268 1285/2/1285 1296/3/1296
f 1256/1/1256 1286/2/1286 1285/3/1285
f 1271/1/1271 1300/2/1300 1286/3/1286
f 1258/1/1258 1301/2/1301 1271/3/1271
f 1288/1/1288 1287/2/1287 1272/3/1272
f 1258/1/1258 1287/2/1287 1301/3/1301
f 1289/1/1289 1288/2/1288 1260/3/1260
f 1290/1/1290 1302/2/1302 1262/3/1262
f 1262/1/1262 1303/2/1303 1291/3/1291
f 1274/1/1274 1292/2/1292 1304/3/1304
f 1292/1/1292 1275/2/1275 1305/3/1305
f 1291/1/1291 1306/2/1306 1275/3/1275
f 1293/1/1293 1274/2/1274 1304/3/1304
f 1276/1/1276 1293/2/1293 1307/3/1307
f 1276/1/1276 1307/2/1307 1277/3/1277
f 1277/1/1277 1308/2/1308 1289/3/1289
f 1299/1/1299 1270/2/1270 1294/3/1294
f 1309/1/1309 1294/2/1294 1278/3/1278
f 1309/1/1309 1278/2/1278 1295/3/1295
f 1295/1/1295 1279/2/1279 1296/3/1296
f 1280/1/1280 1310/2/1310 1290/3/1290
f 1297/1/1297 1310/2/1310 1280/3/1280
f 1311/1/1311 1298/2/1298 1281/3/1281
f 1283/1/1283 1312/2/1312 1281/3/1281
f 1298/1/1298 1313/2/1313 1282/3/1282
f 1282/1/1282 1314/2/1314 1297/3/1297
f 1315/1/1315 1283/2/1283 1284/3/1284
f 1316/1/1316 1284/2/1284 1299/3/1299
f 1296/1/1296 1285/2/1285 1286/3/1286
f 1300/1/1300 1317/2/1317 1286/3/1286
f 1301/1/1301 1300/2/1300 1271/3/1271
f 1288/1/1288 1318/2/1318 1287/3/1287
f 1287/1/1287 1319/2/1319 1301/3/1301
f 1289/1/1289 1318/2/1318 1288/3/1288
f 1262/1/1262 1302/2/1302 1303/3/1303
f 1290/1/1290 1320/2/1320 1302/3/1302
f 1291/1/1291 1303/2/1303 1321/3/1321
f 1304/1/1304 1292/2/1292 1322/3/1322
f 1275/1/1275 1306/2/1306 1305/3/1305
f 1292/1/1292 1305/2/1305 1322/3/1322
f 1291/1/1291 1321/2/1321 1306/3/1306
f 1293/1/1293 1304/2/1304 1323/3/1323
f 1293/1/1293 1323/2/1323 1307/3/1307
f 1277/1/1277 1307/2/1307 1308/3/1308
f 1289/1/1289 1308/2/1308 1318/3/1318
f 1316/1/1316 1299/2/1299 1294/3/1294
f 1324/1/1324 1294/2/1294 1309/3/1309
f 1309/1/1309 1295/2/1295 1325/3/1325
f 1295/1/1295 1296/2/1296 1326/3/1326
f 1290/1/1290 1310/2/1310 1320/3/1320
f 1297/1/1297 1327/2/1327 1310/3/1310
f 1328/1/1328 1311/2/1311 1281/3/1281
f 1311/1/1311 1313/2/1313 1298/3/1298
f 1315/1/1315 1312/2/1312 1283/3/1283
f 1312/1/1312 1328/2/1328 1281/3/1281
f 1313/1/1313 1314/2/1314 1282/3/1282
f 1314/1/1314 1327/2/1327 1297/3/1297
f 1315/1/1315 1284/2/1284 1316/3/1316
f 1296/1/1296 1286/2/1286 1317/3/1317
f 1329/1/1329 1317/2/1317 1300/3/1300
f 1330/1/1330 1300/2/1300 1301/3/1301
f 1318/1/1318 1319/2/1319 1287/3/1287
f 1319/1/1319 1330/2/1330 1301/3/1301
f 1302/1/1302 1320/2/1320 1303/3/1303
f 1303/1/1303 1331/2/1331 1321/3/1321
f 1304/1/1304 1322/2/1322 1332/3/1332
f 1305/1/1305 1306/2/1306 1333/3/1333
f 1322/1/1322 1305/2/1305 1334/3/1334
f 1306/1/1306 1321/2/1321 1333/3/1333
f 1323/1/1323 1304/2/1304 1332/3/1332
f 1307/1/1307 1323/2/1323 1308/3/1308
f 1335/1/1335 1318/2/1318 1308/3/1308
f 1324/1/1324 1316/2/1316 1294/3/1294
f 1336/1/1336 1324/2/1324 1309/3/1309
f 1309/1/1309 1325/2/1325 1337/3/1337
f 1325/1/1325 1295/2/1295 1326/3/1326
f 1326/1/1326 1296/2/1296 1317/3/1317
f 1310/1/1310 1338/2/1338 1320/3/1320
f 1310/1/1310 1327/2/1327 1338/3/1338
f 1328/1/1328 1339/2/1339 1311/3/1311
f 1311/1/1311 1340/2/1340 1313/3/1313
f 1315/1/1315 1341/2/1341 1312/3/1312
f 1342/1/1342 1328/2/1328 1312/3/1312
f 1343/1/1343 1314/2/1314 1313/3/1313
f 1314/1/1314 1344/2/1344 1327/3/1327
f 1345/1/1345 1315/2/1315 1316/3/1316
f 1346/1/1346 1317/2/1317 1329/3/1329
f 1330/1/1330 1329/2/1329 1300/3/1300
f 1335/1/1335 1319/2/1319 1318/3/1318
f 1319/1/1319 1347/2/1347 1330/3/1330
f 1320/1/1320 1331/2/1331 1303/3/1303
f 1331/1/1331 1348/2/1348 1321/3/1321
f 1332/1/1332 1322/2/1322 1349/3/1349
f 1305/1/1305 1333/2/1333 1334/3/1334
f 1322/1/1322 1334/2/1334 1349/3/1349
f 1333/1/1333 1321/2/1321 1350/3/1350
f 1332/1/1332 1351/2/1351 1323/3/1323
f 1323/1/1323 1351/2/1351 1308/3/1308
f 1351/1/1351 1335/2/1335 1308/3/1308
f 1345/1/1345 1316/2/1316 1324/3/1324
f 1352/1/1352 1324/2/1324 1336/3/1336
f 1336/1/1336 1309/2/1309 1337/3/1337
f 1337/1/1337 1325/2/1325 1353/3/1353
f 1325/1/1325 1326/2/1326 1354/3/1354
f 1326/1/1326 1317/2/1317 1355/3/1355
f 1320/1/1320 1338/2/1338 1331/3/1331
f 1327/1/1327 1356/2/1356 1338/3/1338
f 1357/1/1357 1339/2/1339 1328/3/1328
f 1339/1/1339 1340/2/1340 1311/3/1311
f 1340/1/1340 1343/2/1343 1313/3/1313
f 1341/1/1341 1315/2/1315 1345/3/1345
f 1341/1/1341 1342/2/1342 1312/3/1312
f 1342/1/1342 1357/2/1357 1328/3/1328
f 1343/1/1343 1344/2/1344 1314/3/1314
f 1327/1/1327 1344/2/1344 1356/3/1356
f 1346/1/1346 1355/2/1355 1317/3/1317
f 1347/1/1347 1346/2/1346 1329/3/1329
f 1347/1/1347 1329/2/1329 1330/3/1330
f 1335/1/1335 1358/2/1358 1319/3/1319
f 1359/1/1359 1347/2/1347 1319/3/1319
f 1321/1/1321 1348/2/1348 1350/3/1350
f 1331/1/1331 1360/2/1360 1348/3/1348
f 1349/1/1349 1361/2/1361 1332/3/1332
f 1334/1/1334 1333/2/1333 1362/3/1362
f 1334/1/1334 1362/2/1362 1349/3/1349
f 1333/1/1333 1350/2/1350 1362/3/1362
f 1332/1/1332 1363/2/1363 1351/3/1351
f 1351/1/1351 1358/2/1358 1335/3/1335
f 1352/1/1352 1345/2/1345 1324/3/1324
f 1364/1/1364 1352/2/1352 1336/3/1336
f 1336/1/1336 1337/2/1337 1365/3/1365
f 1337/1/1337 1353/2/1353 1366/3/1366
f 1325/1/1325 1354/2/1354 1353/3/1353
f 1354/1/1354 1326/2/1326 1355/3/1355
f 1338/1/1338 1360/2/1360 1331/3/1331
f 1338/1/1338 1356/2/1356 1360/3/1360
f 1367/1/1367 1339/2/1339 1357/3/1357
f 1339/1/1339 1367/2/1367 1340/3/1340
f 1340/1/1340 1368/2/1368 1343/3/1343
f 1369/1/1369 1341/2/1341 1345/3/1345
f 1341/1/1341 1370/2/1370 1342/3/1342
f 1342/1/1342 1370/2/1370 1357/3/1357
f 1343/1/1343 1371/2/1371 1344/3/1344
f 1344/1/1344 1372/2/1372 1356/3/1356
f 1346/1/1346 1373/2/1373 1355/3/1355
f 1374/1/1374 1346/2/1346 1347/3/1347
f 1358/1/1358 1359/2/1359 1319/3/1319
f 1374/1/1374 1347/2/1347 1359/3/1359
f 1350/1/1350 1348/2/1348 1375/3/1375
f 1360/1/1360 1376/2/1376 1348/3/1348
f 1349/1/1349 1377/2/1377 1361/3/1361
f 1332/1/1332 1361/2/1361 1363/3/1363
f 1349/1/1349 1362/2/1362 1378/3/1378
f 1362/1/1362 1350/2/1350 1379/3/1379
f 1363/1/1363 1358/2/1358 1351/3/1351
f 1369/1/1369 1345/2/1345 1352/3/1352
f 1380/1/1380 1352/2/1352 1364/3/1364
f 1364/1/1364 1336/2/1336 1365/3/1365
f 1365/1/1365 1337/2/1337 1366/3/1366
f 1366/1/1366 1353/2/1353 1381/3/1381
f 1353/1/1353 1354/2/1354 1373/3/1373
f 1354/1/1354 1355/2/1355 1373/3/1373
f 1356/1/1356 1382/2/1382 1360/3/1360
f 1383/1/1383 1367/2/1367 1357/3/1357
f 1367/1/1367 1384/2/1384 1340/3/1340
f 1384/1/1384 1368/2/1368 1340/3/1340
f 1368/1/1368 1371/2/1371 1343/3/1343
f 1385/1/1385 1341/2/1341 1369/3/1369
f 1385/1/1385 1370/2/1370 1341/3/1341
f 1370/1/1370 1383/2/1383 1357/3/1357
f 1344/1/1344 1371/2/1371 1372/3/1372
f 1356/1/1356 1372/2/1372 1382/3/1382
f 1386/1/1386 1373/2/1373 1346/3/1346
f 1374/1/1374 1387/2/1387 1346/3/1346
f 1358/1/1358 1388/2/1388 1359/3/1359
f 1389/1/1389 1374/2/1374 1359/3/1359
f 1348/1/1348 1376/2/1376 1375/3/1375
f 1350/1/1350 1375/2/1375 1379/3/1379
f 1360/1/1360 1382/2/1382 1376/3/1376
f 1378/1/1378 1377/2/1377 1349/3/1349
f 1377/1/1377 1390/2/1390 1361/3/1361
f 1361/1/1361 1388/2/1388 1363/3/1363
f 1378/1/1378 1362/2/1362 1391/3/1391
f 1362/1/1362 1379/2/1379 1391/3/1391
f 1363/1/1363 1388/2/1388 1358/3/1358
f 1392/1/1392 1369/2/1369 1352/3/1352
f 1392/1/1392 1352/2/1352 1380/3/1380
f 1380/1/1380 1364/2/1364 1365/3/1365
f 1393/1/1393 1365/2/1365 1366/3/1366
f 1394/1/1394 1366/2/1366 1381/3/1381
f 1353/1/1353 1395/2/1395 1381/3/1381
f 1353/1/1353 1373/2/1373 1395/3/1395
f 1396/1/1396 1367/2/1367 1383/3/1383
f 1367/1/1367 1397/2/1397 1384/3/1384
f 1398/1/1398 1368/2/1368 1384/3/1384
f 1398/1/1398 1371/2/1371 1368/3/1368
f 1399/1/1399 1385/2/1385 1369/3/1369
f 1385/1/1385 1399/2/1399 1370/3/1370
f 1396/1/1396 1383/2/1383 1370/3/1370
f 1371/1/1371 1400/2/1400 1372/3/1372
f 1372/1/1372 1401/2/1401 1382/3/1382
f 1386/1/1386 1395/2/1395 1373/3/1373
f 1387/1/1387 1386/2/1386 1346/3/1346
f 1387/1/1387 1374/2/1374 1389/3/1389
f 1388/1/1388 1389/2/1389 1359/3/1359
f 1375/1/1375 1376/2/1376 1402/3/1402
f 1379/1/1379 1375/2/1375 1403/3/1403
f 1382/1/1382 1404/2/1404 1376/3/1376
f 1378/1/1378 1405/2/1405 1377/3/1377
f 1405/1/1405 1390/2/1390 1377/3/1377
f 1390/1/1390 1388/2/1388 1361/3/1361
f 1391/1/1391 1405/2/1405 1378/3/1378
f 1391/1/1391 1379/2/1379 1406/3/1406
f 1407/1/1407 1369/2/1369 1392/3/1392
f 1407/1/1407 1392/2/1392 1380/3/1380
f 1380/1/1380 1365/2/1365 1393/3/1393
f 1393/1/1393 1366/2/1366 1394/3/1394
f 1394/1/1394 1381/2/1381 1408/3/1408
f 1409/1/1409 1381/2/1381 1395/3/1395
f 1396/1/1396 1410/2/1410 1367/3/1367
f 1410/1/1410 1397/2/1397 1367/3/1367
f 1397/1/1397 1398/2/1398 1384/3/1384
f 1398/1/1398 1411/2/1411 1371/3/1371
f 1412/1/1412 1399/2/1399 1369/3/1369
f 1399/1/1399 1413/2/1413 1370/3/1370
f 1413/1/1413 1396/2/1396 1370/3/1370
f 1371/1/1371 1411/2/1411 1400/3/1400
f 1372/1/1372 1400/2/1400 1414/3/1414
f 1382/1/1382 1401/2/1401 1404/3/1404
f 1372/1/1372 1414/2/1414 1401/3/1401
f 1409/1/1409 1395/2/1395 1386/3/1386
f 1409/1/1409 1386/2/1386 1387/3/1387
f 1415/1/1415 1387/2/1387 1389/3/1389
f 1388/1/1388 1390/2/1390 1389/3/1389
f 1376/1/1376 1404/2/1404 1402/3/1402
f 1375/1/1375 1402/2/1402 1403/3/1403
f 1379/1/1379 1403/2/1403 1406/3/1406
f 1405/1/1405 1416/2/1416 1390/3/1390
f 1391/1/1391 1417/2/1417 1405/3/1405
f 1406/1/1406 1417/2/1417 1391/3/1391
f 1412/1/1412 1369/2/1369 1407/3/1407
f 1418/1/1418 1407/2/1407 1380/3/1380
f 1380/1/1380 1393/2/1393 1419/3/1419
f 1419/1/1419 1393/2/1393 1394/3/1394
f 1420/1/1420 1394/2/1394 1408/3/1408
f 1421/1/1421 1408/2/1408 1381/3/1381
f 1422/1/1422 1381/2/1381 1409/3/1409
f 1396/1/1396 1423/2/1423 1410/3/1410
f 1410/1/1410 1424/2/1424 1397/3/1397
f 1425/1/1425 1398/2/1398 1397/3/1397
f 1425/1/1425 1411/2/1411 1398/3/1398
f 1426/1/1426 1399/2/1399 1412/3/1412
f 1399/1/1399 1427/2/1427 1413/3/1413
f 1427/1/1427 1396/2/1396 1413/3/1413
f 1411/1/1411 1428/2/1428 1400/3/1400
f 1400/1/1400 1429/2/1429 1414/3/1414
f 1401/1/1401 1430/2/1430 1404/3/1404
f 1401/1/1401 1414/2/1414 1430/3/1430
f 1431/1/1431 1409/2/1409 1387/3/1387
f 1415/1/1415 1432/2/1432 1387/3/1387
f 1390/1/1390 1415/2/1415 1389/3/1389
f 1402/1/1402 1404/2/1404 1433/3/1433
f 1403/1/1403 1402/2/1402 1434/3/1434
f 1406/1/1406 1403/2/1403 1435/3/1435
f 1416/1/1416 1432/2/1432 1390/3/1390
f 1405/1/1405 1436/2/1436 1416/3/1416
f 1417/1/1417 1436/2/1436 1405/3/1405
f 1435/1/1435 1417/2/1417 1406/3/1406
f 1412/1/1412 1407/2/1407 1437/3/1437
f 1437/1/1437 1407/2/1407 1418/3/1418
f 1418/1/1418 1380/2/1380 1419/3/1419
f 1419/1/1419 1394/2/1394 1420/3/1420
f 1420/1/1420 1408/2/1408 1438/3/1438
f 1438/1/1438 1408/2/1408 1421/3/1421
f 1421/1/1421 1381/2/1381 1422/3/1422
f 1431/1/1431 1422/2/1422 1409/3/1409
f 1423/1/1423 1424/2/1424 1410/3/1410
f 1427/1/1427 1423/2/1423 1396/3/1396
f 1424/1/1424 1439/2/1439 1397/3/1397
f 1439/1/1439 1425/2/1425 1397/3/1397
f 1425/1/1425 1428/2/1428 1411/3/1411
f 1426/1/1426 1427/2/1427 1399/3/1399
f 1426/1/1426 1412/2/1412 1440/3/1440
f 1400/1/1400 1428/2/1428 1429/3/1429
f 1414/1/1414 1429/2/1429 1441/3/1441
f 1404/1/1404 1430/2/1430 1433/3/1433
f 1414/1/1414 1442/2/1442 1430/3/1430
f 1432/1/1432 1431/2/1431 1387/3/1387
f 1432/1/1432 1415/2/1415 1390/3/1390
f 1402/1/1402 1433/2/1433 1434/3/1434
f 1403/1/1403 1434/2/1434 1435/3/1435
f 1416/1/1416 1443/2/1443 1432/3/1432
f 1436/1/1436 1443/2/1443 1416/3/1416
f 1444/1/1444 1436/2/1436 1417/3/1417
f 1435/1/1435 1444/2/1444 1417/3/1417
f 1440/1/1440 1412/2/1412 1437/3/1437
f 1445/1/1445 1437/2/1437 1418/3/1418
f 1445/1/1445 1418/2/1418 1419/3/1419
f 1446/1/1446 1419/2/1419 1420/3/1420
f 1447/1/1447 1420/2/1420 1438/3/1438
f 1448/1/1448 1438/2/1438 1421/3/1421
f 1449/1/1449 1421/2/1421 1422/3/1422
f 1449/1/1449 1422/2/1422 1431/3/1431
f 1450/1/1450 1424/2/1424 1423/3/1423
f 1451/1/1451 1423/2/1423 1427/3/1427
f 1424/1/1424 1452/2/1452 1439/3/1439
f 1439/1/1439 1452/2/1452 1425/3/1425
f 1453/1/1453 1428/2/1428 1425/3/1425
f 1426/1/1426 1454/2/1454 1427/3/1427
f 1426/1/1426 1440/2/1440 1455/3/1455
f 1428/1/1428 1453/2/1453 1429/3/1429
f 1414/1/1414 1441/2/1441 1456/3/1456
f 1441/1/1441 1429/2/1429 1457/3/1457
f 1430/1/1430 1442/2/1442 1433/3/1433
f 1414/1/1414 1456/2/1456 1442/3/1442
f 1449/1/1449 1431/2/1431 1432/3/1432
f 1434/1/1434 1433/2/1433 1458/3/1458
f 1435/1/1435 1434/2/1434 1459/3/1459
f 1443/1/1443 1449/2/1449 1432/3/1432
f 1436/1/1436 1460/2/1460 1443/3/1443
f 1444/1/1444 1461/2/1461 1436/3/1436
f 1435/1/1435 1462/2/1462 1444/3/1444
f 1455/1/1455 1440/2/1440 1437/3/1437
f 1463/1/1463 1437/2/1437 1445/3/1445
f 1446/1/1446 1445/2/1445 1419/3/1419
f 1464/1/1464 1446/2/1446 1420/3/1420
f 1464/1/1464 1420/2/1420 1447/3/1447
f 1465/1/1465 1447/2/1447 1438/3/1438
f 1465/1/1465 1438/2/1438 1448/3/1448
f 1466/1/1466 1448/2/1448 1421/3/1421
f 1466/1/1466 1421/2/1421 1449/3/1449
f 1467/1/1467 1450/2/1450 1423/3/1423
f 1450/1/1450 1452/2/1452 1424/3/1424
f 1454/1/1454 1451/2/1451 1427/3/1427
f 1451/1/1451 1467/2/1467 1423/3/1423
f 1452/1/1452 1468/2/1468 1425/3/1425
f 1468/1/1468 1453/2/1453 1425/3/1425
f 1454/1/1454 1426/2/1426 1455/3/1455
f 1429/1/1429 1453/2/1453 1469/3/1469
f 1441/1/1441 1457/2/1457 1456/3/1456
f 1429/1/1429 1469/2/1469 1457/3/1457
f 1433/1/1433 1442/2/1442 1470/3/1470
f 1442/1/1442 1456/2/1456 1471/3/1471
f 1433/1/1433 1470/2/1470 1458/3/1458
f 1434/1/1434 1458/2/1458 1459/3/1459
f 1459/1/1459 1462/2/1462 1435/3/1435
f 1443/1/1443 1460/2/1460 1449/3/1449
f 1461/1/1461 1460/2/1460 1436/3/1436
f 1444/1/1444 1462/2/1462 1461/3/1461
f 1455/1/1455 1437/2/1437 1472/3/1472
f 1472/1/1472 1437/2/1437 1463/3/1463
f 1463/1/1463 1445/2/1445 1446/3/1446
f 1473/1/1473 1446/2/1446 1464/3/1464
f 1474/1/1474 1464/2/1464 1447/3/1447
f 1465/1/1465 1474/2/1474 1447/3/1447
f 1475/1/1475 1465/2/1465 1448/3/1448
f 1475/1/1475 1448/2/1448 1466/3/1466
f 1460/1/1460 1466/2/1466 1449/3/1449
f 1467/1/1467 1476/2/1476 1450/3/1450
f 1450/1/1450 1477/2/1477 1452/3/1452
f 1454/1/1454 1478/2/1478 1451/3/1451
f 1479/1/1479 1467/2/1467 1451/3/1451
f 1477/1/1477 1468/2/1468 1452/3/1452
f 1480/1/1480 1453/2/1453 1468/3/1468
f 1454/1/1454 1455/2/1455 1481/3/1481
f 1469/1/1469 1453/2/1453 1482/3/1482
f 1457/1/1457 1483/2/1483 1456/3/1456
f 1469/1/1469 1482/2/1482 1457/3/1457
f 1442/1/1442 1471/2/1471 1470/3/1470
f 1456/1/1456 1484/2/1484 1471/3/1471
f 1470/1/1470 1485/2/1485 1458/3/1458
f 1458/1/1458 1486/2/1486 1459/3/1459
f 1459/1/1459 1487/2/1487 1462/3/1462
f 1488/1/1488 1460/2/1460 1461/3/1461
f 1462/1/1462 1488/2/1488 1461/3/1461
f 1481/1/1481 1455/2/1455 1472/3/1472
f 1489/1/1489 1472/2/1472 1463/3/1463
f 1473/1/1473 1463/2/1463 1446/3/1446
f 1490/1/1490 1473/2/1473 1464/3/1464
f 1490/1/1490 1464/2/1464 1474/3/1474
f 1491/1/1491 1474/2/1474 1465/3/1465
f 1492/1/1492 1465/2/1465 1475/3/1475
f 1460/1/1460 1475/2/1475 1466/3/1466
f 1476/1/1476 1493/2/1493 1450/3/1450
f 1479/1/1479 1476/2/1476 1467/3/1467
f 1493/1/1493 1477/2/1477 1450/3/1450
f 1478/1/1478 1454/2/1454 1481/3/1481
f 1478/1/1478 1479/2/1479 1451/3/1451
f 1477/1/1477 1494/2/1494 1468/3/1468
f 1494/1/1494 1480/2/1480 1468/3/1468
f 1453/1/1453 1480/2/1480 1482/3/1482
f 1456/1/1456 1483/2/1483 1484/3/1484
f 1457/1/1457 1495/2/1495 1483/3/1483
f 1457/1/1457 1482/2/1482 1495/3/1495
f 1470/1/1470 1471/2/1471 1485/3/1485
f 1471/1/1471 1484/2/1484 1496/3/1496
f 1458/1/1458 1485/2/1485 1486/3/1486
f 1486/1/1486 1487/2/1487 1459/3/1459
f 1487/1/1487 1497/2/1497 1462/3/1462
f 1488/1/1488 1498/2/1498 1460/3/1460
f 1462/1/1462 1497/2/1497 1488/3/1488
f 1481/1/1481 1472/2/1472 1499/3/1499
f 1499/1/1499 1472/2/1472 1489/3/1489
f 1489/1/1489 1463/2/1463 1500/3/1500
f 1500/1/1500 1463/2/1463 1473/3/1473
f 1500/1/1500 1473/2/1473 1490/3/1490
f 1501/1/1501 1490/2/1490 1474/3/1474
f 1502/1/1502 1474/2/1474 1491/3/1491
f 1491/1/1491 1465/2/1465 1492/3/1492
f 1492/1/1492 1475/2/1475 1498/3/1498
f 1498/1/1498 1475/2/1475 1460/3/1460
f 1476/1/1476 1503/2/1503 1493/3/1493
f 1479/1/1479 1503/2/1503 1476/3/1476
f 1504/1/1504 1477/2/1477 1493/3/1493
f 1478/1/1478 1481/2/1481 1505/3/1505
f 1506/1/1506 1479/2/1479 1478/3/1478
f 1477/1/1477 1507/2/1507 1494/3/1494
f 1507/1/1507 1480/2/1480 1494/3/1494
f 1482/1/1482 1480/2/1480 1508/3/1508
f 1483/1/1483 1509/2/1509 1484/3/1484
f 1483/1/1483 1495/2/1495 1509/3/1509
f 1482/1/1482 1508/2/1508 1495/3/1495
f 1471/1/1471 1496/2/1496 1485/3/1485
f 1484/1/1484 1510/2/1510 1496/3/1496
f 1485/1/1485 1496/2/1496 1486/3/1486
f 1486/1/1486 1511/2/1511 1487/3/1487
f 1512/1/1512 1497/2/1497 1487/3/1487
f 1497/1/1497 1498/2/1498 1488/3/1488
f 1505/1/1505 1481/2/1481 1499/3/1499
f 1513/1/1513 1499/2/1499 1489/3/1489
f 1514/1/1514 1489/2/1489 1500/3/1500
f 1501/1/1501 1500/2/1500 1490/3/1490
f 1515/1/1515 1501/2/1501 1474/3/1474
f 1502/1/1502 1515/2/1515 1474/3/1474
f 1516/1/1516 1502/2/1502 1491/3/1491
f 1517/1/1517 1491/2/1491 1492/3/1492
f 1518/1/1518 1492/2/1492 1498/3/1498
f 1503/1/1503 1519/2/1519 1493/3/1493
f 1520/1/1520 1503/2/1503 1479/3/1479
f 1519/1/1519 1504/2/1504 1493/3/1493
f 1504/1/1504 1507/2/1507 1477/3/1477
f 1506/1/1506 1478/2/1478 1505/3/1505
f 1506/1/1506 1520/2/1520 1479/3/1479
f 1507/1/1507 1521/2/1521 1480/3/1480
f 1480/1/1480 1521/2/1521 1508/3/1508
f 1509/1/1509 1522/2/1522 1484/3/1484
f 1495/1/1495 1523/2/1523 1509/3/1509
f 1495/1/1495 1508/2/1508 1523/3/1523
f 1484/1/1484 1522/2/1522 1510/3/1510
f 1496/1/1496 1510/2/1510 1524/3/1524
f 1496/1/1496 1525/2/1525 1486/3/1486
f 1525/1/1525 1511/2/1511 1486/3/1486
f 1511/1/1511 1512/2/1512 1487/3/1487
f 1512/1/1512 1526/2/1526 1497/3/1497
f 1497/1/1497 1518/2/1518 1498/3/1498
f 1505/1/1505 1499/2/1499 1513/3/1513
f 1514/1/1514 1513/2/1513 1489/3/1489
f 1527/1/1527 1514/2/1514 1500/3/1500
f 1527/1/1527 1500/2/1500 1501/3/1501
f 1528/1/1528 1501/2/1501 1515/3/1515
f 1529/1/1529 1515/2/1515 1502/3/1502
f 1530/1/1530 1502/2/1502 1516/3/1516
f 1517/1/1517 1516/2/1516 1491/3/1491
f 1518/1/1518 1517/2/1517 1492/3/1492
f 1531/1/1531 1519/2/1519 1503/3/1503
f 1520/1/1520 1532/2/1532 1503/3/1503
f 1519/1/1519 1533/2/1533 1504/3/1504
f 1504/1/1504 1534/2/1534 1507/3/1507
f 1506/1/1506 1505/2/1505 1535/3/1535
f 1536/1/1536 1520/2/1520 1506/3/1506
f 1537/1/1537 1521/2/1521 1507/3/1507
f 1508/1/1508 1521/2/1521 1538/3/1538
f 1509/1/1509 1539/2/1539 1522/3/1522
f 1523/1/1523 1539/2/1539 1509/3/1509
f 1508/1/1508 1538/2/1538 1523/3/1523
f 1522/1/1522 1540/2/1540 1510/3/1510
f 1510/1/1510 1541/2/1541 1524/3/1524
f 1496/1/1496 1524/2/1524 1525/3/1525
f 1525/1/1525 1542/2/1542 1511/3/1511
f 1511/1/1511 1543/2/1543 1512/3/1512
f 1544/1/1544 1526/2/1526 1512/3/1512
f 1497/1/1497 1526/2/1526 1518/3/1518
f 1535/1/1535 1505/2/1505 1513/3/1513
f 1545/1/1545 1513/2/1513 1514/3/1514
f 1546/1/1546 1514/2/1514 1527/3/1527
f 1528/1/1528 1527/2/1527 1501/3/1501
f 1529/1/1529 1528/2/1528 1515/3/1515
f 1530/1/1530 1529/2/1529 1502/3/1502
f 1547/1/1547 1530/2/1530 1516/3/1516
f 1516/1/1516 1517/2/1517 1526/3/1526
f 1526/1/1526 1517/2/1517 1518/3/1518
f 1532/1/1532 1531/2/1531 1503/3/1503
f 1531/1/1531 1533/2/1533 1519/3/1519
f 1536/1/1536 1532/2/1532 1520/3/1520
f 1533/1/1533 1534/2/1534 1504/3/1504
f 1534/1/1534 1537/2/1537 1507/3/1507
f 1548/1/1548 1506/2/1506 1535/3/1535
f 1548/1/1548 1536/2/1536 1506/3/1506
f 1521/1/1521 1537/2/1537 1538/3/1538
f 1539/1/1539 1540/2/1540 1522/3/1522
f 1523/1/1523 1549/2/1549 1539/3/1539
f 1523/1/1523 1538/2/1538 1549/3/1549
f 1540/1/1540 1550/2/1550 1510/3/1510
f 1510/1/1510 1550/2/1550 1541/3/1541
f 1541/1/1541 1542/2/1542 1524/3/1524
f 1524/1/1524 1542/2/1542 1525/3/1525
f 1542/1/1542 1543/2/1543 1511/3/1511
f 1543/1/1543 1544/2/1544 1512/3/1512
f 1544/1/1544 1516/2/1516 1526/3/1526
f 1535/1/1535 1513/2/1513 1545/3/1545
f 1546/1/1546 1545/2/1545 1514/3/1514
f 1551/1/1551 1546/2/1546 1527/3/1527
f 1552/1/1552 1527/2/1527 1528/3/1528
f 1553/1/1553 1528/2/1528 1529/3/1529
f 1530/1/1530 1553/2/1553 1529/3/1529
f 1547/1/1547 1554/2/1554 1530/3/1530
f 1555/1/1555 1547/2/1547 1516/3/1516
f 1556/1/1556 1531/2/1531 1532/3/1532
f 1557/1/1557 1533/2/1533 1531/3/1531
f 1558/1/1558 1532/2/1532 1536/3/1536
f 1559/1/1559 1534/2/1534 1533/3/1533
f 1560/1/1560 1537/2/1537 1534/3/1534
f 1561/1/1561 1548/2/1548 1535/3/1535
f 1562/1/1562 1536/2/1536 1548/3/1548
f 1563/1/1563 1538/2/1538 1537/3/1537
f 1539/1/1539 1564/2/1564 1540/3/1540
f 1549/1/1549 1565/2/1565 1539/3/1539
f 1549/1/1549 1538/2/1538 1563/3/1563
f 1540/1/1540 1564/2/1564 1550/3/1550
f 1550/1/1550 1566/2/1566 1541/3/1541
f 1541/1/1541 1567/2/1567 1542/3/1542
f 1567/1/1567 1543/2/1543 1542/3/1542
f 1555/1/1555 1544/2/1544 1543/3/1543
f 1544/1/1544 1555/2/1555 1516/3/1516
f 1561/1/1561 1535/2/1535 1545/3/1545
f 1568/1/1568 1545/2/1545 1546/3/1546
f 1551/1/1551 1569/2/1569 1546/3/1546
f 1551/1/1551 1527/2/1527 1552/3/1552
f 1552/1/1552 1528/2/1528 1553/3/1553
f 1554/1/1554 1553/2/1553 1530/3/1530
f 1570/1/1570 1554/2/1554 1547/3/1547
f 1570/1/1570 1547/2/1547 1555/3/1555
f 1558/1/1558 1556/2/1556 1532/3/1532
f 1556/1/1556 1557/2/1557 1531/3/1531
f 1559/1/1559 1533/2/1533 1557/3/1557
f 1571/1/1571 1558/2/1558 1536/3/1536
f 1560/1/1560 1534/2/1534 1559/3/1559
f 1563/1/1563 1537/2/1537 1560/3/1560
f 1562/1/1562 1548/2/1548 1561/3/1561
f 1571/1/1571 1536/2/1536 1562/3/1562
f 1539/1/1539 1565/2/1565 1564/3/1564
f 1565/1/1565 1549/2/1549 1572/3/1572
f 1572/1/1572 1549/2/1549 1563/3/1563
f 1564/1/1564 1573/2/1573 1550/3/1550
f 1550/1/1550 1573/2/1573 1566/3/1566
f 1566/1/1566 1574/2/1574 1541/3/1541
f 1541/1/1541 1574/2/1574 1567/3/1567
f 1567/1/1567 1575/2/1575 1543/3/1543
f 1575/1/1575 1555/2/1555 1543/3/1543
f 1568/1/1568 1561/2/1561 1545/3/1545
f 1569/1/1569 1568/2/1568 1546/3/1546
f 1576/1/1576 1569/2/1569 1551/3/1551
f 1552/1/1552 1576/2/1576 1551/3/1551
f 1553/1/1553 1577/2/1577 1552/3/1552
f 1554/1/1554 1578/2/1578 1553/3/1553
f 1570/1/1570 1579/2/1579 1554/3/1554
f 1580/1/1580 1570/2/1570 1555/3/1555
f 1581/1/1581 1556/2/1556 1558/3/1558
f 1582/1/1582 1557/2/1557 1556/3/1556
f 1583/1/1583 1559/2/1559 1557/3/1557
f 1581/1/1581 1558/2/1558 1571/3/1571
f 1560/1/1560 1559/2/1559 1583/3/1583
f 1563/1/1563 1560/2/1560 1584/3/1584
f 1585/1/1585 1562/2/1562 1561/3/1561
f 1586/1/1586 1571/2/1571 1562/3/1562
f 1564/1/1564 1565/2/1565 1587/3/1587
f 1588/1/1588 1565/2/1565 1572/3/1572
f 1572/1/1572 1563/2/1563 1589/3/1589
f 1573/1/1573 1564/2/1564 1587/3/1587
f 1566/1/1566 1573/2/1573 1590/3/1590
f 1574/1/1574 1566/2/1566 1591/3/1591
f 1574/1/1574 1592/2/1592 1567/3/1567
f 1592/1/1592 1575/2/1575 1567/3/1567
f 1575/1/1575 1580/2/1580 1555/3/1555
f 1585/1/1585 1561/2/1561 1568/3/1568
f 1593/1/1593 1568/2/1568 1569/3/1569
f 1576/1/1576 1594/2/1594 1569/3/1569
f 1577/1/1577 1576/2/1576 1552/3/1552
f 1553/1/1553 1578/2/1578 1577/3/1577
f 1554/1/1554 1595/2/1595 1578/3/1578
f 1579/1/1579 1595/2/1595 1554/3/1554
f 1580/1/1580 1579/2/1579 1570/3/1570
f 1596/1/1596 1556/2/1556 1581/3/1581
f 1582/1/1582 1556/2/1556 1596/3/1596
f 1583/1/1583 1557/2/1557 1582/3/1582
f 1597/1/1597 1581/2/1581 1571/3/1571
f 1584/1/1584 1560/2/1560 1583/3/1583
f 1598/1/1598 1563/2/1563 1584/3/1584
f 1585/1/1585 1586/2/1586 1562/3/1562
f 1597/1/1597 1571/2/1571 1586/3/1586
f 1565/1/1565 1588/2/1588 1587/3/1587
f 1588/1/1588 1572/2/1572 1599/3/1599
f 1599/1/1599 1572/2/1572 1589/3/1589
f 1589/1/1589 1563/2/1563 1598/3/1598
f 1573/1/1573 1587/2/1587 1600/3/1600
f 1573/1/1573 1600/2/1600 1590/3/1590
f 1566/1/1566 1590/2/1590 1591/3/1591
f 1574/1/1574 1591/2/1591 1601/3/1601
f 1592/1/1592 1574/2/1574 1601/3/1601
f 1592/1/1592 1580/2/1580 1575/3/1575
f 1593/1/1593 1585/2/1585 1568/3/1568
f 1594/1/1594 1593/2/1593 1569/3/1569
f 1602/1/1602 1594/2/1594 1576/3/1576
f 1577/1/1577 1602/2/1602 1576/3/1576
f 1578/1/1578 1603/2/1603 1577/3/1577
f 1595/1/1595 1604/2/1604 1578/3/1578
f 1579/1/1579 1604/2/1604 1595/3/1595
f 1580/1/1580 1605/2/1605 1579/3/1579
f 1606/1/1606 1596/2/1596 1581/3/1581
f 1607/1/1607 1582/2/1582 1596/3/1596
f 1583/1/1583 1582/2/1582 1607/3/1607
f 1608/1/1608 1581/2/1581 1597/3/1597
f 1584/1/1584 1583/2/1583 1609/3/1609
f 1598/1/1598 1584/2/1584 1609/3/1609
f 1610/1/1610 1586/2/1586 1585/3/1585
f 1610/1/1610 1597/2/1597 1586/3/1586
f 1587/1/1587 1588/2/1588 1599/3/1599
f 1599/1/1599 1589/2/1589 1611/3/1611
f 1589/1/1589 1598/2/1598 1611/3/1611
f 1600/1/1600 1587/2/1587 1612/3/1612
f 1590/1/1590 1600/2/1600 1613/3/1613
f 1590/1/1590 1613/2/1613 1591/3/1591
f 1601/1/1601 1591/2/1591 1614/3/1614
f 1592/1/1592 1601/2/1601 1605/3/1605
f 1592/1/1592 1605/2/1605 1580/3/1580
f 1615/1/1615 1585/2/1585 1593/3/1593
f 1616/1/1616 1593/2/1593 1594/3/1594
f 1602/1/1602 1617/2/1617 1594/3/1594
f 1603/1/1603 1602/2/1602 1577/3/1577
f 1618/1/1618 1603/2/1603 1578/3/1578
f 1604/1/1604 1618/2/1618 1578/3/1578
f 1579/1/1579 1619/2/1619 1604/3/1604
f 1605/1/1605 1620/2/1620 1579/3/1579
f 1621/1/1621 1606/2/1606 1581/3/1581
f 1606/1/1606 1607/2/1607 1596/3/1596
f 1622/1/1622 1583/2/1583 1607/3/1607
f 1621/1/1621 1581/2/1581 1608/3/1608
f 1610/1/1610 1608/2/1608 1597/3/1597
f 1609/1/1609 1583/2/1583 1622/3/1622
f 1623/1/1623 1598/2/1598 1609/3/1609
f 1615/1/1615 1610/2/1610 1585/3/1585
f 1587/1/1587 1599/2/1599 1624/3/1624
f 1625/1/1625 1599/2/1599 1611/3/1611
f 1611/1/1611 1598/2/1598 1623/3/1623
f 1587/1/1587 1624/2/1624 1612/3/1612
f 1600/1/1600 1612/2/1612 1613/3/1613
f 1591/1/1591 1613/2/1613 1626/3/1626
f 1591/1/1591 1626/2/1626 1614/3/1614
f 1601/1/1601 1614/2/1614 1605/3/1605
f 1616/1/1616 1615/2/1615 1593/3/1593
f 1627/1/1627 1616/2/1616 1594/3/1594
f 1617/1/1617 1627/2/1627 1594/3/1594
f 1603/1/1603 1617/2/1617 1602/3/1602
f 1618/1/1618 1628/2/1628 1603/3/1603
f 1604/1/1604 1629/2/1629 1618/3/1618
f 1619/1/1619 1630/2/1630 1604/3/1604
f 1620/1/1620 1619/2/1619 1579/3/1579
f 1605/1/1605 1614/2/1614 1620/3/1620
f 1631/1/1631 1606/2/1606 1621/3/1621
f 1632/1/1632 1607/2/1607 1606/3/1606
f 1622/1/1622 1607/2/1607 1633/3/1633
f 1634/1/1634 1621/2/1621 1608/3/1608
f 1634/1/1634 1608/2/1608 1610/3/1610
f 1609/1/1609 1622/2/1622 1633/3/1633
f 1623/1/1623 1609/2/1609 1635/3/1635
f 1636/1/1636 1610/2/1610 1615/3/1615
f 1624/1/1624 1599/2/1599 1637/3/1637
f 1599/1/1599 1625/2/1625 1637/3/1637
f 1625/1/1625 1611/2/1611 1638/3/1638
f 1611/1/1611 1623/2/1623 1638/3/1638
f 1612/1/1612 1624/2/1624 1639/3/1639
f 1613/1/1613 1612/2/1612 1640/3/1640
f 1626/1/1626 1613/2/1613 1641/3/1641
f 1614/1/1614 1626/2/1626 1642/3/1642
f 1643/1/1643 1615/2/1615 1616/3/1616
f 1644/1/1644 1616/2/1616 1627/3/1627
f 1617/1/1617 1644/2/1644 1627/3/1627
f 1628/1/1628 1617/2/1617 1603/3/1603
f 1629/1/1629 1628/2/1628 1618/3/1618
f 1630/1/1630 1629/2/1629 1604/3/1604
f 1619/1/1619 1645/2/1645 1630/3/1630
f 1620/1/1620 1645/2/1645 1619/3/1619
f 1620/1/1620 1614/2/1614 1646/3/1646
f 1634/1/1634 1631/2/1631 1621/3/1621
f 1647/1/1647 1606/2/1606 1631/3/1631
f 1647/1/1647 1632/2/1632 1606/3/1606
f 1633/1/1633 1607/2/1607 1632/3/1632
f 1648/1/1648 1634/2/1634 1610/3/1610
f 1635/1/1635 1609/2/1609 1633/3/1633
f 1649/1/1649 1623/2/1623 1635/3/1635
f 1636/1/1636 1648/2/1648 1610/3/1610
f 1643/1/1643 1636/2/1636 1615/3/1615
f 1624/1/1624 1637/2/1637 1639/3/1639
f 1637/1/1637 1625/2/1625 1650/3/1650
f 1651/1/1651 1625/2/1625 1638/3/1638
f 1638/1/1638 1623/2/1623 1649/3/1649
f 1612/1/1612 1639/2/1639 1640/3/1640
f 1613/1/1613 1640/2/1640 1641/3/1641
f 1626/1/1626 1641/2/1641 1642/3/1642
f 1614/1/1614 1642/2/1642 1646/3/1646
f 1644/1/1644 1643/2/1643 1616/3/1616
f 1652/1/1652 1644/2/1644 1617/3/1617
f 1628/1/1628 1653/2/1653 1617/3/1617
f 1629/1/1629 1653/2/1653 1628/3/1628
f 1630/1/1630 1654/2/1654 1629/3/1629
f 1645/1/1645 1654/2/1654 1630/3/1630
f 1620/1/1620 1646/2/1646 1645/3/1645
f 1655/1/1655 1631/2/1631 1634/3/1634
f 1655/1/1655 1647/2/1647 1631/3/1631
f 1632/1/1632 1647/2/1647 1655/3/1655
f 1633/1/1633 1632/2/1632 1655/3/1655
f 1655/1/1655 1634/2/1634 1648/3/1648
f 1635/1/1635 1633/2/1633 1655/3/1655
f 1649/1/1649 1635/2/1635 1655/3/1655
f 1655/1/1655 1648/2/1648 1636/3/1636
f 1655/1/1655 1636/2/1636 1643/3/1643
f 1639/1/1639 1637/2/1637 1656/3/1656
f 1625/1/1625 1651/2/1651 1650/3/1650
f 1637/1/1637 1650/2/1650 1656/3/1656
f 1651/1/1651 1638/2/1638 1655/3/1655
f 1638/1/1638 1649/2/1649 1655/3/1655
f 1640/1/1640 1639/2/1639 1656/3/1656
f 1641/1/1641 1640/2/1640 1657/3/1657
f 1642/1/1642 1641/2/1641 1658/3/1658
f 1642/1/1642 1659/2/1659 1646/3/1646
f 1655/1/1655 1643/2/1643 1644/3/1644
f 1652/1/1652 1655/2/1655 1644/3/1644
f 1653/1/1653 1652/2/1652 1617/3/1617
f 1660/1/1660 1653/2/1653 1629/3/1629
f 1654/1/1654 1660/2/1660 1629/3/1629
f 1661/1/1661 1654/2/1654 1645/3/1645
f 1646/1/1646 1661/2/1661 1645/3/1645
f 1650/1/1650 1651/2/1651 1655/3/1655
f 1656/1/1656 1650/2/1650 1655/3/1655
f 1640/1/1640 1656/2/1656 1662/3/1662
f 1640/1/1640 1662/2/1662 1657/3/1657
f 1641/1/1641 1657/2/1657 1658/3/1658
f 1642/1/1642 1658/2/1658 1659/3/1659
f 1646/1/1646 1659/2/1659 1661/3/1661
f 1653/1/1653 1655/2/1655 1652/3/1652
f 1660/1/1660 1655/2/1655 1653/3/1653
f 1654/1/1654 1655/2/1655 1660/3/1660
f 1661/1/1661 1655/2/1655 1654/3/1654
f 1662/1/1662 1656/2/1656 1655/3/1655
f 1657/1/1657 1662/2/1662 1655/3/1655
f 1658/1/1658 1657/2/1657 1655/3/1655
f 1659/1/1659 1658/2/1658 1655/3/1655
f 1659/1/1659 1655/2/1655 1661/3/1661
f 1663/1/1663 1664/2/1664 1665/3/1665
f 1663/1/1663 1666/2/1666 1664/3/1664
f 1666/1/1666 1663/2/1663 1667/3/1667
f 1665/1/1665 1668/2/1668 1669/3/1669
f 1668/1/1668 1665/2/1665 1664/3/1664
f 1663/1/1663 1665/2/1665 1670/3/1670
f 1667/1/1667 1671/2/1671 1666/3/1666
f 1671/1/1671 1667/2/1667 1672/3/1672
f 1666/1/1666 1673/2/1673 1664/3/1664
f 1674/1/1674 1667/2/1667 1663/3/1663
f 1667/1/1667 1674/2/1674 1675/3/1675
f 1664/1/1664 1676/2/1676 1668/3/1668
f 1676/1/1676 1664/2/1664 1673/3/1673
f 1668/1/1668 1677/2/1677 1669/3/1669
f 1665/1/1665 1678/2/1678 1679/3/1679
f 1678/1/1678 1665/2/1665 1669/3/1669
f 1680/1/1680 1663/2/1663 1670/3/1670
f 1663/1/1663 1680/2/1680 1674/3/1674
f 1665/1/1665 1679/2/1679 1670/3/1670
f 1672/1/1672 1681/2/1681 1671/3/1671
f 1681/1/1681 1672/2/1672 1682/3/1682
f 1666/1/1666 1683/2/1683 1673/3/1673
f 1683/1/1683 1666/2/1666 1671/3/1671
f 1675/1/1675 1672/2/1672 1667/3/1667
f 1672/1/1672 1675/2/1675 1684/3/1684
f 1685/1/1685 1675/2/1675 1674/3/1674
f 1675/1/1675 1685/2/1685 1686/3/1686
f 1673/1/1673 1687/2/1687 1676/3/1676
f 1687/1/1687 1673/2/1673 1683/3/1683
f 1688/1/1688 1676/2/1676 1689/3/1689
f 1676/1/1676 1688/2/1688 1668/3/1668
f 1668/1/1668 1688/2/1688 1677/3/1677
f 1677/1/1677 1690/2/1690 1669/3/1669
f 1669/1/1669 1690/2/1690 1678/3/1678
f 1679/1/1679 1691/2/1691 1692/3/1692
f 1691/1/1691 1679/2/1679 1678/3/1678
f 1680/1/1680 1693/2/1693 1694/3/1694
f 1693/1/1693 1680/2/1680 1670/3/1670
f 1695/1/1695 1674/2/1674 1680/3/1680
f 1674/1/1674 1695/2/1695 1685/3/1685
f 1670/1/1670 1679/2/1679 1693/3/1693
f 1682/1/1682 1696/2/1696 1681/3/1681
f 1696/1/1696 1682/2/1682 1697/3/1697
f 1671/1/1671 1698/2/1698 1683/3/1683
f 1698/1/1698 1671/2/1671 1681/3/1681
f 1684/1/1684 1682/2/1682 1672/3/1672
f 1682/1/1682 1684/2/1684 1699/3/1699
f 1686/1/1686 1684/2/1684 1675/3/1675
f 1684/1/1684 1686/2/1686 1700/3/1700
f 1701/1/1701 1686/2/1686 1685/3/1685
f 1686/1/1686 1701/2/1701 1702/3/1702
f 1683/1/1683 1703/2/1703 1687/3/1687
f 1703/1/1703 1683/2/1683 1698/3/1698
f 1676/1/1676 1704/2/1704 1689/3/1689
f 1704/1/1704 1676/2/1676 1687/3/1687
f 1705/1/1705 1689/2/1689 1706/3/1706
f 1689/1/1689 1705/2/1705 1688/3/1688
f 1677/1/1677 1688/2/1688 1707/3/1707
f 1677/1/1677 1708/2/1708 1690/3/1690
f 1690/1/1690 1709/2/1709 1678/3/1678
f 1678/1/1678 1709/2/1709 1691/3/1691
f 1692/1/1692 1710/2/1710 1711/3/1711
f 1710/1/1710 1692/2/1692 1691/3/1691
f 1679/1/1679 1692/2/1692 1693/3/1693
f 1694/1/1694 1712/2/1712 1713/3/1713
f 1712/1/1712 1694/2/1694 1693/3/1693
f 1714/1/1714 1680/2/1680 1694/3/1694
f 1680/1/1680 1714/2/1714 1695/3/1695
f 1715/1/1715 1685/2/1685 1695/3/1695
f 1685/1/1685 1715/2/1715 1701/3/1701
f 1697/1/1697 1716/2/1716 1696/3/1696
f 1716/1/1716 1697/2/1697 1717/3/1717
f 1681/1/1681 1718/2/1718 1698/3/1698
f 1718/1/1718 1681/2/1681 1696/3/1696
f 1699/1/1699 1697/2/1697 1682/3/1682
f 1697/1/1697 1699/2/1699 1719/3/1719
f 1700/1/1700 1699/2/1699 1684/3/1684
f 1699/1/1699 1700/2/1700 1720/3/1720
f 1702/1/1702 1700/2/1700 1686/3/1686
f 1700/1/1700 1702/2/1702 1721/3/1721
f 1722/1/1722 1702/2/1702 1701/3/1701
f 1702/1/1702 1722/2/1722 1723/3/1723
f 1698/1/1698 1724/2/1724 1703/3/1703
f 1724/1/1724 1698/2/1698 1718/3/1718
f 1687/1/1687 1725/2/1725 1704/3/1704
f 1725/1/1725 1687/2/1687 1703/3/1703
f 1704/1/1704 1726/2/1726 1689/3/1689
f 1706/1/1706 1726/2/1726 1727/3/1727
f 1726/1/1726 1706/2/1706 1689/3/1689
f 1728/1/1728 1706/2/1706 1729/3/1729
f 1706/1/1706 1728/2/1728 1705/3/1705
f 1688/1/1688 1705/2/1705 1707/3/1707
f 1707/1/1707 1708/2/1708 1677/3/1677
f 1708/1/1708 1730/2/1730 1690/3/1690
f 1690/1/1690 1730/2/1730 1709/3/1709
f 1709/1/1709 1731/2/1731 1691/3/1691
f 1691/1/1691 1731/2/1731 1710/3/1710
f 1711/1/1711 1732/2/1732 1733/3/1733
f 1732/1/1732 1711/2/1711 1710/3/1710
f 1692/1/1692 1711/2/1711 1712/3/1712
f 1693/1/1693 1692/2/1692 1712/3/1712
f 1713/1/1713 1734/2/1734 1735/3/1735
f 1734/1/1734 1713/2/1713 1712/3/1712
f 1736/1/1736 1694/2/1694 1713/3/1713
f 1694/1/1694 1736/2/1736 1714/3/1714
f 1715/1/1715 1714/2/1714 1737/3/1737
f 1714/1/1714 1715/2/1715 1695/3/1695
f 1738/1/1738 1701/2/1701 1715/3/1715
f 1701/1/1701 1738/2/1738 1722/3/1722
f 1739/1/1739 1717/2/1717 1740/3/1740
f 1717/1/1717 1739/2/1739 1716/3/1716
f 1696/1/1696 1741/2/1741 1718/3/1718
f 1741/1/1741 1696/2/1696 1716/3/1716
f 1719/1/1719 1717/2/1717 1697/3/1697
f 1717/1/1717 1719/2/1719 1742/3/1742
f 1720/1/1720 1719/2/1719 1699/3/1699
f 1719/1/1719 1720/2/1720 1743/3/1743
f 1721/1/1721 1720/2/1720 1700/3/1700
f 1720/1/1720 1721/2/1721 1744/3/1744
f 1723/1/1723 1721/2/1721 1702/3/1702
f 1721/1/1721 1723/2/1723 1745/3/1745
f 1746/1/1746 1723/2/1723 1722/3/1722
f 1723/1/1723 1746/2/1746 1747/3/1747
f 1718/1/1718 1748/2/1748 1724/3/1724
f 1748/1/1748 1718/2/1718 1741/3/1741
f 1703/1/1703 1749/2/1749 1725/3/1725
f 1749/1/1749 1703/2/1703 1724/3/1724
f 1726/1/1726 1725/2/1725 1750/3/1750
f 1725/1/1725 1726/2/1726 1704/3/1704
f 1727/1/1727 1750/2/1750 1751/3/1751
f 1750/1/1750 1727/2/1727 1726/3/1726
f 1706/1/1706 1727/2/1727 1752/3/1752
f 1729/1/1729 1752/2/1752 1753/3/1753
f 1752/1/1752 1729/2/1729 1706/3/1706
f 1754/1/1754 1729/2/1729 1755/3/1755
f 1729/1/1729 1754/2/1754 1728/3/1728
f 1756/1/1756 1705/2/1705 1728/3/1728
f 1705/1/1705 1756/2/1756 1707/3/1707
f 1707/1/1707 1757/2/1757 1708/3/1708
f 1757/1/1757 1707/2/1707 1756/3/1756
f 1708/1/1708 1758/2/1758 1730/3/1730
f 1758/1/1758 1708/2/1708 1757/3/1757
f 1730/1/1730 1759/2/1759 1709/3/1709
f 1709/1/1709 1759/2/1759 1731/3/1731
f 1710/1/1710 1760/2/1760 1732/3/1732
f 1760/1/1760 1710/2/1710 1731/3/1731
f 1733/1/1733 1761/2/1761 1762/3/1762
f 1761/1/1761 1733/2/1733 1732/3/1732
f 1734/1/1734 1733/2/1733 1763/3/1763
f 1733/1/1733 1734/2/1734 1711/3/1711
f 1712/1/1712 1711/2/1711 1734/3/1734
f 1735/1/1735 1763/2/1763 1764/3/1764
f 1763/1/1763 1735/2/1735 1734/3/1734
f 1765/1/1765 1713/2/1713 1735/3/1735
f 1713/1/1713 1765/2/1765 1736/3/1736
f 1737/1/1737 1736/2/1736 1766/3/1766
f 1736/1/1736 1737/2/1737 1714/3/1714
f 1738/1/1738 1737/2/1737 1767/3/1767
f 1737/1/1737 1738/2/1738 1715/3/1715
f 1768/1/1768 1722/2/1722 1738/3/1738
f 1722/1/1722 1768/2/1768 1746/3/1746
f 1769/1/1769 1740/2/1740 1770/3/1770
f 1740/1/1740 1769/2/1769 1739/3/1739
f 1741/1/1741 1739/2/1739 1771/3/1771
f 1739/1/1739 1741/2/1741 1716/3/1716
f 1740/1/1740 1742/2/1742 1772/3/1772
f 1742/1/1742 1740/2/1740 1717/3/1717
f 1743/1/1743 1742/2/1742 1719/3/1719
f 1742/1/1742 1743/2/1743 1773/3/1773
f 1744/1/1744 1743/2/1743 1720/3/1720
f 1743/1/1743 1744/2/1744 1774/3/1774
f 1745/1/1745 1744/2/1744 1721/3/1721
f 1744/1/1744 1745/2/1745 1775/3/1775
f 1747/1/1747 1745/2/1745 1723/3/1723
f 1745/1/1745 1747/2/1747 1776/3/1776
f 1777/1/1777 1747/2/1747 1746/3/1746
f 1747/1/1747 1777/2/1777 1778/3/1778
f 1779/1/1779 1741/2/1741 1771/3/1771
f 1741/1/1741 1779/2/1779 1748/3/1748
f 1724/1/1724 1780/2/1780 1749/3/1749
f 1780/1/1780 1724/2/1724 1748/3/1748
f 1750/1/1750 1749/2/1749 1781/3/1781
f 1749/1/1749 1750/2/1750 1725/3/1725
f 1751/1/1751 1781/2/1781 1782/3/1782
f 1781/1/1781 1751/2/1751 1750/3/1750
f 1752/1/1752 1751/2/1751 1783/3/1783
f 1751/1/1751 1752/2/1752 1727/3/1727
f 1753/1/1753 1783/2/1783 1784/3/1784
f 1783/1/1783 1753/2/1753 1752/3/1752
f 1755/1/1755 1753/2/1753 1785/3/1785
f 1753/1/1753 1755/2/1755 1729/3/1729
f 1754/1/1754 1755/2/1755 1786/3/1786
f 1787/1/1787 1728/2/1728 1754/3/1754
f 1728/1/1728 1787/2/1787 1756/3/1756
f 1756/1/1756 1788/2/1788 1757/3/1757
f 1788/1/1788 1756/2/1756 1787/3/1787
f 1757/1/1757 1789/2/1789 1758/3/1758
f 1789/1/1789 1757/2/1757 1788/3/1788
f 1730/1/1730 1790/2/1790 1759/3/1759
f 1790/1/1790 1730/2/1730 1758/3/1758
f 1731/1/1731 1791/2/1791 1760/3/1760
f 1791/1/1791 1731/2/1731 1759/3/1759
f 1760/1/1760 1792/2/1792 1732/3/1732
f 1732/1/1732 1792/2/1792 1761/3/1761
f 1762/1/1762 1793/2/1793 1794/3/1794
f 1793/1/1793 1762/2/1762 1761/3/1761
f 1733/1/1733 1795/2/1795 1763/3/1763
f 1764/1/1764 1796/2/1796 1797/3/1797
f 1796/1/1796 1764/2/1764 1763/3/1763
f 1798/1/1798 1735/2/1735 1764/3/1764
f 1735/1/1735 1798/2/1798 1765/3/1765
f 1766/1/1766 1765/2/1765 1799/3/1799
f 1765/1/1765 1766/2/1766 1736/3/1736
f 1767/1/1767 1766/2/1766 1800/3/1800
f 1766/1/1766 1767/2/1767 1737/3/1737
f 1801/1/1801 1738/2/1738 1767/3/1767
f 1738/1/1738 1801/2/1801 1768/3/1768
f 1802/1/1802 1746/2/1746 1768/3/1768
f 1746/1/1746 1802/2/1802 1777/3/1777
f 1803/1/1803 1770/2/1770 1804/3/1804
f 1770/1/1770 1803/2/1803 1769/3/1769
f 1771/1/1771 1769/2/1769 1805/3/1805
f 1769/1/1769 1771/2/1771 1739/3/1739
f 1770/1/1770 1772/2/1772 1806/3/1806
f 1772/1/1772 1770/2/1770 1740/3/1740
f 1742/1/1742 1807/2/1807 1772/3/1772
f 1807/1/1807 1742/2/1742 1773/3/1773
f 1774/1/1774 1773/2/1773 1743/3/1743
f 1773/1/1773 1774/2/1774 1808/3/1808
f 1775/1/1775 1774/2/1774 1744/3/1744
f 1774/1/1774 1775/2/1775 1809/3/1809
f 1776/1/1776 1775/2/1775 1745/3/1745
f 1775/1/1775 1776/2/1776 1810/3/1810
f 1778/1/1778 1776/2/1776 1747/3/1747
f 1776/1/1776 1778/2/1778 1811/3/1811
f 1812/1/1812 1778/2/1778 1777/3/1777
f 1778/1/1778 1812/2/1812 1813/3/1813
f 1814/1/1814 1771/2/1771 1805/3/1805
f 1771/1/1771 1814/2/1814 1779/3/1779
f 1815/1/1815 1748/2/1748 1779/3/1779
f 1748/1/1748 1815/2/1815 1780/3/1780
f 1781/1/1781 1780/2/1780 1816/3/1816
f 1780/1/1780 1781/2/1781 1749/3/1749
f 1782/1/1782 1816/2/1816 1817/3/1817
f 1816/1/1816 1782/2/1782 1781/3/1781
f 1783/1/1783 1782/2/1782 1818/3/1818
f 1782/1/1782 1783/2/1783 1751/3/1751
f 1784/1/1784 1818/2/1818 1819/3/1819
f 1818/1/1818 1784/2/1784 1783/3/1783
f 1785/1/1785 1784/2/1784 1820/3/1820
f 1784/1/1784 1785/2/1785 1753/3/1753
f 1786/1/1786 1785/2/1785 1821/3/1821
f 1785/1/1785 1786/2/1786 1755/3/1755
f 1754/1/1754 1786/2/1786 1822/3/1822
f 1787/1/1787 1754/2/1754 1823/3/1823
f 1787/1/1787 1824/2/1824 1788/3/1788
f 1788/1/1788 1825/2/1825 1789/3/1789
f 1758/1/1758 1826/2/1826 1790/3/1790
f 1826/1/1826 1758/2/1758 1789/3/1789
f 1759/1/1759 1827/2/1827 1791/3/1791
f 1827/1/1827 1759/2/1759 1790/3/1790
f 1760/1/1760 1828/2/1828 1829/3/1829
f 1828/1/1828 1760/2/1760 1791/3/1791
f 1792/1/1792 1830/2/1830 1761/3/1761
f 1761/1/1761 1830/2/1830 1793/3/1793
f 1831/1/1831 1794/2/1794 1793/3/1793
f 1794/1/1794 1831/2/1831 1832/3/1832
f 1763/1/1763 1795/2/1795 1796/3/1796
f 1797/1/1797 1833/2/1833 1834/3/1834
f 1833/1/1833 1797/2/1797 1796/3/1796
f 1835/1/1835 1764/2/1764 1797/3/1797
f 1764/1/1764 1835/2/1835 1798/3/1798
f 1799/1/1799 1798/2/1798 1836/3/1836
f 1798/1/1798 1799/2/1799 1765/3/1765
f 1800/1/1800 1799/2/1799 1837/3/1837
f 1799/1/1799 1800/2/1800 1766/3/1766
f 1838/1/1838 1767/2/1767 1800/3/1800
f 1767/1/1767 1838/2/1838 1801/3/1801
f 1802/1/1802 1801/2/1801 1839/3/1839
f 1801/1/1801 1802/2/1802 1768/3/1768
f 1840/1/1840 1777/2/1777 1802/3/1802
f 1777/1/1777 1840/2/1840 1812/3/1812
f 1841/1/1841 1804/2/1804 1842/3/1842
f 1804/1/1804 1841/2/1841 1803/3/1803
f 1805/1/1805 1803/2/1803 1843/3/1843
f 1803/1/1803 1805/2/1805 1769/3/1769
f 1804/1/1804 1806/2/1806 1844/3/1844
f 1806/1/1806 1804/2/1804 1770/3/1770
f 1772/1/1772 1845/2/1845 1806/3/1806
f 1845/1/1845 1772/2/1772 1807/3/1807
f 1807/1/1807 1808/2/1808 1846/3/1846
f 1808/1/1808 1807/2/1807 1773/3/1773
f 1809/1/1809 1808/2/1808 1774/3/1774
f 1808/1/1808 1809/2/1809 1847/3/1847
f 1810/1/1810 1809/2/1809 1775/3/1775
f 1809/1/1809 1810/2/1810 1848/3/1848
f 1811/1/1811 1810/2/1810 1776/3/1776
f 1810/1/1810 1811/2/1811 1849/3/1849
f 1813/1/1813 1811/2/1811 1778/3/1778
f 1811/1/1811 1813/2/1813 1850/3/1850
f 1851/1/1851 1813/2/1813 1812/3/1812
f 1813/1/1813 1851/2/1851 1852/3/1852
f 1853/1/1853 1805/2/1805 1843/3/1843
f 1805/1/1805 1853/2/1853 1814/3/1814
f 1854/1/1854 1779/2/1779 1814/3/1814
f 1779/1/1779 1854/2/1854 1815/3/1815
f 1816/1/1816 1815/2/1815 1855/3/1855
f 1815/1/1815 1816/2/1816 1780/3/1780
f 1856/1/1856 1816/2/1816 1855/3/1855
f 1816/1/1816 1856/2/1856 1817/3/1817
f 1818/1/1818 1817/2/1817 1857/3/1857
f 1817/1/1817 1818/2/1818 1782/3/1782
f 1819/1/1819 1857/2/1857 1858/3/1858
f 1857/1/1857 1819/2/1819 1818/3/1818
f 1820/1/1820 1819/2/1819 1859/3/1859
f 1819/1/1819 1820/2/1820 1784/3/1784
f 1821/1/1821 1820/2/1820 1860/3/1860
f 1820/1/1820 1821/2/1821 1785/3/1785
f 1861/1/1861 1821/2/1821 1862/3/1862
f 1821/1/1821 1861/2/1861 1786/3/1786
f 1786/1/1786 1861/2/1861 1822/3/1822
f 1754/1/1754 1822/2/1822 1823/3/1823
f 1823/1/1823 1824/2/1824 1787/3/1787
f 1824/1/1824 1825/2/1825 1788/3/1788
f 1825/1/1825 1863/2/1863 1789/3/1789
f 1789/1/1789 1863/2/1863 1826/3/1826
f 1790/1/1790 1864/2/1864 1827/3/1827
f 1864/1/1864 1790/2/1790 1826/3/1826
f 1791/1/1791 1865/2/1865 1866/3/1866
f 1865/1/1865 1791/2/1791 1827/3/1827
f 1828/1/1828 1867/2/1867 1829/3/1829
f 1793/1/1793 1830/2/1830 1868/3/1868
f 1831/1/1831 1793/2/1793 1868/3/1868
f 1869/1/1869 1832/2/1832 1831/3/1831
f 1832/1/1832 1869/2/1869 1870/3/1870
f 1795/1/1795 1871/2/1871 1796/3/1796
f 1796/1/1796 1871/2/1871 1833/3/1833
f 1872/1/1872 1834/2/1834 1833/3/1833
f 1834/1/1834 1872/2/1872 1873/3/1873
f 1874/1/1874 1797/2/1797 1834/3/1834
f 1797/1/1797 1874/2/1874 1835/3/1835
f 1836/1/1836 1835/2/1835 1875/3/1875
f 1835/1/1835 1836/2/1836 1798/3/1798
f 1837/1/1837 1836/2/1836 1876/3/1876
f 1836/1/1836 1837/2/1837 1799/3/1799
f 1877/1/1877 1800/2/1800 1837/3/1837
f 1800/1/1800 1877/2/1877 1838/3/1838
f 1839/1/1839 1838/2/1838 1878/3/1878
f 1838/1/1838 1839/2/1839 1801/3/1801
f 1840/1/1840 1839/2/1839 1879/3/1879
f 1839/1/1839 1840/2/1840 1802/3/1802
f 1880/1/1880 1812/2/1812 1840/3/1840
f 1812/1/1812 1880/2/1880 1851/3/1851
f 1881/1/1881 1842/2/1842 1882/3/1882
f 1842/1/1842 1881/2/1881 1841/3/1841
f 1843/1/1843 1841/2/1841 1883/3/1883
f 1841/1/1841 1843/2/1843 1803/3/1803
f 1842/1/1842 1844/2/1844 1884/3/1884
f 1844/1/1844 1842/2/1842 1804/3/1804
f 1806/1/1806 1885/2/1885 1844/3/1844
f 1885/1/1885 1806/2/1806 1845/3/1845
f 1845/1/1845 1846/2/1846 1886/3/1886
f 1846/1/1846 1845/2/1845 1807/3/1807
f 1846/1/1846 1847/2/1847 1887/3/1887
f 1847/1/1847 1846/2/1846 1808/3/1808
f 1848/1/1848 1847/2/1847 1809/3/1809
f 1847/1/1847 1848/2/1848 1888/3/1888
f 1849/1/1849 1848/2/1848 1810/3/1810
f 1848/1/1848 1849/2/1849 1889/3/1889
f 1850/1/1850 1849/2/1849 1811/3/1811
f 1849/1/1849 1850/2/1850 1890/3/1890
f 1852/1/1852 1850/2/1850 1813/3/1813
f 1850/1/1850 1852/2/1852 1891/3/1891
f 1892/1/1892 1852/2/1852 1851/3/1851
f 1852/1/1852 1892/2/1892 1893/3/1893
f 1894/1/1894 1843/2/1843 1883/3/1883
f 1843/1/1843 1894/2/1894 1853/3/1853
f 1895/1/1895 1814/2/1814 1853/3/1853
f 1814/1/1814 1895/2/1895 1854/3/1854
f 1855/1/1855 1854/2/1854 1896/3/1896
f 1854/1/1854 1855/2/1855 1815/3/1815
f 1897/1/1897 1855/2/1855 1896/3/1896
f 1855/1/1855 1897/2/1897 1856/3/1856
f 1857/1/1857 1856/2/1856 1898/3/1898
f 1856/1/1856 1857/2/1857 1817/3/1817
f 1899/1/1899 1857/2/1857 1898/3/1898
f 1857/1/1857 1899/2/1899 1858/3/1858
f 1859/1/1859 1858/2/1858 1900/3/1900
f 1858/1/1858 1859/2/1859 1819/3/1819
f 1860/1/1860 1859/2/1859 1901/3/1901
f 1859/1/1859 1860/2/1860 1820/3/1820
f 1862/1/1862 1860/2/1860 1902/3/1902
f 1860/1/1860 1862/2/1862 1821/3/1821
f 1903/1/1903 1862/2/1862 1904/3/1904
f 1862/1/1862 1903/2/1903 1861/3/1861
f 1905/1/1905 1861/2/1861 1903/3/1903
f 1861/1/1861 1905/2/1905 1822/3/1822
f 1906/1/1906 1822/2/1822 1905/3/1905
f 1822/1/1822 1906/2/1906 1823/3/1823
f 1823/1/1823 1907/2/1907 1824/3/1824
f 1907/1/1907 1823/2/1823 1906/3/1906
f 1824/1/1824 1908/2/1908 1825/3/1825
f 1908/1/1908 1824/2/1824 1907/3/1907
f 1825/1/1825 1909/2/1909 1863/3/1863
f 1909/1/1909 1825/2/1825 1908/3/1908
f 1826/1/1826 1910/2/1910 1864/3/1864
f 1910/1/1910 1826/2/1826 1863/3/1863
f 1827/1/1827 1911/2/1911 1865/3/1865
f 1911/1/1911 1827/2/1827 1864/3/1864
f 1866/1/1866 1912/2/1912 1913/3/1913
f 1912/1/1912 1866/2/1866 1865/3/1865
f 1829/1/1829 1867/2/1867 1914/3/1914
f 1831/1/1831 1868/2/1868 1915/3/1915
f 1869/1/1869 1831/2/1831 1915/3/1915
f 1916/1/1916 1870/2/1870 1869/3/1869
f 1870/1/1870 1916/2/1916 1917/3/1917
f 1833/1/1833 1871/2/1871 1918/3/1918
f 1872/1/1872 1833/2/1833 1918/3/1918
f 1919/1/1919 1873/2/1873 1872/3/1872
f 1873/1/1873 1919/2/1919 1920/3/1920
f 1873/1/1873 1874/2/1874 1834/3/1834
f 1874/1/1874 1873/2/1873 1921/3/1921
f 1875/1/1875 1874/2/1874 1922/3/1922
f 1874/1/1874 1875/2/1875 1835/3/1835
f 1876/1/1876 1875/2/1875 1923/3/1923
f 1875/1/1875 1876/2/1876 1836/3/1836
f 1924/1/1924 1837/2/1837 1876/3/1876
f 1837/1/1837 1924/2/1924 1877/3/1877
f 1878/1/1878 1877/2/1877 1925/3/1925
f 1877/1/1877 1878/2/1878 1838/3/1838
f 1879/1/1879 1878/2/1878 1926/3/1926
f 1878/1/1878 1879/2/1879 1839/3/1839
f 1880/1/1880 1879/2/1879 1927/3/1927
f 1879/1/1879 1880/2/1880 1840/3/1840
f 1928/1/1928 1851/2/1851 1880/3/1880
f 1851/1/1851 1928/2/1928 1892/3/1892
f 1929/1/1929 1882/2/1882 1930/3/1930
f 1882/1/1882 1929/2/1929 1881/3/1881
f 1883/1/1883 1881/2/1881 1931/3/1931
f 1881/1/1881 1883/2/1883 1841/3/1841
f 1882/1/1882 1884/2/1884 1932/3/1932
f 1884/1/1884 1882/2/1882 1842/3/1842
f 1844/1/1844 1933/2/1933 1884/3/1884
f 1933/1/1933 1844/2/1844 1885/3/1885
f 1885/1/1885 1886/2/1886 1934/3/1934
f 1886/1/1886 1885/2/1885 1845/3/1845
f 1886/1/1886 1887/2/1887 1935/3/1935
f 1887/1/1887 1886/2/1886 1846/3/1846
f 1847/1/1847 1936/2/1936 1887/3/1887
f 1936/1/1936 1847/2/1847 1888/3/1888
f 1889/1/1889 1888/2/1888 1848/3/1848
f 1888/1/1888 1889/2/1889 1937/3/1937
f 1890/1/1890 1889/2/1889 1849/3/1849
f 1889/1/1889 1890/2/1890 1938/3/1938
f 1891/1/1891 1890/2/1890 1850/3/1850
f 1890/1/1890 1891/2/1891 1939/3/1939
f 1893/1/1893 1891/2/1891 1852/3/1852
f 1891/1/1891 1893/2/1893 1940/3/1940
f 1941/1/1941 1893/2/1893 1892/3/1892
f 1893/1/1893 1941/2/1941 1942/3/1942
f 1943/1/1943 1883/2/1883 1931/3/1931
f 1883/1/1883 1943/2/1943 1894/3/1894
f 1944/1/1944 1853/2/1853 1894/3/1894
f 1853/1/1853 1944/2/1944 1895/3/1895
f 1896/1/1896 1895/2/1895 1945/3/1945
f 1895/1/1895 1896/2/1896 1854/3/1854
f 1946/1/1946 1896/2/1896 1945/3/1945
f 1896/1/1896 1946/2/1946 1897/3/1897
f 1898/1/1898 1897/2/1897 1947/3/1947
f 1897/1/1897 1898/2/1898 1856/3/1856
f 1948/1/1948 1898/2/1898 1947/3/1947
f 1898/1/1898 1948/2/1948 1899/3/1899
f 1949/1/1949 1858/2/1858 1899/3/1899
f 1858/1/1858 1949/2/1949 1900/3/1900
f 1901/1/1901 1900/2/1900 1950/3/1950
f 1900/1/1900 1901/2/1901 1859/3/1859
f 1902/1/1902 1901/2/1901 1951/3/1951
f 1901/1/1901 1902/2/1902 1860/3/1860
f 1904/1/1904 1902/2/1902 1952/3/1952
f 1902/1/1902 1904/2/1904 1862/3/1862
f 1953/1/1953 1904/2/1904 1954/3/1954
f 1904/1/1904 1953/2/1953 1903/3/1903
f 1955/1/1955 1903/2/1903 1953/3/1953
f 1903/1/1903 1955/2/1955 1905/3/1905
f 1956/1/1956 1905/2/1905 1955/3/1955
f 1905/1/1905 1956/2/1956 1906/3/1906
f 1957/1/1957 1906/2/1906 1956/3/1956
f 1906/1/1906 1957/2/1957 1907/3/1907
f 1907/1/1907 1958/2/1958 1908/3/1908
f 1958/1/1958 1907/2/1907 1957/3/1957
f 1908/1/1908 1959/2/1959 1909/3/1909
f 1959/1/1959 1908/2/1908 1958/3/1958
f 1863/1/1863 1960/2/1960 1910/3/1910
f 1960/1/1960 1863/2/1863 1909/3/1909
f 1910/1/1910 1961/2/1961 1864/3/1864
f 1864/1/1864 1961/2/1961 1911/3/1911
f 1865/1/1865 1962/2/1962 1912/3/1912
f 1962/1/1962 1865/2/1865 1911/3/1911
f 1963/1/1963 1912/2/1912 1964/3/1964
f 1912/1/1912 1963/2/1963 1913/3/1913
f 1914/1/1914 1867/2/1867 1965/3/1965
f 1868/1/1868 1966/2/1966 1915/3/1915
f 1916/1/1916 1915/2/1915 1967/3/1967
f 1915/1/1915 1916/2/1916 1869/3/1869
f 1968/1/1968 1917/2/1917 1916/3/1916
f 1917/1/1917 1968/2/1968 1969/3/1969
f 1917/1/1917 1970/2/1970 1870/3/1870
f 1970/1/1970 1917/2/1917 1971/3/1971
f 1872/1/1872 1918/2/1918 1970/3/1970
f 1919/1/1919 1872/2/1872 1970/3/1970
f 1972/1/1972 1920/2/1920 1919/3/1919
f 1920/1/1920 1972/2/1972 1973/3/1973
f 1920/1/1920 1921/2/1921 1873/3/1873
f 1921/1/1921 1920/2/1920 1974/3/1974
f 1921/1/1921 1922/2/1922 1874/3/1874
f 1922/1/1922 1921/2/1921 1975/3/1975
f 1923/1/1923 1922/2/1922 1976/3/1976
f 1922/1/1922 1923/2/1923 1875/3/1875
f 1977/1/1977 1876/2/1876 1923/3/1923
f 1876/1/1876 1977/2/1977 1924/3/1924
f 1877/1/1877 1978/2/1978 1925/3/1925
f 1978/1/1978 1877/2/1877 1924/3/1924
f 1926/1/1926 1925/2/1925 1979/3/1979
f 1925/1/1925 1926/2/1926 1878/3/1878
f 1927/1/1927 1926/2/1926 1980/3/1980
f 1926/1/1926 1927/2/1927 1879/3/1879
f 1928/1/1928 1927/2/1927 1981/3/1981
f 1927/1/1927 1928/2/1928 1880/3/1880
f 1982/1/1982 1892/2/1892 1928/3/1928
f 1892/1/1892 1982/2/1982 1941/3/1941
f 1929/1/1929 1983/2/1983 1984/3/1984
f 1983/1/1983 1929/2/1929 1930/3/1930
f 1931/1/1931 1929/2/1929 1985/3/1985
f 1929/1/1929 1931/2/1931 1881/3/1881
f 1930/1/1930 1932/2/1932 1986/3/1986
f 1932/1/1932 1930/2/1930 1882/3/1882
f 1884/1/1884 1987/2/1987 1932/3/1932
f 1987/1/1987 1884/2/1884 1933/3/1933
f 1933/1/1933 1934/2/1934 1988/3/1988
f 1934/1/1934 1933/2/1933 1885/3/1885
f 1934/1/1934 1935/2/1935 1989/3/1989
f 1935/1/1935 1934/2/1934 1886/3/1886
f 1887/1/1887 1990/2/1990 1935/3/1935
f 1990/1/1990 1887/2/1887 1936/3/1936
f 1991/1/1991 1888/2/1888 1937/3/1937
f 1888/1/1888 1991/2/1991 1936/3/1936
f 1938/1/1938 1937/2/1937 1889/3/1889
f 1937/1/1937 1938/2/1938 1992/3/1992
f 1939/1/1939 1938/2/1938 1890/3/1890
f 1938/1/1938 1939/2/1939 1993/3/1993
f 1940/1/1940 1939/2/1939 1891/3/1891
f 1939/1/1939 1940/2/1940 1994/3/1994
f 1942/1/1942 1940/2/1940 1893/3/1893
f 1940/1/1940 1942/2/1942 1995/3/1995
f 1996/1/1996 1942/2/1942 1941/3/1941
f 1942/1/1942 1996/2/1996 1997/3/1997
f 1998/1/1998 1931/2/1931 1985/3/1985
f 1931/1/1931 1998/2/1998 1943/3/1943
f 1999/1/1999 1894/2/1894 1943/3/1943
f 1894/1/1894 1999/2/1999 1944/3/1944
f 1945/1/1945 1944/2/1944 2000/3/2000
f 1944/1/1944 1945/2/1945 1895/3/1895
f 2001/1/2001 1945/2/1945 2000/3/2000
f 1945/1/1945 2001/2/2001 1946/3/1946
f 1947/1/1947 1946/2/1946 2002/3/2002
f 1946/1/1946 1947/2/1947 1897/3/1897
f 2003/1/2003 1947/2/1947 2002/3/2002
f 1947/1/1947 2003/2/2003 1948/3/1948
f 2004/1/2004 1899/2/1899 1948/3/1948
f 1899/1/1899 2004/2/2004 1949/3/1949
f 2005/1/2005 1900/2/1900 1949/3/1949
f 1900/1/1900 2005/2/2005 1950/3/1950
f 1951/1/1951 1950/2/1950 2006/3/2006
f 1950/1/1950 1951/2/1951 1901/3/1901
f 1952/1/1952 1951/2/1951 2007/3/2007
f 1951/1/1951 1952/2/1952 1902/3/1902
f 1954/1/1954 1952/2/1952 2008/3/2008
f 1952/1/1952 1954/2/1954 1904/3/1904
f 2009/1/2009 1954/2/1954 2010/3/2010
f 1954/1/1954 2009/2/2009 1953/3/1953
f 2011/1/2011 1953/2/1953 2009/3/2009
f 1953/1/1953 2011/2/2011 1955/3/1955
f 2012/1/2012 1955/2/1955 2011/3/2011
f 1955/1/1955 2012/2/2012 1956/3/1956
f 1957/1/1957 2012/2/2012 2013/3/2013
f 2012/1/2012 1957/2/1957 1956/3/1956
f 1958/1/1958 2013/2/2013 2014/3/2014
f 2013/1/2013 1958/2/1958 1957/3/1957
f 1959/1/1959 2014/2/2014 2015/3/2015
f 2014/1/2014 1959/2/1959 1958/3/1958
f 1909/1/1909 2016/2/2016 1960/3/1960
f 2016/1/2016 1909/2/1909 1959/3/1959
f 1910/1/1910 2017/2/2017 1961/3/1961
f 2017/1/2017 1910/2/1910 1960/3/1960
f 1961/1/1961 2018/2/2018 1911/3/1911
f 1911/1/1911 2018/2/2018 1962/3/1962
f 1964/1/1964 1962/2/1962 2019/3/2019
f 1962/1/1962 1964/2/1964 1912/3/1912
f 2020/1/2020 1964/2/1964 2021/3/2021
f 1964/1/1964 2020/2/2020 1963/3/1963
f 1867/1/1867 1963/2/1963 1965/3/1965
f 1914/1/1914 1965/2/1965 2022/3/2022
f 1967/1/1967 1966/2/1966 2023/3/2023
f 1966/1/1966 1967/2/1967 1915/3/1915
f 2024/1/2024 1916/2/1916 1967/3/1967
f 1916/1/1916 2024/2/2024 1968/3/1968
f 2025/1/2025 1969/2/1969 1968/3/1968
f 1969/1/1969 2025/2/2025 2026/3/2026
f 1969/1/1969 1971/2/1971 1917/3/1917
f 1971/1/1971 1969/2/1969 2027/3/2027
f 1970/1/1970 1918/2/1918 1870/3/1870
f 1971/1/1971 1919/2/1919 1970/3/1970
f 1919/1/1919 1971/2/1971 1972/3/1972
f 2028/1/2028 1973/2/1973 1972/3/1972
f 1973/1/1973 2028/2/2028 2029/3/2029
f 1973/1/1973 1974/2/1974 1920/3/1920
f 1974/1/1974 1973/2/1973 2030/3/2030
f 1974/1/1974 1975/2/1975 1921/3/1921
f 1975/1/1975 1974/2/1974 2031/3/2031
f 1975/1/1975 1976/2/1976 1922/3/1922
f 1976/1/1976 1975/2/1975 2032/3/2032
f 2033/1/2033 1923/2/1923 1976/3/1976
f 1923/1/1923 2033/2/2033 1977/3/1977
f 1924/1/1924 2034/2/2034 1978/3/1978
f 2034/1/2034 1924/2/1924 1977/3/1977
f 1925/1/1925 2035/2/2035 1979/3/1979
f 2035/1/2035 1925/2/1925 1978/3/1978
f 1980/1/1980 1979/2/1979 2036/3/2036
f 1979/1/1979 1980/2/1980 1926/3/1926
f 1981/1/1981 1980/2/1980 2037/3/2037
f 1980/1/1980 1981/2/1981 1927/3/1927
f 1982/1/1982 1981/2/1981 2038/3/2038
f 1981/1/1981 1982/2/1982 1928/3/1928
f 2039/1/2039 1941/2/1941 1982/3/1982
f 1941/1/1941 2039/2/2039 1996/3/1996
f 1984/1/1984 2028/2/2028 2027/3/2027
f 2028/1/2028 1984/2/1984 1983/3/1983
f 1985/1/1985 1984/2/1984 2026/3/2026
f 1984/1/1984 1985/2/1985 1929/3/1929
f 1930/1/1930 2040/2/2040 1983/3/1983
f 2040/1/2040 1930/2/1930 1986/3/1986
f 1932/1/1932 2041/2/2041 1986/3/1986
f 2041/1/2041 1932/2/1932 1987/3/1987
f 1987/1/1987 1988/2/1988 2042/3/2042
f 1988/1/1988 1987/2/1987 1933/3/1933
f 1988/1/1988 1989/2/1989 2043/3/2043
f 1989/1/1989 1988/2/1988 1934/3/1934
f 1935/1/1935 2044/2/2044 1989/3/1989
f 2044/1/2044 1935/2/1935 1990/3/1990
f 2045/1/2045 1936/2/1936 1991/3/1991
f 1936/1/1936 2045/2/2045 1990/3/1990
f 2046/1/2046 1937/2/1937 1992/3/1992
f 1937/1/1937 2046/2/2046 1991/3/1991
f 1993/1/1993 1992/2/1992 1938/3/1938
f 1992/1/1992 1993/2/1993 2047/3/2047
f 1994/1/1994 1993/2/1993 1939/3/1939
f 1993/1/1993 1994/2/1994 2048/3/2048
f 1995/1/1995 1994/2/1994 1940/3/1940
f 1994/1/1994 1995/2/1995 2049/3/2049
f 1997/1/1997 1995/2/1995 1942/3/1942
f 1995/1/1995 1997/2/1997 2050/3/2050
f 2051/1/2051 1997/2/1997 1996/3/1996
f 1997/1/1997 2051/2/2051 2052/3/2052
f 1998/1/1998 2026/2/2026 2025/3/2025
f 2026/1/2026 1998/2/1998 1985/3/1985
f 2053/1/2053 1943/2/1943 1998/3/1998
f 1943/1/1943 2053/2/2053 1999/3/1999
f 2000/1/2000 1999/2/1999 2054/3/2054
f 1999/1/1999 2000/2/2000 1944/3/1944
f 2055/1/2055 2000/2/2000 2054/3/2054
f 2000/1/2000 2055/2/2055 2001/3/2001
f 2002/1/2002 2001/2/2001 2056/3/2056
f 2001/1/2001 2002/2/2002 1946/3/1946
f 2057/1/2057 2002/2/2002 2056/3/2056
f 2002/1/2002 2057/2/2057 2003/3/2003
f 2058/1/2058 1948/2/1948 2003/3/2003
f 1948/1/1948 2058/2/2058 2004/3/2004
f 2059/1/2059 1949/2/1949 2004/3/2004
f 1949/1/1949 2059/2/2059 2005/3/2005
f 2060/1/2060 1950/2/1950 2005/3/2005
f 1950/1/1950 2060/2/2060 2006/3/2006
f 2007/1/2007 2006/2/2006 2061/3/2061
f 2006/1/2006 2007/2/2007 1951/3/1951
f 2008/1/2008 2007/2/2007 2062/3/2062
f 2007/1/2007 2008/2/2008 1952/3/1952
f 2010/1/2010 2008/2/2008 2063/3/2063
f 2008/1/2008 2010/2/2010 1954/3/1954
f 2064/1/2064 2010/2/2010 2065/3/2065
f 2010/1/2010 2064/2/2064 2009/3/2009
f 2066/1/2066 2009/2/2009 2064/3/2064
f 2009/1/2009 2066/2/2066 2011/3/2011
f 2067/1/2067 2011/2/2011 2066/3/2066
f 2011/1/2011 2067/2/2067 2012/3/2012
f 2013/1/2013 2067/2/2067 2068/3/2068
f 2067/1/2067 2013/2/2013 2012/3/2012
f 2014/1/2014 2068/2/2068 2069/3/2069
f 2068/1/2068 2014/2/2014 2013/3/2013
f 2015/1/2015 2069/2/2069 2070/3/2070
f 2069/1/2069 2015/2/2015 2014/3/2014
f 2071/1/2071 1959/2/1959 2015/3/2015
f 1959/1/1959 2071/2/2071 2016/3/2016
f 1960/1/1960 2072/2/2072 2017/3/2017
f 2072/1/2072 1960/2/1960 2016/3/2016
f 1961/1/1961 2073/2/2073 2018/3/2018
f 2073/1/2073 1961/2/1961 2017/3/2017
f 1962/1/1962 2018/2/2018 2074/3/2074
f 1962/1/1962 2074/2/2074 2019/3/2019
f 2021/1/2021 2019/2/2019 2075/3/2075
f 2019/1/2019 2021/2/2021 1964/3/1964
f 2076/1/2076 2021/2/2021 2077/3/2077
f 2021/1/2021 2076/2/2076 2020/3/2020
f 2078/1/2078 1963/2/1963 2020/3/2020
f 1963/1/1963 2078/2/2078 1965/3/1965
f 2022/1/2022 1965/2/1965 2078/3/2078
f 2023/1/2023 2078/2/2078 2079/3/2079
f 2078/1/2078 2023/2/2023 1966/3/1966
f 2024/1/2024 2023/2/2023 2080/3/2080
f 2023/1/2023 2024/2/2024 1967/3/1967
f 2081/1/2081 1968/2/1968 2024/3/2024
f 1968/1/1968 2081/2/2081 2025/3/2025
f 2026/1/2026 2027/2/2027 1969/3/1969
f 2027/1/2027 2026/2/2026 1984/3/1984
f 2027/1/2027 1972/2/1972 1971/3/1971
f 1972/1/1972 2027/2/2027 2028/3/2028
f 1983/1/1983 2029/2/2029 2028/3/2028
f 2029/1/2029 1983/2/1983 2040/3/2040
f 2029/1/2029 2030/2/2030 1973/3/1973
f 2030/1/2030 2029/2/2029 2082/3/2082
f 2030/1/2030 2031/2/2031 1974/3/1974
f 2031/1/2031 2030/2/2030 2083/3/2083
f 2031/1/2031 2032/2/2032 1975/3/1975
f 2032/1/2032 2031/2/2031 2084/3/2084
f 2032/1/2032 2033/2/2033 1976/3/1976
f 2033/1/2033 2032/2/2032 2085/3/2085
f 1977/1/1977 2086/2/2086 2034/3/2034
f 2086/1/2086 1977/2/1977 2033/3/2033
f 1978/1/1978 2087/2/2087 2035/3/2035
f 2087/1/2087 1978/2/1978 2034/3/2034
f 1979/1/1979 2088/2/2088 2036/3/2036
f 2088/1/2088 1979/2/1979 2035/3/2035
f 2037/1/2037 2036/2/2036 2089/3/2089
f 2036/1/2036 2037/2/2037 1980/3/1980
f 2038/1/2038 2037/2/2037 2090/3/2090
f 2037/1/2037 2038/2/2038 1981/3/1981
f 2039/1/2039 2038/2/2038 2091/3/2091
f 2038/1/2038 2039/2/2039 1982/3/1982
f 2092/1/2092 1996/2/1996 2039/3/2039
f 1996/1/1996 2092/2/2092 2051/3/2051
f 1986/1/1986 2093/2/2093 2040/3/2040
f 2093/1/2093 1986/2/1986 2041/3/2041
f 2041/1/2041 2042/2/2042 2094/3/2094
f 2042/1/2042 2041/2/2041 1987/3/1987
f 2042/1/2042 2043/2/2043 2095/3/2095
f 2043/1/2043 2042/2/2042 1988/3/1988
f 1989/1/1989 2096/2/2096 2043/3/2043
f 2096/1/2096 1989/2/1989 2044/3/2044
f 2097/1/2097 1990/2/1990 2045/3/2045
f 1990/1/1990 2097/2/2097 2044/3/2044
f 2098/1/2098 1991/2/1991 2046/3/2046
f 1991/1/1991 2098/2/2098 2045/3/2045
f 2099/1/2099 1992/2/1992 2047/3/2047
f 1992/1/1992 2099/2/2099 2046/3/2046
f 2048/1/2048 2047/2/2047 1993/3/1993
f 2047/1/2047 2048/2/2048 2100/3/2100
f 2049/1/2049 2048/2/2048 1994/3/1994
f 2048/1/2048 2049/2/2049 2101/3/2101
f 2050/1/2050 2049/2/2049 1995/3/1995
f 2049/1/2049 2050/2/2050 2102/3/2102
f 2052/1/2052 2050/2/2050 1997/3/1997
f 2050/1/2050 2052/2/2052 2103/3/2103
f 2104/1/2104 2052/2/2052 2051/3/2051
f 2052/1/2052 2104/2/2104 2105/3/2105
f 2053/1/2053 2025/2/2025 2081/3/2081
f 2025/1/2025 2053/2/2053 1998/3/1998
f 2054/1/2054 2053/2/2053 2106/3/2106
f 2053/1/2053 2054/2/2054 1999/3/1999
f 2107/1/2107 2054/2/2054 2106/3/2106
f 2054/1/2054 2107/2/2107 2055/3/2055
f 2056/1/2056 2055/2/2055 2108/3/2108
f 2055/1/2055 2056/2/2056 2001/3/2001
f 2109/1/2109 2056/2/2056 2108/3/2108
f 2056/1/2056 2109/2/2109 2057/3/2057
f 2110/1/2110 2003/2/2003 2057/3/2057
f 2003/1/2003 2110/2/2110 2058/3/2058
f 2111/1/2111 2004/2/2004 2058/3/2058
f 2004/1/2004 2111/2/2111 2059/3/2059
f 2112/1/2112 2005/2/2005 2059/3/2059
f 2005/1/2005 2112/2/2112 2060/3/2060
f 2113/1/2113 2006/2/2006 2060/3/2060
f 2006/1/2006 2113/2/2113 2061/3/2061
f 2062/1/2062 2061/2/2061 2114/3/2114
f 2061/1/2061 2062/2/2062 2007/3/2007
f 2063/1/2063 2062/2/2062 2115/3/2115
f 2062/1/2062 2063/2/2063 2008/3/2008
f 2065/1/2065 2063/2/2063 2116/3/2116
f 2063/1/2063 2065/2/2065 2010/3/2010
f 2117/1/2117 2065/2/2065 2118/3/2118
f 2065/1/2065 2117/2/2117 2064/3/2064
f 2119/1/2119 2064/2/2064 2117/3/2117
f 2064/1/2064 2119/2/2119 2066/3/2066
f 2120/1/2120 2066/2/2066 2119/3/2119
f 2066/1/2066 2120/2/2120 2067/3/2067
f 2068/1/2068 2120/2/2120 2121/3/2121
f 2120/1/2120 2068/2/2068 2067/3/2067
f 2069/1/2069 2121/2/2121 2122/3/2122
f 2121/1/2121 2069/2/2069 2068/3/2068
f 2070/1/2070 2122/2/2122 2123/3/2123
f 2122/1/2122 2070/2/2070 2069/3/2069
f 2124/1/2124 2015/2/2015 2070/3/2070
f 2015/1/2015 2124/2/2124 2071/3/2071
f 2125/1/2125 2016/2/2016 2071/3/2071
f 2016/1/2016 2125/2/2125 2072/3/2072
f 2017/1/2017 2126/2/2126 2073/3/2073
f 2126/1/2126 2017/2/2017 2072/3/2072
f 2074/1/2074 2073/2/2073 2127/3/2127
f 2073/1/2073 2074/2/2074 2018/3/2018
f 2019/1/2019 2074/2/2074 2128/3/2128
f 2019/1/2019 2128/2/2128 2075/3/2075
f 2077/1/2077 2075/2/2075 2129/3/2129
f 2075/1/2075 2077/2/2077 2021/3/2021
f 2130/1/2130 2077/2/2077 2131/3/2131
f 2077/1/2077 2130/2/2130 2076/3/2076
f 2079/1/2079 2020/2/2020 2076/3/2076
f 2020/1/2020 2079/2/2079 2078/3/2078
f 2022/1/2022 2078/2/2078 1966/3/1966
f 2080/1/2080 2079/2/2079 2132/3/2132
f 2079/1/2079 2080/2/2080 2023/3/2023
f 2081/1/2081 2080/2/2080 2133/3/2133
f 2080/1/2080 2081/2/2081 2024/3/2024
f 2040/1/2040 2082/2/2082 2029/3/2029
f 2082/1/2082 2040/2/2040 2093/3/2093
f 2082/1/2082 2083/2/2083 2030/3/2030
f 2083/1/2083 2082/2/2082 2134/3/2134
f 2083/1/2083 2084/2/2084 2031/3/2031
f 2084/1/2084 2083/2/2083 2135/3/2135
f 2084/1/2084 2085/2/2085 2032/3/2032
f 2085/1/2085 2084/2/2084 2136/3/2136
f 2085/1/2085 2086/2/2086 2033/3/2033
f 2086/1/2086 2085/2/2085 2137/3/2137
f 2034/1/2034 2138/2/2138 2087/3/2087
f 2138/1/2138 2034/2/2034 2086/3/2086
f 2035/1/2035 2139/2/2139 2088/3/2088
f 2139/1/2139 2035/2/2035 2087/3/2087
f 2036/1/2036 2140/2/2140 2089/3/2089
f 2140/1/2140 2036/2/2036 2088/3/2088
f 2090/1/2090 2089/2/2089 2141/3/2141
f 2089/1/2089 2090/2/2090 2037/3/2037
f 2091/1/2091 2090/2/2090 2142/3/2142
f 2090/1/2090 2091/2/2091 2038/3/2038
f 2092/1/2092 2091/2/2091 2143/3/2143
f 2091/1/2091 2092/2/2092 2039/3/2039
f 2144/1/2144 2051/2/2051 2092/3/2092
f 2051/1/2051 2144/2/2144 2104/3/2104
f 2041/1/2041 2145/2/2145 2093/3/2093
f 2145/1/2145 2041/2/2041 2094/3/2094
f 2094/1/2094 2095/2/2095 2146/3/2146
f 2095/1/2095 2094/2/2094 2042/3/2042
f 2043/1/2043 2147/2/2147 2095/3/2095
f 2147/1/2147 2043/2/2043 2096/3/2096
f 2096/1/2096 2097/2/2097 2148/3/2148
f 2097/1/2097 2096/2/2096 2044/3/2044
f 2149/1/2149 2045/2/2045 2098/3/2098
f 2045/1/2045 2149/2/2149 2097/3/2097
f 2150/1/2150 2046/2/2046 2099/3/2099
f 2046/1/2046 2150/2/2150 2098/3/2098
f 2151/1/2151 2047/2/2047 2100/3/2100
f 2047/1/2047 2151/2/2151 2099/3/2099
f 2101/1/2101 2100/2/2100 2048/3/2048
f 2100/1/2100 2101/2/2101 2152/3/2152
f 2102/1/2102 2101/2/2101 2049/3/2049
f 2101/1/2101 2102/2/2102 2153/3/2153
f 2103/1/2103 2102/2/2102 2050/3/2050
f 2102/1/2102 2103/2/2103 2154/3/2154
f 2105/1/2105 2103/2/2103 2052/3/2052
f 2103/1/2103 2105/2/2105 2155/3/2155
f 2156/1/2156 2105/2/2105 2104/3/2104
f 2105/1/2105 2156/2/2156 2157/3/2157
f 2053/1/2053 2133/2/2133 2106/3/2106
f 2133/1/2133 2053/2/2053 2081/3/2081
f 2106/1/2106 2158/2/2158 2107/3/2107
f 2158/1/2158 2106/2/2106 2133/3/2133
f 2108/1/2108 2107/2/2107 2159/3/2159
f 2107/1/2107 2108/2/2108 2055/3/2055
f 2160/1/2160 2108/2/2108 2159/3/2159
f 2108/1/2108 2160/2/2160 2109/3/2109
f 2161/1/2161 2057/2/2057 2109/3/2109
f 2057/1/2057 2161/2/2161 2110/3/2110
f 2162/1/2162 2058/2/2058 2110/3/2110
f 2058/1/2058 2162/2/2162 2111/3/2111
f 2163/1/2163 2059/2/2059 2111/3/2111
f 2059/1/2059 2163/2/2163 2112/3/2112
f 2164/1/2164 2060/2/2060 2112/3/2112
f 2060/1/2060 2164/2/2164 2113/3/2113
f 2165/1/2165 2061/2/2061 2113/3/2113
f 2061/1/2061 2165/2/2165 2114/3/2114
f 2115/1/2115 2114/2/2114 2166/3/2166
f 2114/1/2114 2115/2/2115 2062/3/2062
f 2116/1/2116 2115/2/2115 2167/3/2167
f 2115/1/2115 2116/2/2116 2063/3/2063
f 2118/1/2118 2116/2/2116 2168/3/2168
f 2116/1/2116 2118/2/2118 2065/3/2065
f 2169/1/2169 2118/2/2118 2170/3/2170
f 2118/1/2118 2169/2/2169 2117/3/2117
f 2171/1/2171 2117/2/2117 2169/3/2169
f 2117/1/2117 2171/2/2171 2119/3/2119
f 2172/1/2172 2119/2/2119 2171/3/2171
f 2119/1/2119 2172/2/2172 2120/3/2120
f 2121/1/2121 2172/2/2172 2173/3/2173
f 2172/1/2172 2121/2/2121 2120/3/2120
f 2122/1/2122 2173/2/2173 2174/3/2174
f 2173/1/2173 2122/2/2122 2121/3/2121
f 2123/1/2123 2174/2/2174 2175/3/2175
f 2174/1/2174 2123/2/2123 2122/3/2122
f 2176/1/2176 2070/2/2070 2123/3/2123
f 2070/1/2070 2176/2/2176 2124/3/2124
f 2177/1/2177 2071/2/2071 2124/3/2124
f 2071/1/2071 2177/2/2177 2125/3/2125
f 2178/1/2178 2072/2/2072 2125/3/2125
f 2072/1/2072 2178/2/2178 2126/3/2126
f 2127/1/2127 2126/2/2126 2179/3/2179
f 2126/1/2126 2127/2/2127 2073/3/2073
f 2128/1/2128 2127/2/2127 2180/3/2180
f 2127/1/2127 2128/2/2128 2074/3/2074
f 2181/1/2181 2128/2/2128 2182/3/2182
f 2128/1/2128 2181/2/2181 2075/3/2075
f 2075/1/2075 2181/2/2181 2129/3/2129
f 2131/1/2131 2129/2/2129 2183/3/2183
f 2129/1/2129 2131/2/2131 2077/3/2077
f 2184/1/2184 2131/2/2131 2185/3/2185
f 2131/1/2131 2184/2/2184 2130/3/2130
f 2132/1/2132 2076/2/2076 2130/3/2130
f 2076/1/2076 2132/2/2132 2079/3/2079
f 2133/1/2133 2132/2/2132 2158/3/2158
f 2132/1/2132 2133/2/2133 2080/3/2080
f 2093/1/2093 2134/2/2134 2082/3/2082
f 2134/1/2134 2093/2/2093 2145/3/2145
f 2134/1/2134 2135/2/2135 2083/3/2083
f 2135/1/2135 2134/2/2134 2186/3/2186
f 2135/1/2135 2136/2/2136 2084/3/2084
f 2136/1/2136 2135/2/2135 2187/3/2187
f 2136/1/2136 2137/2/2137 2085/3/2085
f 2137/1/2137 2136/2/2136 2188/3/2188
f 2137/1/2137 2138/2/2138 2086/3/2086
f 2138/1/2138 2137/2/2137 2189/3/2189
f 2087/1/2087 2190/2/2190 2139/3/2139
f 2190/1/2190 2087/2/2087 2138/3/2138
f 2088/1/2088 2191/2/2191 2140/3/2140
f 2191/1/2191 2088/2/2088 2139/3/2139
f 2089/1/2089 2192/2/2192 2141/3/2141
f 2192/1/2192 2089/2/2089 2140/3/2140
f 2142/1/2142 2141/2/2141 2193/3/2193
f 2141/1/2141 2142/2/2142 2090/3/2090
f 2143/1/2143 2142/2/2142 2194/3/2194
f 2142/1/2142 2143/2/2143 2091/3/2091
f 2144/1/2144 2143/2/2143 2195/3/2195
f 2143/1/2143 2144/2/2144 2092/3/2092
f 2196/1/2196 2104/2/2104 2144/3/2144
f 2104/1/2104 2196/2/2196 2156/3/2156
f 2094/1/2094 2197/2/2197 2145/3/2145
f 2197/1/2197 2094/2/2094 2146/3/2146
f 2095/1/2095 2198/2/2198 2146/3/2146
f 2198/1/2198 2095/2/2095 2147/3/2147
f 2147/1/2147 2148/2/2148 2199/3/2199
f 2148/1/2148 2147/2/2147 2096/3/2096
f 2148/1/2148 2149/2/2149 2200/3/2200
f 2149/1/2149 2148/2/2148 2097/3/2097
f 2201/1/2201 2098/2/2098 2150/3/2150
f 2098/1/2098 2201/2/2201 2149/3/2149
f 2202/1/2202 2099/2/2099 2151/3/2151
f 2099/1/2099 2202/2/2202 2150/3/2150
f 2203/1/2203 2100/2/2100 2152/3/2152
f 2100/1/2100 2203/2/2203 2151/3/2151
f 2153/1/2153 2152/2/2152 2101/3/2101
f 2152/1/2152 2153/2/2153 2204/3/2204
f 2154/1/2154 2153/2/2153 2102/3/2102
f 2153/1/2153 2154/2/2154 2205/3/2205
f 2155/1/2155 2154/2/2154 2103/3/2103
f 2154/1/2154 2155/2/2155 2206/3/2206
f 2157/1/2157 2155/2/2155 2105/3/2105
f 2155/1/2155 2157/2/2157 2207/3/2207
f 2208/1/2208 2156/2/2156 2209/3/2209
f 2156/1/2156 2208/2/2208 2157/3/2157
f 2107/1/2107 2184/2/2184 2159/3/2159
f 2184/1/2184 2107/2/2107 2158/3/2158
f 2159/1/2159 2185/2/2185 2160/3/2160
f 2185/1/2185 2159/2/2159 2184/3/2184
f 2210/1/2210 2109/2/2109 2160/3/2160
f 2109/1/2109 2210/2/2210 2161/3/2161
f 2211/1/2211 2110/2/2110 2161/3/2161
f 2110/1/2110 2211/2/2211 2162/3/2162
f 2212/1/2212 2111/2/2111 2162/3/2162
f 2111/1/2111 2212/2/2212 2163/3/2163
f 2213/1/2213 2112/2/2112 2163/3/2163
f 2112/1/2112 2213/2/2213 2164/3/2164
f 2214/1/2214 2113/2/2113 2164/3/2164
f 2113/1/2113 2214/2/2214 2165/3/2165
f 2114/1/2114 2215/2/2215 2166/3/2166
f 2215/1/2215 2114/2/2114 2165/3/2165
f 2167/1/2167 2166/2/2166 2216/3/2216
f 2166/1/2166 2167/2/2167 2115/3/2115
f 2168/1/2168 2167/2/2167 2217/3/2217
f 2167/1/2167 2168/2/2168 2116/3/2116
f 2170/1/2170 2168/2/2168 2218/3/2218
f 2168/1/2168 2170/2/2170 2118/3/2118
f 2219/1/2219 2170/2/2170 2220/3/2220
f 2170/1/2170 2219/2/2219 2169/3/2169
f 2221/1/2221 2169/2/2169 2219/3/2219
f 2169/1/2169 2221/2/2221 2171/3/2171
f 2222/1/2222 2171/2/2171 2221/3/2221
f 2171/1/2171 2222/2/2222 2172/3/2172
f 2173/1/2173 2222/2/2222 2223/3/2223
f 2222/1/2222 2173/2/2173 2172/3/2172
f 2174/1/2174 2223/2/2223 2224/3/2224
f 2223/1/2223 2174/2/2174 2173/3/2173
f 2175/1/2175 2224/2/2224 2225/3/2225
f 2224/1/2224 2175/2/2175 2174/3/2174
f 2226/1/2226 2123/2/2123 2175/3/2175
f 2123/1/2123 2226/2/2226 2176/3/2176
f 2227/1/2227 2124/2/2124 2176/3/2176
f 2124/1/2124 2227/2/2227 2177/3/2177
f 2228/1/2228 2125/2/2125 2177/3/2177
f 2125/1/2125 2228/2/2228 2178/3/2178
f 2179/1/2179 2178/2/2178 2229/3/2229
f 2178/1/2178 2179/2/2179 2126/3/2126
f 2180/1/2180 2179/2/2179 2230/3/2230
f 2179/1/2179 2180/2/2180 2127/3/2127
f 2182/1/2182 2180/2/2180 2231/3/2231
f 2180/1/2180 2182/2/2182 2128/3/2128
f 2232/1/2232 2182/2/2182 2233/3/2233
f 2182/1/2182 2232/2/2232 2181/3/2181
f 2183/1/2183 2181/2/2181 2232/3/2232
f 2181/1/2181 2183/2/2183 2129/3/2129
f 2185/1/2185 2183/2/2183 2234/3/2234
f 2183/1/2183 2185/2/2185 2131/3/2131
f 2158/1/2158 2130/2/2130 2184/3/2184
f 2130/1/2130 2158/2/2158 2132/3/2132
f 2145/1/2145 2186/2/2186 2134/3/2134
f 2186/1/2186 2145/2/2145 2197/3/2197
f 2186/1/2186 2187/2/2187 2135/3/2135
f 2187/1/2187 2186/2/2186 2235/3/2235
f 2187/1/2187 2188/2/2188 2136/3/2136
f 2188/1/2188 2187/2/2187 2236/3/2236
f 2188/1/2188 2189/2/2189 2137/3/2137
f 2189/1/2189 2188/2/2188 2237/3/2237
f 2189/1/2189 2190/2/2190 2138/3/2138
f 2190/1/2190 2189/2/2189 2238/3/2238
f 2139/1/2139 2239/2/2239 2191/3/2191
f 2239/1/2239 2139/2/2139 2190/3/2190
f 2140/1/2140 2240/2/2240 2192/3/2192
f 2240/1/2240 2140/2/2140 2191/3/2191
f 2141/1/2141 2241/2/2241 2193/3/2193
f 2241/1/2241 2141/2/2141 2192/3/2192
f 2194/1/2194 2193/2/2193 2242/3/2242
f 2193/1/2193 2194/2/2194 2142/3/2142
f 2195/1/2195 2194/2/2194 2243/3/2243
f 2194/1/2194 2195/2/2195 2143/3/2143
f 2144/1/2144 2244/2/2244 2196/3/2196
f 2244/1/2244 2144/2/2144 2195/3/2195
f 2209/1/2209 2196/2/2196 2245/3/2245
f 2196/1/2196 2209/2/2209 2156/3/2156
f 2146/1/2146 2246/2/2246 2197/3/2197
f 2246/1/2246 2146/2/2146 2198/3/2198
f 2198/1/2198 2199/2/2199 2247/3/2247
f 2199/1/2199 2198/2/2198 2147/3/2147
f 2199/1/2199 2200/2/2200 2248/3/2248
f 2200/1/2200 2199/2/2199 2148/3/2148
f 2200/1/2200 2201/2/2201 2249/3/2249
f 2201/1/2201 2200/2/2200 2149/3/2149
f 2250/1/2250 2150/2/2150 2202/3/2202
f 2150/1/2150 2250/2/2250 2201/3/2201
f 2251/1/2251 2151/2/2151 2203/3/2203
f 2151/1/2151 2251/2/2251 2202/3/2202
f 2252/1/2252 2152/2/2152 2204/3/2204
f 2152/1/2152 2252/2/2252 2203/3/2203
f 2205/1/2205 2204/2/2204 2153/3/2153
f 2204/1/2204 2205/2/2205 2253/3/2253
f 2206/1/2206 2205/2/2205 2154/3/2154
f 2205/1/2205 2206/2/2206 2254/3/2254
f 2207/1/2207 2206/2/2206 2155/3/2155
f 2206/1/2206 2207/2/2207 2255/3/2255
f 2256/1/2256 2157/2/2157 2208/3/2208
f 2157/1/2157 2256/2/2256 2207/3/2207
f 2257/1/2257 2209/2/2209 2258/3/2258
f 2209/1/2209 2257/2/2257 2208/3/2208
f 2160/1/2160 2234/2/2234 2210/3/2210
f 2234/1/2234 2160/2/2160 2185/3/2185
f 2259/1/2259 2161/2/2161 2210/3/2210
f 2161/1/2161 2259/2/2259 2211/3/2211
f 2260/1/2260 2162/2/2162 2211/3/2211
f 2162/1/2162 2260/2/2260 2212/3/2212
f 2261/1/2261 2163/2/2163 2212/3/2212
f 2163/1/2163 2261/2/2261 2213/3/2213
f 2262/1/2262 2164/2/2164 2213/3/2213
f 2164/1/2164 2262/2/2262 2214/3/2214
f 2165/1/2165 2263/2/2263 2215/3/2215
f 2263/1/2263 2165/2/2165 2214/3/2214
f 2166/1/2166 2264/2/2264 2216/3/2216
f 2264/1/2264 2166/2/2166 2215/3/2215
f 2217/1/2217 2216/2/2216 2265/3/2265
f 2216/1/2216 2217/2/2217 2167/3/2167
f 2218/1/2218 2217/2/2217 2266/3/2266
f 2217/1/2217 2218/2/2218 2168/3/2168
f 2220/1/2220 2218/2/2218 2267/3/2267
f 2218/1/2218 2220/2/2220 2170/3/2170
f 2268/1/2268 2220/2/2220 2269/3/2269
f 2220/1/2220 2268/2/2268 2219/3/2219
f 2270/1/2270 2219/2/2219 2268/3/2268
f 2219/1/2219 2270/2/2270 2221/3/2221
f 2271/1/2271 2221/2/2221 2270/3/2270
f 2221/1/2221 2271/2/2271 2222/3/2222
f 2223/1/2223 2271/2/2271 2272/3/2272
f 2271/1/2271 2223/2/2223 2222/3/2222
f 2224/1/2224 2272/2/2272 2273/3/2273
f 2272/1/2272 2224/2/2224 2223/3/2223
f 2225/1/2225 2273/2/2273 2274/3/2274
f 2273/1/2273 2225/2/2225 2224/3/2224
f 2275/1/2275 2175/2/2175 2225/3/2225
f 2175/1/2175 2275/2/2275 2226/3/2226
f 2276/1/2276 2176/2/2176 2226/3/2226
f 2176/1/2176 2276/2/2276 2227/3/2227
f 2277/1/2277 2177/2/2177 2227/3/2227
f 2177/1/2177 2277/2/2277 2228/3/2228
f 2229/1/2229 2228/2/2228 2278/3/2278
f 2228/1/2228 2229/2/2229 2178/3/2178
f 2230/1/2230 2229/2/2229 2279/3/2279
f 2229/1/2229 2230/2/2230 2179/3/2179
f 2231/1/2231 2230/2/2230 2280/3/2280
f 2230/1/2230 2231/2/2231 2180/3/2180
f 2233/1/2233 2231/2/2231 2281/3/2281
f 2231/1/2231 2233/2/2233 2182/3/2182
f 2282/1/2282 2233/2/2233 2283/3/2283
f 2233/1/2233 2282/2/2282 2232/3/2232
f 2234/1/2234 2232/2/2232 2282/3/2282
f 2232/1/2232 2234/2/2234 2183/3/2183
f 2197/1/2197 2235/2/2235 2186/3/2186
f 2235/1/2235 2197/2/2197 2246/3/2246
f 2235/1/2235 2236/2/2236 2187/3/2187
f 2236/1/2236 2235/2/2235 2284/3/2284
f 2236/1/2236 2237/2/2237 2188/3/2188
f 2237/1/2237 2236/2/2236 2285/3/2285
f 2237/1/2237 2238/2/2238 2189/3/2189
f 2238/1/2238 2237/2/2237 2286/3/2286
f 2238/1/2238 2239/2/2239 2190/3/2190
f 2239/1/2239 2238/2/2238 2287/3/2287
f 2191/1/2191 2288/2/2288 2240/3/2240
f 2288/1/2288 2191/2/2191 2239/3/2239
f 2192/1/2192 2289/2/2289 2241/3/2241
f 2289/1/2289 2192/2/2192 2240/3/2240
f 2193/1/2193 2290/2/2290 2242/3/2242
f 2290/1/2290 2193/2/2193 2241/3/2241
f 2243/1/2243 2242/2/2242 2291/3/2291
f 2242/1/2242 2243/2/2243 2194/3/2194
f 2195/1/2195 2292/2/2292 2244/3/2244
f 2292/1/2292 2195/2/2195 2243/3/2243
f 2196/1/2196 2293/2/2293 2245/3/2245
f 2293/1/2293 2196/2/2196 2244/3/2244
f 2258/1/2258 2245/2/2245 2294/3/2294
f 2245/1/2245 2258/2/2258 2209/3/2209
f 2198/1/2198 2295/2/2295 2246/3/2246
f 2295/1/2295 2198/2/2198 2247/3/2247
f 2247/1/2247 2248/2/2248 2296/3/2296
f 2248/1/2248 2247/2/2247 2199/3/2199
f 2248/1/2248 2249/2/2249 2297/3/2297
f 2249/1/2249 2248/2/2248 2200/3/2200
f 2249/1/2249 2250/2/2250 2298/3/2298
f 2250/1/2250 2249/2/2249 2201/3/2201
f 2299/1/2299 2202/2/2202 2251/3/2251
f 2202/1/2202 2299/2/2299 2250/3/2250
f 2300/1/2300 2203/2/2203 2252/3/2252
f 2203/1/2203 2300/2/2300 2251/3/2251
f 2301/1/2301 2204/2/2204 2253/3/2253
f 2204/1/2204 2301/2/2301 2252/3/2252
f 2254/1/2254 2253/2/2253 2205/3/2205
f 2253/1/2253 2254/2/2254 2302/3/2302
f 2255/1/2255 2254/2/2254 2206/3/2206
f 2254/1/2254 2255/2/2255 2303/3/2303
f 2304/1/2304 2207/2/2207 2256/3/2256
f 2207/1/2207 2304/2/2304 2255/3/2255
f 2305/1/2305 2208/2/2208 2257/3/2257
f 2208/1/2208 2305/2/2305 2256/3/2256
f 2306/1/2306 2258/2/2258 2307/3/2307
f 2258/1/2258 2306/2/2306 2257/3/2257
f 2210/1/2210 2282/2/2282 2259/3/2259
f 2282/1/2282 2210/2/2210 2234/3/2234
f 2308/1/2308 2211/2/2211 2259/3/2259
f 2211/1/2211 2308/2/2308 2260/3/2260
f 2309/1/2309 2212/2/2212 2260/3/2260
f 2212/1/2212 2309/2/2309 2261/3/2261
f 2310/1/2310 2213/2/2213 2261/3/2261
f 2213/1/2213 2310/2/2310 2262/3/2262
f 2214/1/2214 2311/2/2311 2263/3/2263
f 2311/1/2311 2214/2/2214 2262/3/2262
f 2215/1/2215 2312/2/2312 2264/3/2264
f 2312/1/2312 2215/2/2215 2263/3/2263
f 2216/1/2216 2313/2/2313 2265/3/2265
f 2313/1/2313 2216/2/2216 2264/3/2264
f 2266/1/2266 2265/2/2265 2314/3/2314
f 2265/1/2265 2266/2/2266 2217/3/2217
f 2267/1/2267 2266/2/2266 2315/3/2315
f 2266/1/2266 2267/2/2267 2218/3/2218
f 2269/1/2269 2267/2/2267 2316/3/2316
f 2267/1/2267 2269/2/2269 2220/3/2220
f 2317/1/2317 2269/2/2269 2318/3/2318
f 2269/1/2269 2317/2/2317 2268/3/2268
f 2319/1/2319 2268/2/2268 2317/3/2317
f 2268/1/2268 2319/2/2319 2270/3/2270
f 2320/1/2320 2270/2/2270 2319/3/2319
f 2270/1/2270 2320/2/2320 2271/3/2271
f 2272/1/2272 2320/2/2320 2321/3/2321
f 2320/1/2320 2272/2/2272 2271/3/2271
f 2273/1/2273 2321/2/2321 2322/3/2322
f 2321/1/2321 2273/2/2273 2272/3/2272
f 2274/1/2274 2322/2/2322 2323/3/2323
f 2322/1/2322 2274/2/2274 2273/3/2273
f 2324/1/2324 2225/2/2225 2274/3/2274
f 2225/1/2225 2324/2/2324 2275/3/2275
f 2325/1/2325 2226/2/2226 2275/3/2275
f 2226/1/2226 2325/2/2325 2276/3/2276
f 2326/1/2326 2227/2/2227 2276/3/2276
f 2227/1/2227 2326/2/2326 2277/3/2277
f 2278/1/2278 2277/2/2277 2327/3/2327
f 2277/1/2277 2278/2/2278 2228/3/2228
f 2279/1/2279 2278/2/2278 2328/3/2328
f 2278/1/2278 2279/2/2279 2229/3/2229
f 2280/1/2280 2279/2/2279 2329/3/2329
f 2279/1/2279 2280/2/2280 2230/3/2230
f 2281/1/2281 2280/2/2280 2330/3/2330
f 2280/1/2280 2281/2/2281 2231/3/2231
f 2283/1/2283 2281/2/2281 2331/3/2331
f 2281/1/2281 2283/2/2283 2233/3/2233
f 2259/1/2259 2283/2/2283 2308/3/2308
f 2283/1/2283 2259/2/2259 2282/3/2282
f 2246/1/2246 2284/2/2284 2235/3/2235
f 2284/1/2284 2246/2/2246 2295/3/2295
f 2284/1/2284 2285/2/2285 2236/3/2236
f 2285/1/2285 2284/2/2284 2332/3/2332
f 2285/1/2285 2286/2/2286 2237/3/2237
f 2286/1/2286 2285/2/2285 2333/3/2333
f 2286/1/2286 2287/2/2287 2238/3/2238
f 2287/1/2287 2286/2/2286 2334/3/2334
f 2287/1/2287 2288/2/2288 2239/3/2239
f 2288/1/2288 2287/2/2287 2335/3/2335
f 2240/1/2240 2336/2/2336 2289/3/2289
f 2336/1/2336 2240/2/2240 2288/3/2288
f 2241/1/2241 2337/2/2337 2290/3/2290
f 2337/1/2337 2241/2/2241 2289/3/2289
f 2291/1/2291 2290/2/2290 2338/3/2338
f 2290/1/2290 2291/2/2291 2242/3/2242
f 2243/1/2243 2339/2/2339 2292/3/2292
f 2339/1/2339 2243/2/2243 2291/3/2291
f 2244/1/2244 2340/2/2340 2293/3/2293
f 2340/1/2340 2244/2/2244 2292/3/2292
f 2245/1/2245 2341/2/2341 2294/3/2294
f 2341/1/2341 2245/2/2245 2293/3/2293
f 2258/1/2258 2294/2/2294 2307/3/2307
f 2247/1/2247 2342/2/2342 2295/3/2295
f 2342/1/2342 2247/2/2247 2296/3/2296
f 2296/1/2296 2297/2/2297 2343/3/2343
f 2297/1/2297 2296/2/2296 2248/3/2248
f 2297/1/2297 2298/2/2298 2344/3/2344
f 2298/1/2298 2297/2/2297 2249/3/2249
f 2298/1/2298 2299/2/2299 2345/3/2345
f 2299/1/2299 2298/2/2298 2250/3/2250
f 2346/1/2346 2251/2/2251 2300/3/2300
f 2251/1/2251 2346/2/2346 2299/3/2299
f 2347/1/2347 2252/2/2252 2301/3/2301
f 2252/1/2252 2347/2/2347 2300/3/2300
f 2348/1/2348 2253/2/2253 2302/3/2302
f 2253/1/2253 2348/2/2348 2301/3/2301
f 2303/1/2303 2302/2/2302 2254/3/2254
f 2302/1/2302 2303/2/2303 2349/3/2349
f 2350/1/2350 2255/2/2255 2304/3/2304
f 2255/1/2255 2350/2/2350 2303/3/2303
f 2351/1/2351 2256/2/2256 2305/3/2305
f 2256/1/2256 2351/2/2351 2304/3/2304
f 2352/1/2352 2257/2/2257 2306/3/2306
f 2257/1/2257 2352/2/2352 2305/3/2305
f 2353/1/2353 2307/2/2307 2354/3/2354
f 2307/1/2307 2353/2/2353 2306/3/2306
f 2355/1/2355 2260/2/2260 2308/3/2308
f 2260/1/2260 2355/2/2355 2309/3/2309
f 2356/1/2356 2261/2/2261 2309/3/2309
f 2261/1/2261 2356/2/2356 2310/3/2310
f 2311/1/2311 2310/2/2310 2357/3/2357
f 2310/1/2310 2311/2/2311 2262/3/2262
f 2263/1/2263 2358/2/2358 2312/3/2312
f 2358/1/2358 2263/2/2263 2311/3/2311
f 2264/1/2264 2359/2/2359 2313/3/2313
f 2359/1/2359 2264/2/2264 2312/3/2312
f 2265/1/2265 2360/2/2360 2314/3/2314
f 2360/1/2360 2265/2/2265 2313/3/2313
f 2315/1/2315 2314/2/2314 2361/3/2361
f 2314/1/2314 2315/2/2315 2266/3/2266
f 2316/1/2316 2315/2/2315 2362/3/2362
f 2315/1/2315 2316/2/2316 2267/3/2267
f 2318/1/2318 2316/2/2316 2363/3/2363
f 2316/1/2316 2318/2/2318 2269/3/2269
f 2364/1/2364 2318/2/2318 2365/3/2365
f 2318/1/2318 2364/2/2364 2317/3/2317
f 2366/1/2366 2317/2/2317 2364/3/2364
f 2317/1/2317 2366/2/2366 2319/3/2319
f 2367/1/2367 2319/2/2319 2366/3/2366
f 2319/1/2319 2367/2/2367 2320/3/2320
f 2321/1/2321 2367/2/2367 2368/3/2368
f 2367/1/2367 2321/2/2321 2320/3/2320
f 2322/1/2322 2368/2/2368 2369/3/2369
f 2368/1/2368 2322/2/2322 2321/3/2321
f 2323/1/2323 2369/2/2369 2370/3/2370
f 2369/1/2369 2323/2/2323 2322/3/2322
f 2371/1/2371 2274/2/2274 2323/3/2323
f 2274/1/2274 2371/2/2371 2324/3/2324
f 2372/1/2372 2275/2/2275 2324/3/2324
f 2275/1/2275 2372/2/2372 2325/3/2325
f 2373/1/2373 2276/2/2276 2325/3/2325
f 2276/1/2276 2373/2/2373 2326/3/2326
f 2327/1/2327 2326/2/2326 2374/3/2374
f 2326/1/2326 2327/2/2327 2277/3/2277
f 2328/1/2328 2327/2/2327 2375/3/2375
f 2327/1/2327 2328/2/2328 2278/3/2278
f 2329/1/2329 2328/2/2328 2376/3/2376
f 2328/1/2328 2329/2/2329 2279/3/2279
f 2330/1/2330 2329/2/2329 2377/3/2377
f 2329/1/2329 2330/2/2330 2280/3/2280
f 2331/1/2331 2330/2/2330 2378/3/2378
f 2330/1/2330 2331/2/2331 2281/3/2281
f 2308/1/2308 2331/2/2331 2355/3/2355
f 2331/1/2331 2308/2/2308 2283/3/2283
f 2295/1/2295 2332/2/2332 2284/3/2284
f 2332/1/2332 2295/2/2295 2342/3/2342
f 2332/1/2332 2333/2/2333 2285/3/2285
f 2333/1/2333 2332/2/2332 2379/3/2379
f 2333/1/2333 2334/2/2334 2286/3/2286
f 2334/1/2334 2333/2/2333 2380/3/2380
f 2334/1/2334 2335/2/2335 2287/3/2287
f 2335/1/2335 2334/2/2334 2381/3/2381
f 2335/1/2335 2336/2/2336 2288/3/2288
f 2336/1/2336 2335/2/2335 2382/3/2382
f 2289/1/2289 2383/2/2383 2337/3/2337
f 2383/1/2383 2289/2/2289 2336/3/2336
f 2290/1/2290 2384/2/2384 2338/3/2338
f 2384/1/2384 2290/2/2290 2337/3/2337
f 2339/1/2339 2338/2/2338 2385/3/2385
f 2338/1/2338 2339/2/2339 2291/3/2291
f 2292/1/2292 2386/2/2386 2340/3/2340
f 2386/1/2386 2292/2/2292 2339/3/2339
f 2293/1/2293 2387/2/2387 2341/3/2341
f 2387/1/2387 2293/2/2293 2340/3/2340
f 2341/1/2341 2388/2/2388 2294/3/2294
f 2307/1/2307 2294/2/2294 2388/3/2388
f 2296/1/2296 2389/2/2389 2342/3/2342
f 2389/1/2389 2296/2/2296 2343/3/2343
f 2343/1/2343 2344/2/2344 2390/3/2390
f 2344/1/2344 2343/2/2343 2297/3/2297
f 2344/1/2344 2345/2/2345 2391/3/2391
f 2345/1/2345 2344/2/2344 2298/3/2298
f 2345/1/2345 2346/2/2346 2392/3/2392
f 2346/1/2346 2345/2/2345 2299/3/2299
f 2393/1/2393 2300/2/2300 2347/3/2347
f 2300/1/2300 2393/2/2393 2346/3/2346
f 2394/1/2394 2301/2/2301 2348/3/2348
f 2301/1/2301 2394/2/2394 2347/3/2347
f 2348/1/2348 2349/2/2349 2395/3/2395
f 2349/1/2349 2348/2/2348 2302/3/2302
f 2396/1/2396 2303/2/2303 2350/3/2350
f 2303/1/2303 2396/2/2396 2349/3/2349
f 2397/1/2397 2304/2/2304 2351/3/2351
f 2304/1/2304 2397/2/2397 2350/3/2350
f 2398/1/2398 2305/2/2305 2352/3/2352
f 2305/1/2305 2398/2/2398 2351/3/2351
f 2399/1/2399 2306/2/2306 2353/3/2353
f 2306/1/2306 2399/2/2399 2352/3/2352
f 2307/1/2307 2388/2/2388 2354/3/2354
f 2400/1/2400 2354/2/2354 2401/3/2401
f 2354/1/2354 2400/2/2400 2353/3/2353
f 2309/1/2309 2402/2/2402 2356/3/2356
f 2402/1/2402 2309/2/2309 2355/3/2355
f 2357/1/2357 2356/2/2356 2403/3/2403
f 2356/1/2356 2357/2/2357 2310/3/2310
f 2358/1/2358 2357/2/2357 2404/3/2404
f 2357/1/2357 2358/2/2358 2311/3/2311
f 2312/1/2312 2405/2/2405 2359/3/2359
f 2405/1/2405 2312/2/2312 2358/3/2358
f 2313/1/2313 2406/2/2406 2360/3/2360
f 2406/1/2406 2313/2/2313 2359/3/2359
f 2314/1/2314 2407/2/2407 2361/3/2361
f 2407/1/2407 2314/2/2314 2360/3/2360
f 2362/1/2362 2361/2/2361 2408/3/2408
f 2361/1/2361 2362/2/2362 2315/3/2315
f 2363/1/2363 2362/2/2362 2409/3/2409
f 2362/1/2362 2363/2/2363 2316/3/2316
f 2365/1/2365 2363/2/2363 2410/3/2410
f 2363/1/2363 2365/2/2365 2318/3/2318
f 2411/1/2411 2365/2/2365 2412/3/2412
f 2365/1/2365 2411/2/2411 2364/3/2364
f 2413/1/2413 2364/2/2364 2411/3/2411
f 2364/1/2364 2413/2/2413 2366/3/2366
f 2414/1/2414 2366/2/2366 2413/3/2413
f 2366/1/2366 2414/2/2414 2367/3/2367
f 2415/1/2415 2367/2/2367 2414/3/2414
f 2367/1/2367 2415/2/2415 2368/3/2368
f 2416/1/2416 2368/2/2368 2415/3/2415
f 2368/1/2368 2416/2/2416 2369/3/2369
f 2417/1/2417 2369/2/2369 2416/3/2416
f 2369/1/2369 2417/2/2417 2370/3/2370
f 2371/1/2371 2370/2/2370 2418/3/2418
f 2370/1/2370 2371/2/2371 2323/3/2323
f 2419/1/2419 2324/2/2324 2371/3/2371
f 2324/1/2324 2419/2/2419 2372/3/2372
f 2420/1/2420 2325/2/2325 2372/3/2372
f 2325/1/2325 2420/2/2420 2373/3/2373
f 2374/1/2374 2373/2/2373 2421/3/2421
f 2373/1/2373 2374/2/2374 2326/3/2326
f 2375/1/2375 2374/2/2374 2422/3/2422
f 2374/1/2374 2375/2/2375 2327/3/2327
f 2376/1/2376 2375/2/2375 2423/3/2423
f 2375/1/2375 2376/2/2376 2328/3/2328
f 2377/1/2377 2376/2/2376 2424/3/2424
f 2376/1/2376 2377/2/2377 2329/3/2329
f 2378/1/2378 2377/2/2377 2425/3/2425
f 2377/1/2377 2378/2/2378 2330/3/2330
f 2355/1/2355 2378/2/2378 2402/3/2402
f 2378/1/2378 2355/2/2355 2331/3/2331
f 2342/1/2342 2379/2/2379 2332/3/2332
f 2379/1/2379 2342/2/2342 2389/3/2389
f 2379/1/2379 2380/2/2380 2333/3/2333
f 2380/1/2380 2379/2/2379 2426/3/2426
f 2380/1/2380 2381/2/2381 2334/3/2334
f 2381/1/2381 2380/2/2380 2427/3/2427
f 2381/1/2381 2382/2/2382 2335/3/2335
f 2382/1/2382 2381/2/2381 2428/3/2428
f 2382/1/2382 2383/2/2383 2336/3/2336
f 2383/1/2383 2382/2/2382 2429/3/2429
f 2337/1/2337 2430/2/2430 2384/3/2384
f 2430/1/2430 2337/2/2337 2383/3/2383
f 2385/1/2385 2384/2/2384 2431/3/2431
f 2384/1/2384 2385/2/2385 2338/3/2338
f 2386/1/2386 2385/2/2385 2432/3/2432
f 2385/1/2385 2386/2/2386 2339/3/2339
f 2340/1/2340 2433/2/2433 2387/3/2387
f 2433/1/2433 2340/2/2340 2386/3/2386
f 2387/1/2387 2434/2/2434 2341/3/2341
f 2341/1/2341 2434/2/2434 2388/3/2388
f 2343/1/2343 2435/2/2435 2389/3/2389
f 2435/1/2435 2343/2/2343 2390/3/2390
f 2390/1/2390 2391/2/2391 2436/3/2436
f 2391/1/2391 2390/2/2390 2344/3/2344
f 2391/1/2391 2392/2/2392 2437/3/2437
f 2392/1/2392 2391/2/2391 2345/3/2345
f 2392/1/2392 2393/2/2393 2438/3/2438
f 2393/1/2393 2392/2/2392 2346/3/2346
f 2393/1/2393 2394/2/2394 2439/3/2439
f 2394/1/2394 2393/2/2393 2347/3/2347
f 2394/1/2394 2395/2/2395 2440/3/2440
f 2395/1/2395 2394/2/2394 2348/3/2348
f 2395/1/2395 2396/2/2396 2441/3/2441
f 2396/1/2396 2395/2/2395 2349/3/2349
f 2442/1/2442 2350/2/2350 2397/3/2397
f 2350/1/2350 2442/2/2442 2396/3/2396
f 2443/1/2443 2351/2/2351 2398/3/2398
f 2351/1/2351 2443/2/2443 2397/3/2397
f 2444/1/2444 2352/2/2352 2399/3/2399
f 2352/1/2352 2444/2/2444 2398/3/2398
f 2445/1/2445 2353/2/2353 2400/3/2400
f 2353/1/2353 2445/2/2445 2399/3/2399
f 2401/1/2401 2388/2/2388 2446/3/2446
f 2388/1/2388 2401/2/2401 2354/3/2354
f 2447/1/2447 2401/2/2401 2448/3/2448
f 2401/1/2401 2447/2/2447 2400/3/2400
f 2403/1/2403 2402/2/2402 2449/3/2449
f 2402/1/2402 2403/2/2403 2356/3/2356
f 2404/1/2404 2403/2/2403 2450/3/2450
f 2403/1/2403 2404/2/2404 2357/3/2357
f 2405/1/2405 2404/2/2404 2451/3/2451
f 2404/1/2404 2405/2/2405 2358/3/2358
f 2359/1/2359 2452/2/2452 2406/3/2406
f 2452/1/2452 2359/2/2359 2405/3/2405
f 2360/1/2360 2453/2/2453 2407/3/2407
f 2453/1/2453 2360/2/2360 2406/3/2406
f 2361/1/2361 2454/2/2454 2408/3/2408
f 2454/1/2454 2361/2/2361 2407/3/2407
f 2409/1/2409 2408/2/2408 2455/3/2455
f 2408/1/2408 2409/2/2409 2362/3/2362
f 2410/1/2410 2409/2/2409 2456/3/2456
f 2409/1/2409 2410/2/2410 2363/3/2363
f 2412/1/2412 2410/2/2410 2457/3/2457
f 2410/1/2410 2412/2/2412 2365/3/2365
f 2458/1/2458 2411/2/2411 2412/3/2412
f 2411/1/2411 2458/2/2458 2459/3/2459
f 2459/1/2459 2413/2/2413 2411/3/2411
f 2413/1/2413 2459/2/2459 2460/3/2460
f 2460/1/2460 2414/2/2414 2413/3/2413
f 2414/1/2414 2460/2/2460 2461/3/2461
f 2462/1/2462 2414/2/2414 2461/3/2461
f 2414/1/2414 2462/2/2462 2415/3/2415
f 2463/1/2463 2415/2/2415 2462/3/2462
f 2415/1/2415 2463/2/2463 2416/3/2416
f 2464/1/2464 2416/2/2416 2463/3/2463
f 2416/1/2416 2464/2/2464 2417/3/2417
f 2418/1/2418 2417/2/2417 2465/3/2465
f 2417/1/2417 2418/2/2418 2370/3/2370
f 2466/1/2466 2371/2/2371 2418/3/2418
f 2371/1/2371 2466/2/2466 2419/3/2419
f 2467/1/2467 2372/2/2372 2419/3/2419
f 2372/1/2372 2467/2/2467 2420/3/2420
f 2421/1/2421 2420/2/2420 2468/3/2468
f 2420/1/2420 2421/2/2421 2373/3/2373
f 2422/1/2422 2421/2/2421 2469/3/2469
f 2421/1/2421 2422/2/2422 2374/3/2374
f 2423/1/2423 2422/2/2422 2470/3/2470
f 2422/1/2422 2423/2/2423 2375/3/2375
f 2424/1/2424 2423/2/2423 2471/3/2471
f 2423/1/2423 2424/2/2424 2376/3/2376
f 2425/1/2425 2424/2/2424 2472/3/2472
f 2424/1/2424 2425/2/2425 2377/3/2377
f 2402/1/2402 2425/2/2425 2449/3/2449
f 2425/1/2425 2402/2/2402 2378/3/2378
f 2389/1/2389 2426/2/2426 2379/3/2379
f 2426/1/2426 2389/2/2389 2435/3/2435
f 2426/1/2426 2427/2/2427 2380/3/2380
f 2427/1/2427 2426/2/2426 2473/3/2473
f 2427/1/2427 2428/2/2428 2381/3/2381
f 2428/1/2428 2427/2/2427 2474/3/2474
f 2428/1/2428 2429/2/2429 2382/3/2382
f 2429/1/2429 2428/2/2428 2475/3/2475
f 2429/1/2429 2430/2/2430 2383/3/2383
f 2430/1/2430 2429/2/2429 2476/3/2476
f 2431/1/2431 2430/2/2430 2477/3/2477
f 2430/1/2430 2431/2/2431 2384/3/2384
f 2432/1/2432 2431/2/2431 2478/3/2478
f 2431/1/2431 2432/2/2432 2385/3/2385
f 2433/1/2433 2432/2/2432 2479/3/2479
f 2432/1/2432 2433/2/2433 2386/3/2386
f 2387/1/2387 2480/2/2480 2481/3/2481
f 2480/1/2480 2387/2/2387 2433/3/2433
f 2387/1/2387 2481/2/2481 2434/3/2434
f 2388/1/2388 2482/2/2482 2446/3/2446
f 2482/1/2482 2388/2/2388 2434/3/2434
f 2390/1/2390 2483/2/2483 2435/3/2435
f 2483/1/2483 2390/2/2390 2436/3/2436
f 2436/1/2436 2437/2/2437 2484/3/2484
f 2437/1/2437 2436/2/2436 2391/3/2391
f 2437/1/2437 2438/2/2438 2485/3/2485
f 2438/1/2438 2437/2/2437 2392/3/2392
f 2438/1/2438 2439/2/2439 2486/3/2486
f 2439/1/2439 2438/2/2438 2393/3/2393
f 2439/1/2439 2440/2/2440 2487/3/2487
f 2440/1/2440 2439/2/2439 2394/3/2394
f 2440/1/2440 2441/2/2441 2488/3/2488
f 2441/1/2441 2440/2/2440 2395/3/2395
f 2441/1/2441 2442/2/2442 2489/3/2489
f 2442/1/2442 2441/2/2441 2396/3/2396
f 2490/1/2490 2397/2/2397 2443/3/2443
f 2397/1/2397 2490/2/2490 2442/3/2442
f 2491/1/2491 2398/2/2398 2444/3/2444
f 2398/1/2398 2491/2/2491 2443/3/2443
f 2492/1/2492 2399/2/2399 2445/3/2445
f 2399/1/2399 2492/2/2492 2444/3/2444
f 2493/1/2493 2400/2/2400 2447/3/2447
f 2400/1/2400 2493/2/2493 2445/3/2445
f 2448/1/2448 2446/2/2446 2494/3/2494
f 2446/1/2446 2448/2/2448 2401/3/2401
f 2495/1/2495 2448/2/2448 2496/3/2496
f 2448/1/2448 2495/2/2495 2447/3/2447
f 2450/1/2450 2449/2/2449 2497/3/2497
f 2449/1/2449 2450/2/2450 2403/3/2403
f 2451/1/2451 2450/2/2450 2498/3/2498
f 2450/1/2450 2451/2/2451 2404/3/2404
f 2452/1/2452 2451/2/2451 2499/3/2499
f 2451/1/2451 2452/2/2452 2405/3/2405
f 2406/1/2406 2500/2/2500 2453/3/2453
f 2500/1/2500 2406/2/2406 2452/3/2452
f 2407/1/2407 2501/2/2501 2454/3/2454
f 2501/1/2501 2407/2/2407 2453/3/2453
f 2408/1/2408 2502/2/2502 2455/3/2455
f 2502/1/2502 2408/2/2408 2454/3/2454
f 2456/1/2456 2455/2/2455 2503/3/2503
f 2455/1/2455 2456/2/2456 2409/3/2409
f 2457/1/2457 2456/2/2456 2504/3/2504
f 2456/1/2456 2457/2/2457 2410/3/2410
f 2505/1/2505 2412/2/2412 2457/3/2457
f 2412/1/2412 2505/2/2505 2458/3/2458
f 2506/1/2506 2459/2/2459 2458/3/2458
f 2459/1/2459 2506/2/2506 2507/3/2507
f 2507/1/2507 2460/2/2460 2459/3/2459
f 2460/1/2460 2507/2/2507 2508/3/2508
f 2508/1/2508 2461/2/2461 2460/3/2460
f 2461/1/2461 2508/2/2508 2509/3/2509
f 2510/1/2510 2461/2/2461 2509/3/2509
f 2461/1/2461 2510/2/2510 2462/3/2462
f 2511/1/2511 2462/2/2462 2510/3/2510
f 2462/1/2462 2511/2/2511 2463/3/2463
f 2512/1/2512 2463/2/2463 2511/3/2511
f 2463/1/2463 2512/2/2512 2464/3/2464
f 2465/1/2465 2464/2/2464 2513/3/2513
f 2464/1/2464 2465/2/2465 2417/3/2417
f 2466/1/2466 2465/2/2465 2514/3/2514
f 2465/1/2465 2466/2/2466 2418/3/2418
f 2515/1/2515 2419/2/2419 2466/3/2466
f 2419/1/2419 2515/2/2515 2467/3/2467
f 2468/1/2468 2467/2/2467 2516/3/2516
f 2467/1/2467 2468/2/2468 2420/3/2420
f 2469/1/2469 2468/2/2468 2517/3/2517
f 2468/1/2468 2469/2/2469 2421/3/2421
f 2470/1/2470 2469/2/2469 2518/3/2518
f 2469/1/2469 2470/2/2470 2422/3/2422
f 2471/1/2471 2470/2/2470 2519/3/2519
f 2470/1/2470 2471/2/2471 2423/3/2423
f 2472/1/2472 2471/2/2471 2520/3/2520
f 2471/1/2471 2472/2/2472 2424/3/2424
f 2449/1/2449 2472/2/2472 2497/3/2497
f 2472/1/2472 2449/2/2449 2425/3/2425
f 2435/1/2435 2473/2/2473 2426/3/2426
f 2473/1/2473 2435/2/2435 2483/3/2483
f 2473/1/2473 2474/2/2474 2427/3/2427
f 2474/1/2474 2473/2/2473 2521/3/2521
f 2474/1/2474 2475/2/2475 2428/3/2428
f 2475/1/2475 2474/2/2474 2522/3/2522
f 2475/1/2475 2476/2/2476 2429/3/2429
f 2476/1/2476 2475/2/2475 2523/3/2523
f 2476/1/2476 2477/2/2477 2430/3/2430
f 2477/1/2477 2476/2/2476 2524/3/2524
f 2478/1/2478 2477/2/2477 2525/3/2525
f 2477/1/2477 2478/2/2478 2431/3/2431
f 2479/1/2479 2478/2/2478 2526/3/2526
f 2478/1/2478 2479/2/2479 2432/3/2432
f 2480/1/2480 2479/2/2479 2527/3/2527
f 2479/1/2479 2480/2/2480 2433/3/2433
f 2481/1/2481 2528/2/2528 2529/3/2529
f 2528/1/2528 2481/2/2481 2480/3/2480
f 2434/1/2434 2529/2/2529 2482/3/2482
f 2529/1/2529 2434/2/2434 2481/3/2481
f 2446/1/2446 2530/2/2530 2494/3/2494
f 2530/1/2530 2446/2/2446 2482/3/2482
f 2436/1/2436 2531/2/2531 2483/3/2483
f 2531/1/2531 2436/2/2436 2484/3/2484
f 2484/1/2484 2485/2/2485 2532/3/2532
f 2485/1/2485 2484/2/2484 2437/3/2437
f 2485/1/2485 2486/2/2486 2533/3/2533
f 2486/1/2486 2485/2/2485 2438/3/2438
f 2534/1/2534 2439/2/2439 2487/3/2487
f 2439/1/2439 2534/2/2534 2486/3/2486
f 2487/1/2487 2488/2/2488 2535/3/2535
f 2488/1/2488 2487/2/2487 2440/3/2440
f 2488/1/2488 2489/2/2489 2536/3/2536
f 2489/1/2489 2488/2/2488 2441/3/2441
f 2489/1/2489 2490/2/2490 2537/3/2537
f 2490/1/2490 2489/2/2489 2442/3/2442
f 2538/1/2538 2443/2/2443 2491/3/2491
f 2443/1/2443 2538/2/2538 2490/3/2490
f 2539/1/2539 2444/2/2444 2492/3/2492
f 2444/1/2444 2539/2/2539 2491/3/2491
f 2540/1/2540 2445/2/2445 2493/3/2493
f 2445/1/2445 2540/2/2540 2492/3/2492
f 2541/1/2541 2447/2/2447 2495/3/2495
f 2447/1/2447 2541/2/2541 2493/3/2493
f 2496/1/2496 2494/2/2494 2542/3/2542
f 2494/1/2494 2496/2/2496 2448/3/2448
f 2543/1/2543 2496/2/2496 2544/3/2544
f 2496/1/2496 2543/2/2543 2495/3/2495
f 2498/1/2498 2497/2/2497 2545/3/2545
f 2497/1/2497 2498/2/2498 2450/3/2450
f 2499/1/2499 2498/2/2498 2546/3/2546
f 2498/1/2498 2499/2/2499 2451/3/2451
f 2500/1/2500 2499/2/2499 2547/3/2547
f 2499/1/2499 2500/2/2500 2452/3/2452
f 2453/1/2453 2548/2/2548 2501/3/2501
f 2548/1/2548 2453/2/2453 2500/3/2500
f 2454/1/2454 2549/2/2549 2502/3/2502
f 2549/1/2549 2454/2/2454 2501/3/2501
f 2455/1/2455 2550/2/2550 2503/3/2503
f 2550/1/2550 2455/2/2455 2502/3/2502
f 2504/1/2504 2503/2/2503 2551/3/2551
f 2503/1/2503 2504/2/2504 2456/3/2456
f 2552/1/2552 2457/2/2457 2504/3/2504
f 2457/1/2457 2552/2/2552 2505/3/2505
f 2553/1/2553 2458/2/2458 2505/3/2505
f 2458/1/2458 2553/2/2553 2506/3/2506
f 2554/1/2554 2507/2/2507 2506/3/2506
f 2507/1/2507 2554/2/2554 2555/3/2555
f 2555/1/2555 2508/2/2508 2507/3/2507
f 2508/1/2508 2555/2/2555 2556/3/2556
f 2556/1/2556 2509/2/2509 2508/3/2508
f 2509/1/2509 2556/2/2556 2557/3/2557
f 2558/1/2558 2509/2/2509 2557/3/2557
f 2509/1/2509 2558/2/2558 2510/3/2510
f 2559/1/2559 2510/2/2510 2558/3/2558
f 2510/1/2510 2559/2/2559 2511/3/2511
f 2560/1/2560 2511/2/2511 2559/3/2559
f 2511/1/2511 2560/2/2560 2512/3/2512
f 2513/1/2513 2512/2/2512 2561/3/2561
f 2512/1/2512 2513/2/2513 2464/3/2464
f 2514/1/2514 2513/2/2513 2562/3/2562
f 2513/1/2513 2514/2/2514 2465/3/2465
f 2515/1/2515 2514/2/2514 2563/3/2563
f 2514/1/2514 2515/2/2515 2466/3/2466
f 2516/1/2516 2515/2/2515 2564/3/2564
f 2515/1/2515 2516/2/2516 2467/3/2467
f 2517/1/2517 2516/2/2516 2565/3/2565
f 2516/1/2516 2517/2/2517 2468/3/2468
f 2518/1/2518 2517/2/2517 2566/3/2566
f 2517/1/2517 2518/2/2518 2469/3/2469
f 2519/1/2519 2518/2/2518 2567/3/2567
f 2518/1/2518 2519/2/2519 2470/3/2470
f 2520/1/2520 2519/2/2519 2568/3/2568
f 2519/1/2519 2520/2/2520 2471/3/2471
f 2497/1/2497 2520/2/2520 2545/3/2545
f 2520/1/2520 2497/2/2497 2472/3/2472
f 2483/1/2483 2521/2/2521 2473/3/2473
f 2521/1/2521 2483/2/2483 2531/3/2531
f 2521/1/2521 2522/2/2522 2474/3/2474
f 2522/1/2522 2521/2/2521 2569/3/2569
f 2522/1/2522 2523/2/2523 2475/3/2475
f 2523/1/2523 2522/2/2522 2570/3/2570
f 2523/1/2523 2524/2/2524 2476/3/2476
f 2524/1/2524 2523/2/2523 2571/3/2571
f 2477/1/2477 2572/2/2572 2525/3/2525
f 2572/1/2572 2477/2/2477 2524/3/2524
f 2526/1/2526 2525/2/2525 2573/3/2573
f 2525/1/2525 2526/2/2526 2478/3/2478
f 2479/1/2479 2526/2/2526 2527/3/2527
f 2528/1/2528 2527/2/2527 2574/3/2574
f 2527/1/2527 2528/2/2528 2480/3/2480
f 2529/1/2529 2575/2/2575 2576/3/2576
f 2575/1/2575 2529/2/2529 2528/3/2528
f 2482/1/2482 2576/2/2576 2530/3/2530
f 2576/1/2576 2482/2/2482 2529/3/2529
f 2494/1/2494 2577/2/2577 2542/3/2542
f 2577/1/2577 2494/2/2494 2530/3/2530
f 2484/1/2484 2578/2/2578 2531/3/2531
f 2578/1/2578 2484/2/2484 2532/3/2532
f 2532/1/2532 2533/2/2533 2579/3/2579
f 2533/1/2533 2532/2/2532 2485/3/2485
f 2580/1/2580 2486/2/2486 2534/3/2534
f 2486/1/2486 2580/2/2580 2533/3/2533
f 2581/1/2581 2487/2/2487 2535/3/2535
f 2487/1/2487 2581/2/2581 2534/3/2534
f 2535/1/2535 2536/2/2536 2582/3/2582
f 2536/1/2536 2535/2/2535 2488/3/2488
f 2536/1/2536 2537/2/2537 2583/3/2583
f 2537/1/2537 2536/2/2536 2489/3/2489
f 2537/1/2537 2538/2/2538 2584/3/2584
f 2538/1/2538 2537/2/2537 2490/3/2490
f 2585/1/2585 2491/2/2491 2539/3/2539
f 2491/1/2491 2585/2/2585 2538/3/2538
f 2586/1/2586 2492/2/2492 2540/3/2540
f 2492/1/2492 2586/2/2586 2539/3/2539
f 2587/1/2587 2493/2/2493 2541/3/2541
f 2493/1/2493 2587/2/2587 2540/3/2540
f 2588/1/2588 2495/2/2495 2543/3/2543
f 2495/1/2495 2588/2/2588 2541/3/2541
f 2544/1/2544 2542/2/2542 2589/3/2589
f 2542/1/2542 2544/2/2544 2496/3/2496
f 2590/1/2590 2544/2/2544 2591/3/2591
f 2544/1/2544 2590/2/2590 2543/3/2543
f 2546/1/2546 2545/2/2545 2592/3/2592
f 2545/1/2545 2546/2/2546 2498/3/2498
f 2547/1/2547 2546/2/2546 2593/3/2593
f 2546/1/2546 2547/2/2547 2499/3/2499
f 2548/1/2548 2547/2/2547 2594/3/2594
f 2547/1/2547 2548/2/2548 2500/3/2500
f 2501/1/2501 2595/2/2595 2549/3/2549
f 2595/1/2595 2501/2/2501 2548/3/2548
f 2502/1/2502 2596/2/2596 2550/3/2550
f 2596/1/2596 2502/2/2502 2549/3/2549
f 2551/1/2551 2550/2/2550 2597/3/2597
f 2550/1/2550 2551/2/2551 2503/3/2503
f 2598/1/2598 2504/2/2504 2551/3/2551
f 2504/1/2504 2598/2/2598 2552/3/2552
f 2599/1/2599 2505/2/2505 2552/3/2552
f 2505/1/2505 2599/2/2599 2553/3/2553
f 2600/1/2600 2506/2/2506 2553/3/2553
f 2506/1/2506 2600/2/2600 2554/3/2554
f 2601/1/2601 2555/2/2555 2554/3/2554
f 2555/1/2555 2601/2/2601 2602/3/2602
f 2602/1/2602 2556/2/2556 2555/3/2555
f 2556/1/2556 2602/2/2602 2603/3/2603
f 2603/1/2603 2557/2/2557 2556/3/2556
f 2557/1/2557 2603/2/2603 2604/3/2604
f 2605/1/2605 2557/2/2557 2604/3/2604
f 2557/1/2557 2605/2/2605 2558/3/2558
f 2606/1/2606 2558/2/2558 2605/3/2605
f 2558/1/2558 2606/2/2606 2559/3/2559
f 2607/1/2607 2559/2/2559 2606/3/2606
f 2559/1/2559 2607/2/2607 2560/3/2560
f 2561/1/2561 2560/2/2560 2608/3/2608
f 2560/1/2560 2561/2/2561 2512/3/2512
f 2562/1/2562 2561/2/2561 2609/3/2609
f 2561/1/2561 2562/2/2562 2513/3/2513
f 2563/1/2563 2562/2/2562 2610/3/2610
f 2562/1/2562 2563/2/2563 2514/3/2514
f 2564/1/2564 2563/2/2563 2611/3/2611
f 2563/1/2563 2564/2/2564 2515/3/2515
f 2565/1/2565 2564/2/2564 2612/3/2612
f 2564/1/2564 2565/2/2565 2516/3/2516
f 2566/1/2566 2565/2/2565 2613/3/2613
f 2565/1/2565 2566/2/2566 2517/3/2517
f 2567/1/2567 2566/2/2566 2614/3/2614
f 2566/1/2566 2567/2/2567 2518/3/2518
f 2568/1/2568 2567/2/2567 2615/3/2615
f 2567/1/2567 2568/2/2568 2519/3/2519
f 2545/1/2545 2568/2/2568 2592/3/2592
f 2568/1/2568 2545/2/2545 2520/3/2520
f 2531/1/2531 2569/2/2569 2521/3/2521
f 2569/1/2569 2531/2/2531 2578/3/2578
f 2569/1/2569 2570/2/2570 2522/3/2522
f 2570/1/2570 2569/2/2569 2616/3/2616
f 2570/1/2570 2571/2/2571 2523/3/2523
f 2571/1/2571 2570/2/2570 2617/3/2617
f 2524/1/2524 2618/2/2618 2572/3/2572
f 2618/1/2618 2524/2/2524 2571/3/2571
f 2525/1/2525 2619/2/2619 2573/3/2573
f 2619/1/2619 2525/2/2525 2572/3/2572
f 2526/1/2526 2573/2/2573 2620/3/2620
f 2526/1/2526 2620/2/2620 2527/3/2527
f 2574/1/2574 2620/2/2620 2621/3/2621
f 2620/1/2620 2574/2/2574 2527/3/2527
f 2575/1/2575 2574/2/2574 2622/3/2622
f 2574/1/2574 2575/2/2575 2528/3/2528
f 2576/1/2576 2623/2/2623 2624/3/2624
f 2623/1/2623 2576/2/2576 2575/3/2575
f 2530/1/2530 2624/2/2624 2577/3/2577
f 2624/1/2624 2530/2/2530 2576/3/2576
f 2542/1/2542 2625/2/2625 2589/3/2589
f 2625/1/2625 2542/2/2542 2577/3/2577
f 2532/1/2532 2626/2/2626 2578/3/2578
f 2626/1/2626 2532/2/2532 2579/3/2579
f 2627/1/2627 2533/2/2533 2580/3/2580
f 2533/1/2533 2627/2/2627 2579/3/2579
f 2628/1/2628 2534/2/2534 2581/3/2581
f 2534/1/2534 2628/2/2628 2580/3/2580
f 2629/1/2629 2535/2/2535 2582/3/2582
f 2535/1/2535 2629/2/2629 2581/3/2581
f 2582/1/2582 2583/2/2583 2630/3/2630
f 2583/1/2583 2582/2/2582 2536/3/2536
f 2583/1/2583 2584/2/2584 2631/3/2631
f 2584/1/2584 2583/2/2583 2537/3/2537
f 2584/1/2584 2585/2/2585 2632/3/2632
f 2585/1/2585 2584/2/2584 2538/3/2538
f 2633/1/2633 2539/2/2539 2586/3/2586
f 2539/1/2539 2633/2/2633 2585/3/2585
f 2634/1/2634 2540/2/2540 2587/3/2587
f 2540/1/2540 2634/2/2634 2586/3/2586
f 2635/1/2635 2541/2/2541 2588/3/2588
f 2541/1/2541 2635/2/2635 2587/3/2587
f 2636/1/2636 2543/2/2543 2590/3/2590
f 2543/1/2543 2636/2/2636 2588/3/2588
f 2591/1/2591 2589/2/2589 2637/3/2637
f 2589/1/2589 2591/2/2591 2544/3/2544
f 2638/1/2638 2591/2/2591 2639/3/2639
f 2591/1/2591 2638/2/2638 2590/3/2590
f 2593/1/2593 2592/2/2592 2640/3/2640
f 2592/1/2592 2593/2/2593 2546/3/2546
f 2594/1/2594 2593/2/2593 2641/3/2641
f 2593/1/2593 2594/2/2594 2547/3/2547
f 2595/1/2595 2594/2/2594 2642/3/2642
f 2594/1/2594 2595/2/2595 2548/3/2548
f 2596/1/2596 2595/2/2595 2643/3/2643
f 2595/1/2595 2596/2/2596 2549/3/2549
f 2597/1/2597 2596/2/2596 2644/3/2644
f 2596/1/2596 2597/2/2597 2550/3/2550
f 2598/1/2598 2597/2/2597 2645/3/2645
f 2597/1/2597 2598/2/2598 2551/3/2551
f 2646/1/2646 2552/2/2552 2598/3/2598
f 2552/1/2552 2646/2/2646 2599/3/2599
f 2647/1/2647 2553/2/2553 2599/3/2599
f 2553/1/2553 2647/2/2647 2600/3/2600
f 2648/1/2648 2554/2/2554 2600/3/2600
f 2554/1/2554 2648/2/2648 2601/3/2601
f 2649/1/2649 2602/2/2602 2601/3/2601
f 2602/1/2602 2649/2/2649 2650/3/2650
f 2650/1/2650 2603/2/2603 2602/3/2602
f 2603/1/2603 2650/2/2650 2651/3/2651
f 2651/1/2651 2604/2/2604 2603/3/2603
f 2604/1/2604 2651/2/2651 2652/3/2652
f 2653/1/2653 2604/2/2604 2652/3/2652
f 2604/1/2604 2653/2/2653 2605/3/2605
f 2654/1/2654 2605/2/2605 2653/3/2653
f 2605/1/2605 2654/2/2654 2606/3/2606
f 2655/1/2655 2606/2/2606 2654/3/2654
f 2606/1/2606 2655/2/2655 2607/3/2607
f 2608/1/2608 2607/2/2607 2656/3/2656
f 2607/1/2607 2608/2/2608 2560/3/2560
f 2609/1/2609 2608/2/2608 2657/3/2657
f 2608/1/2608 2609/2/2609 2561/3/2561
f 2610/1/2610 2609/2/2609 2658/3/2658
f 2609/1/2609 2610/2/2610 2562/3/2562
f 2563/1/2563 2659/2/2659 2611/3/2611
f 2659/1/2659 2563/2/2563 2610/3/2610
f 2612/1/2612 2611/2/2611 2660/3/2660
f 2611/1/2611 2612/2/2612 2564/3/2564
f 2613/1/2613 2612/2/2612 2661/3/2661
f 2612/1/2612 2613/2/2613 2565/3/2565
f 2614/1/2614 2613/2/2613 2662/3/2662
f 2613/1/2613 2614/2/2614 2566/3/2566
f 2615/1/2615 2614/2/2614 2663/3/2663
f 2614/1/2614 2615/2/2615 2567/3/2567
f 2592/1/2592 2615/2/2615 2640/3/2640
f 2615/1/2615 2592/2/2592 2568/3/2568
f 2578/1/2578 2616/2/2616 2569/3/2569
f 2616/1/2616 2578/2/2578 2626/3/2626
f 2616/1/2616 2617/2/2617 2570/3/2570
f 2617/1/2617 2616/2/2616 2664/3/2664
f 2571/1/2571 2665/2/2665 2618/3/2618
f 2665/1/2665 2571/2/2571 2617/3/2617
f 2572/1/2572 2666/2/2666 2619/3/2619
f 2666/1/2666 2572/2/2572 2618/3/2618
f 2573/1/2573 2667/2/2667 2668/3/2668
f 2667/1/2667 2573/2/2573 2619/3/2619
f 2573/1/2573 2668/2/2668 2620/3/2620
f 2621/1/2621 2669/2/2669 2670/3/2670
f 2669/1/2669 2621/2/2621 2620/3/2620
f 2622/1/2622 2621/2/2621 2671/3/2671
f 2621/1/2621 2622/2/2622 2574/3/2574
f 2623/1/2623 2622/2/2622 2672/3/2672
f 2622/1/2622 2623/2/2623 2575/3/2575
f 2624/1/2624 2673/2/2673 2674/3/2674
f 2673/1/2673 2624/2/2624 2623/3/2623
f 2577/1/2577 2674/2/2674 2625/3/2625
f 2674/1/2674 2577/2/2577 2624/3/2624
f 2637/1/2637 2625/2/2625 2675/3/2675
f 2625/1/2625 2637/2/2637 2589/3/2589
f 2579/1/2579 2676/2/2676 2626/3/2626
f 2676/1/2676 2579/2/2579 2627/3/2627
f 2677/1/2677 2580/2/2580 2628/3/2628
f 2580/1/2580 2677/2/2677 2627/3/2627
f 2678/1/2678 2581/2/2581 2629/3/2629
f 2581/1/2581 2678/2/2678 2628/3/2628
f 2679/1/2679 2582/2/2582 2630/3/2630
f 2582/1/2582 2679/2/2679 2629/3/2629
f 2630/1/2630 2631/2/2631 2680/3/2680
f 2631/1/2631 2630/2/2630 2583/3/2583
f 2631/1/2631 2632/2/2632 2681/3/2681
f 2632/1/2632 2631/2/2631 2584/3/2584
f 2632/1/2632 2633/2/2633 2682/3/2682
f 2633/1/2633 2632/2/2632 2585/3/2585
f 2683/1/2683 2586/2/2586 2634/3/2634
f 2586/1/2586 2683/2/2683 2633/3/2633
f 2684/1/2684 2587/2/2587 2635/3/2635
f 2587/1/2587 2684/2/2684 2634/3/2634
f 2685/1/2685 2588/2/2588 2636/3/2636
f 2588/1/2588 2685/2/2685 2635/3/2635
f 2686/1/2686 2590/2/2590 2638/3/2638
f 2590/1/2590 2686/2/2686 2636/3/2636
f 2639/1/2639 2637/2/2637 2687/3/2687
f 2637/1/2637 2639/2/2639 2591/3/2591
f 2688/1/2688 2639/2/2639 2689/3/2689
f 2639/1/2639 2688/2/2688 2638/3/2638
f 2641/1/2641 2640/2/2640 2690/3/2690
f 2640/1/2640 2641/2/2641 2593/3/2593
f 2642/1/2642 2641/2/2641 2691/3/2691
f 2641/1/2641 2642/2/2642 2594/3/2594
f 2643/1/2643 2642/2/2642 2692/3/2692
f 2642/1/2642 2643/2/2643 2595/3/2595
f 2644/1/2644 2643/2/2643 2693/3/2693
f 2643/1/2643 2644/2/2644 2596/3/2596
f 2645/1/2645 2644/2/2644 2694/3/2694
f 2644/1/2644 2645/2/2645 2597/3/2597
f 2646/1/2646 2645/2/2645 2695/3/2695
f 2645/1/2645 2646/2/2646 2598/3/2598
f 2696/1/2696 2599/2/2599 2646/3/2646
f 2599/1/2599 2696/2/2696 2647/3/2647
f 2697/1/2697 2600/2/2600 2647/3/2647
f 2600/1/2600 2697/2/2697 2648/3/2648
f 2698/1/2698 2601/2/2601 2648/3/2648
f 2601/1/2601 2698/2/2698 2649/3/2649
f 2699/1/2699 2650/2/2650 2649/3/2649
f 2650/1/2650 2699/2/2699 2700/3/2700
f 2700/1/2700 2651/2/2651 2650/3/2650
f 2651/1/2651 2700/2/2700 2701/3/2701
f 2654/1/2654 2653/2/2653 2702/3/2702
f 2655/1/2655 2654/2/2654 2703/3/2703
f 2656/1/2656 2655/2/2655 2704/3/2704
f 2655/1/2655 2656/2/2656 2607/3/2607
f 2657/1/2657 2656/2/2656 2705/3/2705
f 2656/1/2656 2657/2/2657 2608/3/2608
f 2658/1/2658 2657/2/2657 2706/3/2706
f 2657/1/2657 2658/2/2658 2609/3/2609
f 2610/1/2610 2707/2/2707 2659/3/2659
f 2707/1/2707 2610/2/2610 2658/3/2658
f 2611/1/2611 2708/2/2708 2660/3/2660
f 2708/1/2708 2611/2/2611 2659/3/2659
f 2661/1/2661 2660/2/2660 2709/3/2709
f 2660/1/2660 2661/2/2661 2612/3/2612
f 2662/1/2662 2661/2/2661 2710/3/2710
f 2661/1/2661 2662/2/2662 2613/3/2613
f 2663/1/2663 2662/2/2662 2711/3/2711
f 2662/1/2662 2663/2/2663 2614/3/2614
f 2640/1/2640 2663/2/2663 2690/3/2690
f 2663/1/2663 2640/2/2640 2615/3/2615
f 2626/1/2626 2664/2/2664 2616/3/2616
f 2664/1/2664 2626/2/2626 2676/3/2676
f 2617/1/2617 2712/2/2565 2665/3/2665
f 2712/1/2565 2617/2/2617 2664/3/2664
f 2618/1/2618 2713/2/2712 2666/3/2666
f 2713/1/2712 2618/2/2618 2665/3/2665
f 2619/1/2619 2714/2/2713 2667/3/2667
f 2714/1/2713 2619/2/2619 2666/3/2666
f 2669/1/2669 2715/2/2714 2670/3/2670
f 2715/1/2714 2669/2/2669 2716/3/2715
f 2671/1/2671 2670/2/2670 2717/3/2716
f 2670/1/2670 2671/2/2671 2621/3/2621
f 2672/1/2672 2671/2/2671 2718/3/2717
f 2671/1/2671 2672/2/2672 2622/3/2622
f 2673/1/2673 2672/2/2672 2719/3/2718
f 2672/1/2672 2673/2/2673 2623/3/2623
f 2674/1/2674 2720/2/2719 2721/3/2720
f 2720/1/2719 2674/2/2674 2673/3/2673
f 2625/1/2625 2721/2/2720 2675/3/2675
f 2721/1/2720 2625/2/2625 2674/3/2674
f 2687/1/2687 2675/2/2675 2722/3/2721
f 2675/1/2675 2687/2/2687 2637/3/2637
f 2676/1/2676 2677/2/2677 2723/3/2722
f 2677/1/2677 2676/2/2676 2627/3/2627
f 2724/1/2723 2628/2/2628 2678/3/2678
f 2628/1/2628 2724/2/2723 2677/3/2677
f 2725/1/2724 2629/2/2629 2679/3/2679
f 2629/1/2629 2725/2/2724 2678/3/2678
f 2726/1/2725 2630/2/2630 2680/3/2680
f 2630/1/2630 2726/2/2725 2679/3/2679
f 2680/1/2680 2681/2/2681 2727/3/2726
f 2681/1/2681 2680/2/2680 2631/3/2631
f 2681/1/2681 2682/2/2682 2728/3/2727
f 2682/1/2682 2681/2/2681 2632/3/2632
f 2682/1/2682 2683/2/2683 2729/3/2728
f 2683/1/2683 2682/2/2682 2633/3/2633
f 2730/1/2729 2634/2/2634 2684/3/2684
f 2634/1/2634 2730/2/2729 2683/3/2683
f 2731/1/2730 2635/2/2635 2685/3/2685
f 2635/1/2635 2731/2/2730 2684/3/2684
f 2732/1/2731 2636/2/2636 2686/3/2686
f 2636/1/2636 2732/2/2731 2685/3/2685
f 2733/1/2732 2638/2/2638 2688/3/2688
f 2638/1/2638 2733/2/2732 2686/3/2686
f 2689/1/2689 2687/2/2687 2734/3/2733
f 2687/1/2687 2689/2/2689 2639/3/2639
f 2735/1/2734 2689/2/2689 2736/3/2735
f 2689/1/2689 2735/2/2734 2688/3/2688
f 2691/1/2691 2690/2/2690 2737/3/2736
f 2690/1/2690 2691/2/2691 2641/3/2641
f 2692/1/2692 2691/2/2691 2738/3/2737
f 2691/1/2691 2692/2/2692 2642/3/2642
f 2643/1/2643 2739/2/2738 2693/3/2693
f 2739/1/2738 2643/2/2643 2692/3/2692
f 2694/1/2694 2693/2/2693 2740/3/2739
f 2693/1/2693 2694/2/2694 2644/3/2644
f 2695/1/2695 2694/2/2694 2741/3/2740
f 2694/1/2694 2695/2/2695 2645/3/2645
f 2696/1/2696 2695/2/2695 2742/3/2741
f 2695/1/2695 2696/2/2696 2646/3/2646
f 2743/1/2742 2647/2/2647 2696/3/2696
f 2647/1/2647 2743/2/2742 2697/3/2697
f 2744/1/2743 2648/2/2648 2697/3/2697
f 2648/1/2648 2744/2/2743 2698/3/2698
f 2745/1/2744 2649/2/2649 2698/3/2698
f 2649/1/2649 2745/2/2744 2699/3/2699
f 2746/1/2745 2700/2/2700 2699/3/2699
f 2700/1/2700 2746/2/2745 2747/3/2746
f 2747/1/2746 2701/2/2701 2700/3/2700
f 2701/1/2701 2747/2/2746 2748/3/2747
f 2749/1/2748 2651/2/2651 2701/3/2701
f 2653/1/2653 2750/2/2749 2702/3/2702
f 2654/1/2654 2702/2/2702 2703/3/2703
f 2704/1/2704 2703/2/2703 2751/3/2750
f 2703/1/2703 2704/2/2704 2655/3/2655
f 2705/1/2705 2704/2/2704 2752/3/2751
f 2704/1/2704 2705/2/2705 2656/3/2656
f 2706/1/2706 2705/2/2705 2753/3/2752
f 2705/1/2705 2706/2/2706 2657/3/2657
f 2658/1/2658 2754/2/2753 2707/3/2707
f 2754/1/2753 2658/2/2658 2706/3/2706
f 2659/1/2659 2755/2/2754 2708/3/2708
f 2755/1/2754 2659/2/2659 2707/3/2707
f 2660/1/2660 2756/2/2755 2709/3/2709
f 2756/1/2755 2660/2/2660 2708/3/2708
f 2710/1/2710 2709/2/2709 2757/3/2756
f 2709/1/2709 2710/2/2710 2661/3/2661
f 2711/1/2711 2710/2/2710 2758/3/2757
f 2710/1/2710 2711/2/2711 2662/3/2662
f 2690/1/2690 2711/2/2711 2737/3/2736
f 2711/1/2711 2690/2/2690 2663/3/2663
f 2664/1/2664 2723/2/2722 2712/3/2565
f 2723/1/2722 2664/2/2664 2676/3/2676
f 2665/1/2665 2759/2/2758 2713/3/2712
f 2759/1/2758 2665/2/2665 2712/3/2565
f 2666/1/2666 2760/2/2759 2714/3/2713
f 2760/1/2759 2666/2/2666 2713/3/2712
f 2714/1/2713 2716/2/2715 2667/3/2667
f 2667/1/2667 2716/2/2715 2669/3/2669
f 2716/1/2715 2761/2/2760 2715/3/2714
f 2761/1/2760 2716/2/2715 2762/3/2761
f 2670/1/2670 2763/2/2762 2717/3/2716
f 2763/1/2762 2670/2/2670 2715/3/2714
f 2718/1/2717 2717/2/2716 2764/3/2763
f 2717/1/2716 2718/2/2717 2671/3/2671
f 2719/1/2718 2718/2/2717 2765/3/2764
f 2718/1/2717 2719/2/2718 2672/3/2672
f 2720/1/2719 2719/2/2718 2766/3/2765
f 2719/1/2718 2720/2/2719 2673/3/2673
f 2720/1/2719 2767/2/2766 2721/3/2720
f 2675/1/2675 2767/2/2766 2722/3/2721
f 2767/1/2766 2675/2/2675 2721/3/2720
f 2768/1/2767 2687/2/2687 2722/3/2721
f 2687/1/2687 2768/2/2767 2734/3/2733
f 2723/1/2722 2724/2/2723 2769/3/2768
f 2724/1/2723 2723/2/2722 2677/3/2677
f 2770/1/2769 2678/2/2678 2725/3/2724
f 2678/1/2678 2770/2/2769 2724/3/2723
f 2771/1/2770 2679/2/2679 2726/3/2725
f 2679/1/2679 2771/2/2770 2725/3/2724
f 2772/1/2771 2680/2/2680 2727/3/2726
f 2680/1/2680 2772/2/2771 2726/3/2725
f 2727/1/2726 2728/2/2727 2773/3/2772
f 2728/1/2727 2727/2/2726 2681/3/2681
f 2728/1/2727 2729/2/2728 2774/3/2773
f 2729/1/2728 2728/2/2727 2682/3/2682
f 2729/1/2728 2730/2/2729 2775/3/2774
f 2730/1/2729 2729/2/2728 2683/3/2683
f 2776/1/2775 2684/2/2684 2731/3/2730
f 2684/1/2684 2776/2/2775 2730/3/2729
f 2777/1/2776 2685/2/2685 2732/3/2731
f 2685/1/2685 2777/2/2776 2731/3/2730
f 2778/1/2777 2686/2/2686 2733/3/2732
f 2686/1/2686 2778/2/2777 2732/3/2731
f 2779/1/2778 2688/2/2688 2735/3/2734
f 2688/1/2688 2779/2/2778 2733/3/2732
f 2736/1/2735 2734/2/2733 2780/3/2779
f 2734/1/2733 2736/2/2735 2689/3/2689
f 2781/1/2780 2736/2/2735 2782/3/2781
f 2736/1/2735 2781/2/2780 2735/3/2734
f 2738/1/2737 2737/2/2736 2783/3/2782
f 2737/1/2736 2738/2/2737 2691/3/2691
f 2692/1/2692 2784/2/2783 2739/3/2738
f 2784/1/2783 2692/2/2692 2738/3/2737
f 2693/1/2693 2785/2/2784 2740/3/2739
f 2785/1/2784 2693/2/2693 2739/3/2738
f 2741/1/2740 2740/2/2739 2786/3/2785
f 2740/1/2739 2741/2/2740 2694/3/2694
f 2742/1/2741 2741/2/2740 2787/3/2786
f 2741/1/2740 2742/2/2741 2695/3/2695
f 2743/1/2742 2742/2/2741 2788/3/2787
f 2742/1/2741 2743/2/2742 2696/3/2696
f 2789/1/2788 2697/2/2697 2743/3/2742
f 2697/1/2697 2789/2/2788 2744/3/2743
f 2790/1/2789 2698/2/2698 2744/3/2743
f 2698/1/2698 2790/2/2789 2745/3/2744
f 2791/1/2790 2699/2/2699 2745/3/2744
f 2699/1/2699 2791/2/2790 2746/3/2745
f 2792/1/2791 2747/2/2746 2746/3/2745
f 2747/1/2746 2792/2/2791 2793/3/2792
f 2793/1/2792 2748/2/2747 2747/3/2746
f 2748/1/2747 2793/2/2792 2794/3/2793
f 2748/1/2747 2749/2/2748 2701/3/2701
f 2749/1/2748 2748/2/2747 2795/3/2794
f 2653/1/2653 2749/2/2748 2750/3/2749
f 2796/1/2795 2750/2/2749 2797/3/2796
f 2750/1/2749 2796/2/2795 2702/3/2702
f 2798/1/2797 2702/2/2702 2796/3/2795
f 2702/1/2702 2798/2/2797 2703/3/2703
f 2751/1/2750 2798/2/2797 2799/3/2798
f 2798/1/2797 2751/2/2750 2703/3/2703
f 2752/1/2751 2751/2/2750 2800/3/2799
f 2751/1/2750 2752/2/2751 2704/3/2704
f 2753/1/2752 2752/2/2751 2801/3/2800
f 2752/1/2751 2753/2/2752 2705/3/2705
f 2706/1/2706 2802/2/2801 2754/3/2753
f 2802/1/2801 2706/2/2706 2753/3/2752
f 2707/1/2707 2803/2/2802 2755/3/2754
f 2803/1/2802 2707/2/2707 2754/3/2753
f 2708/1/2708 2804/2/2803 2756/3/2755
f 2804/1/2803 2708/2/2708 2755/3/2754
f 2709/1/2709 2805/2/2804 2757/3/2756
f 2805/1/2804 2709/2/2709 2756/3/2755
f 2758/1/2757 2757/2/2756 2806/3/2805
f 2757/1/2756 2758/2/2757 2710/3/2710
f 2737/1/2736 2758/2/2757 2783/3/2782
f 2758/1/2757 2737/2/2736 2711/3/2711
f 2712/1/2565 2769/2/2768 2759/3/2758
f 2769/1/2768 2712/2/2565 2723/3/2722
f 2713/1/2712 2807/2/2806 2760/3/2759
f 2807/1/2806 2713/2/2712 2759/3/2758
f 2714/1/2713 2808/2/2807 2762/3/2761
f 2808/1/2807 2714/2/2713 2760/3/2759
f 2714/1/2713 2762/2/2761 2716/3/2715
f 2762/1/2761 2809/2/2808 2761/3/2760
f 2809/1/2808 2762/2/2761 2808/3/2807
f 2715/1/2714 2810/2/2809 2763/3/2762
f 2810/1/2809 2715/2/2714 2761/3/2760
f 2717/1/2716 2811/2/2810 2764/3/2763
f 2811/1/2810 2717/2/2716 2763/3/2762
f 2765/1/2764 2764/2/2763 2812/3/2811
f 2764/1/2763 2765/2/2764 2718/3/2717
f 2766/1/2765 2765/2/2764 2813/3/2812
f 2765/1/2764 2766/2/2765 2719/3/2718
f 2814/1/2813 2722/2/2721 2767/3/2766
f 2722/1/2721 2814/2/2813 2768/3/2767
f 2815/1/2814 2734/2/2733 2768/3/2767
f 2734/1/2733 2815/2/2814 2780/3/2779
f 2769/1/2768 2770/2/2769 2816/3/2815
f 2770/1/2769 2769/2/2768 2724/3/2723
f 2817/1/2816 2725/2/2724 2771/3/2770
f 2725/1/2724 2817/2/2816 2770/3/2769
f 2818/1/2817 2726/2/2725 2772/3/2771
f 2726/1/2725 2818/2/2817 2771/3/2770
f 2819/1/2818 2727/2/2726 2773/3/2772
f 2727/1/2726 2819/2/2818 2772/3/2771
f 2773/1/2772 2774/2/2773 2820/3/2819
f 2774/1/2773 2773/2/2772 2728/3/2727
f 2774/1/2773 2775/2/2774 2821/3/2820
f 2775/1/2774 2774/2/2773 2729/3/2728
f 2775/1/2774 2776/2/2775 2822/3/2821
f 2776/1/2775 2775/2/2774 2730/3/2729
f 2823/1/2822 2731/2/2730 2777/3/2776
f 2731/1/2730 2823/2/2822 2776/3/2775
f 2824/1/2823 2732/2/2731 2778/3/2777
f 2732/1/2731 2824/2/2823 2777/3/2776
f 2825/1/2824 2733/2/2732 2779/3/2778
f 2733/1/2732 2825/2/2824 2778/3/2777
f 2826/1/2825 2735/2/2734 2781/3/2780
f 2735/1/2734 2826/2/2825 2779/3/2778
f 2782/1/2781 2780/2/2779 2827/3/2826
f 2780/1/2779 2782/2/2781 2736/3/2735
f 2828/1/2827 2782/2/2781 2829/3/2828
f 2782/1/2781 2828/2/2827 2781/3/2780
f 2738/1/2737 2830/2/2829 2784/3/2783
f 2830/1/2829 2738/2/2737 2783/3/2782
f 2739/1/2738 2831/2/2830 2785/3/2784
f 2831/1/2830 2739/2/2738 2784/3/2783
f 2740/1/2739 2832/2/2831 2786/3/2785
f 2832/1/2831 2740/2/2739 2785/3/2784
f 2787/1/2786 2786/2/2785 2833/3/2832
f 2786/1/2785 2787/2/2786 2741/3/2740
f 2788/1/2787 2787/2/2786 2834/3/2833
f 2787/1/2786 2788/2/2787 2742/3/2741
f 2789/1/2788 2788/2/2787 2835/3/2834
f 2788/1/2787 2789/2/2788 2743/3/2742
f 2836/1/2835 2744/2/2743 2789/3/2788
f 2744/1/2743 2836/2/2835 2790/3/2789
f 2837/1/2836 2745/2/2744 2790/3/2789
f 2745/1/2744 2837/2/2836 2791/3/2790
f 2838/1/2837 2746/2/2745 2791/3/2790
f 2746/1/2745 2838/2/2837 2792/3/2791
f 2839/1/2838 2793/2/2792 2792/3/2791
f 2793/1/2792 2839/2/2838 2840/3/2839
f 2840/1/2839 2794/2/2793 2793/3/2792
f 2794/1/2793 2840/2/2839 2841/3/2840
f 2794/1/2793 2795/2/2794 2748/3/2747
f 2795/1/2794 2794/2/2793 2842/3/2841
f 2749/1/2748 2795/2/2794 2750/3/2749
f 2842/1/2841 2750/2/2749 2795/3/2794
f 2750/1/2749 2842/2/2841 2797/3/2796
f 2797/1/2796 2843/2/2842 2796/3/2795
f 2843/1/2842 2797/2/2796 2844/3/2843
f 2796/1/2795 2845/2/2844 2798/3/2797
f 2845/1/2844 2796/2/2795 2843/3/2842
f 2798/1/2797 2846/2/2845 2799/3/2798
f 2846/1/2845 2798/2/2797 2845/3/2844
f 2800/1/2799 2799/2/2798 2847/3/2846
f 2799/1/2798 2800/2/2799 2751/3/2750
f 2801/1/2800 2800/2/2799 2848/3/2847
f 2800/1/2799 2801/2/2800 2752/3/2751
f 2753/1/2752 2849/2/2848 2802/3/2801
f 2849/1/2848 2753/2/2752 2801/3/2800
f 2754/1/2753 2850/2/2849 2803/3/2802
f 2850/1/2849 2754/2/2753 2802/3/2801
f 2755/1/2754 2851/2/2850 2804/3/2803
f 2851/1/2850 2755/2/2754 2803/3/2802
f 2756/1/2755 2852/2/2851 2805/3/2804
f 2852/1/2851 2756/2/2755 2804/3/2803
f 2757/1/2756 2853/2/2852 2806/3/2805
f 2853/1/2852 2757/2/2756 2805/3/2804
f 2783/1/2782 2806/2/2805 2830/3/2829
f 2806/1/2805 2783/2/2782 2758/3/2757
f 2759/1/2758 2816/2/2815 2807/3/2806
f 2816/1/2815 2759/2/2758 2769/3/2768
f 2760/1/2759 2854/2/2853 2808/3/2807
f 2854/1/2853 2760/2/2759 2807/3/2806
f 2808/1/2807 2855/2/2854 2809/3/2808
f 2855/1/2854 2808/2/2807 2854/3/2853
f 2761/1/2760 2856/2/2855 2810/3/2809
f 2856/1/2855 2761/2/2760 2809/3/2808
f 2763/1/2762 2857/2/2856 2811/3/2810
f 2857/1/2856 2763/2/2762 2810/3/2809
f 2764/1/2763 2858/2/2857 2812/3/2811
f 2858/1/2857 2764/2/2763 2811/3/2810
f 2813/1/2812 2812/2/2811 2859/3/2858
f 2812/1/2811 2813/2/2812 2765/3/2764
f 2860/1/2859 2767/2/2766 2861/3/2860
f 2767/1/2766 2860/2/2859 2814/3/2813
f 2862/1/2861 2768/2/2767 2814/3/2813
f 2768/1/2767 2862/2/2861 2815/3/2814
f 2863/1/2862 2780/2/2779 2815/3/2814
f 2780/1/2779 2863/2/2862 2827/3/2826
f 2816/1/2815 2817/2/2816 2864/3/2863
f 2817/1/2816 2816/2/2815 2770/3/2769
f 2865/1/2864 2771/2/2770 2818/3/2817
f 2771/1/2770 2865/2/2864 2817/3/2816
f 2866/1/2865 2772/2/2771 2819/3/2818
f 2772/1/2771 2866/2/2865 2818/3/2817
f 2867/1/2866 2773/2/2772 2820/3/2819
f 2773/1/2772 2867/2/2866 2819/3/2818
f 2820/1/2819 2821/2/2820 2868/3/2867
f 2821/1/2820 2820/2/2819 2774/3/2773
f 2821/1/2820 2822/2/2821 2869/3/2868
f 2822/1/2821 2821/2/2820 2775/3/2774
f 2822/1/2821 2823/2/2822 2870/3/2869
f 2823/1/2822 2822/2/2821 2776/3/2775
f 2871/1/2870 2777/2/2776 2824/3/2823
f 2777/1/2776 2871/2/2870 2823/3/2822
f 2872/1/2871 2778/2/2777 2825/3/2824
f 2778/1/2777 2872/2/2871 2824/3/2823
f 2873/1/2872 2779/2/2778 2826/3/2825
f 2779/1/2778 2873/2/2872 2825/3/2824
f 2874/1/2873 2781/2/2780 2828/3/2827
f 2781/1/2780 2874/2/2873 2826/3/2825
f 2829/1/2828 2827/2/2826 2875/3/2874
f 2827/1/2826 2829/2/2828 2782/3/2781
f 2876/1/2875 2829/2/2828 2877/3/2876
f 2829/1/2828 2876/2/2875 2828/3/2827
f 2784/1/2783 2878/2/2877 2831/3/2830
f 2878/1/2877 2784/2/2783 2830/3/2829
f 2785/1/2784 2879/2/2878 2832/3/2831
f 2879/1/2878 2785/2/2784 2831/3/2830
f 2786/1/2785 2880/2/2879 2833/3/2832
f 2880/1/2879 2786/2/2785 2832/3/2831
f 2834/1/2833 2833/2/2832 2881/3/2880
f 2833/1/2832 2834/2/2833 2787/3/2786
f 2835/1/2834 2834/2/2833 2882/3/2881
f 2834/1/2833 2835/2/2834 2788/3/2787
f 2836/1/2835 2835/2/2834 2883/3/2882
f 2835/1/2834 2836/2/2835 2789/3/2788
f 2884/1/2883 2790/2/2789 2836/3/2835
f 2790/1/2789 2884/2/2883 2837/3/2836
f 2885/1/2884 2791/2/2790 2837/3/2836
f 2791/1/2790 2885/2/2884 2838/3/2837
f 2886/1/2885 2792/2/2791 2838/3/2837
f 2792/1/2791 2886/2/2885 2839/3/2838
f 2887/1/2886 2840/2/2839 2839/3/2838
f 2840/1/2839 2887/2/2886 2888/3/2887
f 2888/1/2887 2841/2/2840 2840/3/2839
f 2841/1/2840 2888/2/2887 2889/3/2888
f 2841/1/2840 2842/2/2841 2794/3/2793
f 2842/1/2841 2841/2/2840 2890/3/2889
f 2842/1/2841 2844/2/2843 2797/3/2796
f 2844/1/2843 2842/2/2841 2890/3/2889
f 2844/1/2843 2891/2/2890 2843/3/2842
f 2891/1/2890 2844/2/2843 2892/3/2891
f 2843/1/2842 2893/2/2892 2845/3/2844
f 2893/1/2892 2843/2/2842 2891/3/2890
f 2845/1/2844 2894/2/2893 2846/3/2845
f 2894/1/2893 2845/2/2844 2893/3/2892
f 2799/1/2798 2895/2/2894 2847/3/2846
f 2895/1/2894 2799/2/2798 2846/3/2845
f 2848/1/2847 2847/2/2846 2896/3/2895
f 2847/1/2846 2848/2/2847 2800/3/2799
f 2848/1/2847 2897/2/2896 2801/3/2800
f 2897/1/2896 2849/2/2848 2801/3/2800
f 2802/1/2801 2898/2/2897 2850/3/2849
f 2898/1/2897 2802/2/2801 2849/3/2848
f 2803/1/2802 2899/2/2898 2851/3/2850
f 2899/1/2898 2803/2/2802 2850/3/2849
f 2804/1/2803 2900/2/2899 2852/3/2851
f 2900/1/2899 2804/2/2803 2851/3/2850
f 2805/1/2804 2901/2/2900 2853/3/2852
f 2901/1/2900 2805/2/2804 2852/3/2851
f 2806/1/2805 2878/2/2877 2830/3/2829
f 2878/1/2877 2806/2/2805 2853/3/2852
f 2807/1/2806 2864/2/2863 2854/3/2853
f 2864/1/2863 2807/2/2806 2816/3/2815
f 2854/1/2853 2902/2/2901 2855/3/2854
f 2902/1/2901 2854/2/2853 2864/3/2863
f 2809/1/2808 2903/2/2902 2856/3/2855
f 2903/1/2902 2809/2/2808 2855/3/2854
f 2810/1/2809 2904/2/2903 2857/3/2856
f 2904/1/2903 2810/2/2809 2856/3/2855
f 2811/1/2810 2905/2/2904 2858/3/2857
f 2905/1/2904 2811/2/2810 2857/3/2856
f 2812/1/2811 2906/2/2905 2859/3/2858
f 2906/1/2905 2812/2/2811 2858/3/2857
f 2907/1/2906 2861/2/2860 2908/3/2907
f 2861/1/2860 2907/2/2906 2860/3/2859
f 2909/1/2908 2814/2/2813 2860/3/2859
f 2814/1/2813 2909/2/2908 2862/3/2861
f 2910/1/2909 2815/2/2814 2862/3/2861
f 2815/1/2814 2910/2/2909 2863/3/2862
f 2911/1/2910 2827/2/2826 2863/3/2862
f 2827/1/2826 2911/2/2910 2875/3/2874
f 2864/1/2863 2865/2/2864 2902/3/2901
f 2865/1/2864 2864/2/2863 2817/3/2816
f 2912/1/2911 2818/2/2817 2866/3/2865
f 2818/1/2817 2912/2/2911 2865/3/2864
f 2913/1/2912 2819/2/2818 2867/3/2866
f 2819/1/2818 2913/2/2912 2866/3/2865
f 2914/1/2913 2820/2/2819 2868/3/2867
f 2820/1/2819 2914/2/2913 2867/3/2866
f 2868/1/2867 2869/2/2868 2915/3/2914
f 2869/1/2868 2868/2/2867 2821/3/2820
f 2869/1/2868 2870/2/2869 2916/3/2915
f 2870/1/2869 2869/2/2868 2822/3/2821
f 2823/1/2822 2917/2/2916 2870/3/2869
f 2917/1/2916 2823/2/2822 2871/3/2870
f 2918/1/2917 2824/2/2823 2872/3/2871
f 2824/1/2823 2918/2/2917 2871/3/2870
f 2919/1/2918 2825/2/2824 2873/3/2872
f 2825/1/2824 2919/2/2918 2872/3/2871
f 2920/1/2919 2826/2/2825 2874/3/2873
f 2826/1/2825 2920/2/2919 2873/3/2872
f 2921/1/2920 2828/2/2827 2876/3/2875
f 2828/1/2827 2921/2/2920 2874/3/2873
f 2877/1/2876 2875/2/2874 2922/3/2921
f 2875/1/2874 2877/2/2876 2829/3/2828
f 2923/1/2922 2877/2/2876 2924/3/2923
f 2877/1/2876 2923/2/2922 2876/3/2875
f 2831/1/2830 2925/2/2924 2879/3/2878
f 2925/1/2924 2831/2/2830 2878/3/2877
f 2832/1/2831 2926/2/2925 2880/3/2879
f 2926/1/2925 2832/2/2831 2879/3/2878
f 2833/1/2832 2927/2/2926 2881/3/2880
f 2927/1/2926 2833/2/2832 2880/3/2879
f 2882/1/2881 2881/2/2880 2928/3/2927
f 2881/1/2880 2882/2/2881 2834/3/2833
f 2883/1/2882 2882/2/2881 2929/3/2928
f 2882/1/2881 2883/2/2882 2835/3/2834
f 2884/1/2883 2883/2/2882 2930/3/2929
f 2883/1/2882 2884/2/2883 2836/3/2835
f 2931/1/2930 2837/2/2836 2884/3/2883
f 2837/1/2836 2931/2/2930 2885/3/2884
f 2932/1/2931 2838/2/2837 2885/3/2884
f 2838/1/2837 2932/2/2931 2886/3/2885
f 2933/1/2932 2839/2/2838 2886/3/2885
f 2839/1/2838 2933/2/2932 2887/3/2886
f 2934/1/2933 2888/2/2887 2887/3/2886
f 2888/1/2887 2934/2/2933 2935/3/2934
f 2935/1/2934 2889/2/2888 2888/3/2887
f 2889/1/2888 2935/2/2934 2936/3/2935
f 2889/1/2888 2890/2/2889 2841/3/2840
f 2890/1/2889 2889/2/2888 2937/3/2936
f 2890/1/2889 2892/2/2891 2844/3/2843
f 2892/1/2891 2890/2/2889 2937/3/2936
f 2892/1/2891 2938/2/2937 2891/3/2890
f 2938/1/2937 2892/2/2891 2939/3/2938
f 2891/1/2890 2940/2/2939 2893/3/2892
f 2940/1/2939 2891/2/2890 2938/3/2937
f 2893/1/2892 2941/2/2940 2894/3/2893
f 2941/1/2940 2893/2/2892 2940/3/2939
f 2846/1/2845 2942/2/2941 2895/3/2894
f 2942/1/2941 2846/2/2845 2894/3/2893
f 2847/1/2846 2943/2/2942 2896/3/2895
f 2943/1/2942 2847/2/2846 2895/3/2894
f 2848/1/2847 2944/2/2943 2897/3/2896
f 2944/1/2943 2848/2/2847 2896/3/2895
f 2849/1/2848 2945/2/2944 2898/3/2897
f 2945/1/2944 2849/2/2848 2897/3/2896
f 2850/1/2849 2946/2/2945 2899/3/2898
f 2946/1/2945 2850/2/2849 2898/3/2897
f 2851/1/2850 2947/2/2946 2900/3/2899
f 2947/1/2946 2851/2/2850 2899/3/2898
f 2852/1/2851 2948/2/2947 2901/3/2900
f 2948/1/2947 2852/2/2851 2900/3/2899
f 2853/1/2852 2925/2/2924 2878/3/2877
f 2925/1/2924 2853/2/2852 2901/3/2900
f 2855/1/2854 2949/2/2948 2903/3/2902
f 2949/1/2948 2855/2/2854 2902/3/2901
f 2856/1/2855 2950/2/2949 2904/3/2903
f 2950/1/2949 2856/2/2855 2903/3/2902
f 2857/1/2856 2951/2/2950 2905/3/2904
f 2951/1/2950 2857/2/2856 2904/3/2903
f 2858/1/2857 2952/2/2951 2906/3/2905
f 2952/1/2951 2858/2/2857 2905/3/2904
f 2953/1/2952 2954/2/2953 2955/3/2954
f 2954/1/2953 2953/2/2952 2907/3/2906
f 2954/1/2953 2907/2/2906 2908/3/2907
f 2956/1/2955 2860/2/2859 2907/3/2906
f 2860/1/2859 2956/2/2955 2909/3/2908
f 2957/1/2956 2862/2/2861 2909/3/2908
f 2862/1/2861 2957/2/2956 2910/3/2909
f 2958/1/2957 2863/2/2862 2910/3/2909
f 2863/1/2862 2958/2/2957 2911/3/2910
f 2959/1/2958 2875/2/2874 2911/3/2910
f 2875/1/2874 2959/2/2958 2922/3/2921
f 2902/1/2901 2912/2/2911 2949/3/2948
f 2912/1/2911 2902/2/2901 2865/3/2864
f 2960/1/2959 2866/2/2865 2913/3/2912
f 2866/1/2865 2960/2/2959 2912/3/2911
f 2961/1/2960 2867/2/2866 2914/3/2913
f 2867/1/2866 2961/2/2960 2913/3/2912
f 2962/1/2961 2868/2/2867 2915/3/2914
f 2868/1/2867 2962/2/2961 2914/3/2913
f 2915/1/2914 2916/2/2915 2963/3/2962
f 2916/1/2915 2915/2/2914 2869/3/2868
f 2870/1/2869 2964/2/2963 2916/3/2915
f 2964/1/2963 2870/2/2869 2917/3/2916
f 2871/1/2870 2965/2/2964 2917/3/2916
f 2965/1/2964 2871/2/2870 2918/3/2917
f 2966/1/2965 2872/2/2871 2919/3/2918
f 2872/1/2871 2966/2/2965 2918/3/2917
f 2967/1/2966 2873/2/2872 2920/3/2919
f 2873/1/2872 2967/2/2966 2919/3/2918
f 2968/1/2967 2874/2/2873 2921/3/2920
f 2874/1/2873 2968/2/2967 2920/3/2919
f 2969/1/2968 2876/2/2875 2923/3/2922
f 2876/1/2875 2969/2/2968 2921/3/2920
f 2877/1/2876 2922/2/2921 2924/3/2923
f 2923/1/2922 2970/2/2969 2971/3/2970
f 2970/1/2969 2923/2/2922 2924/3/2923
f 2879/1/2878 2972/2/2971 2926/3/2925
f 2972/1/2971 2879/2/2878 2925/3/2924
f 2880/1/2879 2973/2/2972 2927/3/2926
f 2973/1/2972 2880/2/2879 2926/3/2925
f 2881/1/2880 2974/2/2973 2928/3/2927
f 2974/1/2973 2881/2/2880 2927/3/2926
f 2929/1/2928 2928/2/2927 2975/3/2974
f 2928/1/2927 2929/2/2928 2882/3/2881
f 2930/1/2929 2929/2/2928 2976/3/2975
f 2929/1/2928 2930/2/2929 2883/3/2882
f 2931/1/2930 2930/2/2929 2977/3/2976
f 2930/1/2929 2931/2/2930 2884/3/2883
f 2978/1/2977 2885/2/2884 2931/3/2930
f 2885/1/2884 2978/2/2977 2932/3/2931
f 2979/1/2978 2886/2/2885 2932/3/2931
f 2886/1/2885 2979/2/2978 2933/3/2932
f 2980/1/2979 2887/2/2886 2933/3/2932
f 2887/1/2886 2980/2/2979 2934/3/2933
f 2981/1/2980 2935/2/2934 2934/3/2933
f 2935/1/2934 2981/2/2980 2982/3/2981
f 2982/1/2981 2936/2/2935 2935/3/2934
f 2936/1/2935 2982/2/2981 2983/3/2982
f 2936/1/2935 2937/2/2936 2889/3/2888
f 2937/1/2936 2936/2/2935 2984/3/2983
f 2937/1/2936 2939/2/2938 2892/3/2891
f 2939/1/2938 2937/2/2936 2984/3/2983
f 2939/1/2938 2985/2/2984 2938/3/2937
f 2985/1/2984 2939/2/2938 2986/3/2985
f 2938/1/2937 2987/2/2986 2940/3/2939
f 2987/1/2986 2938/2/2937 2985/3/2984
f 2940/1/2939 2988/2/2987 2941/3/2940
f 2988/1/2987 2940/2/2939 2987/3/2986
f 2894/1/2893 2989/2/2988 2942/3/2941
f 2989/1/2988 2894/2/2893 2941/3/2940
f 2895/1/2894 2990/2/2989 2943/3/2942
f 2990/1/2989 2895/2/2894 2942/3/2941
f 2896/1/2895 2991/2/2990 2944/3/2943
f 2991/1/2990 2896/2/2895 2943/3/2942
f 2897/1/2896 2992/2/2991 2945/3/2944
f 2992/1/2991 2897/2/2896 2944/3/2943
f 2898/1/2897 2993/2/2992 2994/3/2993
f 2993/1/2992 2898/2/2897 2945/3/2944
f 2899/1/2898 2995/2/2994 2947/3/2946
f 2995/1/2994 2899/2/2898 2946/3/2945
f 2900/1/2899 2996/2/2995 2948/3/2947
f 2996/1/2995 2900/2/2899 2947/3/2946
f 2901/1/2900 2972/2/2971 2925/3/2924
f 2972/1/2971 2901/2/2900 2948/3/2947
f 2903/1/2902 2997/2/2996 2950/3/2949
f 2997/1/2996 2903/2/2902 2949/3/2948
f 2904/1/2903 2998/2/2997 2951/3/2950
f 2998/1/2997 2904/2/2903 2950/3/2949
f 2905/1/2904 2999/2/2998 2952/3/2951
f 2999/1/2998 2905/2/2904 2951/3/2950
f 2952/1/2951 3000/2/2999 2906/3/2905
f 3001/1/3000 2955/2/2954 3002/3/3001
f 2955/1/2954 3001/2/3000 2953/3/2952
f 3003/1/3002 2907/2/2906 2953/3/2952
f 2907/1/2906 3003/2/3002 2956/3/2955
f 3004/1/3003 2909/2/2908 2956/3/2955
f 2909/1/2908 3004/2/3003 2957/3/2956
f 3005/1/3004 2910/2/2909 2957/3/2956
f 2910/1/2909 3005/2/3004 2958/3/2957
f 3006/1/3005 2911/2/2910 2958/3/2957
f 2911/1/2910 3006/2/3005 2959/3/2958
f 3007/1/3006 2922/2/2921 2959/3/2958
f 2949/1/2948 2960/2/2959 2997/3/2996
f 2960/1/2959 2949/2/2948 2912/3/2911
f 3008/1/3007 2913/2/2912 2961/3/2960
f 2913/1/2912 3008/2/3007 2960/3/2959
f 3009/1/3008 2914/2/2913 2962/3/2961
f 2914/1/2913 3009/2/3008 2961/3/2960
f 3010/1/3009 2915/2/2914 2963/3/2962
f 2915/1/2914 3010/2/3009 2962/3/2961
f 2916/1/2915 3011/2/3010 2963/3/2962
f 3011/1/3010 2916/2/2915 2964/3/2963
f 2917/1/2916 3012/2/3011 2964/3/2963
f 3012/1/3011 2917/2/2916 2965/3/2964
f 2918/1/2917 3013/2/3012 2965/3/2964
f 3013/1/3012 2918/2/2917 2966/3/2965
f 3014/1/3013 2919/2/2918 2967/3/2966
f 2919/1/2918 3014/2/3013 2966/3/2965
f 3015/1/3014 2920/2/2919 2968/3/2967
f 2920/1/2919 3015/2/3014 2967/3/2966
f 3016/1/3015 2921/2/2920 2969/3/2968
f 2921/1/2920 3016/2/3015 2968/3/2967
f 3017/1/3016 2923/2/2922 2971/3/2970
f 2923/1/2922 3017/2/3016 2969/3/2968
f 2922/1/2921 3007/2/3006 2924/3/2923
f 2924/1/2923 3007/2/3006 2970/3/2969
f 2970/1/2969 3018/2/3017 2971/3/2970
f 2926/1/2925 3019/2/3018 2973/3/2972
f 3019/1/3018 2926/2/2925 2972/3/2971
f 2927/1/2926 3020/2/3019 2974/3/2973
f 3020/1/3019 2927/2/2926 2973/3/2972
f 2928/1/2927 3021/2/3020 2975/3/2974
f 3021/1/3020 2928/2/2927 2974/3/2973
f 2976/1/2975 2975/2/2974 3022/3/3021
f 2975/1/2974 2976/2/2975 2929/3/2928
f 2977/1/2976 2976/2/2975 3023/3/3022
f 2976/1/2975 2977/2/2976 2930/3/2929
f 3024/1/3023 2931/2/2930 2977/3/2976
f 2931/1/2930 3024/2/3023 2978/3/2977
f 3025/1/3024 2932/2/2931 2978/3/2977
f 2932/1/2931 3025/2/3024 2979/3/2978
f 3026/1/3025 2933/2/2932 2979/3/2978
f 2933/1/2932 3026/2/3025 2980/3/2979
f 3027/1/3026 2934/2/2933 2980/3/2979
f 2934/1/2933 3027/2/3026 2981/3/2980
f 3028/1/3027 2982/2/2981 2981/3/2980
f 2982/1/2981 3028/2/3027 3029/3/3028
f 3029/1/3028 2983/2/2982 2982/3/2981
f 2983/1/2982 3029/2/3028 3030/3/3029
f 2983/1/2982 2984/2/2983 2936/3/2935
f 2984/1/2983 2983/2/2982 3031/3/3030
f 2984/1/2983 2986/2/2985 2939/3/2938
f 2986/1/2985 2984/2/2983 3031/3/3030
f 2986/1/2985 3032/2/3031 2985/3/2984
f 3032/1/3031 2986/2/2985 3033/3/3032
f 2985/1/2984 3034/2/3033 2987/3/2986
f 3034/1/3033 2985/2/2984 3032/3/3031
f 2987/1/2986 3035/2/3034 2988/3/2987
f 3035/1/3034 2987/2/2986 3034/3/3033
f 2941/1/2940 3036/2/3035 2989/3/2988
f 3036/1/3035 2941/2/2940 2988/3/2987
f 2942/1/2941 3037/2/3036 2990/3/2989
f 3037/1/3036 2942/2/2941 2989/3/2988
f 2943/1/2942 3038/2/3037 2991/3/2990
f 3038/1/3037 2943/2/2942 2990/3/2989
f 2944/1/2943 3039/2/3038 2992/3/2991
f 3039/1/3038 2944/2/2943 2991/3/2990
f 2945/1/2944 3040/2/3039 2993/3/2992
f 3040/1/3039 2945/2/2944 2992/3/2991
f 2994/1/2993 3041/2/3040 3042/3/3041
f 3041/1/3040 2994/2/2993 2993/3/2992
f 2946/1/2945 3042/2/3041 2995/3/2994
f 2947/1/2946 3043/2/3042 2996/3/2995
f 3043/1/3042 2947/2/2946 2995/3/2994
f 2948/1/2947 3019/2/3018 2972/3/2971
f 3019/1/3018 2948/2/2947 2996/3/2995
f 2950/1/2949 3044/2/3043 2998/3/2997
f 3044/1/3043 2950/2/2949 2997/3/2996
f 2951/1/2950 3045/2/3044 2999/3/2998
f 3045/1/3044 2951/2/2950 2998/3/2997
f 2999/1/2998 3046/2/3045 2952/3/2951
f 2906/1/2905 3000/2/2999 3002/3/3001
f 2952/1/2951 3046/2/3045 3000/3/2999
f 3002/1/3001 3047/2/3046 3001/3/3000
f 3047/1/3046 3002/2/3001 3000/3/2999
f 3048/1/3047 2953/2/2952 3001/3/3000
f 2953/1/2952 3048/2/3047 3003/3/3002
f 3049/1/3048 2956/2/2955 3003/3/3002
f 2956/1/2955 3049/2/3048 3004/3/3003
f 3050/1/3049 2957/2/2956 3004/3/3003
f 2957/1/2956 3050/2/3049 3005/3/3004
f 3051/1/3050 2958/2/2957 3005/3/3004
f 2958/1/2957 3051/2/3050 3006/3/3005
f 3052/1/3051 2959/2/2958 3006/3/3005
f 3007/1/3006 2959/2/2958 3052/3/3051
f 2997/1/2996 3008/2/3007 3044/3/3043
f 3008/1/3007 2997/2/2996 2960/3/2959
f 3008/1/3007 3009/2/3008 3053/3/3052
f 3009/1/3008 3008/2/3007 2961/3/2960
f 3054/1/3053 2962/2/2961 3010/3/3009
f 2962/1/2961 3054/2/3053 3009/3/3008
f 2963/1/2962 3055/2/3054 3010/3/3009
f 3055/1/3054 2963/2/2962 3011/3/3010
f 2964/1/2963 3056/2/3055 3011/3/3010
f 3056/1/3055 2964/2/2963 3012/3/3011
f 2965/1/2964 3057/2/3056 3012/3/3011
f 3057/1/3056 2965/2/2964 3013/3/3012
f 2966/1/2965 3058/2/3057 3013/3/3012
f 3058/1/3057 2966/2/2965 3014/3/3013
f 3059/1/3058 2967/2/2966 3015/3/3014
f 2967/1/2966 3059/2/3058 3014/3/3013
f 3060/1/3059 2968/2/2967 3016/3/3015
f 2968/1/2967 3060/2/3059 3015/3/3014
f 3061/1/3060 2969/2/2968 3017/3/3016
f 2969/1/2968 3061/2/3060 3016/3/3015
f 3017/1/3016 3018/2/3017 3062/3/3061
f 3018/1/3017 3017/2/3016 2971/3/2970
f 2970/1/2969 3063/2/3062 3064/3/3063
f 3063/1/3062 2970/2/2969 3007/3/3006
f 3018/1/3017 3064/2/3063 3065/3/3064
f 3064/1/3063 3018/2/3017 2970/3/2969
f 2973/1/2972 3066/2/3065 3020/3/3019
f 3066/1/3065 2973/2/2972 3019/3/3018
f 2974/1/2973 3067/2/3066 3021/3/3020
f 3067/1/3066 2974/2/2973 3020/3/3019
f 2975/1/2974 3068/2/3067 3022/3/3021
f 3068/1/3067 2975/2/2974 3021/3/3020
f 3023/1/3022 3022/2/3021 3069/3/3068
f 3022/1/3021 3023/2/3022 2976/3/2975
f 3070/1/3069 2977/2/2976 3023/3/3022
f 2977/1/2976 3070/2/3069 3024/3/3023
f 3071/1/3070 2978/2/2977 3024/3/3023
f 2978/1/2977 3071/2/3070 3025/3/3024
f 3072/1/3071 2979/2/2978 3025/3/3024
f 2979/1/2978 3072/2/3071 3026/3/3025
f 3073/1/3072 2980/2/2979 3026/3/3025
f 2980/1/2979 3073/2/3072 3027/3/3026
f 3074/1/3073 2981/2/2980 3027/3/3026
f 2981/1/2980 3074/2/3073 3028/3/3027
f 3075/1/3074 3029/2/3028 3028/3/3027
f 3029/1/3028 3075/2/3074 3076/3/3075
f 3076/1/3075 3030/2/3029 3029/3/3028
f 3030/1/3029 3076/2/3075 3077/3/3076
f 3030/1/3029 3031/2/3030 2983/3/2982
f 3031/1/3030 3030/2/3029 3078/3/3077
f 3031/1/3030 3033/2/3032 2986/3/2985
f 3033/1/3032 3031/2/3030 3078/3/3077
f 3033/1/3032 3079/2/3078 3032/3/3031
f 3079/1/3078 3033/2/3032 3080/3/3079
f 3032/1/3031 3081/2/3080 3034/3/3033
f 3081/1/3080 3032/2/3031 3079/3/3078
f 3034/1/3033 3082/2/3081 3035/3/3034
f 3082/1/3081 3034/2/3033 3081/3/3080
f 2988/1/2987 3083/2/3082 3036/3/3035
f 3083/1/3082 2988/2/2987 3035/3/3034
f 2989/1/2988 3084/2/3083 3037/3/3036
f 3084/1/3083 2989/2/2988 3036/3/3035
f 2990/1/2989 3085/2/3084 3038/3/3037
f 3085/1/3084 2990/2/2989 3037/3/3036
f 2991/1/2990 3086/2/3085 3039/3/3038
f 3086/1/3085 2991/2/2990 3038/3/3037
f 2992/1/2991 3087/2/3086 3040/3/3039
f 3087/1/3086 2992/2/2991 3039/3/3038
f 2993/1/2992 3088/2/3087 3041/3/3040
f 3088/1/3087 2993/2/2992 3040/3/3039
f 3042/1/3041 3089/2/3088 3090/3/3089
f 3089/1/3088 3042/2/3041 3041/3/3040
f 2995/1/2994 3090/2/3089 3043/3/3042
f 3090/1/3089 2995/2/2994 3042/3/3041
f 2996/1/2995 3066/2/3065 3019/3/3018
f 3066/1/3065 2996/2/2995 3043/3/3042
f 2998/1/2997 3091/2/3090 3045/3/3044
f 3091/1/3090 2998/2/2997 3044/3/3043
f 2999/1/2998 3092/2/3091 3093/3/3092
f 3092/1/3091 2999/2/2998 3045/3/3044
f 2999/1/2998 3093/2/3092 3046/3/3045
f 3000/1/2999 3094/2/3093 3047/3/3046
f 3094/1/3093 3000/2/2999 3046/3/3045
f 3001/1/3000 3095/2/3094 3048/3/3047
f 3095/1/3094 3001/2/3000 3047/3/3046
f 3096/1/3095 3003/2/3002 3048/3/3047
f 3003/1/3002 3096/2/3095 3049/3/3048
f 3097/1/3096 3004/2/3003 3049/3/3048
f 3004/1/3003 3097/2/3096 3050/3/3049
f 3098/1/3097 3005/2/3004 3050/3/3049
f 3005/1/3004 3098/2/3097 3051/3/3050
f 3099/1/3098 3006/2/3005 3051/3/3050
f 3006/1/3005 3099/2/3098 3100/3/3099
f 3052/1/3051 3006/2/3005 3100/3/3099
f 3101/1/3100 3007/2/3006 3052/3/3051
f 3007/1/3006 3101/2/3100 3063/3/3062
f 3044/1/3043 3053/2/3052 3091/3/3090
f 3053/1/3052 3044/2/3043 3008/3/3007
f 3053/1/3052 3054/2/3053 3102/3/3101
f 3054/1/3053 3053/2/3052 3009/3/3008
f 3010/1/3009 3103/2/3102 3054/3/3053
f 3103/1/3102 3010/2/3009 3055/3/3054
f 3011/1/3010 3104/2/3103 3055/3/3054
f 3104/1/3103 3011/2/3010 3056/3/3055
f 3012/1/3011 3105/2/3104 3056/3/3055
f 3105/1/3104 3012/2/3011 3057/3/3056
f 3013/1/3012 3106/2/3105 3057/3/3056
f 3106/1/3105 3013/2/3012 3058/3/3057
f 3014/1/3013 3107/2/3106 3058/3/3057
f 3107/1/3106 3014/2/3013 3059/3/3058
f 3108/1/3107 3015/2/3014 3060/3/3059
f 3015/1/3014 3108/2/3107 3059/3/3058
f 3109/1/3108 3016/2/3015 3061/3/3060
f 3016/1/3015 3109/2/3108 3060/3/3059
f 3061/1/3060 3062/2/3061 3110/3/3109
f 3062/1/3061 3061/2/3060 3017/3/3016
f 3062/1/3061 3065/2/3064 3111/3/3110
f 3065/1/3064 3062/2/3061 3018/3/3017
f 3064/1/3063 3112/2/3111 3077/3/3076
f 3112/1/3111 3064/2/3063 3063/3/3062
f 3065/1/3064 3077/2/3076 3076/3/3075
f 3077/1/3076 3065/2/3064 3064/3/3063
f 3020/1/3019 3113/2/3112 3067/3/3066
f 3113/1/3112 3020/2/3019 3066/3/3065
f 3021/1/3020 3114/2/3113 3068/3/3067
f 3114/1/3113 3021/2/3020 3067/3/3066
f 3022/1/3021 3115/2/3114 3069/3/3068
f 3115/1/3114 3022/2/3021 3068/3/3067
f 3116/1/3115 3023/2/3022 3069/3/3068
f 3023/1/3022 3116/2/3115 3070/3/3069
f 3117/1/3116 3024/2/3023 3070/3/3069
f 3024/1/3023 3117/2/3116 3071/3/3070
f 3118/1/3117 3025/2/3024 3071/3/3070
f 3025/1/3024 3118/2/3117 3072/3/3071
f 3119/1/3118 3026/2/3025 3072/3/3071
f 3026/1/3025 3119/2/3118 3073/3/3072
f 3120/1/3119 3027/2/3026 3073/3/3072
f 3027/1/3026 3120/2/3119 3074/3/3073
f 3121/1/3120 3028/2/3027 3074/3/3073
f 3028/1/3027 3121/2/3120 3075/3/3074
f 3111/1/3110 3076/2/3075 3075/3/3074
f 3076/1/3075 3111/2/3110 3065/3/3064
f 3077/1/3076 3078/2/3077 3030/3/3029
f 3078/1/3077 3077/2/3076 3112/3/3111
f 3078/1/3077 3080/2/3079 3033/3/3032
f 3080/1/3079 3078/2/3077 3112/3/3111
f 3080/1/3079 3122/2/3121 3079/3/3078
f 3122/1/3121 3080/2/3079 3101/3/3100
f 3079/1/3078 3123/2/3122 3081/3/3080
f 3123/1/3122 3079/2/3078 3122/3/3121
f 3081/1/3080 3124/2/3123 3082/3/3081
f 3124/1/3123 3081/2/3080 3123/3/3122
f 3035/1/3034 3125/2/3124 3083/3/3082
f 3125/1/3124 3035/2/3034 3082/3/3081
f 3036/1/3035 3126/2/3125 3084/3/3083
f 3126/1/3125 3036/2/3035 3083/3/3082
f 3037/1/3036 3127/2/3126 3085/3/3084
f 3127/1/3126 3037/2/3036 3084/3/3083
f 3038/1/3037 3128/2/3127 3086/3/3085
f 3128/1/3127 3038/2/3037 3085/3/3084
f 3039/1/3038 3129/2/3128 3087/3/3086
f 3129/1/3128 3039/2/3038 3086/3/3085
f 3040/1/3039 3130/2/3129 3088/3/3087
f 3130/1/3129 3040/2/3039 3087/3/3086
f 3041/1/3040 3131/2/3130 3089/3/3088
f 3131/1/3130 3041/2/3040 3088/3/3087
f 3090/1/3089 3132/2/3131 3113/3/3112
f 3132/1/3131 3090/2/3089 3089/3/3088
f 3043/1/3042 3113/2/3112 3066/3/3065
f 3113/1/3112 3043/2/3042 3090/3/3089
f 3045/1/3044 3133/2/3132 3092/3/3091
f 3133/1/3132 3045/2/3044 3091/3/3090
f 3093/1/3092 3134/2/3133 3135/3/3134
f 3134/1/3133 3093/2/3092 3092/3/3091
f 3046/1/3045 3135/2/3134 3094/3/3093
f 3135/1/3134 3046/2/3045 3093/3/3092
f 3047/1/3046 3136/2/3135 3095/3/3094
f 3136/1/3135 3047/2/3046 3094/3/3093
f 3048/1/3047 3137/2/3136 3096/3/3095
f 3137/1/3136 3048/2/3047 3095/3/3094
f 3138/1/3137 3049/2/3048 3096/3/3095
f 3049/1/3048 3138/2/3137 3097/3/3096
f 3139/1/3138 3050/2/3049 3097/3/3096
f 3050/1/3049 3139/2/3138 3098/3/3097
f 3140/1/3139 3051/2/3050 3098/3/3097
f 3051/1/3050 3140/2/3139 3099/3/3098
f 3123/1/3122 3100/2/3099 3099/3/3098
f 3100/1/3099 3123/2/3122 3122/3/3121
f 3122/1/3121 3052/2/3051 3100/3/3099
f 3052/1/3051 3122/2/3121 3101/3/3100
f 3112/1/3111 3101/2/3100 3080/3/3079
f 3101/1/3100 3112/2/3111 3063/3/3062
f 3091/1/3090 3102/2/3101 3133/3/3132
f 3102/1/3101 3091/2/3090 3053/3/3052
f 3054/1/3053 3141/2/3140 3102/3/3101
f 3141/1/3140 3054/2/3053 3103/3/3102
f 3055/1/3054 3142/2/3141 3103/3/3102
f 3142/1/3141 3055/2/3054 3104/3/3103
f 3056/1/3055 3143/2/3142 3104/3/3103
f 3143/1/3142 3056/2/3055 3105/3/3104
f 3057/1/3056 3144/2/3143 3105/3/3104
f 3144/1/3143 3057/2/3056 3106/3/3105
f 3058/1/3057 3145/2/3144 3106/3/3105
f 3145/1/3144 3058/2/3057 3107/3/3106
f 3059/1/3058 3146/2/3145 3107/3/3106
f 3146/1/3145 3059/2/3058 3108/3/3107
f 3147/1/3146 3060/2/3059 3109/3/3108
f 3060/1/3059 3147/2/3146 3108/3/3107
f 3109/1/3108 3110/2/3109 3148/3/3147
f 3110/1/3109 3109/2/3108 3061/3/3060
f 3110/1/3109 3111/2/3110 3149/3/3148
f 3111/1/3110 3110/2/3109 3062/3/3061
f 3067/1/3066 3132/2/3131 3114/3/3113
f 3132/1/3131 3067/2/3066 3113/3/3112
f 3068/1/3067 3150/2/3149 3115/3/3114
f 3150/1/3149 3068/2/3067 3114/3/3113
f 3151/1/3150 3069/2/3068 3115/3/3114
f 3069/1/3068 3151/2/3150 3116/3/3115
f 3152/1/3151 3070/2/3069 3116/3/3115
f 3070/1/3069 3152/2/3151 3117/3/3116
f 3153/1/3152 3071/2/3070 3117/3/3116
f 3071/1/3070 3153/2/3152 3118/3/3117
f 3154/1/3153 3072/2/3071 3118/3/3117
f 3072/1/3071 3154/2/3153 3119/3/3118
f 3155/1/3154 3073/2/3072 3119/3/3118
f 3073/1/3072 3155/2/3154 3120/3/3119
f 3156/1/3155 3074/2/3073 3120/3/3119
f 3074/1/3073 3156/2/3155 3121/3/3120
f 3149/1/3148 3075/2/3074 3121/3/3120
f 3075/1/3074 3149/2/3148 3111/3/3110
f 3124/1/3123 3099/2/3098 3140/3/3139
f 3099/1/3098 3124/2/3123 3123/3/3122
f 3082/1/3081 3157/2/3156 3125/3/3124
f 3157/1/3156 3082/2/3081 3124/3/3123
f 3083/1/3082 3158/2/3157 3126/3/3125
f 3158/1/3157 3083/2/3082 3125/3/3124
f 3084/1/3083 3159/2/3158 3127/3/3126
f 3159/1/3158 3084/2/3083 3126/3/3125
f 3085/1/3084 3160/2/3159 3128/3/3127
f 3160/1/3159 3085/2/3084 3127/3/3126
f 3086/1/3085 3161/2/3160 3129/3/3128
f 3161/1/3160 3086/2/3085 3128/3/3127
f 3087/1/3086 3162/2/3161 3130/3/3129
f 3162/1/3161 3087/2/3086 3129/3/3128
f 3088/1/3087 3163/2/3162 3131/3/3130
f 3163/1/3162 3088/2/3087 3130/3/3129
f 3089/1/3088 3164/2/3163 3132/3/3131
f 3164/1/3163 3089/2/3088 3131/3/3130
f 3092/1/3091 3165/2/3164 3134/3/3133
f 3165/1/3164 3092/2/3091 3133/3/3132
f 3135/1/3134 3166/2/3165 3167/3/3166
f 3166/1/3165 3135/2/3134 3134/3/3133
f 3094/1/3093 3167/2/3166 3136/3/3135
f 3167/1/3166 3094/2/3093 3135/3/3134
f 3095/1/3094 3168/2/3167 3137/3/3136
f 3168/1/3167 3095/2/3094 3136/3/3135
f 3096/1/3095 3169/2/3168 3138/3/3137
f 3169/1/3168 3096/2/3095 3137/3/3136
f 3170/1/3169 3097/2/3096 3138/3/3137
f 3097/1/3096 3170/2/3169 3139/3/3138
f 3140/1/3139 3098/2/3097 3139/3/3138
f 3133/1/3132 3141/2/3140 3165/3/3164
f 3141/1/3140 3133/2/3132 3102/3/3101
f 3103/1/3102 3171/2/3170 3141/3/3140
f 3171/1/3170 3103/2/3102 3142/3/3141
f 3104/1/3103 3172/2/3171 3142/3/3141
f 3172/1/3171 3104/2/3103 3143/3/3142
f 3105/1/3104 3173/2/3172 3143/3/3142
f 3173/1/3172 3105/2/3104 3144/3/3143
f 3106/1/3105 3174/2/3173 3144/3/3143
f 3174/1/3173 3106/2/3105 3145/3/3144
f 3107/1/3106 3175/2/3174 3145/3/3144
f 3175/1/3174 3107/2/3106 3146/3/3145
f 3108/1/3107 3176/2/3175 3146/3/3145
f 3176/1/3175 3108/2/3107 3147/3/3146
f 3147/1/3146 3148/2/3147 3177/3/3176
f 3148/1/3147 3147/2/3146 3109/3/3108
f 3148/1/3147 3149/2/3148 3178/3/3177
f 3149/1/3148 3148/2/3147 3110/3/3109
f 3132/1/3131 3150/2/3149 3114/3/3113
f 3150/1/3149 3132/2/3131 3164/3/3163
f 3179/1/3178 3115/2/3114 3150/3/3149
f 3115/1/3114 3179/2/3178 3151/3/3150
f 3180/1/3179 3116/2/3115 3151/3/3150
f 3116/1/3115 3180/2/3179 3152/3/3151
f 3181/1/3180 3117/2/3116 3152/3/3151
f 3117/1/3116 3181/2/3180 3153/3/3152
f 3182/1/3181 3118/2/3117 3153/3/3152
f 3118/1/3117 3182/2/3181 3154/3/3153
f 3183/1/3182 3119/2/3118 3154/3/3153
f 3119/1/3118 3183/2/3182 3155/3/3154
f 3184/1/3183 3120/2/3119 3155/3/3154
f 3120/1/3119 3184/2/3183 3156/3/3155
f 3178/1/3177 3121/2/3120 3156/3/3155
f 3121/1/3120 3178/2/3177 3149/3/3148
f 3157/1/3156 3140/2/3139 3185/3/3184
f 3140/1/3139 3157/2/3156 3124/3/3123
f 3125/1/3124 3186/2/3185 3158/3/3157
f 3186/1/3185 3125/2/3124 3157/3/3156
f 3126/1/3125 3187/2/3186 3159/3/3158
f 3187/1/3186 3126/2/3125 3158/3/3157
f 3127/1/3126 3188/2/3187 3160/3/3159
f 3188/1/3187 3127/2/3126 3159/3/3158
f 3128/1/3127 3189/2/3188 3161/3/3160
f 3189/1/3188 3128/2/3127 3160/3/3159
f 3129/1/3128 3190/2/3189 3162/3/3161
f 3190/1/3189 3129/2/3128 3161/3/3160
f 3130/1/3129 3191/2/3190 3163/3/3162
f 3191/1/3190 3130/2/3129 3162/3/3161
f 3131/1/3130 3192/2/3191 3164/3/3163
f 3192/1/3191 3131/2/3130 3163/3/3162
f 3134/1/3133 3193/2/3192 3166/3/3165
f 3193/1/3192 3134/2/3133 3165/3/3164
f 3167/1/3166 3194/2/3193 3195/3/3194
f 3194/1/3193 3167/2/3166 3166/3/3165
f 3136/1/3135 3195/2/3194 3168/3/3167
f 3195/1/3194 3136/2/3135 3167/3/3166
f 3137/1/3136 3196/2/3195 3169/3/3168
f 3196/1/3195 3137/2/3136 3168/3/3167
f 3138/1/3137 3197/2/3196 3170/3/3169
f 3197/1/3196 3138/2/3137 3169/3/3168
f 3185/1/3184 3139/2/3138 3170/3/3169
f 3140/1/3139 3139/2/3138 3185/3/3184
f 3165/1/3164 3171/2/3170 3193/3/3192
f 3171/1/3170 3165/2/3164 3141/3/3140
f 3142/1/3141 3198/2/3197 3171/3/3170
f 3198/1/3197 3142/2/3141 3172/3/3171
f 3143/1/3142 3199/2/3198 3172/3/3171
f 3199/1/3198 3143/2/3142 3173/3/3172
f 3144/1/3143 3200/2/3199 3173/3/3172
f 3200/1/3199 3144/2/3143 3174/3/3173
f 3145/1/3144 3201/2/3200 3174/3/3173
f 3201/1/3200 3145/2/3144 3175/3/3174
f 3146/1/3145 3202/2/3201 3175/3/3174
f 3202/1/3201 3146/2/3145 3176/3/3175
f 3176/1/3175 3177/2/3176 3203/3/3202
f 3177/1/3176 3176/2/3175 3147/3/3146
f 3177/1/3176 3178/2/3177 3204/3/3203
f 3178/1/3177 3177/2/3176 3148/3/3147
f 3192/1/3191 3150/2/3149 3164/3/3163
f 3150/1/3149 3192/2/3191 3179/3/3178
f 3205/1/3204 3151/2/3150 3179/3/3178
f 3151/1/3150 3205/2/3204 3180/3/3179
f 3206/1/3205 3152/2/3151 3180/3/3179
f 3152/1/3151 3206/2/3205 3181/3/3180
f 3207/1/3206 3153/2/3152 3181/3/3180
f 3153/1/3152 3207/2/3206 3182/3/3181
f 3208/1/3207 3154/2/3153 3182/3/3181
f 3154/1/3153 3208/2/3207 3183/3/3182
f 3209/1/3208 3155/2/3154 3183/3/3182
f 3155/1/3154 3209/2/3208 3184/3/3183
f 3204/1/3203 3156/2/3155 3184/3/3183
f 3156/1/3155 3204/2/3203 3178/3/3177
f 3186/1/3185 3185/2/3184 3210/3/3209
f 3185/1/3184 3186/2/3185 3157/3/3156
f 3158/1/3157 3211/2/3210 3187/3/3186
f 3211/1/3210 3158/2/3157 3186/3/3185
f 3159/1/3158 3212/2/3211 3188/3/3187
f 3212/1/3211 3159/2/3158 3187/3/3186
f 3160/1/3159 3213/2/3212 3189/3/3188
f 3213/1/3212 3160/2/3159 3188/3/3187
f 3161/1/3160 3214/2/3213 3190/3/3189
f 3214/1/3213 3161/2/3160 3189/3/3188
f 3162/1/3161 3215/2/3214 3191/3/3190
f 3215/1/3214 3162/2/3161 3190/3/3189
f 3163/1/3162 3216/2/3215 3192/3/3191
f 3216/1/3215 3163/2/3162 3191/3/3190
f 3166/1/3165 3217/2/3216 3194/3/3193
f 3217/1/3216 3166/2/3165 3193/3/3192
f 3195/1/3194 3218/2/3217 3219/3/3218
f 3218/1/3217 3195/2/3194 3194/3/3193
f 3168/1/3167 3219/2/3218 3196/3/3195
f 3219/1/3218 3168/2/3167 3195/3/3194
f 3169/1/3168 3220/2/3219 3197/3/3196
f 3220/1/3219 3169/2/3168 3196/3/3195
f 3197/1/3196 3210/2/3209 3170/3/3169
f 3185/1/3184 3170/2/3169 3210/3/3209
f 3193/1/3192 3198/2/3197 3217/3/3216
f 3198/1/3197 3193/2/3192 3171/3/3170
f 3172/1/3171 3221/2/3220 3198/3/3197
f 3221/1/3220 3172/2/3171 3199/3/3198
f 3173/1/3172 3222/2/3221 3199/3/3198
f 3222/1/3221 3173/2/3172 3200/3/3199
f 3174/1/3173 3223/2/3222 3200/3/3199
f 3223/1/3222 3174/2/3173 3201/3/3200
f 3175/1/3174 3224/2/3223 3201/3/3200
f 3224/1/3223 3175/2/3174 3202/3/3201
f 3202/1/3201 3203/2/3202 3225/3/3224
f 3203/1/3202 3202/2/3201 3176/3/3175
f 3177/1/3176 3226/2/3225 3203/3/3202
f 3226/1/3225 3177/2/3176 3204/3/3203
f 3216/1/3215 3179/2/3178 3192/3/3191
f 3179/1/3178 3216/2/3215 3205/3/3204
f 3227/1/3226 3180/2/3179 3205/3/3204
f 3180/1/3179 3227/2/3226 3206/3/3205
f 3228/1/3227 3181/2/3180 3206/3/3205
f 3181/1/3180 3228/2/3227 3207/3/3206
f 3229/1/3228 3182/2/3181 3207/3/3206
f 3182/1/3181 3229/2/3228 3208/3/3207
f 3230/1/3229 3183/2/3182 3208/3/3207
f 3183/1/3182 3230/2/3229 3209/3/3208
f 3226/1/3225 3184/2/3183 3209/3/3208
f 3184/1/3183 3226/2/3225 3204/3/3203
f 3186/1/3185 3231/2/3230 3211/3/3210
f 3231/1/3230 3186/2/3185 3210/3/3209
f 3187/1/3186 3232/2/3231 3212/3/3211
f 3232/1/3231 3187/2/3186 3211/3/3210
f 3188/1/3187 3233/2/3232 3213/3/3212
f 3233/1/3232 3188/2/3187 3212/3/3211
f 3189/1/3188 3234/2/3233 3214/3/3213
f 3234/1/3233 3189/2/3188 3213/3/3212
f 3190/1/3189 3235/2/3234 3215/3/3214
f 3235/1/3234 3190/2/3189 3214/3/3213
f 3191/1/3190 3236/2/3235 3216/3/3215
f 3236/1/3235 3191/2/3190 3215/3/3214
f 3194/1/3193 3237/2/3236 3218/3/3217
f 3237/1/3236 3194/2/3193 3217/3/3216
f 3219/1/3218 3238/2/3237 3239/3/3238
f 3238/1/3237 3219/2/3218 3218/3/3217
f 3196/1/3195 3239/2/3238 3220/3/3219
f 3239/1/3238 3196/2/3195 3219/3/3218
f 3197/1/3196 3240/2/3239 3241/3/3240
f 3240/1/3239 3197/2/3196 3220/3/3219
f 3197/1/3196 3241/2/3240 3210/3/3209
f 3217/1/3216 3221/2/3220 3237/3/3236
f 3221/1/3220 3217/2/3216 3198/3/3197
f 3199/1/3198 3242/2/3241 3221/3/3220
f 3242/1/3241 3199/2/3198 3222/3/3221
f 3200/1/3199 3243/2/3242 3222/3/3221
f 3243/1/3242 3200/2/3199 3223/3/3222
f 3201/1/3200 3244/2/3243 3223/3/3222
f 3244/1/3243 3201/2/3200 3224/3/3223
f 3224/1/3223 3225/2/3224 3245/3/3244
f 3225/1/3224 3224/2/3223 3202/3/3201
f 3203/1/3202 3246/2/3245 3225/3/3224
f 3246/1/3245 3203/2/3202 3226/3/3225
f 3236/1/3235 3205/2/3204 3216/3/3215
f 3205/1/3204 3236/2/3235 3227/3/3226
f 3247/1/3246 3206/2/3205 3227/3/3226
f 3206/1/3205 3247/2/3246 3228/3/3227
f 3248/1/3247 3207/2/3206 3228/3/3227
f 3207/1/3206 3248/2/3247 3229/3/3228
f 3249/1/3248 3208/2/3207 3229/3/3228
f 3208/1/3207 3249/2/3248 3230/3/3229
f 3246/1/3245 3209/2/3208 3230/3/3229
f 3209/1/3208 3246/2/3245 3226/3/3225
f 3211/1/3210 3250/2/3249 3232/3/3231
f 3250/1/3249 3211/2/3210 3231/3/3230
f 3212/1/3211 3251/2/3250 3233/3/3232
f 3251/1/3250 3212/2/3211 3232/3/3231
f 3213/1/3212 3252/2/3251 3234/3/3233
f 3252/1/3251 3213/2/3212 3233/3/3232
f 3214/1/3213 3253/2/3252 3235/3/3234
f 3253/1/3252 3214/2/3213 3234/3/3233
f 3215/1/3214 3254/2/3253 3236/3/3235
f 3254/1/3253 3215/2/3214 3235/3/3234
f 3218/1/3217 3255/2/3254 3238/3/3237
f 3255/1/3254 3218/2/3217 3237/3/3236
f 3239/1/3238 3256/2/3255 3257/3/3256
f 3256/1/3255 3239/2/3238 3238/3/3237
f 3220/1/3219 3257/2/3256 3240/3/3239
f 3257/1/3256 3220/2/3219 3239/3/3238
f 3237/1/3236 3242/2/3241 3255/3/3254
f 3242/1/3241 3237/2/3236 3221/3/3220
f 3222/1/3221 3258/2/3257 3242/3/3241
f 3258/1/3257 3222/2/3221 3243/3/3242
f 3223/1/3222 3259/2/3258 3243/3/3242
f 3259/1/3258 3223/2/3222 3244/3/3243
f 3244/1/3243 3245/2/3244 3260/3/3259
f 3245/1/3244 3244/2/3243 3224/3/3223
f 3225/1/3224 3261/2/3260 3245/3/3244
f 3261/1/3260 3225/2/3224 3246/3/3245
f 3254/1/3253 3227/2/3226 3236/3/3235
f 3227/1/3226 3254/2/3253 3247/3/3246
f 3262/1/3261 3228/2/3227 3247/3/3246
f 3228/1/3227 3262/2/3261 3248/3/3247
f 3263/1/3262 3229/2/3228 3248/3/3247
f 3229/1/3228 3263/2/3262 3249/3/3248
f 3261/1/3260 3230/2/3229 3249/3/3248
f 3230/1/3229 3261/2/3260 3246/3/3245
f 3232/1/3231 3264/2/3263 3251/3/3250
f 3264/1/3263 3232/2/3231 3250/3/3249
f 3233/1/3232 3265/2/3264 3252/3/3251
f 3265/1/3264 3233/2/3232 3251/3/3250
f 3234/1/3233 3266/2/3265 3253/3/3252
f 3266/1/3265 3234/2/3233 3252/3/3251
f 3235/1/3234 3267/2/3266 3254/3/3253
f 3267/1/3266 3235/2/3234 3253/3/3252
f 3238/1/3237 3268/2/3267 3256/3/3255
f 3268/1/3267 3238/2/3237 3255/3/3254
f 3257/1/3256 3269/2/3268 3270/3/3269
f 3269/1/3268 3257/2/3256 3256/3/3255
f 3240/1/3239 3270/2/3269 3271/3/3270
f 3270/1/3269 3240/2/3239 3257/3/3256
f 3255/1/3254 3258/2/3257 3268/3/3267
f 3258/1/3257 3255/2/3254 3242/3/3241
f 3243/1/3242 3272/2/3271 3258/3/3257
f 3272/1/3271 3243/2/3242 3259/3/3258
f 3259/1/3258 3260/2/3259 3273/3/3272
f 3260/1/3259 3259/2/3258 3244/3/3243
f 3245/1/3244 3274/2/3273 3260/3/3259
f 3274/1/3273 3245/2/3244 3261/3/3260
f 3267/1/3266 3247/2/3246 3254/3/3253
f 3247/1/3246 3267/2/3266 3262/3/3261
f 3275/1/3274 3248/2/3247 3262/3/3261
f 3248/1/3247 3275/2/3274 3263/3/3262
f 3274/1/3273 3249/2/3248 3263/3/3262
f 3249/1/3248 3274/2/3273 3261/3/3260
f 3270/1/3269 3264/2/3263 3250/3/3249
f 3251/1/3250 3276/2/3275 3265/3/3264
f 3276/1/3275 3251/2/3250 3264/3/3263
f 3252/1/3251 3277/2/3276 3266/3/3265
f 3277/1/3276 3252/2/3251 3265/3/3264
f 3253/1/3252 3278/2/3277 3267/3/3266
f 3278/1/3277 3253/2/3252 3266/3/3265
f 3256/1/3255 3279/2/3278 3269/3/3268
f 3279/1/3278 3256/2/3255 3268/3/3267
f 3264/1/3263 3269/2/3268 3276/3/3275
f 3269/1/3268 3264/2/3263 3270/3/3269
f 3240/1/3239 3271/2/3270 3280/3/3279
f 3268/1/3267 3272/2/3271 3279/3/3278
f 3272/1/3271 3268/2/3267 3258/3/3257
f 3272/1/3271 3273/2/3272 3281/3/3280
f 3273/1/3272 3272/2/3271 3259/3/3258
f 3260/1/3259 3282/2/3281 3273/3/3272
f 3282/1/3281 3260/2/3259 3274/3/3273
f 3278/1/3277 3262/2/3261 3267/3/3266
f 3262/1/3261 3278/2/3277 3275/3/3274
f 3282/1/3281 3263/2/3262 3275/3/3274
f 3263/1/3262 3282/2/3281 3274/3/3273
f 3265/1/3264 3283/2/3282 3277/3/3276
f 3283/1/3282 3265/2/3264 3276/3/3275
f 3266/1/3265 3284/2/3283 3278/3/3277
f 3284/1/3283 3266/2/3265 3277/3/3276
f 3276/1/3275 3279/2/3278 3283/3/3282
f 3279/1/3278 3276/2/3275 3269/3/3268
f 3283/1/3282 3272/2/3271 3281/3/3280
f 3272/1/3271 3283/2/3282 3279/3/3278
f 3273/1/3272 3284/2/3283 3281/3/3280
f 3284/1/3283 3273/2/3272 3282/3/3281
f 3284/1/3283 3275/2/3274 3278/3/3277
f 3275/1/3274 3284/2/3283 3282/3/3281
f 3277/1/3276 3281/2/3280 3284/3/3283
f 3281/1/3280 3277/2/3276 3283/3/3282
