# Blender 5.2.0 LTS
# www.blender.org
o Body_Bottom
v -0.099069 0.337399 0.063244
v -0.102990 0.339718 0.046923
v -0.107100 0.337399 0.064424
v -0.107100 0.333631 0.079617
v -0.099160 0.339718 0.045150
v -0.107100 0.339718 0.047528
v -0.095523 0.333631 0.077919
v -0.118676 0.333631 0.077919
v -0.091586 0.337399 0.059782
v -0.107100 0.340501 0.029774
v -0.115130 0.337399 0.063244
v -0.107100 0.328556 0.092327
v -0.095872 0.339718 0.042328
v -0.111209 0.339718 0.046923
v -0.092525 0.328556 0.090195
v -0.084735 0.333631 0.072940
v -0.121675 0.328556 0.090195
v -0.129464 0.333631 0.072940
v -0.085160 0.337399 0.054275
v -0.093349 0.339718 0.038651
v -0.115039 0.339718 0.045150
v -0.107100 0.322359 0.101935
v -0.122613 0.337399 0.059782
v -0.091763 0.339718 0.034369
v -0.118327 0.339718 0.042328
v -0.090212 0.322359 0.099476
v -0.078943 0.328556 0.083946
v -0.075472 0.333631 0.065018
v -0.135256 0.328556 0.083946
v -0.123987 0.322359 0.099476
v -0.129040 0.337399 0.054275
v -0.080229 0.337399 0.047099
v -0.091221 0.339718 0.029774
v -0.120851 0.339718 0.038651
v -0.107100 0.315259 0.108111
v -0.067280 0.328556 0.074005
v -0.146919 0.328556 0.074005
v -0.125537 0.315259 0.105441
v -0.138728 0.333631 0.065018
v -0.077129 0.337399 0.038742
v -0.076072 0.337399 0.029774
v -0.091763 0.339718 0.025178
v -0.133970 0.337399 0.047099
v -0.122437 0.339718 0.034369
v -0.088662 0.315259 0.105441
v -0.074476 0.322359 0.092267
v -0.068363 0.333631 0.054695
v -0.153237 0.322359 0.080799
v -0.139724 0.322359 0.092267
v -0.145836 0.333631 0.054695
v -0.093349 0.339718 0.020896
v -0.137070 0.337399 0.038742
v -0.122978 0.339718 0.029774
v -0.107100 0.307494 0.110902
v -0.126331 0.307494 0.108137
v -0.060962 0.322359 0.080799
v -0.058331 0.328556 0.061050
v -0.155869 0.328556 0.061050
v -0.163606 0.322359 0.065854
v -0.142718 0.315259 0.097616
v -0.063895 0.333631 0.042674
v -0.062371 0.333631 0.029774
v -0.077129 0.337399 0.020805
v -0.095872 0.339718 0.017219
v -0.150304 0.333631 0.042674
v -0.138127 0.337399 0.029774
v -0.122437 0.339718 0.025178
v -0.087868 0.307494 0.108137
v -0.071481 0.315259 0.097616
v -0.168793 0.315259 0.068942
v -0.157472 0.315259 0.085166
v -0.161494 0.328556 0.045963
v -0.080229 0.337399 0.012448
v -0.099160 0.339718 0.014398
v -0.151828 0.333631 0.029774
v -0.120851 0.339718 0.020896
v -0.087739 0.299304 0.107990
v -0.107100 0.299304 0.110749
v -0.144252 0.307494 0.100033
v -0.056727 0.315259 0.085166
v -0.050593 0.322359 0.065854
v -0.052705 0.328556 0.045963
v -0.170125 0.322359 0.048450
v -0.175910 0.315259 0.050049
v -0.063895 0.333631 0.016873
v -0.085160 0.337399 0.005272
v -0.102990 0.339718 0.012624
v -0.163413 0.328556 0.029774
v -0.137070 0.337399 0.020805
v -0.118327 0.339718 0.017219
v -0.069698 0.299304 0.099901
v -0.069947 0.307494 0.100033
v -0.126460 0.299304 0.107990
v -0.144501 0.299304 0.099901
v -0.171449 0.307494 0.070338
v -0.159641 0.307494 0.087140
v -0.172348 0.322359 0.029774
v -0.050786 0.328556 0.029774
v -0.052705 0.328556 0.013584
v -0.068363 0.333631 0.004852
v -0.091586 0.337399 -0.000235
v -0.107100 0.339718 0.012019
v -0.150304 0.333631 0.016873
v -0.133970 0.337399 0.012448
v -0.129040 0.337399 0.005272
v -0.115039 0.339718 0.014398
v -0.088114 0.290911 0.105725
v -0.126086 0.290911 0.105725
v -0.159993 0.299304 0.087032
v -0.054559 0.307494 0.087140
v -0.045406 0.315259 0.068942
v -0.044075 0.322359 0.048450
v -0.178337 0.315259 0.029774
v -0.178872 0.307494 0.050771
v -0.041852 0.322359 0.029774
v -0.058331 0.328556 -0.001503
v -0.075472 0.333631 -0.005471
v -0.099069 0.337399 -0.003697
v -0.111209 0.339718 0.012624
v -0.161494 0.328556 0.013584
v -0.122613 0.337399 -0.000235
v -0.107100 0.290911 0.108404
v -0.070422 0.290911 0.097870
v -0.054206 0.299304 0.087032
v -0.158970 0.290911 0.085374
v -0.181404 0.307494 0.029774
v -0.171881 0.299304 0.070261
v -0.179354 0.299304 0.050732
v -0.170125 0.322359 0.011097
v -0.044075 0.322359 0.011097
v -0.084735 0.333631 -0.013392
v -0.107100 0.337399 -0.004877
v -0.145836 0.333631 0.004852
v -0.138728 0.333631 -0.005471
v -0.129464 0.333631 -0.013392
v -0.115130 0.337399 -0.003697
v -0.088795 0.282510 0.102217
v -0.071738 0.282510 0.094725
v -0.143778 0.290911 0.097870
v -0.125404 0.282510 0.102217
v -0.170628 0.290911 0.069089
v -0.042750 0.307494 0.070338
v -0.038289 0.315259 0.050049
v -0.035862 0.315259 0.029774
v -0.175910 0.315259 0.009498
v -0.181903 0.299304 0.029774
v -0.050593 0.322359 -0.006307
v -0.067280 0.328556 -0.014458
v -0.095523 0.333631 -0.018372
v -0.155869 0.328556 -0.001503
v -0.118676 0.333631 -0.018372
v -0.107100 0.282510 0.104773
v -0.057091 0.282510 0.082806
v -0.055229 0.290911 0.085374
v -0.168348 0.282510 0.067273
v -0.157109 0.282510 0.082806
v -0.042318 0.299304 0.070261
v -0.178872 0.307494 0.008776
v -0.177956 0.290911 0.050125
v -0.163606 0.322359 -0.006307
v -0.038289 0.315259 0.009498
v -0.045406 0.315259 -0.009395
v -0.078943 0.328556 -0.024399
v -0.092525 0.328556 -0.030648
v -0.107100 0.333631 -0.020070
v -0.146919 0.328556 -0.014458
v -0.135256 0.328556 -0.024399
v -0.121675 0.328556 -0.030648
v -0.107100 0.274256 0.100734
v -0.089588 0.274256 0.098316
v -0.073270 0.274256 0.091227
v -0.142462 0.282510 0.094725
v -0.124611 0.274256 0.098316
v -0.175413 0.282510 0.049185
v -0.035327 0.307494 0.050771
v -0.032795 0.307494 0.029774
v -0.168793 0.315259 -0.009395
v -0.179354 0.299304 0.008816
v -0.180455 0.290911 0.029774
v -0.035327 0.307494 0.008776
v -0.060962 0.322359 -0.021252
v -0.074476 0.322359 -0.032720
v -0.153237 0.322359 -0.021252
v -0.107100 0.328556 -0.032779
v -0.059257 0.274256 0.079950
v -0.045851 0.282510 0.067273
v -0.043571 0.290911 0.069089
v -0.165694 0.274256 0.065254
v -0.172453 0.274256 0.048140
v -0.140929 0.274256 0.091227
v -0.034846 0.299304 0.050732
v -0.171449 0.307494 -0.010790
v -0.177956 0.290911 0.009422
v -0.056727 0.315259 -0.025619
v -0.090212 0.322359 -0.039929
v -0.139724 0.322359 -0.032720
v -0.123987 0.322359 -0.039929
v -0.107100 0.322359 -0.042388
v -0.107100 0.266263 0.096994
v -0.123866 0.266263 0.094703
v -0.074709 0.266263 0.087988
v -0.036243 0.290911 0.050125
v -0.154942 0.274256 0.079950
v -0.174759 0.274256 0.029774
v -0.034846 0.299304 0.008816
v -0.157472 0.315259 -0.025619
v -0.171881 0.299304 -0.010714
v -0.170628 0.290911 -0.009542
v -0.175413 0.282510 0.010362
v -0.177823 0.282510 0.029774
v -0.042750 0.307494 -0.010790
v -0.071481 0.315259 -0.038068
v -0.142718 0.315259 -0.038068
v -0.090333 0.266263 0.094703
v -0.061292 0.266263 0.077305
v -0.048505 0.274256 0.065254
v -0.163202 0.266263 0.063384
v -0.171881 0.266263 0.029774
v -0.152907 0.266263 0.077305
v -0.033744 0.290911 0.029774
v -0.032297 0.299304 0.029774
v -0.159641 0.307494 -0.027593
v -0.159993 0.299304 -0.027485
v -0.168348 0.282510 -0.007726
v -0.054559 0.307494 -0.027593
v -0.088662 0.315259 -0.045894
v -0.125537 0.315259 -0.045894
v -0.090928 0.258606 0.091797
v -0.107100 0.258606 0.093985
v -0.139490 0.266263 0.087988
v -0.075858 0.258606 0.085382
v -0.062918 0.258606 0.075178
v -0.038786 0.282510 0.049185
v -0.169674 0.266263 0.047172
v -0.169674 0.266263 0.012376
v -0.036376 0.282510 0.029774
v -0.042318 0.299304 -0.010714
v -0.036243 0.290911 0.009422
v -0.144252 0.307494 -0.040485
v -0.157109 0.282510 -0.023259
v -0.172453 0.274256 0.011408
v -0.069947 0.307494 -0.040485
v -0.107100 0.315259 -0.048564
v -0.123271 0.258606 0.091797
v -0.138341 0.258606 0.085382
v -0.050997 0.266263 0.063384
v -0.041746 0.274256 0.048140
v -0.151281 0.258606 0.075178
v -0.167453 0.258606 0.046393
v -0.169582 0.258606 0.029774
v -0.038786 0.282510 0.010362
v -0.144501 0.299304 -0.040353
v -0.158970 0.290911 -0.025827
v -0.165694 0.274256 -0.005707
v -0.054206 0.299304 -0.027485
v -0.087868 0.307494 -0.048590
v -0.107100 0.307494 -0.051355
v -0.091346 0.251334 0.089702
v -0.122853 0.251334 0.089702
v -0.076666 0.251334 0.083504
v -0.052988 0.258606 0.061879
v -0.161211 0.258606 0.061879
v -0.167453 0.258606 0.013155
v -0.041746 0.274256 0.011408
v -0.043571 0.290911 -0.009542
v -0.126460 0.299304 -0.048443
v -0.154942 0.274256 -0.020403
v -0.143778 0.290911 -0.038323
v -0.126331 0.307494 -0.048590
v -0.069698 0.299304 -0.040353
v -0.107100 0.251334 0.091816
v -0.137534 0.251334 0.083504
v -0.064059 0.251334 0.073645
v -0.044525 0.266263 0.047172
v -0.039440 0.274256 0.029774
v -0.159813 0.251334 0.060795
v -0.167968 0.251334 0.029774
v -0.161211 0.258606 -0.002332
v -0.165894 0.251334 0.013716
v -0.163202 0.266263 -0.003837
v -0.045851 0.282510 -0.007726
v -0.126086 0.290911 -0.046178
v -0.140929 0.274256 -0.031680
v -0.152907 0.266263 -0.017758
v -0.142462 0.282510 -0.035178
v -0.055229 0.290911 -0.025827
v -0.087739 0.299304 -0.048443
v -0.107100 0.299304 -0.051202
v -0.107100 0.244482 0.090269
v -0.077232 0.244482 0.082164
v -0.122560 0.244482 0.088208
v -0.054386 0.251334 0.060795
v -0.046746 0.258606 0.046393
v -0.042318 0.266263 0.029774
v -0.150140 0.251334 0.073645
v -0.165894 0.251334 0.045832
v -0.048505 0.274256 -0.005707
v -0.107100 0.290911 -0.048857
v -0.139490 0.266263 -0.028441
v -0.070422 0.290911 -0.038323
v -0.091639 0.244482 0.088208
v -0.136967 0.244482 0.082164
v -0.064861 0.244482 0.072551
v -0.055368 0.244482 0.060021
v -0.044617 0.258606 0.029774
v -0.149338 0.244482 0.072551
v -0.164799 0.244482 0.045431
v -0.166834 0.244482 0.029774
v -0.159813 0.251334 -0.001248
v -0.050997 0.266263 -0.003837
v -0.059257 0.274256 -0.020403
v -0.044525 0.266263 0.012376
v -0.107100 0.282510 -0.045226
v -0.123866 0.266263 -0.035156
v -0.124611 0.274256 -0.038769
v -0.138341 0.258606 -0.025835
v -0.125404 0.282510 -0.042670
v -0.057091 0.282510 -0.023259
v -0.088114 0.290911 -0.046178
v -0.091933 0.238081 0.086822
v -0.077801 0.238081 0.080922
v -0.107100 0.238081 0.088834
v -0.136398 0.238081 0.080922
v -0.048306 0.251334 0.045832
v -0.158831 0.244482 0.060021
v -0.164799 0.244482 0.014116
v -0.151281 0.258606 -0.015630
v -0.150140 0.251334 -0.014097
v -0.158831 0.244482 -0.000474
v -0.061292 0.266263 -0.017758
v -0.088795 0.282510 -0.042670
v -0.122266 0.238081 0.086822
v -0.148534 0.238081 0.071536
v -0.065665 0.238081 0.071536
v -0.049400 0.244482 0.045431
v -0.046232 0.251334 0.029774
v -0.046746 0.258606 0.013155
v -0.163700 0.238081 0.045060
v -0.165697 0.238081 0.029774
v -0.149338 0.244482 -0.013003
v -0.052988 0.258606 -0.002332
v -0.062918 0.258606 -0.015630
v -0.073270 0.274256 -0.031680
v -0.107100 0.274256 -0.041187
v -0.089588 0.274256 -0.038769
v -0.123271 0.258606 -0.032249
v -0.137534 0.251334 -0.023957
v -0.071738 0.282510 -0.035178
v -0.092402 0.232175 0.084879
v -0.078705 0.232175 0.079180
v -0.107100 0.232175 0.086823
v -0.147256 0.232175 0.070114
v -0.121798 0.232175 0.084879
v -0.066943 0.232175 0.070114
v -0.056353 0.238081 0.059304
v -0.050499 0.238081 0.045060
v -0.047365 0.244482 0.029774
v -0.048306 0.251334 0.013716
v -0.157846 0.238081 0.059304
v -0.163700 0.238081 0.014488
v -0.136967 0.244482 -0.022617
v -0.157846 0.238081 0.000243
v -0.074709 0.266263 -0.028441
v -0.107100 0.258606 -0.034437
v -0.122853 0.251334 -0.030155
v -0.107100 0.266263 -0.037447
v -0.156281 0.232175 0.058299
v -0.135495 0.232175 0.079180
v -0.048502 0.238081 0.029774
v -0.049400 0.244482 0.014116
v -0.163890 0.232175 0.029774
v -0.161955 0.232175 0.015008
v -0.136398 0.238081 -0.021375
v -0.148534 0.238081 -0.011989
v -0.064059 0.251334 -0.014097
v -0.075858 0.258606 -0.025835
v -0.090333 0.266263 -0.035156
v -0.107100 0.251334 -0.032269
v -0.122560 0.244482 -0.028661
v -0.107100 0.226818 0.083541
v -0.080281 0.226818 0.076338
v -0.153551 0.226818 0.056657
v -0.145027 0.226818 0.067793
v -0.120982 0.226818 0.081709
v -0.057918 0.232175 0.058299
v -0.050310 0.232175 0.029774
v -0.054386 0.251334 -0.001248
v -0.161955 0.232175 0.044539
v -0.122266 0.238081 -0.027275
v -0.147256 0.232175 -0.010567
v -0.090928 0.258606 -0.032249
v -0.091346 0.251334 -0.030155
v -0.107100 0.244482 -0.030722
v -0.093217 0.226818 0.081709
v -0.069172 0.226818 0.067793
v -0.133919 0.226818 0.076338
v -0.060648 0.226818 0.056657
v -0.052245 0.232175 0.044539
v -0.052245 0.232175 0.015008
v -0.050499 0.238081 0.014488
v -0.055368 0.244482 -0.000474
v -0.158910 0.226818 0.043690
v -0.160738 0.226818 0.029774
v -0.156281 0.232175 0.001249
v -0.121798 0.232175 -0.025332
v -0.064861 0.244482 -0.013003
v -0.076666 0.251334 -0.023957
v -0.091639 0.244482 -0.028661
v -0.107100 0.238081 -0.029287
v -0.107100 0.222083 0.078480
v -0.094508 0.222083 0.076821
v -0.082774 0.222083 0.071955
v -0.149233 0.222083 0.054127
v -0.141501 0.222083 0.064215
v -0.119692 0.222083 0.076821
v -0.053462 0.226818 0.029774
v -0.158910 0.226818 0.015858
v -0.153551 0.226818 0.002890
v -0.135495 0.232175 -0.019633
v -0.107100 0.232175 -0.027276
v -0.077232 0.244482 -0.022617
v -0.091933 0.238081 -0.027275
v -0.072698 0.222083 0.064215
v -0.154093 0.222083 0.042380
v -0.131425 0.222083 0.071955
v -0.055290 0.226818 0.043690
v -0.056353 0.238081 0.000243
v -0.055290 0.226818 0.015858
v -0.155751 0.222083 0.029774
v -0.133919 0.226818 -0.016791
v -0.120982 0.226818 -0.022162
v -0.107100 0.226818 -0.023994
v -0.145027 0.226818 -0.008246
v -0.092402 0.232175 -0.025332
v -0.107100 0.218049 0.071457
v -0.096316 0.218049 0.070037
v -0.077638 0.218049 0.059249
v -0.064967 0.222083 0.054127
v -0.143182 0.218049 0.050616
v -0.147345 0.218049 0.040562
v -0.127932 0.218049 0.065873
v -0.117883 0.218049 0.070037
v -0.060107 0.222083 0.042380
v -0.057918 0.232175 0.001249
v -0.060107 0.222083 0.017167
v -0.058449 0.222083 0.029774
v -0.065665 0.238081 -0.011989
v -0.154093 0.222083 0.017167
v -0.093217 0.226818 -0.022162
v -0.149233 0.222083 0.005420
v -0.077801 0.238081 -0.021375
v -0.078705 0.232175 -0.019633
v -0.086267 0.218049 0.065873
v -0.136561 0.218049 0.059249
v -0.060648 0.226818 0.002890
v -0.147345 0.218049 0.018985
v -0.131425 0.222083 -0.012408
v -0.119692 0.222083 -0.017274
v -0.107100 0.222083 -0.018933
v -0.094508 0.222083 -0.017274
v -0.141501 0.222083 -0.004667
v -0.080281 0.226818 -0.016791
v -0.107100 0.214802 0.062634
v -0.098596 0.214802 0.061514
v -0.090672 0.214802 0.058232
v -0.071017 0.218049 0.050616
v -0.130332 0.214802 0.053010
v -0.135554 0.214802 0.046204
v -0.148764 0.218049 0.029774
v -0.115603 0.214802 0.061514
v -0.066855 0.218049 0.040562
v -0.066943 0.232175 -0.010567
v -0.064967 0.222083 0.005420
v -0.066855 0.218049 0.018985
v -0.143182 0.218049 0.008932
v -0.082774 0.222083 -0.012408
v -0.136561 0.218049 0.000299
v -0.069172 0.226818 -0.008246
v -0.083867 0.214802 0.053010
v -0.138836 0.214802 0.038279
v -0.123528 0.214802 0.058232
v -0.065435 0.218049 0.029774
v -0.135554 0.214802 0.013343
v -0.138836 0.214802 0.021269
v -0.127932 0.218049 -0.006326
v -0.107100 0.218049 -0.011910
v -0.096316 0.218049 -0.010490
v -0.107100 0.212419 0.052418
v -0.101239 0.212419 0.051646
v -0.091088 0.212419 0.045785
v -0.078646 0.214802 0.046204
v -0.126709 0.212419 0.041096
v -0.128972 0.212419 0.035634
v -0.139956 0.214802 0.029774
v -0.123111 0.212419 0.045785
v -0.112960 0.212419 0.051646
v -0.075363 0.214802 0.038279
v -0.071017 0.218049 0.008932
v -0.072698 0.222083 -0.004667
v -0.074244 0.214802 0.029774
v -0.130332 0.214802 0.006538
v -0.117883 0.218049 -0.010490
v -0.086267 0.218049 -0.006326
v -0.123528 0.214802 0.001316
v -0.095778 0.212419 0.049384
v -0.087490 0.212419 0.041096
v -0.118421 0.212419 0.049384
v -0.078646 0.214802 0.013343
v -0.075363 0.214802 0.021269
v -0.123111 0.212419 0.013762
v -0.126709 0.212419 0.018452
v -0.129743 0.212419 0.029774
v -0.115603 0.214802 -0.001967
v -0.098596 0.214802 -0.001967
v -0.077638 0.218049 0.000299
v -0.090672 0.214802 0.001316
v -0.107100 0.210961 0.041307
v -0.104115 0.210961 0.040914
v -0.101333 0.210961 0.039762
v -0.097112 0.210961 0.035540
v -0.085228 0.212419 0.035634
v -0.117088 0.210961 0.035540
v -0.118240 0.210961 0.032759
v -0.115255 0.210961 0.037929
v -0.110085 0.210961 0.040914
v -0.084456 0.212419 0.029774
v -0.083867 0.214802 0.006538
v -0.118421 0.212419 0.010163
v -0.128972 0.212419 0.023913
v -0.107100 0.214802 -0.003087
v -0.112960 0.212419 0.007901
v -0.098945 0.210961 0.037929
v -0.112866 0.210961 0.039762
v -0.085228 0.212419 0.023913
v -0.087490 0.212419 0.018452
v -0.117088 0.210961 0.024007
v -0.115255 0.210961 0.021618
v -0.118633 0.210961 0.029774
v -0.107100 0.212419 0.007129
v -0.101239 0.212419 0.007901
v -0.091088 0.212419 0.013762
v -0.107100 0.210471 0.029774
v -0.095959 0.210961 0.032759
v -0.095959 0.210961 0.026789
v -0.110085 0.210961 0.018633
v -0.112866 0.210961 0.019786
v -0.118240 0.210961 0.026789
v -0.095778 0.212419 0.010163
v -0.095567 0.210961 0.029774
v -0.098945 0.210961 0.021618
v -0.107100 0.210961 0.018241
v -0.101333 0.210961 0.019786
v -0.097112 0.210961 0.024007
v -0.104115 0.210961 0.018633
v 0.119302 0.337399 0.064424
v 0.115192 0.339718 0.046923
v 0.111272 0.337399 0.063244
v 0.119302 0.333631 0.079617
v 0.111363 0.339718 0.045150
v 0.119302 0.339718 0.047528
v 0.107725 0.333631 0.077919
v 0.130879 0.333631 0.077919
v 0.103788 0.337399 0.059782
v 0.119302 0.340501 0.029774
v 0.127332 0.337399 0.063244
v 0.119302 0.328556 0.092327
v 0.108074 0.339718 0.042328
v 0.123412 0.339718 0.046923
v 0.104727 0.328556 0.090195
v 0.096938 0.333631 0.072940
v 0.133877 0.328556 0.090195
v 0.141666 0.333631 0.072940
v 0.097362 0.337399 0.054275
v 0.105551 0.339718 0.038651
v 0.127241 0.339718 0.045150
v 0.119302 0.322359 0.101935
v 0.134816 0.337399 0.059782
v 0.103965 0.339718 0.034369
v 0.130530 0.339718 0.042328
v 0.102415 0.322359 0.099476
v 0.091145 0.328556 0.083946
v 0.087674 0.333631 0.065018
v 0.147459 0.328556 0.083946
v 0.136190 0.322359 0.099476
v 0.141242 0.337399 0.054275
v 0.092432 0.337399 0.047099
v 0.103424 0.339718 0.029774
v 0.133053 0.339718 0.038651
v 0.119302 0.315259 0.108111
v 0.079483 0.328556 0.074005
v 0.159122 0.328556 0.074005
v 0.137740 0.315259 0.105441
v 0.150930 0.333631 0.065018
v 0.089332 0.337399 0.038742
v 0.088274 0.337399 0.029774
v 0.103965 0.339718 0.025178
v 0.146173 0.337399 0.047099
v 0.134639 0.339718 0.034369
v 0.100864 0.315259 0.105441
v 0.086678 0.322359 0.092267
v 0.080566 0.333631 0.054695
v 0.165439 0.322359 0.080799
v 0.151926 0.322359 0.092267
v 0.158038 0.333631 0.054695
v 0.105551 0.339718 0.020896
v 0.149272 0.337399 0.038742
v 0.135180 0.339718 0.029774
v 0.119302 0.307494 0.110902
v 0.138533 0.307494 0.108137
v 0.073165 0.322359 0.080799
v 0.070533 0.328556 0.061050
v 0.168071 0.328556 0.061050
v 0.175808 0.322359 0.065854
v 0.154921 0.315259 0.097616
v 0.076097 0.333631 0.042674
v 0.074574 0.333631 0.029774
v 0.089332 0.337399 0.020805
v 0.108074 0.339718 0.017219
v 0.162506 0.333631 0.042674
v 0.150330 0.337399 0.029774
v 0.134639 0.339718 0.025178
v 0.100071 0.307494 0.108137
v 0.083683 0.315259 0.097616
v 0.180996 0.315259 0.068942
v 0.169675 0.315259 0.085166
v 0.173697 0.328556 0.045963
v 0.092432 0.337399 0.012448
v 0.111363 0.339718 0.014398
v 0.164031 0.333631 0.029774
v 0.133053 0.339718 0.020896
v 0.099941 0.299304 0.107990
v 0.119302 0.299304 0.110749
v 0.156454 0.307494 0.100033
v 0.068929 0.315259 0.085166
v 0.062795 0.322359 0.065854
v 0.064908 0.328556 0.045963
v 0.182327 0.322359 0.048450
v 0.188112 0.315259 0.050049
v 0.076097 0.333631 0.016873
v 0.097362 0.337399 0.005272
v 0.115192 0.339718 0.012624
v 0.175615 0.328556 0.029774
v 0.149272 0.337399 0.020805
v 0.130530 0.339718 0.017219
v 0.081901 0.299304 0.099901
v 0.082150 0.307494 0.100033
v 0.138663 0.299304 0.107990
v 0.156703 0.299304 0.099901
v 0.183651 0.307494 0.070338
v 0.171843 0.307494 0.087140
v 0.184550 0.322359 0.029774
v 0.062989 0.328556 0.029774
v 0.064908 0.328556 0.013584
v 0.080566 0.333631 0.004852
v 0.103788 0.337399 -0.000235
v 0.119302 0.339718 0.012019
v 0.162506 0.333631 0.016873
v 0.146173 0.337399 0.012448
v 0.141242 0.337399 0.005272
v 0.127241 0.339718 0.014398
v 0.100316 0.290911 0.105725
v 0.138288 0.290911 0.105725
v 0.172196 0.299304 0.087032
v 0.066761 0.307494 0.087140
v 0.057608 0.315259 0.068942
v 0.056277 0.322359 0.048450
v 0.190540 0.315259 0.029774
v 0.191074 0.307494 0.050771
v 0.054054 0.322359 0.029774
v 0.070533 0.328556 -0.001503
v 0.087674 0.333631 -0.005471
v 0.111272 0.337399 -0.003697
v 0.123412 0.339718 0.012624
v 0.173697 0.328556 0.013584
v 0.134816 0.337399 -0.000235
v 0.119302 0.290911 0.108404
v 0.082624 0.290911 0.097870
v 0.066408 0.299304 0.087032
v 0.171172 0.290911 0.085374
v 0.193606 0.307494 0.029774
v 0.184083 0.299304 0.070261
v 0.191556 0.299304 0.050732
v 0.182327 0.322359 0.011097
v 0.056277 0.322359 0.011097
v 0.096938 0.333631 -0.013392
v 0.119302 0.337399 -0.004877
v 0.158038 0.333631 0.004852
v 0.150930 0.333631 -0.005471
v 0.141666 0.333631 -0.013392
v 0.127332 0.337399 -0.003697
v 0.100997 0.282510 0.102217
v 0.083940 0.282510 0.094725
v 0.155980 0.290911 0.097870
v 0.137607 0.282510 0.102217
v 0.182830 0.290911 0.069089
v 0.054953 0.307494 0.070338
v 0.050492 0.315259 0.050049
v 0.048064 0.315259 0.029774
v 0.188112 0.315259 0.009498
v 0.194105 0.299304 0.029774
v 0.062795 0.322359 -0.006307
v 0.079483 0.328556 -0.014458
v 0.107725 0.333631 -0.018372
v 0.168071 0.328556 -0.001503
v 0.130879 0.333631 -0.018372
v 0.119302 0.282510 0.104773
v 0.069293 0.282510 0.082806
v 0.067432 0.290911 0.085374
v 0.180550 0.282510 0.067273
v 0.169311 0.282510 0.082806
v 0.054521 0.299304 0.070261
v 0.191074 0.307494 0.008776
v 0.190158 0.290911 0.050125
v 0.175808 0.322359 -0.006307
v 0.050492 0.315259 0.009498
v 0.057608 0.315259 -0.009395
v 0.091145 0.328556 -0.024399
v 0.104727 0.328556 -0.030648
v 0.119302 0.333631 -0.020070
v 0.159122 0.328556 -0.014458
v 0.147459 0.328556 -0.024399
v 0.133877 0.328556 -0.030648
v 0.119302 0.274256 0.100734
v 0.101791 0.274256 0.098316
v 0.085473 0.274256 0.091227
v 0.154664 0.282510 0.094725
v 0.136813 0.274256 0.098316
v 0.187616 0.282510 0.049185
v 0.047530 0.307494 0.050771
v 0.044998 0.307494 0.029774
v 0.180996 0.315259 -0.009395
v 0.191556 0.299304 0.008816
v 0.192658 0.290911 0.029774
v 0.047530 0.307494 0.008776
v 0.073165 0.322359 -0.021252
v 0.086678 0.322359 -0.032720
v 0.165439 0.322359 -0.021252
v 0.119302 0.328556 -0.032779
v 0.071460 0.274256 0.079950
v 0.058054 0.282510 0.067273
v 0.055774 0.290911 0.069089
v 0.177897 0.274256 0.065254
v 0.184656 0.274256 0.048140
v 0.153131 0.274256 0.091227
v 0.047048 0.299304 0.050732
v 0.183651 0.307494 -0.010790
v 0.190158 0.290911 0.009422
v 0.068929 0.315259 -0.025619
v 0.102415 0.322359 -0.039929
v 0.151926 0.322359 -0.032720
v 0.136190 0.322359 -0.039929
v 0.119302 0.322359 -0.042388
v 0.119302 0.266263 0.096994
v 0.136069 0.266263 0.094703
v 0.086911 0.266263 0.087988
v 0.048446 0.290911 0.050125
v 0.167144 0.274256 0.079950
v 0.186961 0.274256 0.029774
v 0.047048 0.299304 0.008816
v 0.169675 0.315259 -0.025619
v 0.184083 0.299304 -0.010714
v 0.182830 0.290911 -0.009542
v 0.187616 0.282510 0.010362
v 0.190025 0.282510 0.029774
v 0.054953 0.307494 -0.010790
v 0.083683 0.315259 -0.038068
v 0.154921 0.315259 -0.038068
v 0.102535 0.266263 0.094703
v 0.073495 0.266263 0.077305
v 0.060707 0.274256 0.065254
v 0.175405 0.266263 0.063384
v 0.184084 0.266263 0.029774
v 0.165110 0.266263 0.077305
v 0.045946 0.290911 0.029774
v 0.044499 0.299304 0.029774
v 0.171843 0.307494 -0.027593
v 0.172196 0.299304 -0.027485
v 0.180550 0.282510 -0.007726
v 0.066761 0.307494 -0.027593
v 0.100864 0.315259 -0.045894
v 0.137740 0.315259 -0.045894
v 0.103131 0.258606 0.091797
v 0.119302 0.258606 0.093985
v 0.151693 0.266263 0.087988
v 0.088061 0.258606 0.085382
v 0.075120 0.258606 0.075178
v 0.050988 0.282510 0.049185
v 0.181876 0.266263 0.047172
v 0.181876 0.266263 0.012376
v 0.048579 0.282510 0.029774
v 0.054521 0.299304 -0.010714
v 0.048446 0.290911 0.009422
v 0.156454 0.307494 -0.040485
v 0.169311 0.282510 -0.023259
v 0.184656 0.274256 0.011408
v 0.082150 0.307494 -0.040485
v 0.119302 0.315259 -0.048564
v 0.135474 0.258606 0.091797
v 0.150543 0.258606 0.085382
v 0.063200 0.266263 0.063384
v 0.053948 0.274256 0.048140
v 0.163484 0.258606 0.075178
v 0.179656 0.258606 0.046393
v 0.181785 0.258606 0.029774
v 0.050988 0.282510 0.010362
v 0.156703 0.299304 -0.040353
v 0.171172 0.290911 -0.025827
v 0.177897 0.274256 -0.005707
v 0.066408 0.299304 -0.027485
v 0.100071 0.307494 -0.048590
v 0.119302 0.307494 -0.051355
v 0.103548 0.251334 0.089702
v 0.135056 0.251334 0.089702
v 0.088868 0.251334 0.083504
v 0.065191 0.258606 0.061879
v 0.173414 0.258606 0.061879
v 0.179656 0.258606 0.013155
v 0.053948 0.274256 0.011408
v 0.055774 0.290911 -0.009542
v 0.138663 0.299304 -0.048443
v 0.167144 0.274256 -0.020403
v 0.155980 0.290911 -0.038323
v 0.138533 0.307494 -0.048590
v 0.081901 0.299304 -0.040353
v 0.119302 0.251334 0.091816
v 0.149736 0.251334 0.083504
v 0.076262 0.251334 0.073645
v 0.056728 0.266263 0.047172
v 0.051643 0.274256 0.029774
v 0.172015 0.251334 0.060795
v 0.180170 0.251334 0.029774
v 0.173414 0.258606 -0.002332
v 0.178096 0.251334 0.013716
v 0.175405 0.266263 -0.003837
v 0.058054 0.282510 -0.007726
v 0.138288 0.290911 -0.046178
v 0.153131 0.274256 -0.031680
v 0.165110 0.266263 -0.017758
v 0.154664 0.282510 -0.035178
v 0.067432 0.290911 -0.025827
v 0.099941 0.299304 -0.048443
v 0.119302 0.299304 -0.051202
v 0.119302 0.244482 0.090269
v 0.089435 0.244482 0.082164
v 0.134763 0.244482 0.088208
v 0.066589 0.251334 0.060795
v 0.058949 0.258606 0.046393
v 0.054520 0.266263 0.029774
v 0.162342 0.251334 0.073645
v 0.178096 0.251334 0.045832
v 0.060707 0.274256 -0.005707
v 0.119302 0.290911 -0.048857
v 0.151693 0.266263 -0.028441
v 0.082624 0.290911 -0.038323
v 0.103842 0.244482 0.088208
v 0.149169 0.244482 0.082164
v 0.077063 0.244482 0.072551
v 0.067570 0.244482 0.060021
v 0.056819 0.258606 0.029774
v 0.161541 0.244482 0.072551
v 0.177001 0.244482 0.045431
v 0.179037 0.244482 0.029774
v 0.172015 0.251334 -0.001248
v 0.063200 0.266263 -0.003837
v 0.071460 0.274256 -0.020403
v 0.056728 0.266263 0.012376
v 0.119302 0.282510 -0.045226
v 0.136069 0.266263 -0.035156
v 0.136813 0.274256 -0.038769
v 0.150543 0.258606 -0.025835
v 0.137607 0.282510 -0.042670
v 0.069293 0.282510 -0.023259
v 0.100316 0.290911 -0.046178
v 0.104136 0.238081 0.086822
v 0.090003 0.238081 0.080922
v 0.119302 0.238081 0.088834
v 0.148601 0.238081 0.080922
v 0.060508 0.251334 0.045832
v 0.171034 0.244482 0.060021
v 0.177001 0.244482 0.014116
v 0.163484 0.258606 -0.015630
v 0.162342 0.251334 -0.014097
v 0.171034 0.244482 -0.000474
v 0.073495 0.266263 -0.017758
v 0.100997 0.282510 -0.042670
v 0.134468 0.238081 0.086822
v 0.160737 0.238081 0.071536
v 0.077867 0.238081 0.071536
v 0.061603 0.244482 0.045431
v 0.058434 0.251334 0.029774
v 0.058949 0.258606 0.013155
v 0.175903 0.238081 0.045060
v 0.177900 0.238081 0.029774
v 0.161541 0.244482 -0.013003
v 0.065191 0.258606 -0.002332
v 0.075120 0.258606 -0.015630
v 0.085473 0.274256 -0.031680
v 0.119302 0.274256 -0.041187
v 0.101791 0.274256 -0.038769
v 0.135474 0.258606 -0.032249
v 0.149736 0.251334 -0.023957
v 0.083940 0.282510 -0.035178
v 0.104604 0.232175 0.084879
v 0.090907 0.232175 0.079180
v 0.119302 0.232175 0.086823
v 0.159459 0.232175 0.070114
v 0.134000 0.232175 0.084879
v 0.079145 0.232175 0.070114
v 0.068555 0.238081 0.059304
v 0.062701 0.238081 0.045060
v 0.059567 0.244482 0.029774
v 0.060508 0.251334 0.013716
v 0.170049 0.238081 0.059304
v 0.175903 0.238081 0.014488
v 0.149169 0.244482 -0.022617
v 0.170049 0.238081 0.000243
v 0.086911 0.266263 -0.028441
v 0.119302 0.258606 -0.034437
v 0.135056 0.251334 -0.030155
v 0.119302 0.266263 -0.037447
v 0.168484 0.232175 0.058299
v 0.147697 0.232175 0.079180
v 0.060704 0.238081 0.029774
v 0.061603 0.244482 0.014116
v 0.176092 0.232175 0.029774
v 0.174157 0.232175 0.015008
v 0.148601 0.238081 -0.021375
v 0.160737 0.238081 -0.011989
v 0.076262 0.251334 -0.014097
v 0.088061 0.258606 -0.025835
v 0.102535 0.266263 -0.035156
v 0.119302 0.251334 -0.032269
v 0.134763 0.244482 -0.028661
v 0.119302 0.226818 0.083541
v 0.092483 0.226818 0.076338
v 0.165754 0.226818 0.056657
v 0.157230 0.226818 0.067793
v 0.133184 0.226818 0.081709
v 0.070120 0.232175 0.058299
v 0.062512 0.232175 0.029774
v 0.066589 0.251334 -0.001248
v 0.174157 0.232175 0.044539
v 0.134468 0.238081 -0.027275
v 0.159459 0.232175 -0.010567
v 0.103131 0.258606 -0.032249
v 0.103548 0.251334 -0.030155
v 0.119302 0.244482 -0.030722
v 0.105420 0.226818 0.081709
v 0.081374 0.226818 0.067793
v 0.146121 0.226818 0.076338
v 0.072850 0.226818 0.056657
v 0.064447 0.232175 0.044539
v 0.064447 0.232175 0.015008
v 0.062701 0.238081 0.014488
v 0.067570 0.244482 -0.000474
v 0.171112 0.226818 0.043690
v 0.172940 0.226818 0.029774
v 0.168484 0.232175 0.001249
v 0.134000 0.232175 -0.025332
v 0.077063 0.244482 -0.013003
v 0.088868 0.251334 -0.023957
v 0.103842 0.244482 -0.028661
v 0.119302 0.238081 -0.029287
v 0.119302 0.222083 0.078480
v 0.106710 0.222083 0.076821
v 0.094976 0.222083 0.071955
v 0.161435 0.222083 0.054127
v 0.153703 0.222083 0.064215
v 0.131894 0.222083 0.076821
v 0.065664 0.226818 0.029774
v 0.171112 0.226818 0.015858
v 0.165754 0.226818 0.002890
v 0.147697 0.232175 -0.019633
v 0.119302 0.232175 -0.027276
v 0.089435 0.244482 -0.022617
v 0.104136 0.238081 -0.027275
v 0.084900 0.222083 0.064215
v 0.166295 0.222083 0.042380
v 0.143628 0.222083 0.071955
v 0.067492 0.226818 0.043690
v 0.068555 0.238081 0.000243
v 0.067492 0.226818 0.015858
v 0.167953 0.222083 0.029774
v 0.146121 0.226818 -0.016791
v 0.133184 0.226818 -0.022162
v 0.119302 0.226818 -0.023994
v 0.157230 0.226818 -0.008246
v 0.104604 0.232175 -0.025332
v 0.119302 0.218049 0.071457
v 0.108518 0.218049 0.070037
v 0.089841 0.218049 0.059249
v 0.077169 0.222083 0.054127
v 0.155385 0.218049 0.050616
v 0.159547 0.218049 0.040562
v 0.140134 0.218049 0.065873
v 0.130086 0.218049 0.070037
v 0.072309 0.222083 0.042380
v 0.070120 0.232175 0.001249
v 0.072309 0.222083 0.017167
v 0.070651 0.222083 0.029774
v 0.077867 0.238081 -0.011989
v 0.166295 0.222083 0.017167
v 0.105420 0.226818 -0.022162
v 0.161435 0.222083 0.005420
v 0.090003 0.238081 -0.021375
v 0.090907 0.232175 -0.019633
v 0.098470 0.218049 0.065873
v 0.148763 0.218049 0.059249
v 0.072850 0.226818 0.002890
v 0.159547 0.218049 0.018985
v 0.143628 0.222083 -0.012408
v 0.131894 0.222083 -0.017274
v 0.119302 0.222083 -0.018933
v 0.106710 0.222083 -0.017274
v 0.153703 0.222083 -0.004667
v 0.092483 0.226818 -0.016791
v 0.119302 0.214802 0.062634
v 0.110798 0.214802 0.061514
v 0.102874 0.214802 0.058232
v 0.083219 0.218049 0.050616
v 0.142535 0.214802 0.053010
v 0.147756 0.214802 0.046204
v 0.160967 0.218049 0.029774
v 0.127806 0.214802 0.061514
v 0.079057 0.218049 0.040562
v 0.079145 0.232175 -0.010567
v 0.077169 0.222083 0.005420
v 0.079057 0.218049 0.018985
v 0.155385 0.218049 0.008932
v 0.094976 0.222083 -0.012408
v 0.148763 0.218049 0.000299
v 0.081374 0.226818 -0.008246
v 0.096070 0.214802 0.053010
v 0.151038 0.214802 0.038279
v 0.135730 0.214802 0.058232
v 0.077637 0.218049 0.029774
v 0.147756 0.214802 0.013343
v 0.151038 0.214802 0.021269
v 0.140134 0.218049 -0.006326
v 0.119302 0.218049 -0.011910
v 0.108518 0.218049 -0.010490
v 0.119302 0.212419 0.052418
v 0.113441 0.212419 0.051646
v 0.103291 0.212419 0.045785
v 0.090848 0.214802 0.046204
v 0.138912 0.212419 0.041096
v 0.141174 0.212419 0.035634
v 0.152158 0.214802 0.029774
v 0.135313 0.212419 0.045785
v 0.125163 0.212419 0.051646
v 0.087566 0.214802 0.038279
v 0.083219 0.218049 0.008932
v 0.084900 0.222083 -0.004667
v 0.086446 0.214802 0.029774
v 0.142535 0.214802 0.006538
v 0.130086 0.218049 -0.010490
v 0.098470 0.218049 -0.006326
v 0.135730 0.214802 0.001316
v 0.107980 0.212419 0.049384
v 0.099692 0.212419 0.041096
v 0.130624 0.212419 0.049384
v 0.090848 0.214802 0.013343
v 0.087566 0.214802 0.021269
v 0.135313 0.212419 0.013762
v 0.138912 0.212419 0.018452
v 0.141945 0.212419 0.029774
v 0.127806 0.214802 -0.001967
v 0.110798 0.214802 -0.001967
v 0.089841 0.218049 0.000299
v 0.102874 0.214802 0.001316
v 0.119302 0.210961 0.041307
v 0.116317 0.210961 0.040914
v 0.113535 0.210961 0.039762
v 0.109314 0.210961 0.035540
v 0.097430 0.212419 0.035634
v 0.129290 0.210961 0.035540
v 0.130442 0.210961 0.032759
v 0.127457 0.210961 0.037929
v 0.122287 0.210961 0.040914
v 0.096658 0.212419 0.029774
v 0.096070 0.214802 0.006538
v 0.130624 0.212419 0.010163
v 0.141174 0.212419 0.023913
v 0.119302 0.214802 -0.003087
v 0.125163 0.212419 0.007901
v 0.111147 0.210961 0.037929
v 0.125069 0.210961 0.039762
v 0.097430 0.212419 0.023913
v 0.099692 0.212419 0.018452
v 0.129290 0.210961 0.024007
v 0.127457 0.210961 0.021618
v 0.130835 0.210961 0.029774
v 0.119302 0.212419 0.007129
v 0.113441 0.212419 0.007901
v 0.103291 0.212419 0.013762
v 0.119302 0.210471 0.029774
v 0.108162 0.210961 0.032759
v 0.108162 0.210961 0.026789
v 0.122287 0.210961 0.018633
v 0.125069 0.210961 0.019786
v 0.130442 0.210961 0.026789
v 0.107980 0.212419 0.010163
v 0.107769 0.210961 0.029774
v 0.111147 0.210961 0.021618
v 0.119302 0.210961 0.018241
v 0.113535 0.210961 0.019786
v 0.109314 0.210961 0.024007
v 0.116317 0.210961 0.018633
vn 0.0560 0.9808 0.1865
vn 0.0275 0.9955 0.0910
vn -0.0000 0.9811 0.1934
vn -0.0000 0.9500 0.3122
vn 0.0529 0.9953 0.0813
vn -0.0000 0.9955 0.0944
vn 0.0900 0.9494 0.3010
vn -0.0900 0.9494 0.3010
vn 0.1079 0.9801 0.1666
vn -0.0000 1.0000 -0.0000
vn -0.0560 0.9809 0.1865
vn -0.0000 0.8850 0.4655
vn 0.0744 0.9950 0.0660
vn -0.0275 0.9955 0.0910
vn 0.1334 0.8839 0.4482
vn 0.1728 0.9477 0.2684
vn -0.1334 0.8839 0.4482
vn -0.1729 0.9477 0.2684
vn 0.1518 0.9791 0.1354
vn 0.0907 0.9948 0.0464
vn -0.0529 0.9953 0.0813
vn 0.0001 0.7496 0.6619
vn -0.1079 0.9801 0.1666
vn 0.1008 0.9946 0.0240
vn -0.0744 0.9950 0.0660
vn 0.1879 0.7484 0.6361
vn 0.2553 0.8810 0.3984
vn 0.2429 0.9453 0.2176
vn -0.2550 0.8811 0.3984
vn -0.1880 0.7485 0.6360
vn -0.1518 0.9791 0.1354
vn 0.1851 0.9781 0.0953
vn 0.1042 0.9946 -0.0000
vn -0.0907 0.9948 0.0464
vn 0.0003 0.4990 0.8666
vn 0.3569 0.8771 0.3215
vn -0.3567 0.8772 0.3214
vn -0.2438 0.4994 0.8313
vn -0.2428 0.9454 0.2176
vn 0.2057 0.9774 0.0492
vn 0.2127 0.9771 -0.0000
vn 0.1008 0.9946 -0.0239
vn -0.1850 0.9781 0.0953
vn -0.1008 0.9946 0.0239
vn 0.2435 0.4994 0.8314
vn 0.3578 0.7454 0.5625
vn 0.2955 0.9430 0.1529
vn -0.4966 0.7418 0.4508
vn -0.3572 0.7455 0.5626
vn -0.2954 0.9431 0.1528
vn 0.0907 0.9948 -0.0464
vn -0.2057 0.9774 0.0492
vn -0.1042 0.9946 -0.0000
vn -0.0001 0.1602 0.9871
vn -0.2751 0.1643 0.9473
vn 0.4968 0.7416 0.4509
vn 0.4321 0.8734 0.2248
vn -0.4320 0.8734 0.2247
vn -0.5976 0.7382 0.3131
vn -0.4615 0.5006 0.7324
vn 0.3279 0.9414 0.0788
vn 0.3389 0.9408 -0.0000
vn 0.2057 0.9774 -0.0492
vn 0.0744 0.9950 -0.0660
vn -0.3279 0.9414 0.0787
vn -0.2127 0.9771 -0.0000
vn -0.1008 0.9946 -0.0239
vn 0.2751 0.1647 0.9472
vn 0.4617 0.5008 0.7321
vn -0.7634 0.5050 0.4027
vn -0.6371 0.5028 0.5842
vn -0.4780 0.8708 0.1153
vn 0.1850 0.9781 -0.0953
vn 0.0529 0.9953 -0.0813
vn -0.3389 0.9408 -0.0000
vn -0.0907 0.9948 -0.0464
vn 0.2751 -0.1373 0.9516
vn -0.0002 -0.1428 0.9897
vn -0.5224 0.1754 0.8345
vn 0.6375 0.5029 0.5837
vn 0.5977 0.7380 0.3133
vn 0.4780 0.8707 0.1155
vn -0.6582 0.7356 0.1600
vn -0.8374 0.5065 0.2056
vn 0.3280 0.9414 -0.0788
vn 0.1518 0.9791 -0.1354
vn 0.0275 0.9955 -0.0910
vn -0.4934 0.8698 -0.0000
vn -0.2057 0.9774 -0.0492
vn -0.0744 0.9950 -0.0660
vn 0.5244 -0.1212 0.8428
vn 0.5224 0.1754 0.8345
vn -0.2749 -0.1371 0.9517
vn -0.5238 -0.1206 0.8433
vn -0.8649 0.2017 0.4597
vn -0.7216 0.1887 0.6661
vn -0.6784 0.7347 -0.0000
vn 0.4934 0.8698 -0.0001
vn 0.4780 0.8708 -0.1153
vn 0.2955 0.9430 -0.1528
vn 0.1078 0.9801 -0.1666
vn -0.0000 0.9955 -0.0944
vn -0.3279 0.9414 -0.0787
vn -0.1850 0.9781 -0.0953
vn -0.1518 0.9791 -0.1354
vn -0.0529 0.9953 -0.0813
vn 0.2610 -0.3243 0.9092
vn -0.2615 -0.3248 0.9089
vn -0.7296 -0.0976 0.6768
vn 0.7225 0.1886 0.6651
vn 0.7630 0.5051 0.4034
vn 0.6582 0.7356 0.1604
vn -0.8617 0.5074 -0.0000
vn -0.9489 0.2110 0.2345
vn 0.6783 0.7347 -0.0000
vn 0.4319 0.8735 -0.2246
vn 0.2428 0.9454 -0.2176
vn 0.0560 0.9809 -0.1865
vn -0.0275 0.9955 -0.0910
vn -0.4780 0.8707 -0.1155
vn -0.1079 0.9801 -0.1666
vn -0.0000 -0.3315 0.9435
vn 0.5004 -0.3055 0.8101
vn 0.7300 -0.0984 0.6763
vn -0.7008 -0.2822 0.6551
vn -0.9768 0.2140 -0.0000
vn -0.8793 -0.0763 0.4701
vn -0.9686 -0.0610 0.2408
vn -0.6581 0.7357 -0.1600
vn 0.6583 0.7355 -0.1602
vn 0.1729 0.9477 -0.2685
vn -0.0000 0.9811 -0.1934
vn -0.2954 0.9431 -0.1529
vn -0.2429 0.9453 -0.2177
vn -0.1730 0.9476 -0.2685
vn -0.0560 0.9808 -0.1865
vn 0.2489 -0.4115 0.8767
vn 0.4794 -0.3949 0.7837
vn -0.4989 -0.3068 0.8106
vn -0.2499 -0.4108 0.8768
vn -0.8507 -0.2575 0.4582
vn 0.8646 0.2011 0.4604
vn 0.8372 0.5067 0.2058
vn 0.8618 0.5073 -0.0002
vn -0.8373 0.5068 -0.2051
vn -0.9985 -0.0551 -0.0000
vn 0.5979 0.7380 -0.3129
vn 0.3566 0.8771 -0.3217
vn 0.0900 0.9494 -0.3010
vn -0.4321 0.8733 -0.2249
vn -0.0900 0.9494 -0.3010
vn 0.0002 -0.4173 0.9088
vn 0.6752 -0.3716 0.6372
vn 0.7012 -0.2809 0.6554
vn -0.8237 -0.3468 0.4486
vn -0.6748 -0.3710 0.6380
vn 0.8786 -0.0756 0.4715
vn -0.9491 0.2107 -0.2341
vn -0.9417 -0.2400 0.2357
vn -0.5974 0.7383 -0.3130
vn 0.8372 0.5069 -0.2052
vn 0.7630 0.5055 -0.4028
vn 0.2553 0.8810 -0.3984
vn 0.1334 0.8840 -0.4481
vn -0.0000 0.9500 -0.3122
vn -0.3568 0.8771 -0.3215
vn -0.2553 0.8810 -0.3984
vn -0.1334 0.8839 -0.4482
vn 0.0005 -0.4316 0.9021
vn 0.2447 -0.4253 0.8713
vn 0.4733 -0.4093 0.7801
vn -0.4790 -0.3944 0.7843
vn -0.2457 -0.4258 0.8709
vn -0.9155 -0.3294 0.2309
vn 0.9490 0.2104 0.2349
vn 0.9769 0.2138 -0.0001
vn -0.7630 0.5053 -0.4030
vn -0.9686 -0.0610 -0.2408
vn -0.9722 -0.2342 -0.0000
vn 0.9492 0.2107 -0.2338
vn 0.4964 0.7419 -0.4508
vn 0.3575 0.7458 -0.5622
vn -0.4963 0.7418 -0.4511
vn -0.0001 0.8851 -0.4655
vn 0.6671 -0.3879 0.6361
vn 0.8237 -0.3474 0.4481
vn 0.8502 -0.2578 0.4590
vn -0.8155 -0.3664 0.4481
vn -0.9074 -0.3503 0.2321
vn -0.4722 -0.4092 0.7808
vn 0.9687 -0.0598 0.2408
vn -0.8645 0.2008 -0.4608
vn -0.9414 -0.2406 -0.2363
vn 0.6374 0.5032 -0.5835
vn 0.1877 0.7486 -0.6359
vn -0.3580 0.7455 -0.5621
vn -0.1876 0.7486 -0.6359
vn -0.0000 0.7496 -0.6618
vn 0.0001 -0.3956 0.9184
vn -0.2469 -0.3899 0.8871
vn 0.4772 -0.3748 0.7949
vn 0.9414 -0.2410 0.2361
vn -0.6666 -0.3874 0.6369
vn -0.9390 -0.3440 -0.0002
vn 0.9689 -0.0604 -0.2401
vn -0.6368 0.5031 -0.5843
vn -0.8790 -0.0758 -0.4708
vn -0.8503 -0.2587 -0.4583
vn -0.9155 -0.3290 -0.2315
vn -0.9464 -0.3230 -0.0000
vn 0.8648 0.2014 -0.4600
vn 0.4615 0.5012 -0.7321
vn -0.4624 0.5010 -0.7316
vn 0.2461 -0.3901 0.8873
vn 0.6739 -0.3544 0.6482
vn 0.8151 -0.3659 0.4490
vn -0.8235 -0.3349 0.4579
vn -0.9493 -0.3142 -0.0001
vn -0.6728 -0.3564 0.6483
vn 0.9722 -0.2342 -0.0004
vn 0.9985 -0.0546 -0.0002
vn -0.7217 0.1875 -0.6663
vn -0.7297 -0.0964 -0.6769
vn -0.8240 -0.3456 -0.4489
vn 0.7221 0.1882 -0.6657
vn 0.2429 0.4995 -0.8316
vn -0.2429 0.4995 -0.8316
vn 0.2515 -0.3224 0.9126
vn -0.0002 -0.3267 0.9451
vn -0.4762 -0.3756 0.7950
vn 0.4853 -0.3096 0.8177
vn 0.6865 -0.2907 0.6665
vn 0.9151 -0.3298 0.2321
vn -0.9175 -0.3194 0.2370
vn -0.9173 -0.3200 -0.2368
vn 0.9462 -0.3236 -0.0002
vn 0.8791 -0.0759 -0.4706
vn 0.9418 -0.2405 -0.2351
vn -0.5231 0.1739 -0.8344
vn -0.6757 -0.3702 -0.6374
vn -0.9078 -0.3500 -0.2313
vn 0.5224 0.1745 -0.8347
vn -0.0000 0.4988 -0.8667
vn -0.2509 -0.3219 0.9129
vn -0.4867 -0.3085 0.8173
vn 0.8234 -0.3347 0.4583
vn 0.9076 -0.3496 0.2325
vn -0.6857 -0.2896 0.6678
vn -0.9348 -0.2586 0.2435
vn -0.9674 -0.2534 -0.0000
vn 0.9155 -0.3296 -0.2306
vn -0.5241 -0.1195 -0.8433
vn -0.7012 -0.2828 -0.6544
vn -0.8147 -0.3667 -0.4492
vn 0.7296 -0.0976 -0.6768
vn 0.2745 0.1641 -0.9475
vn 0.0002 0.1604 -0.9871
vn 0.2554 -0.2491 0.9342
vn -0.2552 -0.2499 0.9340
vn 0.4934 -0.2374 0.8368
vn 0.8390 -0.2717 0.4714
vn -0.8391 -0.2717 0.4714
vn -0.9349 -0.2581 -0.2437
vn 0.9076 -0.3501 -0.2318
vn 0.8503 -0.2580 -0.4587
vn -0.2755 -0.1370 -0.9515
vn -0.6661 -0.3886 -0.6366
vn -0.4995 -0.3062 -0.8104
vn -0.2753 0.1638 -0.9473
vn 0.5244 -0.1200 -0.8430
vn -0.0000 -0.2538 0.9672
vn -0.4930 -0.2377 0.8369
vn 0.6959 -0.2216 0.6831
vn 0.9172 -0.3198 0.2376
vn 0.9391 -0.3435 -0.0000
vn -0.8515 -0.2066 0.4819
vn -0.9816 -0.1907 -0.0001
vn -0.8391 -0.2720 -0.4710
vn -0.9486 -0.1952 -0.2491
vn -0.8235 -0.3346 -0.4582
vn 0.8231 -0.3475 -0.4492
vn -0.2605 -0.3243 -0.9094
vn -0.4727 -0.4098 -0.7802
vn -0.6729 -0.3545 -0.6493
vn -0.4794 -0.3949 -0.7837
vn 0.7008 -0.2822 -0.6551
vn 0.2743 -0.1366 -0.9519
vn -0.0000 -0.1430 -0.9897
vn -0.0001 -0.2192 0.9757
vn 0.4949 -0.2067 0.8440
vn -0.2558 -0.2156 0.9424
vn 0.8518 -0.2059 0.4817
vn 0.9347 -0.2585 0.2442
vn 0.9493 -0.3143 -0.0000
vn -0.6961 -0.2222 0.6827
vn -0.9486 -0.1947 0.2493
vn 0.8146 -0.3665 -0.4496
vn -0.0005 -0.3314 -0.9435
vn -0.4772 -0.3749 -0.7948
vn 0.4994 -0.3073 -0.8101
vn 0.2555 -0.2159 0.9424
vn -0.4936 -0.2066 0.8448
vn 0.6978 -0.1946 0.6894
vn 0.8545 -0.1818 0.4866
vn 0.9673 -0.2537 -0.0000
vn -0.6990 -0.1942 0.6883
vn -0.9524 -0.1725 0.2514
vn -0.9856 -0.1691 0.0002
vn -0.8511 -0.2068 -0.4826
vn 0.8234 -0.3347 -0.4583
vn 0.6678 -0.3872 -0.6357
vn 0.9172 -0.3198 -0.2376
vn -0.0005 -0.4171 -0.9088
vn -0.2469 -0.3899 -0.8871
vn -0.2454 -0.4256 -0.8710
vn -0.4862 -0.3089 -0.8174
vn -0.2487 -0.4114 -0.8769
vn 0.6752 -0.3716 -0.6372
vn 0.2608 -0.3253 -0.9089
vn 0.2513 -0.2672 0.9303
vn 0.4862 -0.2603 0.8342
vn -0.0002 -0.2696 0.9630
vn -0.4856 -0.2608 0.8344
vn 0.9485 -0.1948 0.2497
vn -0.8540 -0.1817 0.4875
vn -0.9523 -0.1723 -0.2520
vn -0.6853 -0.2908 -0.6677
vn -0.6962 -0.2220 -0.6826
vn -0.8545 -0.1810 -0.4868
vn 0.6744 -0.3550 -0.6474
vn 0.2499 -0.4108 -0.8768
vn -0.2513 -0.2674 0.9303
vn -0.6877 -0.2512 0.6811
vn 0.6876 -0.2511 0.6813
vn 0.9523 -0.1723 0.2520
vn 0.9817 -0.1905 -0.0001
vn 0.9349 -0.2581 -0.2437
vn -0.9392 -0.2359 0.2495
vn -0.9724 -0.2333 -0.0001
vn -0.6980 -0.1938 -0.6893
vn 0.8389 -0.2714 -0.4718
vn 0.6871 -0.2901 -0.6662
vn 0.4728 -0.4087 -0.7807
vn -0.0003 -0.4315 -0.9021
vn 0.2452 -0.4253 -0.8712
vn -0.2512 -0.3224 -0.9127
vn -0.4930 -0.2377 -0.8369
vn 0.4790 -0.3944 -0.7843
vn 0.2360 -0.4200 0.8763
vn 0.4566 -0.4161 0.7864
vn -0.0001 -0.4214 0.9069
vn -0.6466 -0.4105 0.6430
vn -0.2362 -0.4199 0.8763
vn 0.6467 -0.4104 0.6429
vn 0.8418 -0.2425 0.4823
vn 0.9392 -0.2359 0.2495
vn 0.9856 -0.1691 -0.0002
vn 0.9488 -0.1949 -0.2486
vn -0.8420 -0.2423 0.4821
vn -0.9393 -0.2358 -0.2493
vn -0.4942 -0.2067 -0.8444
vn -0.8419 -0.2427 -0.4821
vn 0.4757 -0.3760 -0.7952
vn -0.0004 -0.3268 -0.9451
vn -0.2556 -0.2493 -0.9341
vn -0.0002 -0.3958 -0.9183
vn -0.7932 -0.4048 0.4550
vn -0.4563 -0.4159 0.7867
vn 0.9724 -0.2333 -0.0001
vn 0.9524 -0.1725 -0.2514
vn -0.9169 -0.3992 -0.0000
vn -0.8853 -0.4008 -0.2358
vn -0.4858 -0.2602 -0.8344
vn -0.6872 -0.2515 -0.6815
vn 0.6971 -0.2221 -0.6817
vn 0.4849 -0.3082 -0.8185
vn 0.2468 -0.3907 -0.8868
vn -0.0003 -0.2536 -0.9673
vn -0.2561 -0.2159 -0.9422
vn -0.0000 -0.6265 0.7794
vn 0.3918 -0.6241 0.6760
vn -0.6807 -0.6192 0.3915
vn -0.5548 -0.6217 0.5529
vn -0.2026 -0.6259 0.7532
vn 0.7931 -0.4046 0.4553
vn 0.9169 -0.3992 -0.0001
vn 0.8510 -0.2065 -0.4830
vn -0.8853 -0.4007 0.2361
vn -0.2516 -0.2671 -0.9302
vn -0.6467 -0.4104 -0.6429
vn 0.2518 -0.3215 -0.9128
vn 0.2550 -0.2494 -0.9342
vn -0.0003 -0.2193 -0.9757
vn 0.2024 -0.6259 0.7531
vn 0.5547 -0.6217 0.5530
vn -0.3915 -0.6241 0.6762
vn 0.6807 -0.6192 0.3915
vn 0.8853 -0.4007 0.2361
vn 0.8854 -0.4007 -0.2357
vn 0.9393 -0.2358 -0.2493
vn 0.8543 -0.1814 -0.4872
vn -0.7601 -0.6173 0.2030
vn -0.7872 -0.6167 0.0001
vn -0.7929 -0.4048 -0.4554
vn -0.2362 -0.4199 -0.8763
vn 0.6987 -0.1939 -0.6886
vn 0.4927 -0.2380 -0.8370
vn 0.2559 -0.2162 -0.9422
vn -0.0002 -0.2696 -0.9630
vn -0.0000 -0.7994 0.6008
vn 0.1558 -0.7992 0.5805
vn 0.3013 -0.7987 0.5209
vn -0.5230 -0.7973 0.3014
vn -0.4265 -0.7980 0.4258
vn -0.1558 -0.7992 0.5805
vn 0.7872 -0.6167 -0.0000
vn -0.7601 -0.6173 -0.2031
vn -0.6807 -0.6192 -0.3915
vn -0.4564 -0.4160 -0.7866
vn -0.0001 -0.4214 -0.9069
vn 0.4937 -0.2071 -0.8446
vn 0.2516 -0.2670 -0.9303
vn 0.4266 -0.7979 0.4258
vn -0.5838 -0.7967 0.1561
vn -0.3012 -0.7987 0.5209
vn 0.7601 -0.6173 0.2031
vn 0.8420 -0.2424 -0.4819
vn 0.7600 -0.6174 -0.2029
vn -0.6046 -0.7965 -0.0000
vn -0.3917 -0.6241 -0.6761
vn -0.2026 -0.6259 -0.7532
vn -0.0001 -0.6266 -0.7794
vn -0.5546 -0.6216 -0.5531
vn 0.2360 -0.4200 -0.8763
vn -0.0000 -0.9033 0.4289
vn 0.1111 -0.9033 0.4144
vn 0.3039 -0.9030 0.3036
vn 0.5230 -0.7972 0.3015
vn -0.3724 -0.9029 0.2148
vn -0.4155 -0.9028 0.1112
vn -0.2148 -0.9032 0.3717
vn -0.1111 -0.9033 0.4144
vn 0.5838 -0.7967 0.1561
vn 0.7930 -0.4049 -0.4552
vn 0.5839 -0.7967 -0.1561
vn 0.6047 -0.7965 -0.0000
vn 0.6871 -0.2518 -0.6815
vn -0.5838 -0.7967 -0.1561
vn 0.2024 -0.6259 -0.7531
vn -0.5230 -0.7973 -0.3014
vn 0.4857 -0.2606 -0.8343
vn 0.4568 -0.4158 -0.7864
vn 0.2147 -0.9032 0.3717
vn -0.3039 -0.9030 0.3037
vn 0.6806 -0.6192 -0.3916
vn -0.4155 -0.9028 -0.1113
vn -0.3013 -0.7987 -0.5209
vn -0.1558 -0.7992 -0.5805
vn -0.0000 -0.7994 -0.6007
vn 0.1558 -0.7993 -0.5804
vn -0.4265 -0.7980 -0.4258
vn 0.3916 -0.6242 -0.6760
vn -0.0000 -0.9566 0.2915
vn 0.0755 -0.9566 0.2816
vn 0.1458 -0.9565 0.2525
vn 0.3724 -0.9029 0.2148
vn -0.2063 -0.9565 0.2062
vn -0.2527 -0.9565 0.1459
vn -0.4302 -0.9027 -0.0000
vn -0.0755 -0.9566 0.2816
vn 0.4155 -0.9028 0.1113
vn 0.6464 -0.4102 -0.6433
vn 0.5230 -0.7973 -0.3014
vn 0.4155 -0.9028 -0.1112
vn -0.3724 -0.9029 -0.2148
vn 0.3013 -0.7987 -0.5208
vn -0.3039 -0.9030 -0.3037
vn 0.5547 -0.6218 -0.5529
vn 0.2063 -0.9565 0.2062
vn -0.2819 -0.9565 0.0755
vn -0.1458 -0.9565 0.2525
vn 0.4302 -0.9027 -0.0000
vn -0.2527 -0.9565 -0.1459
vn -0.2819 -0.9565 -0.0755
vn -0.2148 -0.9032 -0.3717
vn -0.0000 -0.9033 -0.4289
vn 0.1111 -0.9033 -0.4144
vn -0.0000 -0.9831 0.1828
vn 0.0473 -0.9831 0.1766
vn 0.1293 -0.9831 0.1293
vn 0.2527 -0.9565 0.1459
vn -0.1584 -0.9831 0.0914
vn -0.1766 -0.9831 0.0473
vn -0.2918 -0.9565 -0.0000
vn -0.1293 -0.9831 0.1293
vn -0.0473 -0.9831 0.1766
vn 0.2819 -0.9565 0.0755
vn 0.3724 -0.9029 -0.2148
vn 0.4265 -0.7980 -0.4259
vn 0.2918 -0.9565 -0.0000
vn -0.2063 -0.9565 -0.2062
vn -0.1111 -0.9033 -0.4144
vn 0.2147 -0.9032 -0.3717
vn -0.1458 -0.9565 -0.2525
vn 0.0914 -0.9831 0.1583
vn 0.1584 -0.9831 0.0914
vn -0.0914 -0.9831 0.1583
vn 0.2527 -0.9565 -0.1459
vn 0.2819 -0.9565 -0.0755
vn -0.1293 -0.9831 -0.1293
vn -0.1584 -0.9831 -0.0914
vn -0.1829 -0.9831 -0.0000
vn -0.0755 -0.9566 -0.2816
vn 0.0755 -0.9566 -0.2816
vn 0.3039 -0.9030 -0.3036
vn 0.1458 -0.9565 -0.2525
vn -0.0000 -0.9959 0.0900
vn 0.0233 -0.9959 0.0869
vn 0.0450 -0.9959 0.0779
vn 0.0779 -0.9959 0.0450
vn 0.1766 -0.9831 0.0473
vn -0.0779 -0.9959 0.0450
vn -0.0869 -0.9959 0.0233
vn -0.0636 -0.9959 0.0636
vn -0.0233 -0.9959 0.0869
vn 0.1829 -0.9831 -0.0000
vn 0.2063 -0.9565 -0.2062
vn -0.0914 -0.9831 -0.1583
vn -0.1766 -0.9831 -0.0473
vn -0.0000 -0.9566 -0.2915
vn -0.0473 -0.9831 -0.1766
vn 0.0636 -0.9959 0.0636
vn -0.0450 -0.9959 0.0779
vn 0.1766 -0.9831 -0.0473
vn 0.1584 -0.9831 -0.0914
vn -0.0779 -0.9959 -0.0450
vn -0.0636 -0.9959 -0.0636
vn -0.0900 -0.9959 -0.0000
vn -0.0000 -0.9831 -0.1828
vn 0.0473 -0.9831 -0.1766
vn 0.1293 -0.9831 -0.1293
vn -0.0000 -1.0000 -0.0000
vn 0.0869 -0.9959 0.0233
vn 0.0869 -0.9959 -0.0233
vn -0.0233 -0.9959 -0.0869
vn -0.0450 -0.9959 -0.0779
vn -0.0869 -0.9959 -0.0233
vn 0.0914 -0.9831 -0.1583
vn 0.0900 -0.9959 -0.0000
vn 0.0636 -0.9959 -0.0636
vn -0.0000 -0.9959 -0.0900
vn 0.0450 -0.9959 -0.0779
vn 0.0779 -0.9959 -0.0450
vn 0.0233 -0.9959 -0.0869
vn -0.0560 0.9808 0.1865
vn 0.0560 0.9809 0.1865
vn -0.1728 0.9477 0.2684
vn 0.1729 0.9477 0.2684
vn -0.0001 0.7496 0.6619
vn -0.1008 0.9946 0.0240
vn -0.1879 0.7484 0.6361
vn -0.2553 0.8810 0.3984
vn -0.2429 0.9453 0.2176
vn 0.2550 0.8811 0.3984
vn 0.1880 0.7485 0.6360
vn -0.1851 0.9781 0.0953
vn -0.0003 0.4990 0.8666
vn -0.3569 0.8771 0.3215
vn 0.3567 0.8772 0.3214
vn 0.2438 0.4994 0.8313
vn 0.2428 0.9454 0.2176
vn 0.1850 0.9781 0.0953
vn 0.1008 0.9946 0.0239
vn -0.2435 0.4994 0.8314
vn -0.3578 0.7454 0.5625
vn -0.2955 0.9430 0.1529
vn 0.4966 0.7418 0.4508
vn 0.3572 0.7455 0.5626
vn 0.2954 0.9431 0.1528
vn 0.0001 0.1602 0.9871
vn 0.2751 0.1643 0.9473
vn -0.4968 0.7416 0.4509
vn -0.4321 0.8734 0.2248
vn 0.4320 0.8734 0.2247
vn 0.5976 0.7382 0.3131
vn 0.4615 0.5006 0.7324
vn -0.3279 0.9414 0.0788
vn 0.3279 0.9414 0.0787
vn -0.2751 0.1647 0.9472
vn -0.4617 0.5008 0.7321
vn 0.7634 0.5050 0.4027
vn 0.6371 0.5028 0.5842
vn 0.4780 0.8708 0.1153
vn -0.2751 -0.1373 0.9516
vn 0.0002 -0.1428 0.9897
vn -0.6375 0.5029 0.5837
vn -0.5977 0.7380 0.3133
vn -0.4780 0.8708 0.1155
vn 0.6582 0.7356 0.1600
vn 0.8374 0.5065 0.2056
vn -0.3280 0.9414 -0.0788
vn 0.4934 0.8698 -0.0000
vn -0.5244 -0.1212 0.8428
vn 0.2749 -0.1371 0.9517
vn 0.5238 -0.1206 0.8433
vn 0.8649 0.2017 0.4597
vn 0.7216 0.1887 0.6661
vn 0.6784 0.7347 -0.0000
vn -0.4934 0.8698 -0.0001
vn -0.4780 0.8708 -0.1153
vn -0.2955 0.9431 -0.1528
vn -0.1078 0.9801 -0.1666
vn 0.3279 0.9414 -0.0787
vn 0.1850 0.9781 -0.0954
vn -0.2610 -0.3243 0.9092
vn 0.2615 -0.3248 0.9089
vn 0.7296 -0.0976 0.6768
vn -0.7225 0.1886 0.6651
vn -0.7630 0.5050 0.4034
vn -0.6582 0.7356 0.1604
vn 0.8617 0.5074 -0.0000
vn 0.9489 0.2110 0.2345
vn -0.6783 0.7347 -0.0000
vn -0.4319 0.8735 -0.2246
vn -0.2428 0.9454 -0.2176
vn -0.0560 0.9809 -0.1865
vn 0.4780 0.8707 -0.1155
vn 0.1079 0.9801 -0.1666
vn -0.5004 -0.3055 0.8101
vn -0.7300 -0.0984 0.6763
vn 0.7008 -0.2822 0.6551
vn 0.9768 0.2140 -0.0000
vn 0.8793 -0.0763 0.4701
vn 0.9686 -0.0610 0.2408
vn 0.6581 0.7357 -0.1601
vn -0.6583 0.7355 -0.1602
vn -0.1729 0.9477 -0.2685
vn 0.2954 0.9431 -0.1530
vn 0.2429 0.9453 -0.2177
vn 0.1730 0.9476 -0.2685
vn 0.0560 0.9808 -0.1865
vn -0.2489 -0.4115 0.8767
vn -0.4794 -0.3949 0.7837
vn 0.4989 -0.3068 0.8106
vn 0.2499 -0.4108 0.8768
vn 0.8507 -0.2575 0.4582
vn -0.8646 0.2011 0.4604
vn -0.8372 0.5067 0.2058
vn -0.8618 0.5073 -0.0002
vn 0.8373 0.5068 -0.2051
vn 0.9985 -0.0551 -0.0000
vn -0.5979 0.7380 -0.3129
vn -0.3566 0.8771 -0.3217
vn -0.0901 0.9494 -0.3010
vn 0.4321 0.8733 -0.2249
vn -0.0002 -0.4173 0.9088
vn -0.6752 -0.3716 0.6372
vn -0.7012 -0.2809 0.6554
vn 0.8237 -0.3468 0.4486
vn 0.6748 -0.3710 0.6380
vn -0.8786 -0.0756 0.4715
vn 0.9491 0.2107 -0.2341
vn 0.9417 -0.2400 0.2357
vn 0.5974 0.7383 -0.3130
vn -0.8372 0.5069 -0.2051
vn -0.7630 0.5055 -0.4028
vn -0.1334 0.8840 -0.4481
vn 0.3568 0.8771 -0.3215
vn 0.1334 0.8839 -0.4482
vn -0.0005 -0.4316 0.9021
vn -0.2447 -0.4253 0.8713
vn -0.4733 -0.4093 0.7801
vn 0.4790 -0.3944 0.7843
vn 0.2457 -0.4258 0.8709
vn 0.9155 -0.3294 0.2309
vn -0.9490 0.2104 0.2349
vn -0.9769 0.2138 -0.0001
vn 0.7630 0.5053 -0.4030
vn 0.9686 -0.0610 -0.2408
vn 0.9722 -0.2342 -0.0000
vn -0.9492 0.2107 -0.2338
vn -0.4964 0.7419 -0.4508
vn -0.3575 0.7458 -0.5622
vn 0.4963 0.7418 -0.4511
vn 0.0001 0.8851 -0.4655
vn -0.6671 -0.3879 0.6361
vn -0.8237 -0.3474 0.4481
vn -0.8502 -0.2578 0.4590
vn 0.8155 -0.3664 0.4481
vn 0.9074 -0.3503 0.2321
vn 0.4722 -0.4092 0.7808
vn -0.9687 -0.0598 0.2408
vn 0.8645 0.2008 -0.4608
vn 0.9414 -0.2406 -0.2363
vn -0.6374 0.5033 -0.5835
vn -0.1877 0.7486 -0.6359
vn 0.3580 0.7455 -0.5621
vn 0.1876 0.7486 -0.6359
vn -0.0001 -0.3956 0.9184
vn 0.2469 -0.3899 0.8871
vn -0.4772 -0.3748 0.7949
vn -0.9414 -0.2410 0.2361
vn 0.6666 -0.3874 0.6369
vn 0.9390 -0.3440 -0.0002
vn -0.9689 -0.0604 -0.2401
vn 0.6368 0.5031 -0.5843
vn 0.8790 -0.0758 -0.4708
vn 0.8503 -0.2587 -0.4583
vn 0.9155 -0.3290 -0.2315
vn 0.9464 -0.3230 -0.0000
vn -0.8648 0.2014 -0.4600
vn -0.4615 0.5012 -0.7321
vn 0.4624 0.5010 -0.7316
vn -0.2461 -0.3901 0.8873
vn -0.6739 -0.3544 0.6482
vn -0.8151 -0.3659 0.4491
vn 0.8235 -0.3349 0.4579
vn 0.9493 -0.3142 -0.0001
vn 0.6728 -0.3564 0.6483
vn -0.9722 -0.2342 -0.0004
vn -0.9985 -0.0546 -0.0002
vn 0.7217 0.1875 -0.6663
vn 0.7297 -0.0964 -0.6769
vn 0.8240 -0.3456 -0.4490
vn -0.7221 0.1882 -0.6657
vn -0.2515 -0.3224 0.9126
vn 0.0002 -0.3267 0.9451
vn 0.4762 -0.3756 0.7950
vn -0.4853 -0.3096 0.8177
vn -0.6865 -0.2907 0.6665
vn -0.9151 -0.3298 0.2321
vn 0.9175 -0.3195 0.2370
vn 0.9173 -0.3200 -0.2368
vn -0.9462 -0.3235 -0.0002
vn -0.8791 -0.0759 -0.4706
vn -0.9418 -0.2405 -0.2351
vn 0.5231 0.1739 -0.8344
vn 0.6757 -0.3702 -0.6375
vn 0.9078 -0.3500 -0.2313
vn -0.5224 0.1745 -0.8347
vn 0.2509 -0.3218 0.9129
vn 0.4867 -0.3085 0.8173
vn -0.8234 -0.3347 0.4583
vn -0.9076 -0.3496 0.2325
vn 0.6857 -0.2896 0.6678
vn 0.9348 -0.2586 0.2435
vn 0.9674 -0.2534 0.0001
vn -0.9155 -0.3296 -0.2306
vn 0.5241 -0.1195 -0.8433
vn 0.7012 -0.2828 -0.6544
vn 0.8147 -0.3667 -0.4492
vn -0.7296 -0.0977 -0.6768
vn -0.2745 0.1641 -0.9475
vn -0.0002 0.1604 -0.9871
vn -0.2554 -0.2491 0.9342
vn 0.2552 -0.2499 0.9340
vn -0.4934 -0.2374 0.8368
vn -0.8390 -0.2717 0.4714
vn 0.8391 -0.2717 0.4714
vn 0.9349 -0.2580 -0.2437
vn -0.9076 -0.3501 -0.2318
vn -0.8503 -0.2580 -0.4587
vn 0.2755 -0.1370 -0.9515
vn 0.6661 -0.3886 -0.6366
vn 0.4995 -0.3062 -0.8104
vn 0.2753 0.1638 -0.9473
vn -0.5244 -0.1200 -0.8430
vn 0.4930 -0.2377 0.8369
vn -0.6959 -0.2216 0.6831
vn -0.9172 -0.3198 0.2376
vn -0.9392 -0.3435 -0.0000
vn 0.8516 -0.2066 0.4819
vn 0.9816 -0.1907 -0.0001
vn 0.8391 -0.2720 -0.4710
vn 0.9486 -0.1952 -0.2491
vn 0.8235 -0.3346 -0.4582
vn -0.8231 -0.3475 -0.4492
vn 0.2605 -0.3243 -0.9094
vn 0.4727 -0.4098 -0.7802
vn 0.6729 -0.3545 -0.6493
vn 0.4794 -0.3949 -0.7837
vn -0.7008 -0.2822 -0.6551
vn -0.2743 -0.1366 -0.9519
vn 0.0001 -0.2192 0.9757
vn -0.4949 -0.2067 0.8440
vn 0.2558 -0.2156 0.9424
vn -0.8518 -0.2059 0.4817
vn -0.9347 -0.2585 0.2442
vn -0.9493 -0.3143 -0.0000
vn 0.6961 -0.2222 0.6827
vn 0.9486 -0.1947 0.2493
vn -0.8146 -0.3665 -0.4496
vn 0.0005 -0.3314 -0.9435
vn 0.4772 -0.3749 -0.7948
vn -0.4994 -0.3073 -0.8101
vn -0.2555 -0.2159 0.9424
vn 0.4936 -0.2066 0.8448
vn -0.6978 -0.1946 0.6894
vn -0.8545 -0.1818 0.4866
vn -0.9673 -0.2537 -0.0000
vn 0.6990 -0.1942 0.6883
vn 0.9524 -0.1725 0.2514
vn 0.9856 -0.1691 0.0002
vn 0.8511 -0.2068 -0.4826
vn -0.8234 -0.3347 -0.4583
vn -0.6678 -0.3872 -0.6357
vn -0.9172 -0.3198 -0.2376
vn 0.0005 -0.4171 -0.9088
vn 0.2469 -0.3899 -0.8871
vn 0.2454 -0.4256 -0.8710
vn 0.4862 -0.3089 -0.8174
vn 0.2487 -0.4114 -0.8769
vn -0.6752 -0.3716 -0.6372
vn -0.2608 -0.3253 -0.9089
vn -0.2513 -0.2672 0.9303
vn -0.4862 -0.2603 0.8342
vn 0.0002 -0.2696 0.9630
vn 0.4856 -0.2608 0.8344
vn -0.9485 -0.1948 0.2497
vn 0.8540 -0.1817 0.4875
vn 0.9523 -0.1723 -0.2520
vn 0.6853 -0.2908 -0.6677
vn 0.6962 -0.2220 -0.6826
vn 0.8545 -0.1810 -0.4868
vn -0.6744 -0.3550 -0.6474
vn -0.2499 -0.4108 -0.8768
vn 0.2513 -0.2674 0.9303
vn 0.6877 -0.2512 0.6811
vn -0.6876 -0.2511 0.6813
vn -0.9523 -0.1723 0.2520
vn -0.9817 -0.1906 -0.0001
vn 0.6980 -0.1938 -0.6893
vn -0.8389 -0.2714 -0.4718
vn -0.6871 -0.2901 -0.6662
vn -0.4728 -0.4087 -0.7807
vn 0.0003 -0.4315 -0.9021
vn -0.2452 -0.4253 -0.8712
vn 0.2512 -0.3224 -0.9127
vn 0.4930 -0.2377 -0.8369
vn -0.4790 -0.3944 -0.7843
vn -0.2360 -0.4200 0.8763
vn -0.4566 -0.4161 0.7864
vn 0.0001 -0.4214 0.9069
vn 0.6466 -0.4104 0.6430
vn 0.2362 -0.4199 0.8763
vn -0.6467 -0.4103 0.6429
vn -0.8418 -0.2425 0.4823
vn -0.9856 -0.1691 -0.0002
vn -0.9488 -0.1949 -0.2486
vn 0.8420 -0.2423 0.4821
vn 0.4942 -0.2067 -0.8444
vn 0.8419 -0.2427 -0.4821
vn -0.4757 -0.3760 -0.7952
vn 0.0004 -0.3268 -0.9451
vn 0.2556 -0.2493 -0.9341
vn 0.0002 -0.3958 -0.9183
vn 0.7932 -0.4048 0.4550
vn 0.4563 -0.4159 0.7867
vn -0.9524 -0.1725 -0.2514
vn 0.9168 -0.3992 -0.0000
vn 0.8853 -0.4008 -0.2358
vn 0.4858 -0.2602 -0.8344
vn 0.6872 -0.2515 -0.6815
vn -0.6971 -0.2221 -0.6817
vn -0.4849 -0.3082 -0.8185
vn -0.2468 -0.3907 -0.8868
vn 0.0003 -0.2536 -0.9673
vn 0.2561 -0.2159 -0.9422
vn -0.3918 -0.6241 0.6760
vn 0.5548 -0.6217 0.5529
vn 0.2026 -0.6259 0.7532
vn -0.7931 -0.4046 0.4553
vn -0.9169 -0.3992 -0.0001
vn -0.8510 -0.2065 -0.4830
vn 0.2516 -0.2671 -0.9302
vn 0.6467 -0.4103 -0.6429
vn -0.2518 -0.3215 -0.9128
vn -0.2550 -0.2494 -0.9342
vn 0.0003 -0.2193 -0.9757
vn -0.2024 -0.6260 0.7531
vn -0.5547 -0.6217 0.5530
vn 0.3915 -0.6241 0.6762
vn -0.8854 -0.4007 -0.2357
vn -0.8543 -0.1814 -0.4872
vn 0.7601 -0.6173 0.2030
vn 0.7872 -0.6167 0.0001
vn 0.7929 -0.4048 -0.4554
vn 0.2362 -0.4199 -0.8763
vn -0.6987 -0.1939 -0.6886
vn -0.4927 -0.2380 -0.8370
vn -0.2559 -0.2163 -0.9422
vn 0.0002 -0.2696 -0.9630
vn -0.3013 -0.7987 0.5209
vn 0.5230 -0.7973 0.3014
vn 0.4265 -0.7980 0.4258
vn -0.7872 -0.6167 -0.0000
vn 0.7601 -0.6173 -0.2031
vn 0.6807 -0.6192 -0.3915
vn 0.4564 -0.4160 -0.7866
vn 0.0001 -0.4214 -0.9069
vn -0.4937 -0.2071 -0.8446
vn -0.2516 -0.2670 -0.9303
vn -0.4266 -0.7979 0.4258
vn 0.5839 -0.7967 0.1561
vn 0.3012 -0.7987 0.5209
vn -0.7601 -0.6173 0.2031
vn -0.8420 -0.2424 -0.4819
vn -0.7600 -0.6174 -0.2029
vn 0.6046 -0.7965 -0.0000
vn 0.3917 -0.6241 -0.6761
vn 0.2026 -0.6259 -0.7532
vn 0.0001 -0.6266 -0.7794
vn 0.5546 -0.6217 -0.5531
vn -0.2360 -0.4200 -0.8763
vn -0.3039 -0.9030 0.3036
vn -0.5230 -0.7972 0.3015
vn 0.4155 -0.9028 0.1112
vn 0.2148 -0.9032 0.3717
vn -0.7930 -0.4049 -0.4552
vn -0.5839 -0.7967 -0.1561
vn -0.6871 -0.2518 -0.6815
vn 0.5838 -0.7967 -0.1561
vn -0.2024 -0.6259 -0.7531
vn -0.4857 -0.2606 -0.8343
vn -0.4568 -0.4157 -0.7864
vn -0.2147 -0.9032 0.3717
vn 0.3039 -0.9030 0.3037
vn -0.6806 -0.6192 -0.3916
vn 0.4155 -0.9028 -0.1113
vn 0.3013 -0.7987 -0.5209
vn 0.1558 -0.7992 -0.5805
vn -0.1558 -0.7993 -0.5804
vn 0.4265 -0.7980 -0.4258
vn -0.3916 -0.6242 -0.6760
vn -0.4155 -0.9028 0.1113
vn -0.6464 -0.4102 -0.6433
vn -0.4155 -0.9028 -0.1112
vn -0.3013 -0.7987 -0.5208
vn 0.3039 -0.9030 -0.3037
vn -0.5547 -0.6217 -0.5529
vn 0.2148 -0.9032 -0.3717
vn -0.4265 -0.7980 -0.4259
vn -0.2147 -0.9032 -0.3717
vn -0.3039 -0.9030 -0.3036
vt 0.126667 0.190000
vt 0.206667 0.190000
vt 0.166667 0.310000
s 1
f 1/1/1 2/2/2 3/3/3
f 1/1/1 3/2/3 4/3/4
f 1/1/1 5/2/5 2/3/2
f 2/1/2 6/2/6 3/3/3
f 7/1/7 1/2/1 4/3/4
f 3/1/3 8/2/8 4/3/4
f 9/1/9 5/2/5 1/3/1
f 5/1/5 10/2/10 2/3/2
f 2/1/2 10/2/10 6/3/6
f 6/1/6 11/2/11 3/3/3
f 7/1/7 4/2/4 12/3/12
f 9/1/9 1/2/1 7/3/7
f 4/1/4 8/2/8 12/3/12
f 3/1/3 11/2/11 8/3/8
f 9/1/9 13/2/13 5/3/5
f 13/1/13 10/2/10 5/3/5
f 10/1/10 14/2/14 6/3/6
f 6/1/6 14/2/14 11/3/11
f 15/1/15 7/2/7 12/3/12
f 16/1/16 9/2/9 7/3/7
f 12/1/12 8/2/8 17/3/17
f 11/1/11 18/2/18 8/3/8
f 19/1/19 13/2/13 9/3/9
f 20/1/20 10/2/10 13/3/13
f 10/1/10 21/2/21 14/3/14
f 14/1/14 21/2/21 11/3/11
f 15/1/15 12/2/12 22/3/22
f 16/1/16 7/2/7 15/3/15
f 16/1/16 19/2/19 9/3/9
f 8/1/8 18/2/18 17/3/17
f 12/1/12 17/2/17 22/3/22
f 11/1/11 23/2/23 18/3/18
f 19/1/19 20/2/20 13/3/13
f 24/1/24 10/2/10 20/3/20
f 10/1/10 25/2/25 21/3/21
f 21/1/21 23/2/23 11/3/11
f 26/1/26 15/2/15 22/3/22
f 27/1/27 16/2/16 15/3/15
f 28/1/28 19/2/19 16/3/16
f 17/1/17 18/2/18 29/3/29
f 22/1/22 17/2/17 30/3/30
f 23/1/23 31/2/31 18/3/18
f 32/1/32 20/2/20 19/3/19
f 32/1/32 24/2/24 20/3/20
f 33/1/33 10/2/10 24/3/24
f 21/1/21 25/2/25 23/3/23
f 10/1/10 34/2/34 25/3/25
f 22/1/22 35/2/35 26/3/26
f 27/1/27 15/2/15 26/3/26
f 36/1/36 16/2/16 27/3/27
f 36/1/36 28/2/28 16/3/16
f 28/1/28 32/2/32 19/3/19
f 18/1/18 37/2/37 29/3/29
f 17/1/17 29/2/29 30/3/30
f 30/1/30 38/2/38 22/3/22
f 25/1/25 31/2/31 23/3/23
f 31/1/31 39/2/39 18/3/18
f 40/1/40 24/2/24 32/3/32
f 41/1/41 33/2/33 24/3/24
f 33/1/33 42/2/42 10/3/10
f 25/1/25 34/2/34 43/3/43
f 10/1/10 44/2/44 34/3/34
f 26/1/26 35/2/35 45/3/45
f 22/1/22 38/2/38 35/3/35
f 46/1/46 27/2/27 26/3/26
f 36/1/36 27/2/27 46/3/46
f 36/1/36 47/2/47 28/3/28
f 47/1/47 32/2/32 28/3/28
f 18/1/18 39/2/39 37/3/37
f 29/1/29 37/2/37 48/3/48
f 30/1/30 29/2/29 49/3/49
f 49/1/49 38/2/38 30/3/30
f 25/1/25 43/2/43 31/3/31
f 31/1/31 50/2/50 39/3/39
f 47/1/47 40/2/40 32/3/32
f 41/1/41 24/2/24 40/3/40
f 41/1/41 42/2/42 33/3/33
f 42/1/42 51/2/51 10/3/10
f 34/1/34 52/2/52 43/3/43
f 34/1/34 44/2/44 52/3/52
f 10/1/10 53/2/53 44/3/44
f 35/1/35 54/2/54 45/3/45
f 26/1/26 45/2/45 46/3/46
f 38/1/38 55/2/55 35/3/35
f 56/1/56 36/2/36 46/3/46
f 57/1/57 47/2/47 36/3/36
f 39/1/39 58/2/58 37/3/37
f 37/1/37 59/2/59 48/3/48
f 29/1/29 48/2/48 49/3/49
f 49/1/49 60/2/60 38/3/38
f 31/1/31 43/2/43 50/3/50
f 39/1/39 50/2/50 58/3/58
f 61/1/61 40/2/40 47/3/47
f 62/1/62 41/2/41 40/3/40
f 41/1/41 63/2/63 42/3/42
f 63/1/63 51/2/51 42/3/42
f 51/1/51 64/2/64 10/3/10
f 43/1/43 52/2/52 65/3/65
f 44/1/44 66/2/66 52/3/52
f 44/1/44 53/2/53 66/3/66
f 10/1/10 67/2/67 53/3/53
f 45/1/45 54/2/54 68/3/68
f 35/1/35 55/2/55 54/3/54
f 46/1/46 45/2/45 69/3/69
f 60/1/60 55/2/55 38/3/38
f 56/1/56 46/2/46 69/3/69
f 57/1/57 36/2/36 56/3/56
f 57/1/57 61/2/61 47/3/47
f 37/1/37 58/2/58 59/3/59
f 48/1/48 59/2/59 70/3/70
f 49/1/49 48/2/48 71/3/71
f 49/1/49 71/2/71 60/3/60
f 43/1/43 65/2/65 50/3/50
f 50/1/50 72/2/72 58/3/58
f 62/1/62 40/2/40 61/3/61
f 62/1/62 63/2/63 41/3/41
f 63/1/63 73/2/73 51/3/51
f 73/1/73 64/2/64 51/3/51
f 64/1/64 74/2/74 10/3/10
f 52/1/52 75/2/75 65/3/65
f 52/1/52 66/2/66 75/3/75
f 67/1/67 66/2/66 53/3/53
f 10/1/10 76/2/76 67/3/67
f 54/1/54 77/2/77 68/3/68
f 45/1/45 68/2/68 69/3/69
f 55/1/55 78/2/78 54/3/54
f 60/1/60 79/2/79 55/3/55
f 80/1/80 56/2/56 69/3/69
f 81/1/81 57/2/57 56/3/56
f 82/1/82 61/2/61 57/3/57
f 58/1/58 83/2/83 59/3/59
f 48/1/48 70/2/70 71/3/71
f 84/1/84 70/2/70 59/3/59
f 71/1/71 79/2/79 60/3/60
f 50/1/50 65/2/65 72/3/72
f 58/1/58 72/2/72 83/3/83
f 82/1/82 62/2/62 61/3/61
f 62/1/62 85/2/85 63/3/63
f 85/1/85 73/2/73 63/3/63
f 73/1/73 86/2/86 64/3/64
f 86/1/86 74/2/74 64/3/64
f 74/1/74 87/2/87 10/3/10
f 65/1/65 75/2/75 88/3/88
f 89/1/89 75/2/75 66/3/66
f 67/1/67 89/2/89 66/3/66
f 76/1/76 89/2/89 67/3/67
f 10/1/10 90/2/90 76/3/76
f 54/1/54 78/2/78 77/3/77
f 68/1/68 77/2/77 91/3/91
f 69/1/69 68/2/68 92/3/92
f 55/1/55 93/2/93 78/3/78
f 79/1/79 94/2/94 55/3/55
f 69/1/69 92/2/92 80/3/80
f 81/1/81 56/2/56 80/3/80
f 81/1/81 82/2/82 57/3/57
f 83/1/83 84/2/84 59/3/59
f 70/1/70 95/2/95 71/3/71
f 84/1/84 95/2/95 70/3/70
f 71/1/71 96/2/96 79/3/79
f 65/1/65 88/2/88 72/3/72
f 72/1/72 97/2/97 83/3/83
f 98/1/98 62/2/62 82/3/82
f 99/1/99 85/2/85 62/3/62
f 85/1/85 100/2/100 73/3/73
f 100/1/100 86/2/86 73/3/73
f 86/1/86 101/2/101 74/3/74
f 101/1/101 87/2/87 74/3/74
f 87/1/87 102/2/102 10/3/10
f 103/1/103 88/2/88 75/3/75
f 89/1/89 103/2/103 75/3/75
f 76/1/76 104/2/104 89/3/89
f 90/1/90 105/2/105 76/3/76
f 10/1/10 106/2/106 90/3/90
f 78/1/78 107/2/107 77/3/77
f 77/1/77 107/2/107 91/3/91
f 68/1/68 91/2/91 92/3/92
f 55/1/55 94/2/94 93/3/93
f 93/1/93 108/2/108 78/3/78
f 79/1/79 109/2/109 94/3/94
f 80/1/80 92/2/92 110/3/110
f 111/1/111 81/2/81 80/3/80
f 112/1/112 82/2/82 81/3/81
f 113/1/113 84/2/84 83/3/83
f 95/1/95 96/2/96 71/3/71
f 84/1/84 114/2/114 95/3/95
f 96/1/96 109/2/109 79/3/79
f 72/1/72 88/2/88 97/3/97
f 113/1/113 83/2/83 97/3/97
f 115/1/115 98/2/98 82/3/82
f 98/1/98 99/2/99 62/3/62
f 99/1/99 116/2/116 85/3/85
f 116/1/116 100/2/100 85/3/85
f 100/1/100 117/2/117 86/3/86
f 117/1/117 101/2/101 86/3/86
f 101/1/101 118/2/118 87/3/87
f 118/1/118 102/2/102 87/3/87
f 102/1/102 119/2/119 10/3/10
f 103/1/103 120/2/120 88/3/88
f 104/1/104 103/2/103 89/3/89
f 76/1/76 105/2/105 104/3/104
f 90/1/90 121/2/121 105/3/105
f 106/1/106 121/2/121 90/3/90
f 10/1/10 119/2/119 106/3/106
f 78/1/78 122/2/122 107/3/107
f 91/1/91 107/2/107 123/3/123
f 92/1/92 91/2/91 124/3/124
f 94/1/94 108/2/108 93/3/93
f 78/1/78 108/2/108 122/3/122
f 109/1/109 125/2/125 94/3/94
f 92/1/92 124/2/124 110/3/110
f 111/1/111 80/2/80 110/3/110
f 112/1/112 81/2/81 111/3/111
f 115/1/115 82/2/82 112/3/112
f 126/1/126 84/2/84 113/3/113
f 127/1/127 96/2/96 95/3/95
f 126/1/126 114/2/114 84/3/84
f 128/1/128 95/2/95 114/3/114
f 127/1/127 109/2/109 96/3/96
f 120/1/120 97/2/97 88/3/88
f 129/1/129 113/2/113 97/3/97
f 115/1/115 130/2/130 98/3/98
f 130/1/130 99/2/99 98/3/98
f 130/1/130 116/2/116 99/3/99
f 116/1/116 117/2/117 100/3/100
f 117/1/117 131/2/131 101/3/101
f 131/1/131 118/2/118 101/3/101
f 118/1/118 132/2/132 102/3/102
f 132/1/132 119/2/119 102/3/102
f 133/1/133 120/2/120 103/3/103
f 104/1/104 133/2/133 103/3/103
f 105/1/105 134/2/134 104/3/104
f 121/1/121 135/2/135 105/3/105
f 106/1/106 136/2/136 121/3/121
f 119/1/119 136/2/136 106/3/106
f 122/1/122 137/2/137 107/3/107
f 107/1/107 138/2/138 123/3/123
f 91/1/91 123/2/123 124/3/124
f 94/1/94 139/2/139 108/3/108
f 108/1/108 140/2/140 122/3/122
f 141/1/141 125/2/125 109/3/109
f 94/1/94 125/2/125 139/3/139
f 142/1/142 110/2/110 124/3/124
f 111/1/111 110/2/110 142/3/142
f 112/1/112 111/2/111 143/3/143
f 115/1/115 112/2/112 144/3/144
f 145/1/145 126/2/126 113/3/113
f 128/1/128 127/2/127 95/3/95
f 146/1/146 114/2/114 126/3/126
f 146/1/146 128/2/128 114/3/114
f 141/1/141 109/2/109 127/3/127
f 120/1/120 129/2/129 97/3/97
f 145/1/145 113/2/113 129/3/129
f 130/1/130 115/2/115 144/3/144
f 130/1/130 147/2/147 116/3/116
f 116/1/116 148/2/148 117/3/117
f 148/1/148 131/2/131 117/3/117
f 131/1/131 149/2/149 118/3/118
f 149/1/149 132/2/132 118/3/118
f 132/1/132 136/2/136 119/3/119
f 133/1/133 150/2/150 120/3/120
f 104/1/104 134/2/134 133/3/133
f 105/1/105 135/2/135 134/3/134
f 151/1/151 135/2/135 121/3/121
f 136/1/136 151/2/151 121/3/121
f 122/1/122 152/2/152 137/3/137
f 107/1/107 137/2/137 138/3/138
f 123/1/123 138/2/138 153/3/153
f 124/1/124 123/2/123 154/3/154
f 139/1/139 140/2/140 108/3/108
f 122/1/122 140/2/140 152/3/152
f 155/1/155 125/2/125 141/3/141
f 125/1/125 156/2/156 139/3/139
f 157/1/157 142/2/142 124/3/124
f 143/1/143 111/2/111 142/3/142
f 144/1/144 112/2/112 143/3/143
f 158/1/158 126/2/126 145/3/145
f 128/1/128 141/2/141 127/3/127
f 158/1/158 146/2/146 126/3/126
f 146/1/146 159/2/159 128/3/128
f 120/1/120 160/2/160 129/3/129
f 160/1/160 145/2/145 129/3/129
f 161/1/161 130/2/130 144/3/144
f 162/1/162 147/2/147 130/3/130
f 147/1/147 148/2/148 116/3/116
f 148/1/148 163/2/163 131/3/131
f 131/1/131 164/2/164 149/3/149
f 149/1/149 165/2/165 132/3/132
f 165/1/165 136/2/136 132/3/132
f 133/1/133 166/2/166 150/3/150
f 150/1/150 160/2/160 120/3/120
f 134/1/134 166/2/166 133/3/133
f 135/1/135 167/2/167 134/3/134
f 151/1/151 168/2/168 135/3/135
f 165/1/165 151/2/151 136/3/136
f 152/1/152 169/2/169 137/3/137
f 137/1/137 170/2/170 138/3/138
f 138/1/138 171/2/171 153/3/153
f 123/1/123 153/2/153 154/3/154
f 157/1/157 124/2/124 154/3/154
f 139/1/139 172/2/172 140/3/140
f 140/1/140 173/2/173 152/3/152
f 155/1/155 156/2/156 125/3/125
f 174/1/174 155/2/155 141/3/141
f 139/1/139 156/2/156 172/3/172
f 175/1/175 142/2/142 157/3/157
f 143/1/143 142/2/142 175/3/175
f 144/1/144 143/2/143 176/3/176
f 177/1/177 158/2/158 145/3/145
f 159/1/159 141/2/141 128/3/128
f 158/1/158 178/2/178 146/3/146
f 179/1/179 159/2/159 146/3/146
f 177/1/177 145/2/145 160/3/160
f 180/1/180 161/2/161 144/3/144
f 162/1/162 130/2/130 161/3/161
f 162/1/162 181/2/181 147/3/147
f 147/1/147 181/2/181 148/3/148
f 148/1/148 182/2/182 163/3/163
f 163/1/163 164/2/164 131/3/131
f 164/1/164 165/2/165 149/3/149
f 166/1/166 183/2/183 150/3/150
f 183/1/183 160/2/160 150/3/150
f 167/1/167 166/2/166 134/3/134
f 168/1/168 167/2/167 135/3/135
f 184/1/184 168/2/168 151/3/151
f 184/1/184 151/2/151 165/3/165
f 137/1/137 169/2/169 170/3/170
f 152/1/152 173/2/173 169/3/169
f 138/1/138 170/2/170 171/3/171
f 153/1/153 171/2/171 185/3/185
f 186/1/186 154/2/154 153/3/153
f 187/1/187 157/2/157 154/3/154
f 172/1/172 173/2/173 140/3/140
f 188/1/188 156/2/156 155/3/155
f 189/1/189 155/2/155 174/3/174
f 174/1/174 141/2/141 159/3/159
f 156/1/156 190/2/190 172/3/172
f 191/1/191 175/2/175 157/3/157
f 176/1/176 143/2/143 175/3/175
f 180/1/180 144/2/144 176/3/176
f 192/1/192 158/2/158 177/3/177
f 192/1/192 178/2/178 158/3/158
f 178/1/178 193/2/193 146/3/146
f 193/1/193 179/2/179 146/3/146
f 179/1/179 174/2/174 159/3/159
f 183/1/183 177/2/177 160/3/160
f 162/1/162 161/2/161 180/3/180
f 162/1/162 194/2/194 181/3/181
f 181/1/181 182/2/182 148/3/148
f 182/1/182 195/2/195 163/3/163
f 163/1/163 195/2/195 164/3/164
f 164/1/164 184/2/184 165/3/165
f 196/1/196 183/2/183 166/3/166
f 167/1/167 196/2/196 166/3/166
f 168/1/168 197/2/197 167/3/167
f 198/1/198 168/2/168 184/3/184
f 169/1/169 199/2/199 170/3/170
f 173/1/173 200/2/200 169/3/169
f 170/1/170 201/2/201 171/3/171
f 171/1/171 201/2/201 185/3/185
f 186/1/186 153/2/153 185/3/185
f 186/1/186 187/2/187 154/3/154
f 202/1/202 157/2/157 187/3/187
f 172/1/172 190/2/190 173/3/173
f 188/1/188 203/2/203 156/3/156
f 189/1/189 188/2/188 155/3/155
f 204/1/204 189/2/189 174/3/174
f 156/1/156 203/2/203 190/3/190
f 202/1/202 191/2/191 157/3/157
f 176/1/176 175/2/175 191/3/191
f 180/1/180 176/2/176 205/3/205
f 206/1/206 192/2/192 177/3/177
f 192/1/192 207/2/207 178/3/178
f 208/1/208 193/2/193 178/3/178
f 193/1/193 209/2/209 179/3/179
f 210/1/210 174/2/174 179/3/179
f 183/1/183 206/2/206 177/3/177
f 211/1/211 162/2/162 180/3/180
f 194/1/194 162/2/162 211/3/211
f 194/1/194 182/2/182 181/3/181
f 182/1/182 212/2/212 195/3/195
f 195/1/195 184/2/184 164/3/164
f 196/1/196 213/2/213 183/3/183
f 197/1/197 196/2/196 167/3/167
f 198/1/198 197/2/197 168/3/168
f 195/1/195 198/2/198 184/3/184
f 170/1/170 199/2/199 214/3/214
f 169/1/169 200/2/200 199/3/199
f 190/1/190 200/2/200 173/3/173
f 170/1/170 214/2/214 201/3/201
f 185/1/185 201/2/201 215/3/215
f 216/1/216 186/2/186 185/3/185
f 202/1/202 187/2/187 186/3/186
f 217/1/217 203/2/203 188/3/188
f 189/1/189 217/2/217 188/3/188
f 218/1/218 189/2/189 204/3/204
f 204/1/204 174/2/174 210/3/210
f 203/1/203 219/2/219 190/3/190
f 220/1/220 191/2/191 202/3/202
f 176/1/176 191/2/191 221/3/221
f 211/1/211 180/2/180 205/3/205
f 205/1/205 176/2/176 221/3/221
f 222/1/222 192/2/192 206/3/206
f 223/1/223 207/2/207 192/3/192
f 207/1/207 208/2/208 178/3/178
f 208/1/208 224/2/224 193/3/193
f 224/1/224 209/2/209 193/3/193
f 209/1/209 210/2/210 179/3/179
f 213/1/213 206/2/206 183/3/183
f 225/1/225 194/2/194 211/3/211
f 194/1/194 212/2/212 182/3/182
f 195/1/195 212/2/212 226/3/226
f 197/1/197 213/2/213 196/3/196
f 198/1/198 227/2/227 197/3/197
f 195/1/195 226/2/226 198/3/198
f 199/1/199 228/2/228 214/3/214
f 200/1/200 229/2/229 199/3/199
f 190/1/190 230/2/230 200/3/200
f 214/1/214 231/2/231 201/3/201
f 201/1/201 232/2/232 215/3/215
f 216/1/216 185/2/185 215/3/215
f 233/1/233 186/2/186 216/3/216
f 233/1/233 202/2/202 186/3/186
f 217/1/217 219/2/219 203/3/203
f 234/1/234 217/2/217 189/3/189
f 218/1/218 234/2/234 189/3/189
f 235/1/235 218/2/218 204/3/204
f 209/1/209 204/2/204 210/3/210
f 190/1/190 219/2/219 230/3/230
f 220/1/220 221/2/221 191/3/191
f 220/1/220 202/2/202 236/3/236
f 211/1/211 205/2/205 237/3/237
f 205/1/205 221/2/221 238/3/238
f 206/1/206 239/2/239 222/3/222
f 222/1/222 223/2/223 192/3/192
f 223/1/223 208/2/208 207/3/207
f 240/1/240 224/2/224 208/3/208
f 224/1/224 241/2/241 209/3/209
f 213/1/213 239/2/239 206/3/206
f 225/1/225 211/2/211 237/3/237
f 194/1/194 225/2/225 212/3/212
f 212/1/212 242/2/242 226/3/226
f 197/1/197 227/2/227 213/3/213
f 198/1/198 243/2/243 227/3/227
f 198/1/198 226/2/226 243/3/243
f 199/1/199 229/2/229 228/3/228
f 214/1/214 228/2/228 231/3/231
f 200/1/200 244/2/244 229/3/229
f 230/1/230 245/2/245 200/3/200
f 201/1/201 231/2/231 232/3/232
f 246/1/246 215/2/215 232/3/232
f 246/1/246 216/2/216 215/3/215
f 247/1/247 233/2/233 216/3/216
f 236/1/236 202/2/202 233/3/233
f 217/1/217 248/2/248 219/3/219
f 249/1/249 217/2/217 234/3/234
f 218/1/218 249/2/249 234/3/234
f 235/1/235 250/2/250 218/3/218
f 241/1/241 235/2/235 204/3/204
f 209/1/209 241/2/241 204/3/204
f 219/1/219 245/2/245 230/3/230
f 238/1/238 221/2/221 220/3/220
f 251/1/251 220/2/220 236/3/236
f 237/1/237 205/2/205 238/3/238
f 239/1/239 252/2/252 222/3/222
f 222/1/222 252/2/252 223/3/223
f 223/1/223 253/2/253 208/3/208
f 240/1/240 254/2/254 224/3/224
f 253/1/253 240/2/240 208/3/208
f 224/1/224 254/2/254 241/3/241
f 227/1/227 239/2/239 213/3/213
f 225/1/225 237/2/237 255/3/255
f 212/1/212 225/2/225 242/3/242
f 226/1/226 242/2/242 256/3/256
f 243/1/243 257/2/257 227/3/227
f 226/1/226 257/2/257 243/3/243
f 229/1/229 258/2/258 228/3/228
f 228/1/228 258/2/258 231/3/231
f 200/1/200 245/2/245 244/3/244
f 244/1/244 259/2/259 229/3/229
f 231/1/231 260/2/260 232/3/232
f 261/1/261 246/2/246 232/3/232
f 247/1/247 216/2/216 246/3/246
f 236/1/236 233/2/233 247/3/247
f 262/1/262 248/2/248 217/3/217
f 219/1/219 248/2/248 245/3/245
f 249/1/249 262/2/262 217/3/217
f 250/1/250 249/2/249 218/3/218
f 235/1/235 263/2/263 250/3/250
f 254/1/254 235/2/235 241/3/241
f 238/1/238 220/2/220 251/3/251
f 251/1/251 236/2/236 264/3/264
f 237/1/237 238/2/238 265/3/265
f 239/1/239 266/2/266 252/3/252
f 252/1/252 253/2/253 223/3/223
f 240/1/240 267/2/267 254/3/254
f 268/1/268 240/2/240 253/3/253
f 227/1/227 269/2/269 239/3/239
f 255/1/255 237/2/237 265/3/265
f 225/1/225 255/2/255 242/3/242
f 242/1/242 270/2/270 256/3/256
f 226/1/226 256/2/256 257/3/257
f 227/1/227 257/2/257 269/3/269
f 229/1/229 271/2/271 258/3/258
f 231/1/231 258/2/258 260/3/260
f 245/1/245 272/2/272 244/3/244
f 229/1/229 259/2/259 271/3/271
f 244/1/244 272/2/272 259/3/259
f 232/1/232 260/2/260 273/3/273
f 261/1/261 232/2/232 273/3/273
f 274/1/274 246/2/246 261/3/261
f 274/1/274 247/2/247 246/3/246
f 236/1/236 247/2/247 275/3/275
f 276/1/276 248/2/248 262/3/262
f 248/1/248 272/2/272 245/3/245
f 249/1/249 276/2/276 262/3/262
f 277/1/277 249/2/249 250/3/250
f 278/1/278 263/2/263 235/3/235
f 263/1/263 279/2/279 250/3/250
f 254/1/254 280/2/280 235/3/235
f 265/1/265 238/2/238 251/3/251
f 281/1/281 251/2/251 264/3/264
f 264/1/264 236/2/236 275/3/275
f 266/1/266 282/2/282 252/3/252
f 269/1/269 266/2/266 239/3/239
f 252/1/252 268/2/268 253/3/253
f 240/1/240 283/2/283 267/3/267
f 267/1/267 284/2/284 254/3/254
f 268/1/268 285/2/285 240/3/240
f 255/1/255 265/2/265 286/3/286
f 242/1/242 255/2/255 270/3/270
f 256/1/256 270/2/270 287/3/287
f 256/1/256 288/2/288 257/3/257
f 257/1/257 266/2/266 269/3/269
f 271/1/271 289/2/289 258/3/258
f 258/1/258 290/2/290 260/3/260
f 259/1/259 289/2/289 271/3/271
f 272/1/272 291/2/291 259/3/259
f 260/1/260 290/2/290 273/3/273
f 292/1/292 261/2/261 273/3/273
f 293/1/293 274/2/274 261/3/261
f 294/1/294 247/2/247 274/3/274
f 275/1/275 247/2/247 294/3/294
f 276/1/276 295/2/295 248/3/248
f 248/1/248 295/2/295 272/3/272
f 296/1/296 276/2/276 249/3/249
f 277/1/277 296/2/296 249/3/249
f 279/1/279 277/2/277 250/3/250
f 280/1/280 278/2/278 235/3/235
f 278/1/278 279/2/279 263/3/263
f 284/1/284 280/2/280 254/3/254
f 265/1/265 251/2/251 281/3/281
f 281/1/281 264/2/264 297/3/297
f 264/1/264 275/2/275 294/3/294
f 252/1/252 282/2/282 268/3/268
f 266/1/266 298/2/298 282/3/282
f 283/1/283 299/2/299 267/3/267
f 285/1/285 283/2/283 240/3/240
f 267/1/267 299/2/299 284/3/284
f 282/1/282 285/2/285 268/3/268
f 286/1/286 265/2/265 281/3/281
f 255/1/255 286/2/286 270/3/270
f 270/1/270 300/2/300 287/3/287
f 256/1/256 287/2/287 288/3/288
f 257/1/257 288/2/288 266/3/266
f 258/1/258 289/2/289 301/3/301
f 258/1/258 301/2/301 290/3/290
f 259/1/259 291/2/291 289/3/289
f 272/1/272 302/2/302 291/3/291
f 273/1/273 290/2/290 303/3/303
f 304/1/304 292/2/292 273/3/273
f 293/1/293 261/2/261 292/3/292
f 305/1/305 274/2/274 293/3/293
f 294/1/294 274/2/274 305/3/305
f 276/1/276 306/2/306 295/3/295
f 295/1/295 306/2/306 272/3/272
f 307/1/307 276/2/276 296/3/296
f 277/1/277 307/2/307 296/3/296
f 279/1/279 308/2/308 277/3/277
f 284/1/284 278/2/278 280/3/280
f 278/1/278 309/2/309 279/3/279
f 297/1/297 264/2/264 310/3/310
f 311/1/311 281/2/281 297/3/297
f 264/1/264 294/2/294 312/3/312
f 298/1/298 313/2/313 282/3/282
f 288/1/288 298/2/298 266/3/266
f 283/1/283 314/2/314 299/3/299
f 285/1/285 315/2/315 283/3/283
f 299/1/299 316/2/316 284/3/284
f 282/1/282 317/2/317 285/3/285
f 286/1/286 281/2/281 318/3/318
f 270/1/270 286/2/286 300/3/300
f 287/1/287 300/2/300 319/3/319
f 287/1/287 319/2/319 288/3/288
f 289/1/289 320/2/320 301/3/301
f 301/1/301 321/2/321 290/3/290
f 291/1/291 322/2/322 289/3/289
f 272/1/272 306/2/306 302/3/302
f 302/1/302 323/2/323 291/3/291
f 290/1/290 321/2/321 303/3/303
f 304/1/304 273/2/273 303/3/303
f 324/1/324 292/2/292 304/3/304
f 324/1/324 293/2/293 292/3/292
f 305/1/305 293/2/293 324/3/324
f 312/1/312 294/2/294 305/3/305
f 325/1/325 306/2/306 276/3/276
f 307/1/307 325/2/325 276/3/276
f 308/1/308 307/2/307 277/3/277
f 279/1/279 326/2/326 308/3/308
f 284/1/284 327/2/327 278/3/278
f 328/1/328 309/2/309 278/3/278
f 309/1/309 329/2/329 279/3/279
f 310/1/310 264/2/264 312/3/312
f 330/1/330 297/2/297 310/3/310
f 311/1/311 297/2/297 330/3/330
f 318/1/318 281/2/281 311/3/311
f 282/1/282 313/2/313 317/3/317
f 298/1/298 331/2/331 313/3/313
f 288/1/288 319/2/319 298/3/298
f 314/1/314 316/2/316 299/3/299
f 315/1/315 314/2/314 283/3/283
f 317/1/317 315/2/315 285/3/285
f 284/1/284 316/2/316 327/3/327
f 286/1/286 318/2/318 300/3/300
f 300/1/300 331/2/331 319/3/319
f 289/1/289 322/2/322 320/3/320
f 301/1/301 320/2/320 321/3/321
f 291/1/291 332/2/332 322/3/322
f 306/1/306 333/2/333 302/3/302
f 302/1/302 333/2/333 323/3/323
f 291/1/291 323/2/323 332/3/332
f 303/1/303 321/2/321 334/3/334
f 304/1/304 303/2/303 334/3/334
f 335/1/335 324/2/324 304/3/304
f 305/1/305 324/2/324 336/3/336
f 312/1/312 305/2/305 337/3/337
f 325/1/325 333/2/333 306/3/306
f 338/1/338 325/2/325 307/3/307
f 339/1/339 307/2/307 308/3/308
f 329/1/329 326/2/326 279/3/279
f 326/1/326 339/2/339 308/3/308
f 327/1/327 328/2/328 278/3/278
f 328/1/328 340/2/340 309/3/309
f 340/1/340 329/2/329 309/3/309
f 310/1/310 312/2/312 341/3/341
f 330/1/330 310/2/310 342/3/342
f 311/1/311 330/2/330 343/3/343
f 318/1/318 311/2/311 343/3/343
f 313/1/313 344/2/344 317/3/317
f 331/1/331 345/2/345 313/3/313
f 319/1/319 331/2/331 298/3/298
f 314/1/314 346/2/346 316/3/316
f 344/1/344 314/2/314 315/3/315
f 317/1/317 344/2/344 315/3/315
f 316/1/316 347/2/347 327/3/327
f 300/1/300 318/2/318 348/3/348
f 300/1/300 348/2/348 331/3/331
f 322/1/322 349/2/349 320/3/320
f 320/1/320 350/2/350 321/3/321
f 332/1/332 351/2/351 322/3/322
f 333/1/333 352/2/352 323/3/323
f 323/1/323 353/2/353 332/3/332
f 321/1/321 354/2/354 334/3/334
f 355/1/355 304/2/304 334/3/334
f 356/1/356 335/2/335 304/3/304
f 357/1/357 324/2/324 335/3/335
f 336/1/336 324/2/324 357/3/357
f 358/1/358 305/2/305 336/3/336
f 337/1/337 305/2/305 358/3/358
f 341/1/341 312/2/312 337/3/337
f 359/1/359 333/2/333 325/3/325
f 338/1/338 359/2/359 325/3/325
f 339/1/339 338/2/338 307/3/307
f 329/1/329 360/2/360 326/3/326
f 326/1/326 360/2/360 339/3/339
f 327/1/327 347/2/347 328/3/328
f 328/1/328 361/2/361 340/3/340
f 340/1/340 362/2/362 329/3/329
f 342/1/342 310/2/310 341/3/341
f 330/1/330 342/2/342 363/3/363
f 343/1/343 330/2/330 363/3/363
f 318/1/318 343/2/343 348/3/348
f 313/1/313 345/2/345 344/3/344
f 348/1/348 345/2/345 331/3/331
f 314/1/314 364/2/364 346/3/346
f 346/1/346 365/2/365 316/3/316
f 344/1/344 366/2/366 314/3/314
f 316/1/316 365/2/365 347/3/347
f 322/1/322 351/2/351 349/3/349
f 320/1/320 349/2/349 350/3/350
f 321/1/321 350/2/350 354/3/354
f 332/1/332 353/2/353 351/3/351
f 367/1/367 352/2/352 333/3/333
f 323/1/323 352/2/352 368/3/368
f 323/1/323 368/2/368 353/3/353
f 355/1/355 334/2/334 354/3/354
f 356/1/356 304/2/304 355/3/355
f 369/1/369 335/2/335 356/3/356
f 369/1/369 357/2/357 335/3/335
f 370/1/370 336/2/336 357/3/357
f 358/1/358 336/2/336 370/3/370
f 341/1/341 337/2/337 358/3/358
f 367/1/367 333/2/333 359/3/359
f 338/1/338 367/2/367 359/3/359
f 371/1/371 338/2/338 339/3/339
f 329/1/329 362/2/362 360/3/360
f 360/1/360 372/2/372 339/3/339
f 347/1/347 361/2/361 328/3/328
f 361/1/361 373/2/373 340/3/340
f 340/1/340 374/2/374 362/3/362
f 342/1/342 341/2/341 375/3/375
f 363/1/363 342/2/342 376/3/376
f 343/1/343 363/2/363 345/3/345
f 348/1/348 343/2/343 345/3/345
f 345/1/345 377/2/377 344/3/344
f 364/1/364 378/2/378 346/3/346
f 366/1/366 364/2/364 314/3/314
f 346/1/346 378/2/378 365/3/365
f 344/1/344 377/2/377 366/3/366
f 365/1/365 379/2/379 347/3/347
f 351/1/351 380/2/380 349/3/349
f 349/1/349 381/2/381 350/3/350
f 350/1/350 381/2/381 354/3/354
f 353/1/353 380/2/380 351/3/351
f 382/1/382 352/2/352 367/3/367
f 352/1/352 383/2/383 368/3/368
f 368/1/368 384/2/384 353/3/353
f 385/1/385 355/2/355 354/3/354
f 356/1/356 355/2/355 385/3/385
f 369/1/369 356/2/356 386/3/386
f 370/1/370 357/2/357 369/3/369
f 387/1/387 358/2/358 370/3/370
f 341/1/341 358/2/358 387/3/387
f 388/1/388 367/2/367 338/3/338
f 371/1/371 388/2/388 338/3/338
f 372/1/372 371/2/371 339/3/339
f 362/1/362 372/2/372 360/3/360
f 347/1/347 379/2/379 361/3/361
f 340/1/340 373/2/373 374/3/374
f 361/1/361 389/2/389 373/3/373
f 374/1/374 390/2/390 362/3/362
f 375/1/375 341/2/341 387/3/387
f 342/1/342 375/2/375 376/3/376
f 363/1/363 376/2/376 391/3/391
f 345/1/345 363/2/363 377/3/377
f 364/1/364 392/2/392 378/3/378
f 366/1/366 391/2/391 364/3/364
f 378/1/378 393/2/393 365/3/365
f 377/1/377 391/2/391 366/3/366
f 365/1/365 393/2/393 379/3/379
f 349/1/349 380/2/380 394/3/394
f 349/1/349 394/2/394 381/3/381
f 354/1/354 381/2/381 395/3/395
f 353/1/353 384/2/384 380/3/380
f 382/1/382 383/2/383 352/3/352
f 388/1/388 382/2/382 367/3/367
f 368/1/368 383/2/383 396/3/396
f 368/1/368 396/2/396 384/3/384
f 397/1/397 385/2/385 354/3/354
f 398/1/398 356/2/356 385/3/385
f 399/1/399 369/2/369 386/3/386
f 386/1/386 356/2/356 398/3/398
f 370/1/370 369/2/369 400/3/400
f 387/1/387 370/2/370 401/3/401
f 371/1/371 402/2/402 388/3/388
f 372/1/372 403/2/403 371/3/371
f 362/1/362 404/2/404 372/3/372
f 379/1/379 389/2/389 361/3/361
f 373/1/373 390/2/390 374/3/374
f 389/1/389 405/2/405 373/3/373
f 390/1/390 404/2/404 362/3/362
f 375/1/375 387/2/387 406/3/406
f 376/1/376 375/2/375 407/3/407
f 376/1/376 407/2/407 391/3/391
f 363/1/363 391/2/391 377/3/377
f 392/1/392 408/2/408 378/3/378
f 391/1/391 392/2/392 364/3/364
f 378/1/378 408/2/408 393/3/393
f 393/1/393 409/2/409 379/3/379
f 394/1/394 380/2/380 410/3/410
f 381/1/381 394/2/394 411/3/411
f 395/1/395 381/2/381 412/3/412
f 397/1/397 354/2/354 395/3/395
f 380/1/380 384/2/384 410/3/410
f 383/1/383 382/2/382 413/3/413
f 402/1/402 382/2/382 388/3/388
f 396/1/396 383/2/383 414/3/414
f 415/1/415 384/2/384 396/3/396
f 398/1/398 385/2/385 397/3/397
f 400/1/400 369/2/369 399/3/399
f 399/1/399 386/2/386 416/3/416
f 386/1/386 398/2/398 416/3/416
f 401/1/401 370/2/370 400/3/400
f 406/1/406 387/2/387 401/3/401
f 403/1/403 402/2/402 371/3/371
f 372/1/372 417/2/417 403/3/403
f 404/1/404 418/2/418 372/3/372
f 379/1/379 409/2/409 389/3/389
f 373/1/373 419/2/419 390/3/390
f 373/1/373 405/2/405 419/3/419
f 389/1/389 420/2/420 405/3/405
f 390/1/390 418/2/418 404/3/404
f 375/1/375 406/2/406 407/3/407
f 391/1/391 407/2/407 392/3/392
f 392/1/392 421/2/421 408/3/408
f 408/1/408 422/2/422 393/3/393
f 393/1/393 422/2/422 409/3/409
f 394/1/394 410/2/410 411/3/411
f 381/1/381 411/2/411 412/3/412
f 395/1/395 412/2/412 423/3/423
f 397/1/397 395/2/395 423/3/423
f 410/1/410 384/2/384 415/3/415
f 414/1/414 383/2/383 413/3/413
f 413/1/413 382/2/382 424/3/424
f 382/1/382 402/2/402 424/3/424
f 425/1/425 396/2/396 414/3/414
f 415/1/415 396/2/396 425/3/425
f 426/1/426 398/2/398 397/3/397
f 427/1/427 400/2/400 399/3/399
f 399/1/399 416/2/416 428/3/428
f 416/1/416 398/2/398 426/3/426
f 401/1/401 400/2/400 427/3/427
f 406/1/406 401/2/401 427/3/427
f 429/1/429 402/2/402 403/3/403
f 418/1/418 417/2/417 372/3/372
f 429/1/429 403/2/403 417/3/417
f 409/1/409 420/2/420 389/3/389
f 419/1/419 430/2/430 390/3/390
f 405/1/405 431/2/431 419/3/419
f 420/1/420 432/2/432 405/3/405
f 390/1/390 433/2/433 418/3/418
f 407/1/407 406/2/406 421/3/421
f 407/1/407 421/2/421 392/3/392
f 421/1/421 422/2/422 408/3/408
f 422/1/422 434/2/434 409/3/409
f 411/1/411 410/2/410 435/3/435
f 412/1/412 411/2/411 436/3/436
f 423/1/423 412/2/412 437/3/437
f 397/1/397 423/2/423 438/3/438
f 410/1/410 415/2/415 435/3/435
f 414/1/414 413/2/413 439/3/439
f 440/1/440 413/2/413 424/3/424
f 424/1/424 402/2/402 429/3/429
f 441/1/441 425/2/425 414/3/414
f 442/1/442 415/2/415 425/3/425
f 426/1/426 397/2/397 443/3/443
f 427/1/427 399/2/399 444/3/444
f 416/1/416 445/2/445 428/3/428
f 444/1/444 399/2/399 428/3/428
f 416/1/416 426/2/426 446/3/446
f 406/1/406 427/2/427 447/3/447
f 418/1/418 448/2/448 417/3/417
f 448/1/448 429/2/429 417/3/417
f 409/1/409 434/2/434 420/3/420
f 390/1/390 430/2/430 433/3/433
f 419/1/419 431/2/431 430/3/430
f 405/1/405 432/2/432 431/3/431
f 420/1/420 449/2/449 432/3/432
f 433/1/433 450/2/450 418/3/418
f 406/1/406 447/2/447 421/3/421
f 421/1/421 451/2/451 422/3/422
f 422/1/422 452/2/452 434/3/434
f 411/1/411 435/2/435 436/3/436
f 412/1/412 436/2/436 453/3/453
f 437/1/437 412/2/412 453/3/453
f 438/1/438 423/2/423 437/3/437
f 443/1/443 397/2/397 438/3/438
f 435/1/435 415/2/415 442/3/442
f 454/1/454 414/2/414 439/3/439
f 439/1/439 413/2/413 440/3/440
f 440/1/440 424/2/424 429/3/429
f 441/1/441 414/2/414 454/3/454
f 442/1/442 425/2/425 441/3/441
f 426/1/426 443/2/443 446/3/446
f 447/1/447 427/2/427 444/3/444
f 428/1/428 445/2/445 455/3/455
f 416/1/416 446/2/446 445/3/445
f 444/1/444 428/2/428 455/3/455
f 450/1/450 448/2/448 418/3/418
f 456/1/456 429/2/429 448/3/448
f 434/1/434 449/2/449 420/3/420
f 457/1/457 433/2/433 430/3/430
f 458/1/458 430/2/430 431/3/431
f 459/1/459 431/2/431 432/3/432
f 449/1/449 460/2/460 432/3/432
f 461/1/461 450/2/450 433/3/433
f 421/1/421 447/2/447 451/3/451
f 451/1/451 452/2/452 422/3/422
f 452/1/452 462/2/462 434/3/434
f 436/1/436 435/2/435 463/3/463
f 453/1/453 436/2/436 464/3/464
f 437/1/437 453/2/453 465/3/465
f 438/1/438 437/2/437 466/3/466
f 443/1/443 438/2/438 466/3/466
f 435/1/435 442/2/442 463/3/463
f 467/1/467 454/2/454 439/3/439
f 468/1/468 439/2/439 440/3/440
f 440/1/440 429/2/429 469/3/469
f 441/1/441 454/2/454 467/3/467
f 470/1/470 442/2/442 441/3/441
f 446/1/446 443/2/443 471/3/471
f 447/1/447 444/2/444 472/3/472
f 445/1/445 473/2/473 455/3/455
f 446/1/446 474/2/474 445/3/445
f 472/1/472 444/2/444 455/3/455
f 475/1/475 448/2/448 450/3/450
f 475/1/475 456/2/456 448/3/448
f 456/1/456 469/2/469 429/3/429
f 434/1/434 462/2/462 449/3/449
f 457/1/457 461/2/461 433/3/433
f 458/1/458 457/2/457 430/3/430
f 459/1/459 458/2/458 431/3/431
f 460/1/460 459/2/459 432/3/432
f 476/1/476 460/2/460 449/3/449
f 477/1/477 450/2/450 461/3/461
f 451/1/451 447/2/447 452/3/452
f 452/1/452 478/2/478 462/3/462
f 436/1/436 463/2/463 464/3/464
f 453/1/453 464/2/464 465/3/465
f 437/1/437 465/2/465 479/3/479
f 466/1/466 437/2/437 479/3/479
f 443/1/443 466/2/466 471/3/471
f 463/1/463 442/2/442 470/3/470
f 467/1/467 439/2/439 468/3/468
f 468/1/468 440/2/440 480/3/480
f 480/1/480 440/2/440 469/3/469
f 481/1/481 441/2/441 467/3/467
f 470/1/470 441/2/441 481/3/481
f 446/1/446 471/2/471 482/3/482
f 447/1/447 472/2/472 452/3/452
f 445/1/445 474/2/474 473/3/473
f 455/1/455 473/2/473 478/3/478
f 446/1/446 482/2/482 474/3/474
f 472/1/472 455/2/455 478/3/478
f 477/1/477 475/2/475 450/3/450
f 483/1/483 456/2/456 475/3/475
f 484/1/484 469/2/469 456/3/456
f 462/1/462 476/2/476 449/3/449
f 485/1/485 461/2/461 457/3/457
f 458/1/458 485/2/485 457/3/457
f 486/1/486 458/2/458 459/3/459
f 460/1/460 486/2/486 459/3/459
f 476/1/476 487/2/487 460/3/460
f 485/1/485 477/2/477 461/3/461
f 478/1/478 476/2/476 462/3/462
f 452/1/452 472/2/472 478/3/478
f 464/1/464 463/2/463 488/3/488
f 465/1/465 464/2/464 489/3/489
f 479/1/479 465/2/465 490/3/490
f 466/1/466 479/2/479 491/3/491
f 471/1/471 466/2/466 491/3/491
f 463/1/463 470/2/470 488/3/488
f 492/1/492 467/2/467 468/3/468
f 493/1/493 468/2/468 480/3/480
f 480/1/480 469/2/469 494/3/494
f 495/1/495 481/2/481 467/3/467
f 496/1/496 470/2/470 481/3/481
f 482/1/482 471/2/471 497/3/497
f 473/1/473 474/2/474 498/3/498
f 473/1/473 499/2/499 478/3/478
f 482/1/482 500/2/500 474/3/474
f 501/1/501 475/2/475 477/3/477
f 501/1/501 483/2/483 475/3/475
f 483/1/483 484/2/484 456/3/456
f 484/1/484 494/2/494 469/3/469
f 502/1/502 485/2/485 458/3/458
f 486/1/486 502/2/502 458/3/458
f 460/1/460 487/2/487 486/3/486
f 476/1/476 503/2/503 487/3/487
f 504/1/504 477/2/477 485/3/485
f 478/1/478 499/2/499 476/3/476
f 464/1/464 488/2/488 489/3/489
f 465/1/465 489/2/489 505/3/505
f 465/1/465 505/2/505 490/3/490
f 479/1/479 490/2/490 506/3/506
f 491/1/491 479/2/479 506/3/506
f 471/1/471 491/2/491 497/3/497
f 488/1/488 470/2/470 496/3/496
f 495/1/495 467/2/467 492/3/492
f 492/1/492 468/2/468 493/3/493
f 493/1/493 480/2/480 494/3/494
f 507/1/507 481/2/481 495/3/495
f 496/1/496 481/2/481 507/3/507
f 482/1/482 497/2/497 500/3/500
f 474/1/474 508/2/508 498/3/498
f 473/1/473 498/2/498 499/3/499
f 474/1/474 500/2/500 509/3/509
f 504/1/504 501/2/501 477/3/477
f 510/1/510 483/2/483 501/3/501
f 511/1/511 484/2/484 483/3/483
f 512/1/512 494/2/494 484/3/484
f 513/1/513 485/2/485 502/3/502
f 486/1/486 513/2/513 502/3/502
f 487/1/487 514/2/514 486/3/486
f 515/1/515 503/2/503 476/3/476
f 503/1/503 516/2/516 487/3/487
f 513/1/513 504/2/504 485/3/485
f 499/1/499 515/2/515 476/3/476
f 489/1/489 488/2/488 517/3/517
f 505/1/505 489/2/489 518/3/518
f 490/1/490 505/2/505 519/3/519
f 506/1/506 490/2/490 520/3/520
f 491/1/491 506/2/506 521/3/521
f 497/1/497 491/2/491 521/3/521
f 488/1/488 496/2/496 517/3/517
f 522/1/522 495/2/495 492/3/492
f 523/1/523 492/2/492 493/3/493
f 493/1/493 494/2/494 512/3/512
f 524/1/524 507/2/507 495/3/495
f 525/1/525 496/2/496 507/3/507
f 500/1/500 497/2/497 526/3/526
f 474/1/474 509/2/509 508/3/508
f 498/1/498 508/2/508 527/3/527
f 498/1/498 515/2/515 499/3/499
f 500/1/500 526/2/526 509/3/509
f 528/1/528 501/2/501 504/3/504
f 510/1/510 511/2/511 483/3/483
f 528/1/528 510/2/510 501/3/501
f 511/1/511 529/2/529 484/3/484
f 529/1/529 512/2/512 484/3/484
f 486/1/486 530/2/530 513/3/513
f 514/1/514 530/2/530 486/3/486
f 516/1/516 514/2/514 487/3/487
f 515/1/515 527/2/527 503/3/503
f 527/1/527 516/2/516 503/3/503
f 531/1/531 504/2/504 513/3/513
f 489/1/489 517/2/517 518/3/518
f 505/1/505 518/2/518 519/3/519
f 490/1/490 519/2/519 532/3/532
f 490/1/490 532/2/532 520/3/520
f 521/1/521 506/2/506 520/3/520
f 497/1/497 521/2/521 526/3/526
f 517/1/517 496/2/496 525/3/525
f 524/1/524 495/2/495 522/3/522
f 522/1/522 492/2/492 523/3/523
f 523/1/523 493/2/493 512/3/512
f 533/1/533 507/2/507 524/3/524
f 525/1/525 507/2/507 533/3/533
f 509/1/509 534/2/534 508/3/508
f 508/1/508 535/2/535 527/3/527
f 498/1/498 527/2/527 515/3/515
f 509/1/509 526/2/526 534/3/534
f 531/1/531 528/2/528 504/3/504
f 536/1/536 511/2/511 510/3/510
f 537/1/537 510/2/510 528/3/528
f 536/1/536 529/2/529 511/3/511
f 538/1/538 512/2/512 529/3/529
f 530/1/530 531/2/531 513/3/513
f 514/1/514 539/2/539 530/3/530
f 516/1/516 540/2/540 514/3/514
f 527/1/527 541/2/541 516/3/516
f 518/1/518 517/2/517 542/3/542
f 519/1/519 518/2/518 542/3/542
f 532/1/532 519/2/519 542/3/542
f 520/1/520 532/2/532 542/3/542
f 521/1/521 520/2/520 543/3/543
f 526/1/526 521/2/521 543/3/543
f 517/1/517 525/2/525 542/3/542
f 542/1/542 524/2/524 522/3/522
f 542/1/542 522/2/522 523/3/523
f 523/1/523 512/2/512 538/3/538
f 542/1/542 533/2/533 524/3/524
f 542/1/542 525/2/525 533/3/533
f 508/1/508 534/2/534 535/3/535
f 527/1/527 535/2/535 541/3/541
f 526/1/526 544/2/544 534/3/534
f 545/1/545 528/2/528 531/3/531
f 537/1/537 536/2/536 510/3/510
f 546/1/546 537/2/537 528/3/528
f 536/1/536 547/2/547 529/3/529
f 547/1/547 538/2/538 529/3/529
f 539/1/539 531/2/531 530/3/530
f 514/1/514 540/2/540 539/3/539
f 516/1/516 548/2/548 540/3/540
f 516/1/516 541/2/541 548/3/548
f 543/1/543 520/2/520 542/3/542
f 526/1/526 543/2/543 549/3/549
f 542/1/542 523/2/523 538/3/538
f 534/1/534 544/2/544 535/3/535
f 535/1/535 550/2/550 541/3/541
f 526/1/526 549/2/549 544/3/544
f 545/1/545 546/2/546 528/3/528
f 539/1/539 545/2/545 531/3/531
f 542/1/542 536/2/536 537/3/537
f 542/1/542 537/2/537 546/3/546
f 542/1/542 547/2/547 536/3/536
f 542/1/542 538/2/538 547/3/547
f 540/1/540 551/2/551 539/3/539
f 548/1/548 552/2/552 540/3/540
f 541/1/541 550/2/550 548/3/548
f 549/1/549 543/2/543 542/3/542
f 535/1/535 544/2/544 553/3/553
f 535/1/535 553/2/553 550/3/550
f 549/1/549 542/2/542 544/3/544
f 542/1/542 546/2/546 545/3/545
f 551/1/551 545/2/545 539/3/539
f 540/1/540 554/2/554 551/3/551
f 540/1/540 552/2/552 554/3/554
f 548/1/548 550/2/550 552/3/552
f 544/1/544 542/2/542 553/3/553
f 553/1/553 542/2/542 550/3/550
f 542/1/542 545/2/545 551/3/551
f 554/1/554 542/2/542 551/3/551
f 552/1/552 542/2/542 554/3/554
f 550/1/550 542/2/542 552/3/552
f 555/1/3 556/2/14 557/3/555
f 558/1/4 555/2/3 557/3/555
f 556/1/14 559/2/21 557/3/555
f 555/1/3 560/2/6 556/3/14
f 558/1/4 557/2/555 561/3/8
f 558/1/4 562/2/7 555/3/3
f 557/1/555 559/2/21 563/3/23
f 556/1/14 564/2/10 559/3/21
f 560/1/6 564/2/10 556/3/14
f 555/1/3 565/2/556 560/3/6
f 566/1/12 558/2/4 561/3/8
f 561/1/8 557/2/555 563/3/23
f 566/1/12 562/2/7 558/3/4
f 562/1/7 565/2/556 555/3/3
f 559/1/21 567/2/25 563/3/23
f 559/1/21 564/2/10 567/3/25
f 560/1/6 568/2/2 564/3/10
f 565/1/556 568/2/2 560/3/6
f 566/1/12 561/2/8 569/3/17
f 561/1/8 563/2/23 570/3/557
f 571/1/15 562/2/7 566/3/12
f 562/1/7 572/2/558 565/3/556
f 563/1/23 567/2/25 573/3/31
f 567/1/25 564/2/10 574/3/34
f 568/1/2 575/2/5 564/3/10
f 565/1/556 575/2/5 568/3/2
f 576/1/559 566/2/12 569/3/17
f 569/1/17 561/2/8 570/3/557
f 563/1/23 573/2/31 570/3/557
f 571/1/15 572/2/558 562/3/7
f 576/1/559 571/2/15 566/3/12
f 572/1/558 577/2/9 565/3/556
f 567/1/25 574/2/34 573/3/31
f 574/1/34 564/2/10 578/3/560
f 575/1/5 579/2/13 564/3/10
f 565/1/556 577/2/9 575/3/5
f 576/1/559 569/2/17 580/3/561
f 569/1/17 570/2/557 581/3/562
f 570/1/557 573/2/31 582/3/563
f 583/1/564 572/2/558 571/3/15
f 584/1/565 571/2/15 576/3/559
f 572/1/558 585/2/19 577/3/9
f 573/1/31 574/2/34 586/3/566
f 574/1/34 578/2/560 586/3/566
f 578/1/560 564/2/10 587/3/53
f 577/1/9 579/2/13 575/3/5
f 579/1/13 588/2/20 564/3/10
f 580/1/561 589/2/567 576/3/559
f 580/1/561 569/2/17 581/3/562
f 581/1/562 570/2/557 590/3/568
f 570/1/557 582/2/563 590/3/568
f 573/1/31 586/2/566 582/3/563
f 583/1/564 591/2/569 572/3/558
f 584/1/565 583/2/564 571/3/15
f 576/1/559 592/2/570 584/3/565
f 577/1/9 585/2/19 579/3/13
f 572/1/558 593/2/571 585/3/19
f 586/1/566 578/2/560 594/3/52
f 578/1/560 587/2/53 595/3/66
f 564/1/10 596/2/67 587/3/53
f 597/1/572 588/2/20 579/3/13
f 588/1/20 598/2/573 564/3/10
f 599/1/574 589/2/567 580/3/561
f 589/1/567 592/2/570 576/3/559
f 580/1/561 581/2/562 600/3/575
f 600/1/575 581/2/562 590/3/568
f 582/1/563 601/2/576 590/3/568
f 582/1/563 586/2/566 601/3/576
f 591/1/569 593/2/571 572/3/558
f 602/1/577 591/2/569 583/3/564
f 603/1/578 583/2/564 584/3/565
f 584/1/565 592/2/570 603/3/578
f 585/1/19 597/2/572 579/3/13
f 593/1/571 604/2/579 585/3/19
f 586/1/566 594/2/52 601/3/576
f 594/1/52 578/2/560 595/3/66
f 587/1/53 596/2/67 595/3/66
f 564/1/10 605/2/76 596/3/67
f 597/1/572 606/2/40 588/3/20
f 606/1/40 598/2/573 588/3/20
f 598/1/573 607/2/33 564/3/10
f 599/1/574 608/2/580 589/3/567
f 600/1/575 599/2/574 580/3/561
f 589/1/567 609/2/581 592/3/570
f 600/1/575 590/2/568 610/3/582
f 590/1/568 601/2/576 611/3/583
f 591/1/569 612/2/584 593/3/571
f 602/1/577 613/2/585 591/3/569
f 603/1/578 602/2/577 583/3/564
f 592/1/570 614/2/586 603/3/578
f 604/1/579 597/2/572 585/3/19
f 612/1/584 604/2/579 593/3/571
f 601/1/576 594/2/52 615/3/587
f 594/1/52 595/2/66 616/3/75
f 596/1/67 617/2/89 595/3/66
f 596/1/67 605/2/76 617/3/89
f 564/1/10 618/2/90 605/3/76
f 619/1/588 606/2/40 597/3/572
f 606/1/40 620/2/41 598/3/573
f 620/1/41 607/2/33 598/3/573
f 607/1/33 621/2/42 564/3/10
f 622/1/589 608/2/580 599/3/574
f 608/1/580 609/2/581 589/3/567
f 623/1/590 599/2/574 600/3/575
f 592/1/570 609/2/581 614/3/586
f 623/1/590 600/2/575 610/3/582
f 610/1/582 590/2/568 611/3/583
f 601/1/576 615/2/587 611/3/583
f 613/1/585 612/2/584 591/3/569
f 624/1/591 613/2/585 602/3/577
f 625/1/592 602/2/577 603/3/578
f 614/1/586 625/2/592 603/3/578
f 604/1/579 619/2/588 597/3/572
f 612/1/584 626/2/593 604/3/579
f 615/1/587 594/2/52 616/3/75
f 595/1/66 617/2/89 616/3/75
f 605/1/76 627/2/104 617/3/89
f 605/1/76 618/2/90 627/3/104
f 564/1/10 628/2/106 618/3/90
f 619/1/588 629/2/62 606/3/40
f 629/1/62 620/2/41 606/3/40
f 607/1/33 620/2/41 621/3/42
f 621/1/42 630/2/51 564/3/10
f 622/1/589 631/2/594 608/3/580
f 623/1/590 622/2/589 599/3/574
f 608/1/580 632/2/595 609/3/581
f 609/1/581 633/2/92 614/3/586
f 623/1/590 610/2/582 634/3/596
f 610/1/582 611/2/583 635/3/597
f 611/1/583 615/2/587 636/3/598
f 613/1/585 637/2/599 612/3/584
f 625/1/592 624/2/591 602/3/577
f 613/1/585 624/2/591 638/3/600
f 614/1/586 633/2/92 625/3/592
f 626/1/593 619/2/588 604/3/579
f 637/1/599 626/2/593 612/3/584
f 615/1/587 616/2/75 636/3/598
f 617/1/89 639/2/601 616/3/75
f 617/1/89 627/2/104 639/3/601
f 618/1/90 640/2/105 627/3/104
f 618/1/90 628/2/106 640/3/105
f 564/1/10 641/2/119 628/3/106
f 642/1/602 629/2/62 619/3/588
f 620/1/41 629/2/62 643/3/63
f 620/1/41 643/2/63 621/3/42
f 621/1/42 643/2/63 630/3/51
f 630/1/51 644/2/64 564/3/10
f 631/1/594 632/2/595 608/3/580
f 645/1/603 631/2/594 622/3/589
f 646/1/79 622/2/589 623/3/590
f 632/1/595 647/2/604 609/3/581
f 609/1/581 648/2/605 633/3/92
f 634/1/596 646/2/79 623/3/590
f 634/1/596 610/2/582 635/3/597
f 611/1/583 636/2/598 635/3/597
f 613/1/585 638/2/600 637/3/599
f 625/1/592 649/2/606 624/3/591
f 624/1/591 649/2/606 638/3/600
f 633/1/92 650/2/607 625/3/592
f 626/1/593 642/2/602 619/3/588
f 637/1/599 651/2/608 626/3/593
f 636/1/598 616/2/75 652/3/609
f 616/1/75 639/2/601 653/3/610
f 627/1/104 654/2/611 639/3/601
f 627/1/104 640/2/105 654/3/611
f 628/1/106 655/2/612 640/3/105
f 628/1/106 641/2/119 655/3/612
f 564/1/10 656/2/102 641/3/119
f 629/1/62 642/2/602 657/3/613
f 629/1/62 657/2/613 643/3/63
f 643/1/63 658/2/614 630/3/51
f 630/1/51 659/2/86 644/3/64
f 644/1/64 660/2/74 564/3/10
f 631/1/594 661/2/615 632/3/595
f 645/1/603 661/2/615 631/3/594
f 646/1/79 645/2/603 622/3/589
f 647/1/604 648/2/605 609/3/581
f 632/1/595 662/2/616 647/3/604
f 648/1/605 663/2/617 633/3/92
f 664/1/618 646/2/79 634/3/596
f 634/1/596 635/2/597 665/3/619
f 635/1/597 636/2/598 666/3/620
f 637/1/599 638/2/600 667/3/621
f 625/1/592 650/2/607 649/3/606
f 649/1/606 668/2/622 638/3/600
f 633/1/92 663/2/617 650/3/607
f 651/1/608 642/2/602 626/3/593
f 651/1/608 637/2/599 667/3/621
f 636/1/598 652/2/609 669/3/623
f 616/1/75 653/2/610 652/3/609
f 639/1/601 670/2/624 653/3/610
f 639/1/601 654/2/611 670/3/624
f 640/1/105 671/2/625 654/3/611
f 640/1/105 655/2/612 671/3/625
f 641/1/119 672/2/626 655/3/612
f 641/1/119 656/2/102 672/3/626
f 564/1/10 673/2/87 656/3/102
f 642/1/602 674/2/627 657/3/613
f 643/1/63 657/2/613 658/3/614
f 658/1/614 659/2/86 630/3/51
f 659/1/86 675/2/628 644/3/64
f 644/1/64 675/2/628 660/3/74
f 660/1/74 673/2/87 564/3/10
f 661/1/615 676/2/122 632/3/595
f 677/1/629 661/2/615 645/3/603
f 678/1/630 645/2/603 646/3/79
f 647/1/604 662/2/616 648/3/605
f 676/1/122 662/2/616 632/3/595
f 648/1/605 679/2/631 663/3/617
f 664/1/618 678/2/630 646/3/79
f 664/1/618 634/2/596 665/3/619
f 665/1/619 635/2/597 666/3/620
f 666/1/620 636/2/598 669/3/623
f 667/1/621 638/2/600 680/3/632
f 649/1/606 650/2/607 681/3/633
f 638/1/600 668/2/622 680/3/632
f 668/1/622 649/2/606 682/3/634
f 650/1/607 663/2/617 681/3/633
f 642/1/602 651/2/608 674/3/627
f 651/1/608 667/2/621 683/3/635
f 652/1/609 684/2/636 669/3/623
f 652/1/609 653/2/610 684/3/636
f 653/1/610 670/2/624 684/3/636
f 654/1/611 671/2/625 670/3/624
f 655/1/612 685/2/637 671/3/625
f 655/1/612 672/2/626 685/3/637
f 656/1/102 686/2/132 672/3/626
f 656/1/102 673/2/87 686/3/132
f 657/1/613 674/2/627 687/3/638
f 657/1/613 687/2/638 658/3/614
f 658/1/614 688/2/639 659/3/86
f 659/1/86 689/2/640 675/3/628
f 675/1/628 690/2/641 660/3/74
f 660/1/74 690/2/641 673/3/87
f 661/1/615 691/2/642 676/3/122
f 677/1/629 692/2/643 661/3/615
f 678/1/630 677/2/629 645/3/603
f 662/1/616 693/2/644 648/3/605
f 676/1/122 694/2/645 662/3/616
f 663/1/617 679/2/631 695/3/646
f 693/1/644 679/2/631 648/3/605
f 678/1/630 664/2/618 696/3/647
f 696/1/647 664/2/618 665/3/619
f 697/1/648 665/2/619 666/3/620
f 698/1/649 666/2/620 669/3/623
f 667/1/621 680/2/632 699/3/650
f 649/1/606 681/2/633 682/3/634
f 680/1/632 668/2/622 700/3/651
f 668/1/622 682/2/634 700/3/651
f 681/1/633 663/2/617 695/3/646
f 651/1/608 683/2/635 674/3/627
f 683/1/635 667/2/621 699/3/650
f 698/1/649 669/2/623 684/3/636
f 670/1/624 701/2/652 684/3/636
f 671/1/625 702/2/653 670/3/624
f 671/1/625 685/2/637 702/3/653
f 672/1/626 703/2/654 685/3/637
f 672/1/626 686/2/132 703/3/654
f 673/1/87 690/2/641 686/3/132
f 674/1/627 704/2/655 687/3/638
f 687/1/638 688/2/639 658/3/614
f 688/1/639 689/2/640 659/3/86
f 675/1/628 689/2/640 705/3/149
f 675/1/628 705/2/149 690/3/641
f 691/1/642 706/2/656 676/3/122
f 692/1/643 691/2/642 661/3/615
f 707/1/657 692/2/643 677/3/629
f 708/1/658 677/2/629 678/3/630
f 662/1/616 694/2/645 693/3/644
f 706/1/656 694/2/645 676/3/122
f 695/1/646 679/2/631 709/3/659
f 693/1/644 710/2/660 679/3/631
f 678/1/630 696/2/647 711/3/661
f 696/1/647 665/2/619 697/3/648
f 697/1/648 666/2/620 698/3/649
f 699/1/650 680/2/632 712/3/662
f 681/1/633 695/2/646 682/3/634
f 680/1/632 700/2/651 712/3/662
f 682/1/634 713/2/663 700/3/651
f 683/1/635 714/2/664 674/3/627
f 683/1/635 699/2/650 714/3/664
f 698/1/649 684/2/636 715/3/665
f 684/1/636 701/2/652 716/3/666
f 670/1/624 702/2/653 701/3/652
f 685/1/637 717/2/167 702/3/653
f 703/1/654 718/2/667 685/3/637
f 686/1/132 719/2/165 703/3/654
f 686/1/132 690/2/641 719/3/165
f 704/1/655 720/2/668 687/3/638
f 674/1/627 714/2/664 704/3/655
f 687/1/638 720/2/668 688/3/639
f 688/1/639 721/2/163 689/3/640
f 689/1/640 722/2/669 705/3/149
f 690/1/641 705/2/149 719/3/165
f 691/1/642 723/2/670 706/3/656
f 692/1/643 724/2/671 691/3/642
f 707/1/657 725/2/672 692/3/643
f 708/1/658 707/2/657 677/3/629
f 708/1/658 678/2/630 711/3/661
f 694/1/645 726/2/673 693/3/644
f 706/1/656 727/2/674 694/3/645
f 679/1/631 710/2/660 709/3/659
f 695/1/646 709/2/659 728/3/675
f 726/1/673 710/2/660 693/3/644
f 711/1/661 696/2/647 729/3/676
f 729/1/676 696/2/647 697/3/648
f 730/1/677 697/2/648 698/3/649
f 699/1/650 712/2/662 731/3/678
f 682/1/634 695/2/646 713/3/663
f 700/1/651 732/2/679 712/3/662
f 700/1/651 713/2/663 733/3/680
f 714/1/664 699/2/650 731/3/678
f 698/1/649 715/2/665 734/3/681
f 715/1/665 684/2/636 716/3/666
f 701/1/652 735/2/682 716/3/666
f 702/1/653 735/2/682 701/3/652
f 717/1/167 736/2/683 702/3/653
f 685/1/637 718/2/667 717/3/167
f 703/1/654 719/2/165 718/3/667
f 704/1/655 737/2/684 720/3/668
f 704/1/655 714/2/664 737/3/684
f 688/1/639 720/2/668 721/3/163
f 689/1/640 721/2/163 722/3/669
f 705/1/149 722/2/669 738/3/685
f 719/1/165 705/2/149 738/3/685
f 724/1/671 723/2/670 691/3/642
f 723/1/670 727/2/674 706/3/656
f 725/1/672 724/2/671 692/3/643
f 739/1/686 725/2/672 707/3/657
f 707/1/657 708/2/658 740/3/687
f 708/1/658 711/2/661 741/3/688
f 694/1/645 727/2/674 726/3/673
f 709/1/659 710/2/660 742/3/689
f 728/1/675 709/2/659 743/3/690
f 713/1/663 695/2/646 728/3/675
f 726/1/673 744/2/691 710/3/660
f 711/1/661 729/2/676 745/3/692
f 729/1/676 697/2/648 730/3/677
f 730/1/677 698/2/649 734/3/681
f 731/1/678 712/2/662 746/3/693
f 712/1/662 732/2/679 746/3/693
f 700/1/651 747/2/694 732/3/679
f 700/1/651 733/2/680 747/3/694
f 713/1/663 728/2/675 733/3/680
f 714/1/664 731/2/678 737/3/684
f 734/1/681 715/2/665 716/3/666
f 735/1/682 748/2/695 716/3/666
f 702/1/653 736/2/683 735/3/682
f 717/1/167 749/2/696 736/3/683
f 718/1/667 749/2/696 717/3/167
f 719/1/165 738/2/685 718/3/667
f 720/1/668 737/2/684 750/3/697
f 720/1/668 750/2/697 721/3/163
f 721/1/163 751/2/698 722/3/669
f 738/1/685 722/2/669 752/3/198
f 724/1/671 753/2/699 723/3/670
f 723/1/670 754/2/700 727/3/674
f 725/1/672 755/2/701 724/3/671
f 739/1/686 755/2/701 725/3/672
f 739/1/686 707/2/657 740/3/687
f 708/1/658 741/2/688 740/3/687
f 741/1/688 711/2/661 756/3/702
f 727/1/674 744/2/691 726/3/673
f 710/1/660 757/2/703 742/3/689
f 709/1/659 742/2/689 743/3/690
f 728/1/675 743/2/690 758/3/704
f 744/1/691 757/2/703 710/3/660
f 711/1/661 745/2/692 756/3/702
f 745/1/692 729/2/676 730/3/677
f 759/1/705 730/2/677 734/3/681
f 731/1/678 746/2/693 760/3/706
f 732/1/679 761/2/707 746/3/693
f 732/1/679 747/2/694 762/3/708
f 733/1/680 763/2/709 747/3/694
f 733/1/680 728/2/675 764/3/710
f 731/1/678 760/2/706 737/3/684
f 734/1/681 716/2/666 765/3/711
f 765/1/711 716/2/666 748/3/695
f 735/1/682 736/2/683 748/3/695
f 749/1/696 766/2/712 736/3/683
f 718/1/667 738/2/685 749/3/696
f 737/1/684 767/2/713 750/3/697
f 721/1/163 750/2/697 751/3/698
f 722/1/669 751/2/698 752/3/198
f 738/1/685 752/2/198 749/3/696
f 768/1/714 753/2/699 724/3/671
f 753/1/699 754/2/700 723/3/670
f 727/1/674 754/2/700 744/3/691
f 755/1/701 768/2/714 724/3/671
f 769/1/715 755/2/701 739/3/686
f 739/1/686 740/2/687 770/3/716
f 740/1/687 741/2/688 756/3/702
f 742/1/689 757/2/703 771/3/717
f 742/1/689 771/2/717 743/3/690
f 758/1/704 743/2/690 772/3/718
f 764/1/710 728/2/675 758/3/704
f 744/1/691 773/2/719 757/3/703
f 756/1/702 745/2/692 774/3/720
f 775/1/721 745/2/692 730/3/677
f 759/1/705 734/2/681 765/3/711
f 775/1/721 730/2/677 759/3/705
f 760/1/706 746/2/693 776/3/722
f 746/1/693 761/2/707 777/3/723
f 732/1/679 762/2/708 761/3/707
f 747/1/694 778/2/724 762/3/708
f 747/1/694 763/2/709 778/3/724
f 733/1/680 764/2/710 763/3/709
f 737/1/684 760/2/706 767/3/713
f 765/1/711 748/2/695 779/3/725
f 736/1/683 766/2/712 748/3/695
f 780/1/227 766/2/712 749/3/696
f 750/1/697 767/2/713 751/3/698
f 751/1/698 781/2/226 752/3/198
f 752/1/198 780/2/227 749/3/696
f 768/1/714 782/2/726 753/3/699
f 753/1/699 783/2/727 754/3/700
f 754/1/700 784/2/728 744/3/691
f 755/1/701 785/2/729 768/3/714
f 769/1/715 786/2/730 755/3/701
f 769/1/715 739/2/686 770/3/716
f 770/1/716 740/2/687 787/3/731
f 740/1/687 756/2/702 787/3/731
f 757/1/703 773/2/719 771/3/717
f 743/1/690 771/2/717 788/3/732
f 743/1/690 788/2/732 772/3/718
f 758/1/704 772/2/718 789/3/733
f 764/1/710 758/2/704 763/3/709
f 784/1/728 773/2/719 744/3/691
f 745/1/692 775/2/721 774/3/720
f 790/1/734 756/2/702 774/3/720
f 791/1/735 759/2/705 765/3/711
f 792/1/736 775/2/721 759/3/705
f 776/1/722 793/2/737 760/3/706
f 746/1/693 777/2/723 776/3/722
f 761/1/707 762/2/708 777/3/723
f 762/1/708 778/2/724 794/3/738
f 763/1/709 795/2/739 778/3/724
f 760/1/706 793/2/737 767/3/713
f 791/1/735 765/2/711 779/3/725
f 766/1/712 779/2/725 748/3/695
f 780/1/227 796/2/740 766/3/712
f 767/1/713 781/2/226 751/3/698
f 781/1/226 797/2/243 752/3/198
f 797/1/243 780/2/227 752/3/198
f 782/1/726 783/2/727 753/3/699
f 785/1/729 782/2/726 768/3/714
f 783/1/727 798/2/741 754/3/700
f 754/1/700 799/2/742 784/3/728
f 786/1/730 785/2/729 755/3/701
f 786/1/730 769/2/715 800/3/743
f 769/1/715 770/2/716 800/3/743
f 770/1/716 787/2/731 801/3/744
f 787/1/731 756/2/702 790/3/734
f 773/1/719 802/2/745 771/3/717
f 788/1/732 771/2/717 803/3/746
f 788/1/732 803/2/746 772/3/718
f 772/1/718 804/2/747 789/3/733
f 758/1/704 789/2/733 795/3/739
f 758/1/704 795/2/739 763/3/709
f 784/1/728 799/2/742 773/3/719
f 774/1/720 775/2/721 792/3/736
f 790/1/734 774/2/720 805/3/748
f 792/1/736 759/2/705 791/3/735
f 776/1/722 806/2/749 793/3/737
f 777/1/723 806/2/749 776/3/722
f 762/1/708 807/2/750 777/3/723
f 778/1/724 808/2/751 794/3/738
f 762/1/708 794/2/738 807/3/750
f 795/1/739 808/2/751 778/3/724
f 767/1/713 793/2/737 781/3/226
f 809/1/752 791/2/735 779/3/725
f 796/1/740 779/2/725 766/3/712
f 810/1/753 796/2/740 780/3/227
f 781/1/226 811/2/754 797/3/243
f 797/1/243 811/2/754 780/3/227
f 782/1/726 812/2/755 783/3/727
f 785/1/729 812/2/755 782/3/726
f 798/1/741 799/2/742 754/3/700
f 783/1/727 813/2/756 798/3/741
f 786/1/730 814/2/757 785/3/729
f 786/1/730 800/2/743 815/3/758
f 800/1/743 770/2/716 801/3/744
f 801/1/744 787/2/731 790/3/734
f 771/1/717 802/2/745 816/3/759
f 799/1/742 802/2/745 773/3/719
f 771/1/717 816/2/759 803/3/746
f 772/1/718 803/2/746 804/3/747
f 804/1/747 817/2/760 789/3/733
f 795/1/739 789/2/733 808/3/751
f 805/1/748 774/2/720 792/3/736
f 818/1/761 790/2/734 805/3/748
f 819/1/762 792/2/736 791/3/735
f 806/1/749 820/2/763 793/3/737
f 777/1/723 807/2/750 806/3/749
f 808/1/751 821/2/764 794/3/738
f 807/1/750 794/2/738 822/3/765
f 793/1/737 823/2/766 781/3/226
f 819/1/762 791/2/735 809/3/752
f 796/1/740 809/2/752 779/3/725
f 810/1/753 824/2/767 796/3/740
f 811/1/754 810/2/753 780/3/227
f 823/1/766 811/2/754 781/3/226
f 812/1/755 825/2/271 783/3/727
f 814/1/757 812/2/755 785/3/729
f 798/1/741 826/2/768 799/3/742
f 825/1/271 813/2/756 783/3/727
f 813/1/756 826/2/768 798/3/741
f 827/1/769 814/2/757 786/3/730
f 827/1/769 786/2/730 815/3/758
f 815/1/758 800/2/743 828/3/770
f 800/1/743 801/2/744 828/3/770
f 829/1/771 801/2/744 790/3/734
f 816/1/759 802/2/745 830/3/772
f 799/1/742 826/2/768 802/3/745
f 816/1/759 830/2/772 803/3/746
f 804/1/747 803/2/746 831/3/773
f 789/1/733 817/2/760 832/3/774
f 804/1/747 833/2/775 817/3/760
f 789/1/733 834/2/776 808/3/751
f 805/1/748 792/2/736 819/3/762
f 818/1/761 805/2/748 835/3/777
f 829/1/771 790/2/734 818/3/761
f 806/1/749 836/2/778 820/3/763
f 793/1/737 820/2/763 823/3/766
f 807/1/750 822/2/765 806/3/749
f 821/1/764 837/2/779 794/3/738
f 808/1/751 838/2/780 821/3/764
f 794/1/738 839/2/781 822/3/765
f 840/1/782 819/2/762 809/3/752
f 824/1/767 809/2/752 796/3/740
f 841/1/783 824/2/767 810/3/753
f 811/1/754 842/2/288 810/3/753
f 823/1/766 820/2/763 811/3/754
f 812/1/755 843/2/784 825/3/271
f 814/1/757 844/2/785 812/3/755
f 825/1/271 843/2/784 813/3/756
f 813/1/756 845/2/786 826/3/768
f 827/1/769 844/2/785 814/3/757
f 827/1/769 815/2/758 846/3/787
f 815/1/758 828/2/770 847/3/788
f 828/1/770 801/2/744 848/3/789
f 848/1/789 801/2/744 829/3/771
f 802/1/745 849/2/790 830/3/772
f 826/1/768 849/2/790 802/3/745
f 803/1/746 830/2/772 850/3/791
f 803/1/746 850/2/791 831/3/773
f 804/1/747 831/2/773 833/3/775
f 789/1/733 832/2/774 834/3/776
f 817/1/760 833/2/775 832/3/774
f 808/1/751 834/2/776 838/3/780
f 835/1/777 805/2/748 819/3/762
f 851/1/792 818/2/761 835/3/777
f 848/1/789 829/2/771 818/3/761
f 822/1/765 836/2/778 806/3/749
f 836/1/778 852/2/793 820/3/763
f 821/1/764 853/2/794 837/3/779
f 794/1/738 837/2/779 839/3/781
f 838/1/780 853/2/794 821/3/764
f 822/1/765 839/2/781 836/3/778
f 835/1/777 819/2/762 840/3/782
f 824/1/767 840/2/782 809/3/752
f 841/1/783 854/2/795 824/3/767
f 842/1/288 841/2/783 810/3/753
f 820/1/763 842/2/288 811/3/754
f 855/1/796 843/2/784 812/3/755
f 844/1/785 855/2/796 812/3/755
f 843/1/784 845/2/786 813/3/756
f 845/1/786 856/2/797 826/3/768
f 857/1/798 844/2/785 827/3/769
f 827/1/769 846/2/787 858/3/799
f 846/1/787 815/2/758 847/3/788
f 847/1/788 828/2/770 859/3/800
f 859/1/800 828/2/770 848/3/789
f 849/1/790 860/2/801 830/3/772
f 826/1/768 860/2/801 849/3/790
f 850/1/791 830/2/772 861/3/802
f 850/1/791 861/2/802 831/3/773
f 831/1/773 862/2/803 833/3/775
f 834/1/776 832/2/774 838/3/780
f 833/1/775 863/2/804 832/3/774
f 864/1/805 818/2/761 851/3/792
f 851/1/792 835/2/777 865/3/806
f 866/1/807 848/2/789 818/3/761
f 836/1/778 867/2/808 852/3/793
f 820/1/763 852/2/793 842/3/288
f 853/1/794 868/2/809 837/3/779
f 837/1/779 869/2/810 839/3/781
f 838/1/780 870/2/811 853/3/794
f 839/1/781 871/2/812 836/3/778
f 872/1/813 835/2/777 840/3/782
f 854/1/795 840/2/782 824/3/767
f 873/1/814 854/2/795 841/3/783
f 842/1/288 873/2/814 841/3/783
f 855/1/796 874/2/815 843/3/784
f 844/1/785 875/2/816 855/3/796
f 843/1/784 876/2/817 845/3/786
f 856/1/797 860/2/801 826/3/768
f 845/1/786 877/2/818 856/3/797
f 857/1/798 875/2/816 844/3/785
f 857/1/798 827/2/769 858/3/799
f 858/1/799 846/2/787 878/3/819
f 846/1/787 847/2/788 878/3/819
f 878/1/819 847/2/788 859/3/800
f 859/1/800 848/2/789 866/3/807
f 830/1/772 860/2/801 879/3/820
f 830/1/772 879/2/820 861/3/802
f 831/1/773 861/2/802 862/3/803
f 862/1/803 880/2/821 833/3/775
f 832/1/774 881/2/822 838/3/780
f 832/1/774 863/2/804 882/3/823
f 833/1/775 883/2/824 863/3/804
f 866/1/807 818/2/761 864/3/805
f 864/1/805 851/2/792 884/3/825
f 884/1/825 851/2/792 865/3/806
f 865/1/806 835/2/777 872/3/813
f 871/1/812 867/2/808 836/3/778
f 867/1/808 885/2/826 852/3/793
f 852/1/793 873/2/814 842/3/288
f 853/1/794 870/2/811 868/3/809
f 837/1/779 868/2/809 869/3/810
f 839/1/781 869/2/810 871/3/812
f 881/1/822 870/2/811 838/3/780
f 854/1/795 872/2/813 840/3/782
f 873/1/814 885/2/826 854/3/795
f 874/1/815 876/2/817 843/3/784
f 875/1/816 874/2/815 855/3/796
f 876/1/817 886/2/827 845/3/786
f 856/1/797 887/2/828 860/3/801
f 877/1/818 887/2/828 856/3/797
f 886/1/827 877/2/818 845/3/786
f 888/1/829 875/2/816 857/3/798
f 888/1/829 857/2/798 858/3/799
f 858/1/799 878/2/819 889/3/830
f 890/1/831 878/2/819 859/3/800
f 891/1/263 859/2/800 866/3/807
f 860/1/801 887/2/828 879/3/820
f 861/1/802 879/2/820 892/3/356
f 862/1/803 861/2/802 893/3/369
f 833/1/775 880/2/821 883/3/824
f 862/1/803 893/2/369 880/3/821
f 832/1/774 882/2/823 881/3/822
f 863/1/804 894/2/832 882/3/823
f 863/1/804 883/2/824 894/3/832
f 895/1/833 866/2/807 864/3/805
f 896/1/834 864/2/805 884/3/825
f 897/1/835 884/2/825 865/3/806
f 897/1/835 865/2/806 872/3/813
f 871/1/812 898/2/836 867/3/808
f 867/1/808 899/2/837 885/3/826
f 852/1/793 885/2/826 873/3/814
f 870/1/811 900/2/838 868/3/809
f 869/1/810 868/2/809 898/3/836
f 869/1/810 898/2/836 871/3/812
f 881/1/822 901/2/839 870/3/811
f 902/1/840 872/2/813 854/3/795
f 885/1/826 902/2/840 854/3/795
f 874/1/815 903/2/841 876/3/817
f 875/1/816 904/2/842 874/3/815
f 876/1/817 905/2/843 886/3/827
f 877/1/818 906/2/844 887/3/828
f 886/1/827 907/2/845 877/3/818
f 888/1/829 908/2/846 875/3/816
f 888/1/829 858/2/799 909/3/847
f 858/1/799 889/2/830 910/3/338
f 889/1/830 878/2/819 911/3/848
f 911/1/848 878/2/819 890/3/831
f 890/1/831 859/2/800 912/3/849
f 912/1/849 859/2/800 891/3/263
f 891/1/263 866/2/807 895/3/833
f 879/1/820 887/2/828 913/3/850
f 879/1/820 913/2/850 892/3/356
f 861/1/802 892/2/356 893/3/369
f 880/1/821 914/2/400 883/3/824
f 893/1/369 914/2/400 880/3/821
f 882/1/823 901/2/839 881/3/822
f 894/1/832 915/2/851 882/3/823
f 883/1/824 916/2/852 894/3/832
f 895/1/833 864/2/805 896/3/834
f 917/1/853 896/2/834 884/3/825
f 917/1/853 884/2/825 897/3/835
f 902/1/840 897/2/835 872/3/813
f 898/1/836 899/2/837 867/3/808
f 885/1/826 899/2/837 902/3/840
f 900/1/838 918/2/854 868/3/809
f 870/1/811 919/2/855 900/3/838
f 868/1/809 920/2/856 898/3/836
f 901/1/839 919/2/855 870/3/811
f 903/1/841 905/2/843 876/3/817
f 904/1/842 903/2/841 874/3/815
f 908/1/846 904/2/842 875/3/816
f 905/1/843 907/2/845 886/3/827
f 887/1/828 906/2/844 921/3/857
f 922/1/858 906/2/844 877/3/818
f 907/1/845 922/2/858 877/3/818
f 908/1/846 888/2/829 909/3/847
f 909/1/847 858/2/799 910/3/338
f 910/1/338 889/2/830 923/3/339
f 889/1/830 911/2/848 923/3/339
f 911/1/848 890/2/831 924/3/859
f 924/1/859 890/2/831 912/3/849
f 912/1/849 891/2/263 895/3/833
f 913/1/850 887/2/828 921/3/857
f 913/1/850 921/2/857 892/3/356
f 893/1/369 892/2/356 925/3/860
f 914/1/400 916/2/852 883/3/824
f 893/1/369 926/2/861 914/3/400
f 882/1/823 915/2/851 901/3/839
f 894/1/832 927/2/862 915/3/851
f 916/1/852 928/2/863 894/3/832
f 929/1/864 895/2/833 896/3/834
f 930/1/865 896/2/834 917/3/853
f 899/1/837 917/2/853 897/3/835
f 899/1/837 897/2/835 902/3/840
f 898/1/836 931/2/866 899/3/837
f 900/1/838 932/2/867 918/3/854
f 868/1/809 918/2/854 920/3/856
f 919/1/855 932/2/867 900/3/838
f 920/1/856 931/2/866 898/3/836
f 901/1/839 933/2/868 919/3/855
f 903/1/841 934/2/380 905/3/843
f 904/1/842 935/2/869 903/3/841
f 908/1/846 935/2/869 904/3/842
f 905/1/843 934/2/380 907/3/845
f 921/1/857 906/2/844 936/3/397
f 922/1/858 937/2/870 906/3/844
f 907/1/845 938/2/871 922/3/858
f 908/1/846 909/2/847 939/3/872
f 939/1/872 909/2/847 910/3/338
f 940/1/873 910/2/338 923/3/339
f 923/1/339 911/2/848 924/3/859
f 924/1/859 912/2/849 941/3/874
f 941/1/874 912/2/849 895/3/833
f 892/1/356 921/2/857 942/3/398
f 892/1/356 942/2/398 925/3/860
f 893/1/369 925/2/860 926/3/861
f 914/1/400 926/2/861 916/3/852
f 915/1/851 933/2/868 901/3/839
f 928/1/863 927/2/862 894/3/832
f 927/1/862 943/2/875 915/3/851
f 916/1/852 944/2/876 928/3/863
f 941/1/874 895/2/833 929/3/864
f 930/1/865 929/2/864 896/3/834
f 945/1/877 930/2/865 917/3/853
f 931/1/866 917/2/853 899/3/837
f 932/1/867 946/2/878 918/3/854
f 918/1/854 945/2/877 920/3/856
f 919/1/855 947/2/879 932/3/867
f 920/1/856 945/2/877 931/3/866
f 933/1/868 947/2/879 919/3/855
f 948/1/880 934/2/380 903/3/841
f 935/1/869 948/2/880 903/3/841
f 949/1/881 935/2/869 908/3/846
f 934/1/380 938/2/871 907/3/845
f 906/1/844 937/2/870 936/3/397
f 921/1/857 936/2/397 942/3/398
f 950/1/882 937/2/870 922/3/858
f 938/1/871 950/2/882 922/3/858
f 908/1/846 939/2/872 951/3/382
f 939/1/872 910/2/338 952/3/388
f 940/1/873 923/2/339 953/3/883
f 952/1/388 910/2/338 940/3/873
f 954/1/360 923/2/339 924/3/859
f 955/1/884 924/2/859 941/3/874
f 942/1/398 956/2/885 925/3/860
f 925/1/860 957/2/886 926/3/861
f 926/1/861 958/2/887 916/3/852
f 915/1/851 943/2/875 933/3/868
f 928/1/863 944/2/876 927/3/862
f 927/1/862 959/2/888 943/3/875
f 916/1/852 958/2/887 944/3/876
f 960/1/889 941/2/874 929/3/864
f 961/1/890 929/2/864 930/3/865
f 945/1/877 961/2/890 930/3/865
f 931/1/866 945/2/877 917/3/853
f 932/1/867 962/2/891 946/3/878
f 918/1/854 946/2/878 945/3/877
f 947/1/879 962/2/891 932/3/867
f 933/1/868 963/2/892 947/3/879
f 964/1/410 934/2/380 948/3/880
f 965/1/415 948/2/880 935/3/869
f 966/1/893 935/2/869 949/3/881
f 949/1/881 908/2/846 951/3/382
f 964/1/410 938/2/871 934/3/380
f 967/1/894 936/2/397 937/3/870
f 942/1/398 936/2/397 956/3/885
f 968/1/895 937/2/870 950/3/882
f 950/1/882 938/2/871 969/3/411
f 951/1/382 939/2/872 952/3/388
f 953/1/883 923/2/339 954/3/360
f 970/1/896 940/2/873 953/3/883
f 970/1/896 952/2/388 940/3/873
f 954/1/360 924/2/859 955/3/884
f 955/1/884 941/2/874 960/3/889
f 925/1/860 956/2/885 957/3/886
f 957/1/886 971/2/897 926/3/861
f 926/1/861 972/2/898 958/3/887
f 943/1/875 963/2/892 933/3/868
f 944/1/876 973/2/899 927/3/862
f 973/1/899 959/2/888 927/3/862
f 959/1/888 974/2/900 943/3/875
f 958/1/887 972/2/898 944/3/876
f 961/1/890 960/2/889 929/3/864
f 946/1/878 961/2/890 945/3/877
f 962/1/891 975/2/901 946/3/878
f 947/1/879 976/2/902 962/3/891
f 963/1/892 976/2/902 947/3/879
f 965/1/415 964/2/410 948/3/880
f 966/1/893 965/2/415 935/3/869
f 977/1/903 966/2/893 949/3/881
f 977/1/903 949/2/881 951/3/382
f 969/1/411 938/2/871 964/3/410
f 967/1/894 937/2/870 968/3/895
f 978/1/904 936/2/397 967/3/894
f 978/1/904 956/2/885 936/3/397
f 968/1/895 950/2/882 979/3/905
f 979/1/905 950/2/882 969/3/411
f 951/1/382 952/2/388 980/3/906
f 953/1/883 954/2/360 981/3/907
f 982/1/908 970/2/896 953/3/883
f 980/1/906 952/2/388 970/3/896
f 981/1/907 954/2/360 955/3/884
f 981/1/907 955/2/884 960/3/889
f 957/1/886 956/2/885 983/3/909
f 926/1/861 971/2/897 972/3/898
f 971/1/897 957/2/886 983/3/909
f 943/1/875 974/2/900 963/3/892
f 944/1/876 984/2/910 973/3/899
f 973/1/899 985/2/911 959/3/888
f 959/1/888 986/2/912 974/3/900
f 972/1/898 987/2/913 944/3/876
f 975/1/901 960/2/889 961/3/890
f 946/1/878 975/2/901 961/3/890
f 962/1/891 976/2/902 975/3/901
f 963/1/892 988/2/914 976/3/902
f 989/1/435 964/2/410 965/3/415
f 990/1/442 965/2/415 966/3/893
f 991/1/915 966/2/893 977/3/903
f 992/1/916 977/2/903 951/3/382
f 989/1/435 969/2/411 964/3/410
f 993/1/466 967/2/894 968/3/895
f 978/1/904 967/2/894 994/3/917
f 983/1/909 956/2/885 978/3/904
f 968/1/895 979/2/905 995/3/918
f 979/1/905 969/2/411 996/3/436
f 997/1/424 951/2/382 980/3/906
f 998/1/919 953/2/883 981/3/907
f 982/1/908 999/2/920 970/3/896
f 982/1/908 953/2/883 998/3/919
f 1000/1/429 980/2/906 970/3/896
f 1001/1/921 981/2/907 960/3/889
f 971/1/897 1002/2/922 972/3/898
f 971/1/897 983/2/909 1002/3/922
f 974/1/900 988/2/914 963/3/892
f 987/1/913 984/2/910 944/3/876
f 984/1/910 985/2/911 973/3/899
f 985/1/911 986/2/912 959/3/888
f 986/1/912 1003/2/923 974/3/900
f 972/1/898 1004/2/473 987/3/913
f 975/1/901 1001/2/921 960/3/889
f 976/1/902 1005/2/924 975/3/901
f 988/1/914 1006/2/925 976/3/902
f 990/1/442 989/2/435 965/3/415
f 1007/1/926 990/2/442 966/3/893
f 1007/1/926 966/2/893 991/3/915
f 991/1/915 977/2/903 992/3/916
f 992/1/916 951/2/382 997/3/424
f 996/1/436 969/2/411 989/3/435
f 993/1/466 968/2/895 1008/3/927
f 994/1/917 967/2/894 993/3/466
f 983/1/909 978/2/904 994/3/917
f 1008/1/927 968/2/895 995/3/918
f 995/1/918 979/2/905 996/3/436
f 1000/1/429 997/2/424 980/3/906
f 998/1/919 981/2/907 1001/3/921
f 1009/1/928 999/2/920 982/3/908
f 999/1/920 1000/2/429 970/3/896
f 1009/1/928 982/2/908 998/3/919
f 972/1/898 1002/2/922 1004/3/473
f 1002/1/922 983/2/909 1010/3/929
f 974/1/900 1003/2/923 988/3/914
f 984/1/910 987/2/913 1011/3/930
f 985/1/911 984/2/910 1012/3/931
f 986/1/912 985/2/911 1013/3/459
f 986/1/912 1014/2/932 1003/3/923
f 987/1/913 1004/2/473 1015/3/933
f 1005/1/924 1001/2/921 975/3/901
f 976/1/902 1006/2/925 1005/3/924
f 988/1/914 1016/2/934 1006/3/925
f 1017/1/463 989/2/435 990/3/442
f 1018/1/470 990/2/442 1007/3/926
f 1019/1/481 1007/2/926 991/3/915
f 1020/1/439 991/2/915 992/3/916
f 1020/1/439 992/2/916 997/3/424
f 1017/1/463 996/2/436 989/3/435
f 993/1/466 1008/2/927 1021/3/479
f 994/1/917 993/2/466 1022/3/491
f 1023/1/482 983/2/909 994/3/917
f 1021/1/479 1008/2/927 995/3/918
f 995/1/918 996/2/436 1024/3/464
f 1025/1/935 997/2/424 1000/3/429
f 1026/1/936 998/2/919 1001/3/921
f 1009/1/928 1027/2/450 999/3/920
f 999/1/920 1028/2/937 1000/3/429
f 1009/1/928 998/2/919 1026/3/936
f 1004/1/473 1002/2/922 1029/3/498
f 1002/1/922 1010/2/929 1029/3/498
f 983/1/909 1023/2/482 1010/3/929
f 1003/1/923 1016/2/934 988/3/914
f 987/1/913 1015/2/933 1011/3/930
f 984/1/910 1011/2/930 1012/3/931
f 985/1/911 1012/2/931 1013/3/459
f 986/1/912 1013/2/459 1014/3/932
f 1003/1/923 1014/2/932 1030/3/938
f 1015/1/933 1004/2/473 1031/3/939
f 1006/1/925 1001/2/921 1005/3/924
f 1016/1/934 1032/2/940 1006/3/925
f 1018/1/470 1017/2/463 990/3/442
f 1019/1/481 1018/2/470 1007/3/926
f 1033/1/467 1019/2/481 991/3/915
f 1033/1/467 991/2/915 1020/3/439
f 1025/1/935 1020/2/439 997/3/424
f 1024/1/464 996/2/436 1017/3/463
f 1022/1/491 993/2/466 1021/3/479
f 1034/1/497 994/2/917 1022/3/491
f 1023/1/482 994/2/917 1034/3/497
f 1021/1/479 995/2/918 1035/3/465
f 1035/1/465 995/2/918 1024/3/464
f 1036/1/469 1025/2/935 1000/3/429
f 1006/1/925 1026/2/936 1001/3/921
f 1027/1/450 1028/2/937 999/3/920
f 1032/1/940 1027/2/450 1009/3/928
f 1028/1/937 1036/2/469 1000/3/429
f 1032/1/940 1009/2/928 1026/3/936
f 1004/1/473 1029/2/498 1031/3/939
f 1029/1/498 1010/2/929 1037/3/508
f 1010/1/929 1023/2/482 1038/3/509
f 1003/1/923 1030/2/938 1016/3/934
f 1011/1/930 1015/2/933 1039/3/941
f 1011/1/930 1039/2/941 1012/3/931
f 1013/1/459 1012/2/931 1040/3/486
f 1013/1/459 1040/2/486 1014/3/932
f 1014/1/932 1041/2/502 1030/3/938
f 1015/1/933 1031/2/939 1039/3/941
f 1016/1/934 1030/2/938 1032/3/940
f 1032/1/940 1026/2/936 1006/3/925
f 1042/1/488 1017/2/463 1018/3/470
f 1043/1/496 1018/2/470 1019/3/481
f 1044/1/495 1019/2/481 1033/3/467
f 1045/1/468 1033/2/467 1020/3/439
f 1045/1/468 1020/2/439 1025/3/935
f 1042/1/488 1024/2/464 1017/3/463
f 1022/1/491 1021/2/479 1046/3/506
f 1034/1/497 1022/2/491 1047/3/521
f 1048/1/500 1023/2/482 1034/3/497
f 1021/1/479 1035/2/465 1049/3/490
f 1035/1/465 1024/2/464 1050/3/489
f 1051/1/480 1025/2/935 1036/3/469
f 1052/1/475 1028/2/937 1027/3/450
f 1032/1/940 1053/2/942 1027/3/450
f 1028/1/937 1054/2/494 1036/3/469
f 1031/1/939 1029/2/498 1055/3/527
f 1029/1/498 1037/2/508 1055/3/527
f 1010/1/929 1038/2/509 1037/3/508
f 1023/1/482 1048/2/500 1038/3/509
f 1012/1/931 1039/2/941 1056/3/487
f 1012/1/931 1056/2/487 1040/3/486
f 1040/1/486 1041/2/502 1014/3/932
f 1041/1/502 1057/2/943 1030/3/938
f 1039/1/941 1031/2/939 1058/3/516
f 1030/1/938 1053/2/942 1032/3/940
f 1043/1/496 1042/2/488 1018/3/470
f 1059/1/507 1043/2/496 1019/3/481
f 1044/1/495 1059/2/507 1019/3/481
f 1060/1/492 1044/2/495 1033/3/467
f 1060/1/492 1033/2/467 1045/3/468
f 1051/1/480 1045/2/468 1025/3/935
f 1050/1/489 1024/2/464 1042/3/488
f 1046/1/506 1021/2/479 1049/3/490
f 1047/1/521 1022/2/491 1046/3/506
f 1048/1/500 1034/2/497 1047/3/521
f 1049/1/490 1035/2/465 1061/3/505
f 1061/1/505 1035/2/465 1050/3/489
f 1054/1/494 1051/2/480 1036/3/469
f 1052/1/475 1062/2/483 1028/3/937
f 1053/1/942 1052/2/475 1027/3/450
f 1063/1/484 1054/2/494 1028/3/937
f 1031/1/939 1055/2/527 1058/3/516
f 1055/1/527 1037/2/508 1064/3/541
f 1037/1/508 1038/2/509 1065/3/535
f 1038/1/509 1048/2/500 1066/3/526
f 1056/1/487 1039/2/941 1067/3/514
f 1056/1/487 1067/2/514 1040/3/486
f 1040/1/486 1068/2/513 1041/3/502
f 1030/1/938 1057/2/943 1069/3/944
f 1041/1/502 1070/2/504 1057/3/943
f 1039/1/941 1058/2/516 1067/3/514
f 1030/1/938 1069/2/944 1053/3/942
f 1071/1/517 1042/2/488 1043/3/496
f 1072/1/525 1043/2/496 1059/3/507
f 1073/1/533 1059/2/507 1044/3/495
f 1074/1/522 1044/2/495 1060/3/492
f 1075/1/493 1060/2/492 1045/3/468
f 1075/1/493 1045/2/468 1051/3/480
f 1071/1/517 1050/2/489 1042/3/488
f 1046/1/506 1049/2/490 1076/3/520
f 1047/1/521 1046/2/506 1077/3/543
f 1066/1/526 1048/2/500 1047/3/521
f 1049/1/490 1061/2/505 1078/3/532
f 1061/1/505 1050/2/489 1079/3/518
f 1080/1/512 1051/2/480 1054/3/494
f 1062/1/483 1063/2/484 1028/3/937
f 1081/1/501 1062/2/483 1052/3/475
f 1053/1/942 1069/2/944 1052/3/475
f 1063/1/484 1080/2/512 1054/3/494
f 1058/1/516 1055/2/527 1082/3/548
f 1037/1/508 1065/2/535 1064/3/541
f 1055/1/527 1064/2/541 1082/3/548
f 1038/1/509 1083/2/534 1065/3/535
f 1038/1/509 1066/2/526 1083/3/534
f 1067/1/514 1084/2/530 1040/3/486
f 1040/1/486 1084/2/530 1068/3/513
f 1041/1/502 1068/2/513 1070/3/504
f 1057/1/943 1081/2/501 1069/3/944
f 1057/1/943 1070/2/504 1081/3/501
f 1067/1/514 1058/2/516 1085/3/540
f 1072/1/525 1071/2/517 1043/3/496
f 1073/1/533 1072/2/525 1059/3/507
f 1086/1/524 1073/2/533 1044/3/495
f 1074/1/522 1086/2/524 1044/3/495
f 1074/1/522 1060/2/492 1075/3/493
f 1080/1/512 1075/2/493 1051/3/480
f 1079/1/518 1050/2/489 1071/3/517
f 1076/1/520 1049/2/490 1078/3/532
f 1077/1/543 1046/2/506 1076/3/520
f 1066/1/526 1047/2/521 1077/3/543
f 1078/1/532 1061/2/505 1087/3/519
f 1087/1/519 1061/2/505 1079/3/518
f 1062/1/483 1088/2/529 1063/3/484
f 1081/1/501 1089/2/511 1062/3/483
f 1069/1/944 1081/2/501 1052/3/475
f 1088/1/529 1080/2/512 1063/3/484
f 1058/1/516 1082/2/548 1085/3/540
f 1064/1/541 1065/2/535 1090/3/553
f 1082/1/548 1064/2/541 1091/3/550
f 1065/1/535 1083/2/534 1090/3/553
f 1083/1/534 1066/2/526 1092/3/549
f 1067/1/514 1085/2/540 1084/3/530
f 1084/1/530 1093/2/539 1068/3/513
f 1068/1/513 1094/2/531 1070/3/504
f 1070/1/504 1095/2/510 1081/3/501
f 1096/1/542 1071/2/517 1072/3/525
f 1096/1/542 1072/2/525 1073/3/533
f 1096/1/542 1073/2/533 1086/3/524
f 1096/1/542 1086/2/524 1074/3/522
f 1097/1/523 1074/2/522 1075/3/493
f 1097/1/523 1075/2/493 1080/3/512
f 1096/1/542 1079/2/518 1071/3/517
f 1076/1/520 1078/2/532 1096/3/542
f 1077/1/543 1076/2/520 1096/3/542
f 1092/1/549 1066/2/526 1077/3/543
f 1078/1/532 1087/2/519 1096/3/542
f 1087/1/519 1079/2/518 1096/3/542
f 1089/1/511 1088/2/529 1062/3/483
f 1095/1/510 1089/2/511 1081/3/501
f 1088/1/529 1098/2/547 1080/3/512
f 1085/1/540 1082/2/548 1099/3/554
f 1064/1/541 1090/2/553 1091/3/550
f 1082/1/548 1091/2/550 1100/3/552
f 1083/1/534 1101/2/544 1090/3/553
f 1083/1/534 1092/2/549 1101/3/544
f 1084/1/530 1085/2/540 1093/3/539
f 1093/1/539 1094/2/531 1068/3/513
f 1094/1/531 1102/2/528 1070/3/504
f 1102/1/528 1095/2/510 1070/3/504
f 1096/1/542 1074/2/522 1097/3/523
f 1103/1/538 1097/2/523 1080/3/512
f 1092/1/549 1077/2/543 1096/3/542
f 1089/1/511 1098/2/547 1088/3/529
f 1095/1/510 1104/2/537 1089/3/511
f 1098/1/547 1103/2/538 1080/3/512
f 1082/1/548 1100/2/552 1099/3/554
f 1085/1/540 1099/2/554 1093/3/539
f 1091/1/550 1090/2/553 1096/3/542
f 1100/1/552 1091/2/550 1096/3/542
f 1090/1/553 1101/2/544 1096/3/542
f 1101/1/544 1092/2/549 1096/3/542
f 1093/1/539 1105/2/551 1094/3/531
f 1094/1/531 1106/2/546 1102/3/528
f 1102/1/528 1104/2/537 1095/3/510
f 1096/1/542 1097/2/523 1103/3/538
f 1107/1/536 1098/2/547 1089/3/511
f 1104/1/537 1107/2/536 1089/3/511
f 1098/1/547 1096/2/542 1103/3/538
f 1099/1/554 1100/2/552 1096/3/542
f 1093/1/539 1099/2/554 1105/3/551
f 1105/1/551 1108/2/545 1094/3/531
f 1108/1/545 1106/2/546 1094/3/531
f 1106/1/546 1104/2/537 1102/3/528
f 1107/1/536 1096/2/542 1098/3/547
f 1104/1/537 1096/2/542 1107/3/536
f 1105/1/551 1099/2/554 1096/3/542
f 1105/1/551 1096/2/542 1108/3/545
f 1108/1/545 1096/2/542 1106/3/546
f 1106/1/546 1096/2/542 1104/3/537
