# Blender 5.2.0 LTS
# www.blender.org
o Head
v -0.300213 1.054771 0.019445
v -0.286598 1.052531 0.017924
v -0.286929 1.050881 0.019445
v -0.299602 1.056339 0.017924
v -0.287149 1.049781 0.020966
v -0.300621 1.053727 0.020966
v -0.312620 1.060910 0.019445
v -0.311746 1.062347 0.017924
v -0.286158 1.054730 0.016403
v -0.298786 1.058428 0.016403
v -0.273131 1.051039 0.017924
v -0.273170 1.049357 0.019445
v -0.287259 1.049232 0.022487
v -0.300825 1.053205 0.022487
v -0.313204 1.059952 0.020966
v -0.273196 1.048236 0.020966
v -0.323773 1.069109 0.019445
v -0.322663 1.070372 0.017924
v -0.310580 1.064263 0.016403
v -0.285608 1.057479 0.014882
v -0.297766 1.061040 0.014882
v -0.273080 1.053281 0.016403
v -0.259356 1.050245 0.019445
v -0.259610 1.051908 0.017924
v -0.300825 1.053205 0.024007
v -0.287259 1.049232 0.024007
v -0.313495 1.059473 0.022487
v -0.273209 1.047675 0.022487
v -0.324514 1.068267 0.020966
v -0.259187 1.049136 0.020966
v -0.333333 1.079120 0.019445
v -0.332020 1.080172 0.017924
v -0.321182 1.072057 0.016403
v -0.309122 1.066658 0.014882
v -0.284947 1.060778 0.013361
v -0.296543 1.064174 0.013361
v -0.273015 1.056084 0.014882
v -0.259948 1.054125 0.016403
v -0.245906 1.053518 0.019445
v -0.246445 1.055111 0.017924
v -0.300621 1.053727 0.025528
v -0.287149 1.049781 0.025528
v -0.313495 1.059473 0.024007
v -0.273209 1.047675 0.024007
v -0.324884 1.067846 0.022487
v -0.259102 1.048582 0.022487
v -0.334208 1.078420 0.020966
v -0.245547 1.052455 0.020966
v -0.341009 1.090640 0.019445
v -0.339533 1.091447 0.017924
v -0.330269 1.081573 0.016403
v -0.319330 1.074162 0.014882
v -0.307373 1.069532 0.013361
v -0.284176 1.064627 0.011840
v -0.295116 1.067831 0.011840
v -0.272937 1.059448 0.013361
v -0.260371 1.056896 0.014882
v -0.247163 1.057236 0.016403
v -0.233229 1.059077 0.019445
v -0.234036 1.060553 0.017924
v -0.300213 1.054771 0.027049
v -0.286929 1.050881 0.027049
v -0.313204 1.059952 0.025528
v -0.273196 1.048236 0.025528
v -0.324884 1.067846 0.024007
v -0.259102 1.048582 0.024007
v -0.334646 1.078069 0.022487
v -0.245367 1.051924 0.022487
v -0.341993 1.090102 0.020966
v -0.232691 1.058093 0.020966
v -0.346568 1.103317 0.019445
v -0.344974 1.103856 0.017924
v -0.337565 1.092524 0.016403
v -0.328080 1.083326 0.014882
v -0.317109 1.076689 0.013361
v -0.305333 1.072885 0.011840
v -0.261471 1.064103 0.011840
v -0.272846 1.063372 0.011840
v -0.250395 1.066798 0.011840
v -0.239956 1.071376 0.011840
v -0.230470 1.077697 0.011840
v -0.314517 1.079637 0.011840
v -0.222226 1.085569 0.011840
v -0.322389 1.087881 0.011840
v -0.215474 1.094753 0.011840
v -0.328710 1.097367 0.011840
v -0.210419 1.104970 0.011840
v -0.333288 1.107807 0.011840
v -0.207216 1.115910 0.011840
v -0.335983 1.118882 0.011840
v -0.205961 1.127239 0.011840
v -0.336714 1.130258 0.011840
v -0.206692 1.138615 0.011840
v -0.335459 1.141587 0.011840
v -0.209387 1.149690 0.011840
v -0.332255 1.152527 0.011840
v -0.213965 1.160130 0.011840
v -0.327201 1.162744 0.011840
v -0.220286 1.169616 0.011840
v -0.320449 1.171928 0.011840
v -0.228158 1.177860 0.011840
v -0.312204 1.179800 0.011840
v -0.237342 1.184612 0.011840
v -0.302719 1.186121 0.011840
v -0.247559 1.189666 0.011840
v -0.292279 1.190699 0.011840
v -0.258498 1.192870 0.011840
v -0.281204 1.193394 0.011840
v -0.269828 1.194125 0.011840
v -0.260879 1.060223 0.013361
v -0.248061 1.059892 0.014882
v -0.235112 1.062521 0.016403
v -0.221709 1.066753 0.019445
v -0.222761 1.068066 0.017924
v -0.286598 1.052531 0.028570
v -0.299602 1.056339 0.028570
v -0.312620 1.060910 0.027049
v -0.273170 1.049357 0.027049
v -0.324514 1.068267 0.025528
v -0.259187 1.049136 0.025528
v -0.334646 1.078069 0.024007
v -0.245367 1.051924 0.024007
v -0.342485 1.089833 0.022487
v -0.232421 1.057601 0.022487
v -0.347631 1.102958 0.020966
v -0.221009 1.065877 0.020966
v -0.349841 1.116767 0.019445
v -0.348178 1.117021 0.017924
v -0.342849 1.104574 0.016403
v -0.335105 1.093869 0.014882
v -0.325453 1.085428 0.013361
v -0.340638 1.130348 0.013361
v -0.339308 1.142358 0.013361
v -0.335912 1.153954 0.013361
v -0.330554 1.164784 0.013361
v -0.323397 1.174520 0.013361
v -0.314658 1.182864 0.013361
v -0.304602 1.189565 0.013361
v -0.293536 1.194417 0.013361
v -0.281796 1.197274 0.013361
v -0.269737 1.198049 0.013361
v -0.257728 1.196719 0.013361
v -0.246131 1.193323 0.013361
v -0.235301 1.187965 0.013361
v -0.225566 1.180808 0.013361
v -0.217221 1.172069 0.013361
v -0.210521 1.162013 0.013361
v -0.205668 1.150947 0.013361
v -0.202811 1.139207 0.013361
v -0.202036 1.127149 0.013361
v -0.203367 1.115139 0.013361
v -0.206763 1.103543 0.013361
v -0.212121 1.092712 0.013361
v -0.219278 1.082977 0.013361
v -0.228017 1.074632 0.013361
v -0.238072 1.067932 0.013361
v -0.249138 1.063080 0.013361
v -0.332154 1.095484 0.013361
v -0.337006 1.106550 0.013361
v -0.339863 1.118290 0.013361
v -0.236458 1.064980 0.014882
v -0.224162 1.069817 0.016403
v -0.211698 1.076312 0.019445
v -0.212961 1.077423 0.017924
v -0.286158 1.054730 0.030091
v -0.298786 1.058428 0.030091
v -0.311746 1.062347 0.028570
v -0.273131 1.051039 0.028570
v -0.323773 1.069109 0.027049
v -0.259356 1.050245 0.027049
v -0.334208 1.078420 0.025528
v -0.245547 1.052455 0.025528
v -0.342485 1.089833 0.024007
v -0.232421 1.057601 0.024007
v -0.348162 1.102778 0.022487
v -0.220658 1.065439 0.022487
v -0.350950 1.116598 0.020966
v -0.210855 1.075572 0.020966
v -0.350729 1.130581 0.019445
v -0.349047 1.130542 0.017924
v -0.345961 1.117359 0.016403
v -0.340193 1.105472 0.014882
v -0.344002 1.130426 0.014882
v -0.342607 1.143018 0.014882
v -0.339046 1.155178 0.014882
v -0.333428 1.166533 0.014882
v -0.325923 1.176741 0.014882
v -0.316760 1.185491 0.014882
v -0.306217 1.192517 0.014882
v -0.294614 1.197605 0.014882
v -0.282303 1.200600 0.014882
v -0.269660 1.201413 0.014882
v -0.257067 1.200018 0.014882
v -0.244908 1.196457 0.014882
v -0.233552 1.190839 0.014882
v -0.223344 1.183334 0.014882
v -0.214595 1.174171 0.014882
v -0.207569 1.163628 0.014882
v -0.202481 1.152025 0.014882
v -0.199485 1.139714 0.014882
v -0.198673 1.127071 0.014882
v -0.200068 1.114478 0.014882
v -0.203629 1.102319 0.014882
v -0.209247 1.090963 0.014882
v -0.216751 1.080755 0.014882
v -0.225914 1.072006 0.014882
v -0.343189 1.117782 0.014882
v -0.214646 1.078904 0.016403
v -0.203498 1.087465 0.019445
v -0.204936 1.088340 0.017924
v -0.285608 1.057479 0.031612
v -0.297766 1.061040 0.031612
v -0.310580 1.064263 0.030091
v -0.273080 1.053281 0.030091
v -0.322663 1.070372 0.028570
v -0.259610 1.051908 0.028570
v -0.333333 1.079120 0.027049
v -0.245906 1.053518 0.027049
v -0.341993 1.090102 0.025528
v -0.232691 1.058093 0.025528
v -0.348162 1.102778 0.024007
v -0.220658 1.065439 0.024007
v -0.351504 1.116513 0.022487
v -0.210434 1.075202 0.022487
v -0.351850 1.130607 0.020966
v -0.202540 1.086882 0.020966
v -0.347555 1.144009 0.017924
v -0.349205 1.144340 0.019445
v -0.346805 1.130491 0.016403
v -0.345356 1.143569 0.016403
v -0.341658 1.156197 0.016403
v -0.335823 1.167991 0.016403
v -0.328029 1.178593 0.016403
v -0.318512 1.187680 0.016403
v -0.307562 1.194976 0.016403
v -0.295511 1.200261 0.016403
v -0.282726 1.203372 0.016403
v -0.269595 1.204216 0.016403
v -0.256517 1.202767 0.016403
v -0.243889 1.199069 0.016403
v -0.232095 1.193234 0.016403
v -0.221493 1.185440 0.016403
v -0.212406 1.175923 0.016403
v -0.205109 1.164973 0.016403
v -0.199825 1.152923 0.016403
v -0.196714 1.140137 0.016403
v -0.195870 1.127006 0.016403
v -0.197319 1.113928 0.016403
v -0.201017 1.101300 0.016403
v -0.206852 1.089506 0.016403
v -0.197360 1.099873 0.019445
v -0.198928 1.100484 0.017924
v -0.284947 1.060778 0.033133
v -0.296543 1.064174 0.033133
v -0.309122 1.066658 0.031612
v -0.273015 1.056084 0.031612
v -0.321182 1.072057 0.030091
v -0.259948 1.054125 0.030091
v -0.332020 1.080172 0.028570
v -0.246445 1.055111 0.028570
v -0.341009 1.090640 0.027049
v -0.233229 1.059077 0.027049
v -0.347631 1.102958 0.025528
v -0.221009 1.065877 0.025528
v -0.351504 1.116513 0.024007
v -0.210434 1.075202 0.024007
v -0.352411 1.130620 0.022487
v -0.202062 1.086591 0.022487
v -0.350304 1.144560 0.020966
v -0.196316 1.099465 0.020966
v -0.343747 1.157013 0.017924
v -0.345314 1.157624 0.019445
v -0.337739 1.169157 0.017924
v -0.329713 1.180074 0.017924
v -0.319914 1.189431 0.017924
v -0.308639 1.196944 0.017924
v -0.296230 1.202385 0.017924
v -0.283065 1.205589 0.017924
v -0.269543 1.206458 0.017924
v -0.256077 1.204966 0.017924
v -0.243073 1.201158 0.017924
v -0.230929 1.195150 0.017924
v -0.220012 1.187124 0.017924
v -0.210655 1.177325 0.017924
v -0.203142 1.166050 0.017924
v -0.197700 1.153641 0.017924
v -0.194497 1.140476 0.017924
v -0.193627 1.126955 0.017924
v -0.195119 1.113487 0.017924
v -0.193470 1.113157 0.019445
v -0.284176 1.064627 0.034654
v -0.295116 1.067831 0.034654
v -0.307373 1.069532 0.033133
v -0.272937 1.059448 0.033133
v -0.319330 1.074162 0.031612
v -0.260371 1.056896 0.031612
v -0.330269 1.081573 0.030091
v -0.247163 1.057236 0.030091
v -0.339533 1.091447 0.028570
v -0.234036 1.060553 0.028570
v -0.346568 1.103317 0.027049
v -0.221709 1.066753 0.027049
v -0.350950 1.116598 0.025528
v -0.210855 1.075572 0.025528
v -0.352411 1.130620 0.024007
v -0.202062 1.086591 0.024007
v -0.350854 1.144670 0.022487
v -0.195793 1.099261 0.022487
v -0.346359 1.158032 0.020966
v -0.192370 1.112937 0.020966
v -0.339176 1.170032 0.019445
v -0.330977 1.181185 0.019445
v -0.320965 1.190744 0.019445
v -0.309446 1.198420 0.019445
v -0.296769 1.203979 0.019445
v -0.283319 1.207252 0.019445
v -0.269504 1.208140 0.019445
v -0.255746 1.206616 0.019445
v -0.242461 1.202725 0.019445
v -0.230054 1.196587 0.019445
v -0.218901 1.188388 0.019445
v -0.209342 1.178376 0.019445
v -0.201666 1.166857 0.019445
v -0.196107 1.154180 0.019445
v -0.192833 1.140730 0.019445
v -0.191946 1.126916 0.019445
v -0.282568 1.072658 0.033133
v -0.292138 1.075460 0.033133
v -0.305333 1.072885 0.034654
v -0.272846 1.063372 0.034654
v -0.317109 1.076689 0.033133
v -0.260879 1.060223 0.033133
v -0.328080 1.083326 0.031612
v -0.248061 1.059892 0.031612
v -0.337565 1.092524 0.030091
v -0.235112 1.062521 0.030091
v -0.344974 1.103856 0.028570
v -0.222761 1.068066 0.028570
v -0.349841 1.116767 0.027049
v -0.211698 1.076312 0.027049
v -0.351850 1.130607 0.025528
v -0.202540 1.086882 0.025528
v -0.350854 1.144670 0.024007
v -0.195793 1.099261 0.024007
v -0.346881 1.158236 0.022487
v -0.191821 1.112827 0.022487
v -0.340134 1.170615 0.020966
v -0.190825 1.126890 0.020966
v -0.331819 1.181925 0.020966
v -0.321666 1.191620 0.020966
v -0.309984 1.199404 0.020966
v -0.297128 1.205042 0.020966
v -0.283488 1.208361 0.020966
v -0.269479 1.209261 0.020966
v -0.255526 1.207716 0.020966
v -0.242054 1.203770 0.020966
v -0.229471 1.197545 0.020966
v -0.218161 1.189230 0.020966
v -0.208466 1.179077 0.020966
v -0.200682 1.167395 0.020966
v -0.195044 1.154539 0.020966
v -0.191725 1.140899 0.020966
v -0.272658 1.071560 0.033133
v -0.301075 1.079882 0.033133
v -0.314517 1.079637 0.034654
v -0.261471 1.064103 0.034654
v -0.325453 1.085428 0.033133
v -0.249138 1.063080 0.033133
v -0.335105 1.093869 0.031612
v -0.236458 1.064980 0.031612
v -0.342849 1.104574 0.030091
v -0.224162 1.069817 0.030091
v -0.348178 1.117021 0.028570
v -0.212961 1.077423 0.028570
v -0.350729 1.130581 0.027049
v -0.203498 1.087465 0.027049
v -0.350304 1.144560 0.025528
v -0.196316 1.099465 0.025528
v -0.346881 1.158236 0.024007
v -0.191821 1.112827 0.024007
v -0.340613 1.170906 0.022487
v -0.190264 1.126877 0.022487
v -0.332240 1.182295 0.022487
v -0.322017 1.192057 0.022487
v -0.310253 1.199896 0.022487
v -0.297307 1.205573 0.022487
v -0.283572 1.208915 0.022487
v -0.269466 1.209822 0.022487
v -0.255416 1.208265 0.022487
v -0.241850 1.204293 0.022487
v -0.229180 1.198024 0.022487
v -0.217790 1.189651 0.022487
v -0.208028 1.179428 0.022487
v -0.200190 1.167664 0.022487
v -0.194513 1.154718 0.022487
v -0.191171 1.140984 0.022487
v -0.262707 1.072199 0.033133
v -0.309109 1.085788 0.033133
v -0.322389 1.087881 0.034654
v -0.250395 1.066798 0.034654
v -0.332154 1.095484 0.033133
v -0.238072 1.067932 0.033133
v -0.340193 1.105472 0.031612
v -0.225914 1.072006 0.031612
v -0.345961 1.117359 0.030091
v -0.214646 1.078904 0.030091
v -0.349047 1.130542 0.028570
v -0.204936 1.088340 0.028570
v -0.349205 1.144340 0.027049
v -0.197360 1.099873 0.027049
v -0.346359 1.158032 0.025528
v -0.192370 1.112937 0.025528
v -0.340613 1.170906 0.024007
v -0.190264 1.126877 0.024007
v -0.332240 1.182295 0.024007
v -0.322017 1.192057 0.024007
v -0.310253 1.199896 0.024007
v -0.297307 1.205573 0.024007
v -0.283572 1.208915 0.024007
v -0.269466 1.209822 0.024007
v -0.255416 1.208265 0.024007
v -0.241850 1.204293 0.024007
v -0.229180 1.198024 0.024007
v -0.217790 1.189651 0.024007
v -0.208028 1.179428 0.024007
v -0.200190 1.167664 0.024007
v -0.194513 1.154718 0.024007
v -0.191171 1.140984 0.024007
v -0.253018 1.074557 0.033133
v -0.315995 1.093000 0.033133
v -0.328710 1.097367 0.034654
v -0.239956 1.071376 0.034654
v -0.337006 1.106550 0.033133
v -0.228017 1.074632 0.033133
v -0.343189 1.117782 0.031612
v -0.216751 1.080755 0.031612
v -0.346805 1.130491 0.030091
v -0.206852 1.089506 0.030091
v -0.347555 1.144009 0.028570
v -0.198928 1.100484 0.028570
v -0.345314 1.157624 0.027049
v -0.193470 1.113157 0.027049
v -0.340134 1.170615 0.025528
v -0.190825 1.126890 0.025528
v -0.331819 1.181925 0.025528
v -0.321666 1.191620 0.025528
v -0.309984 1.199404 0.025528
v -0.297128 1.205042 0.025528
v -0.283488 1.208361 0.025528
v -0.269479 1.209261 0.025528
v -0.255526 1.207716 0.025528
v -0.242054 1.203770 0.025528
v -0.229471 1.197545 0.025528
v -0.218161 1.189230 0.025528
v -0.208466 1.179077 0.025528
v -0.200682 1.167395 0.025528
v -0.195044 1.154539 0.025528
v -0.191725 1.140899 0.025528
v -0.243886 1.078561 0.033133
v -0.321524 1.101297 0.033133
v -0.333288 1.107807 0.034654
v -0.230470 1.077697 0.034654
v -0.339863 1.118290 0.033133
v -0.219278 1.082977 0.033133
v -0.344002 1.130426 0.031612
v -0.209247 1.090963 0.031612
v -0.345356 1.143569 0.030091
v -0.201017 1.101300 0.030091
v -0.343747 1.157013 0.028570
v -0.195119 1.113487 0.028570
v -0.339176 1.170032 0.027049
v -0.191946 1.126916 0.027049
v -0.330977 1.181185 0.027049
v -0.320965 1.190744 0.027049
v -0.309446 1.198420 0.027049
v -0.296769 1.203979 0.027049
v -0.283319 1.207252 0.027049
v -0.269504 1.208140 0.027049
v -0.255746 1.206616 0.027049
v -0.242461 1.202725 0.027049
v -0.230054 1.196587 0.027049
v -0.218901 1.188388 0.027049
v -0.209342 1.178376 0.027049
v -0.201666 1.166857 0.027049
v -0.196107 1.154180 0.027049
v -0.192833 1.140730 0.027049
v -0.235589 1.084091 0.033133
v -0.325529 1.110429 0.033133
v -0.335983 1.118882 0.034654
v -0.222226 1.085569 0.034654
v -0.340638 1.130348 0.033133
v -0.212121 1.092712 0.033133
v -0.342607 1.143018 0.031612
v -0.203629 1.102319 0.031612
v -0.341658 1.156197 0.030091
v -0.197319 1.113928 0.030091
v -0.337739 1.169157 0.028570
v -0.193627 1.126955 0.028570
v -0.329713 1.180074 0.028570
v -0.319914 1.189431 0.028570
v -0.308639 1.196944 0.028570
v -0.296230 1.202385 0.028570
v -0.283065 1.205589 0.028570
v -0.269543 1.206458 0.028570
v -0.256077 1.204966 0.028570
v -0.243073 1.201158 0.028570
v -0.230929 1.195150 0.028570
v -0.220012 1.187124 0.028570
v -0.210655 1.177325 0.028570
v -0.203142 1.166050 0.028570
v -0.197700 1.153641 0.028570
v -0.194497 1.140476 0.028570
v -0.228377 1.090977 0.033133
v -0.327886 1.120118 0.033133
v -0.336714 1.130258 0.034654
v -0.215474 1.094753 0.034654
v -0.339308 1.142358 0.033133
v -0.206763 1.103543 0.033133
v -0.339046 1.155178 0.031612
v -0.200068 1.114478 0.031612
v -0.335823 1.167991 0.030091
v -0.195870 1.127006 0.030091
v -0.328029 1.178593 0.030091
v -0.318512 1.187680 0.030091
v -0.307562 1.194976 0.030091
v -0.295511 1.200261 0.030091
v -0.282726 1.203372 0.030091
v -0.269595 1.204216 0.030091
v -0.256517 1.202767 0.030091
v -0.243889 1.199069 0.030091
v -0.232095 1.193234 0.030091
v -0.221493 1.185440 0.030091
v -0.212406 1.175923 0.030091
v -0.205109 1.164973 0.030091
v -0.199825 1.152923 0.030091
v -0.196714 1.140137 0.030091
v -0.222471 1.099011 0.033133
v -0.328526 1.130069 0.033133
v -0.335459 1.141587 0.034654
v -0.210419 1.104970 0.034654
v -0.335912 1.153954 0.033133
v -0.203367 1.115139 0.033133
v -0.333428 1.166533 0.031612
v -0.198673 1.127071 0.031612
v -0.325923 1.176741 0.031612
v -0.316760 1.185491 0.031612
v -0.306217 1.192517 0.031612
v -0.294614 1.197605 0.031612
v -0.282303 1.200600 0.031612
v -0.269660 1.201413 0.031612
v -0.257067 1.200018 0.031612
v -0.244908 1.196457 0.031612
v -0.233552 1.190839 0.031612
v -0.223344 1.183334 0.031612
v -0.214595 1.174171 0.031612
v -0.207569 1.163628 0.031612
v -0.202481 1.152025 0.031612
v -0.199485 1.139714 0.031612
v -0.218049 1.107948 0.033133
v -0.327428 1.139979 0.033133
v -0.332255 1.152527 0.034654
v -0.207216 1.115910 0.034654
v -0.330554 1.164784 0.033133
v -0.202036 1.127149 0.033133
v -0.323397 1.174520 0.033133
v -0.314658 1.182864 0.033133
v -0.304602 1.189565 0.033133
v -0.293536 1.194417 0.033133
v -0.281796 1.197274 0.033133
v -0.269737 1.198049 0.033133
v -0.257728 1.196719 0.033133
v -0.246131 1.193323 0.033133
v -0.235301 1.187965 0.033133
v -0.225566 1.180808 0.033133
v -0.217221 1.172069 0.033133
v -0.210521 1.162013 0.033133
v -0.205668 1.150947 0.033133
v -0.202811 1.139207 0.033133
v -0.215247 1.117517 0.033133
v -0.324626 1.149549 0.033133
v -0.327201 1.162744 0.034654
v -0.205961 1.127239 0.034654
v -0.320449 1.171928 0.034654
v -0.312204 1.179800 0.034654
v -0.302719 1.186121 0.034654
v -0.292279 1.190699 0.034654
v -0.281204 1.193394 0.034654
v -0.269828 1.194125 0.034654
v -0.258498 1.192870 0.034654
v -0.247559 1.189666 0.034654
v -0.237342 1.184612 0.034654
v -0.228158 1.177860 0.034654
v -0.220286 1.169616 0.034654
v -0.213965 1.160130 0.034654
v -0.209387 1.149690 0.034654
v -0.206692 1.138615 0.034654
v -0.214149 1.127428 0.033133
v -0.320204 1.158486 0.033133
v -0.314298 1.166520 0.033133
v -0.307086 1.173406 0.033133
v -0.298788 1.178936 0.033133
v -0.289656 1.182940 0.033133
v -0.279968 1.185298 0.033133
v -0.270017 1.185937 0.033133
v -0.260107 1.184839 0.033133
v -0.250537 1.182037 0.033133
v -0.241600 1.177615 0.033133
v -0.233566 1.171709 0.033133
v -0.226680 1.164497 0.033133
v -0.221150 1.156199 0.033133
v -0.217146 1.147068 0.033133
v -0.214788 1.137379 0.033133
v 0.311804 1.056339 0.017924
v 0.312416 1.054771 0.019445
v 0.298801 1.052531 0.017924
v 0.299131 1.050881 0.019445
v 0.299351 1.049781 0.020966
v 0.312823 1.053727 0.020966
v 0.323948 1.062347 0.017924
v 0.324823 1.060910 0.019445
v 0.310988 1.058428 0.016403
v 0.298360 1.054730 0.016403
v 0.285334 1.051039 0.017924
v 0.285372 1.049357 0.019445
v 0.299461 1.049232 0.022487
v 0.313027 1.053205 0.022487
v 0.325406 1.059952 0.020966
v 0.285398 1.048236 0.020966
v 0.334865 1.070372 0.017924
v 0.335976 1.069109 0.019445
v 0.322782 1.064263 0.016403
v 0.309969 1.061040 0.014882
v 0.297810 1.057479 0.014882
v 0.285282 1.053281 0.016403
v 0.271812 1.051908 0.017924
v 0.271558 1.050245 0.019445
v 0.299461 1.049232 0.024007
v 0.313027 1.053205 0.024007
v 0.325697 1.059473 0.022487
v 0.285411 1.047675 0.022487
v 0.336716 1.068267 0.020966
v 0.271389 1.049136 0.020966
v 0.344222 1.080172 0.017924
v 0.345536 1.079120 0.019445
v 0.333384 1.072057 0.016403
v 0.321325 1.066658 0.014882
v 0.308746 1.064174 0.013361
v 0.297149 1.060778 0.013361
v 0.285217 1.056084 0.014882
v 0.272151 1.054125 0.016403
v 0.258647 1.055111 0.017924
v 0.258108 1.053518 0.019445
v 0.299351 1.049781 0.025528
v 0.312823 1.053727 0.025528
v 0.325697 1.059473 0.024007
v 0.285411 1.047675 0.024007
v 0.337086 1.067846 0.022487
v 0.271305 1.048582 0.022487
v 0.346411 1.078420 0.020966
v 0.257749 1.052455 0.020966
v 0.351735 1.091447 0.017924
v 0.353211 1.090640 0.019445
v 0.342471 1.081573 0.016403
v 0.331532 1.074162 0.014882
v 0.319576 1.069532 0.013361
v 0.307318 1.067831 0.011840
v 0.296379 1.064627 0.011840
v 0.285140 1.059448 0.013361
v 0.272574 1.056896 0.014882
v 0.259365 1.057236 0.016403
v 0.246238 1.060553 0.017924
v 0.245431 1.059077 0.019445
v 0.299131 1.050881 0.027049
v 0.312416 1.054771 0.027049
v 0.325406 1.059952 0.025528
v 0.285398 1.048236 0.025528
v 0.337086 1.067846 0.024007
v 0.271305 1.048582 0.024007
v 0.346849 1.078069 0.022487
v 0.257570 1.051924 0.022487
v 0.354195 1.090102 0.020966
v 0.244893 1.058093 0.020966
v 0.357177 1.103856 0.017924
v 0.358770 1.103317 0.019445
v 0.349768 1.092524 0.016403
v 0.340282 1.083326 0.014882
v 0.329311 1.076689 0.013361
v 0.317535 1.072885 0.011840
v 0.282031 1.194125 0.011840
v 0.293406 1.193394 0.011840
v 0.270701 1.192870 0.011840
v 0.304482 1.190699 0.011840
v 0.259761 1.189666 0.011840
v 0.314921 1.186121 0.011840
v 0.249544 1.184612 0.011840
v 0.324407 1.179800 0.011840
v 0.240360 1.177860 0.011840
v 0.332651 1.171928 0.011840
v 0.232488 1.169616 0.011840
v 0.339403 1.162744 0.011840
v 0.226167 1.160130 0.011840
v 0.344458 1.152527 0.011840
v 0.221589 1.149690 0.011840
v 0.347661 1.141587 0.011840
v 0.218894 1.138615 0.011840
v 0.348917 1.130258 0.011840
v 0.218163 1.127239 0.011840
v 0.348185 1.118882 0.011840
v 0.219418 1.115910 0.011840
v 0.345490 1.107807 0.011840
v 0.222622 1.104970 0.011840
v 0.340912 1.097367 0.011840
v 0.227676 1.094753 0.011840
v 0.334591 1.087881 0.011840
v 0.234428 1.085569 0.011840
v 0.326719 1.079637 0.011840
v 0.242672 1.077697 0.011840
v 0.252158 1.071376 0.011840
v 0.262598 1.066798 0.011840
v 0.273674 1.064103 0.011840
v 0.285049 1.063372 0.011840
v 0.273081 1.060223 0.013361
v 0.260263 1.059892 0.014882
v 0.247315 1.062521 0.016403
v 0.234963 1.068066 0.017924
v 0.233912 1.066753 0.019445
v 0.311804 1.056339 0.028570
v 0.298801 1.052531 0.028570
v 0.324823 1.060910 0.027049
v 0.285372 1.049357 0.027049
v 0.336716 1.068267 0.025528
v 0.271389 1.049136 0.025528
v 0.346849 1.078069 0.024007
v 0.257570 1.051924 0.024007
v 0.354687 1.089833 0.022487
v 0.244624 1.057601 0.022487
v 0.359833 1.102958 0.020966
v 0.233211 1.065877 0.020966
v 0.360380 1.117021 0.017924
v 0.362044 1.116767 0.019445
v 0.355052 1.104574 0.016403
v 0.347308 1.093869 0.014882
v 0.337656 1.085428 0.013361
v 0.351510 1.142358 0.013361
v 0.352841 1.130348 0.013361
v 0.348114 1.153954 0.013361
v 0.342756 1.164784 0.013361
v 0.335599 1.174520 0.013361
v 0.326860 1.182864 0.013361
v 0.316805 1.189565 0.013361
v 0.305738 1.194417 0.013361
v 0.293998 1.197274 0.013361
v 0.281940 1.198049 0.013361
v 0.269930 1.196719 0.013361
v 0.258334 1.193323 0.013361
v 0.247504 1.187965 0.013361
v 0.237768 1.180808 0.013361
v 0.229424 1.172069 0.013361
v 0.222723 1.162013 0.013361
v 0.217871 1.150947 0.013361
v 0.215014 1.139207 0.013361
v 0.214239 1.127149 0.013361
v 0.215569 1.115139 0.013361
v 0.218965 1.103543 0.013361
v 0.224323 1.092712 0.013361
v 0.231480 1.082977 0.013361
v 0.240219 1.074632 0.013361
v 0.250275 1.067932 0.013361
v 0.261341 1.063080 0.013361
v 0.344356 1.095484 0.013361
v 0.349209 1.106550 0.013361
v 0.352066 1.118290 0.013361
v 0.248660 1.064980 0.014882
v 0.236365 1.069817 0.016403
v 0.225164 1.077423 0.017924
v 0.223900 1.076312 0.019445
v 0.310988 1.058428 0.030091
v 0.298360 1.054730 0.030091
v 0.323948 1.062347 0.028570
v 0.285334 1.051039 0.028570
v 0.335976 1.069109 0.027049
v 0.271558 1.050245 0.027049
v 0.346411 1.078420 0.025528
v 0.257749 1.052455 0.025528
v 0.354687 1.089833 0.024007
v 0.244624 1.057601 0.024007
v 0.360364 1.102778 0.022487
v 0.232860 1.065439 0.022487
v 0.363152 1.116598 0.020966
v 0.223058 1.075572 0.020966
v 0.361250 1.130542 0.017924
v 0.362931 1.130581 0.019445
v 0.358163 1.117359 0.016403
v 0.352396 1.105472 0.014882
v 0.354809 1.143018 0.014882
v 0.356204 1.130426 0.014882
v 0.351248 1.155178 0.014882
v 0.345630 1.166533 0.014882
v 0.338126 1.176741 0.014882
v 0.328963 1.185491 0.014882
v 0.318419 1.192517 0.014882
v 0.306816 1.197605 0.014882
v 0.294506 1.200600 0.014882
v 0.281862 1.201413 0.014882
v 0.269269 1.200018 0.014882
v 0.257111 1.196457 0.014882
v 0.245755 1.190839 0.014882
v 0.235547 1.183334 0.014882
v 0.226797 1.174171 0.014882
v 0.219772 1.163628 0.014882
v 0.214684 1.152025 0.014882
v 0.211688 1.139714 0.014882
v 0.210875 1.127071 0.014882
v 0.212270 1.114478 0.014882
v 0.215831 1.102319 0.014882
v 0.221449 1.090963 0.014882
v 0.228954 1.080755 0.014882
v 0.238117 1.072006 0.014882
v 0.355392 1.117782 0.014882
v 0.226848 1.078904 0.016403
v 0.217138 1.088340 0.017924
v 0.215701 1.087465 0.019445
v 0.309969 1.061040 0.031612
v 0.297810 1.057479 0.031612
v 0.322782 1.064263 0.030091
v 0.285282 1.053281 0.030091
v 0.334865 1.070372 0.028570
v 0.271812 1.051908 0.028570
v 0.345536 1.079120 0.027049
v 0.258108 1.053518 0.027049
v 0.354195 1.090102 0.025528
v 0.244893 1.058093 0.025528
v 0.360364 1.102778 0.024007
v 0.232860 1.065439 0.024007
v 0.363706 1.116513 0.022487
v 0.222637 1.075202 0.022487
v 0.364053 1.130607 0.020966
v 0.214743 1.086882 0.020966
v 0.361407 1.144340 0.019445
v 0.359757 1.144009 0.017924
v 0.359007 1.130491 0.016403
v 0.357558 1.143569 0.016403
v 0.353860 1.156197 0.016403
v 0.348025 1.167991 0.016403
v 0.340231 1.178593 0.016403
v 0.330715 1.187680 0.016403
v 0.319765 1.194976 0.016403
v 0.307714 1.200261 0.016403
v 0.294929 1.203372 0.016403
v 0.281797 1.204216 0.016403
v 0.268719 1.202767 0.016403
v 0.256091 1.199069 0.016403
v 0.244297 1.193234 0.016403
v 0.233696 1.185440 0.016403
v 0.224608 1.175923 0.016403
v 0.217312 1.164973 0.016403
v 0.212028 1.152923 0.016403
v 0.208916 1.140137 0.016403
v 0.208072 1.127006 0.016403
v 0.209521 1.113928 0.016403
v 0.213219 1.101300 0.016403
v 0.219054 1.089506 0.016403
v 0.211130 1.100484 0.017924
v 0.209563 1.099873 0.019445
v 0.308746 1.064174 0.033133
v 0.297149 1.060778 0.033133
v 0.321325 1.066658 0.031612
v 0.285217 1.056084 0.031612
v 0.333384 1.072057 0.030091
v 0.272151 1.054125 0.030091
v 0.344222 1.080172 0.028570
v 0.258647 1.055111 0.028570
v 0.353211 1.090640 0.027049
v 0.245431 1.059077 0.027049
v 0.359833 1.102958 0.025528
v 0.233211 1.065877 0.025528
v 0.363706 1.116513 0.024007
v 0.222637 1.075202 0.024007
v 0.364613 1.130620 0.022487
v 0.214264 1.086591 0.022487
v 0.362507 1.144560 0.020966
v 0.208518 1.099465 0.020966
v 0.357517 1.157624 0.019445
v 0.355949 1.157013 0.017924
v 0.349941 1.169157 0.017924
v 0.341916 1.180074 0.017924
v 0.332116 1.189431 0.017924
v 0.320841 1.196944 0.017924
v 0.308432 1.202385 0.017924
v 0.295267 1.205589 0.017924
v 0.281746 1.206458 0.017924
v 0.268279 1.204966 0.017924
v 0.255275 1.201158 0.017924
v 0.243131 1.195150 0.017924
v 0.232214 1.187124 0.017924
v 0.222857 1.177325 0.017924
v 0.215344 1.166050 0.017924
v 0.209903 1.153641 0.017924
v 0.206699 1.140476 0.017924
v 0.205830 1.126955 0.017924
v 0.207322 1.113487 0.017924
v 0.205673 1.113157 0.019445
v 0.307318 1.067831 0.034654
v 0.296379 1.064627 0.034654
v 0.319576 1.069532 0.033133
v 0.285140 1.059448 0.033133
v 0.331532 1.074162 0.031612
v 0.272574 1.056896 0.031612
v 0.342471 1.081573 0.030091
v 0.259365 1.057236 0.030091
v 0.351735 1.091447 0.028570
v 0.246238 1.060553 0.028570
v 0.358770 1.103317 0.027049
v 0.233912 1.066753 0.027049
v 0.363152 1.116598 0.025528
v 0.223058 1.075572 0.025528
v 0.364613 1.130620 0.024007
v 0.214264 1.086591 0.024007
v 0.363057 1.144670 0.022487
v 0.207996 1.099261 0.022487
v 0.358561 1.158032 0.020966
v 0.204573 1.112937 0.020966
v 0.351379 1.170032 0.019445
v 0.343179 1.181185 0.019445
v 0.333168 1.190744 0.019445
v 0.321648 1.198420 0.019445
v 0.308971 1.203979 0.019445
v 0.295521 1.207252 0.019445
v 0.281707 1.208140 0.019445
v 0.267948 1.206616 0.019445
v 0.254664 1.202725 0.019445
v 0.242256 1.196587 0.019445
v 0.231104 1.188388 0.019445
v 0.221544 1.178376 0.019445
v 0.213868 1.166857 0.019445
v 0.208309 1.154180 0.019445
v 0.205036 1.140730 0.019445
v 0.204148 1.126916 0.019445
v 0.304340 1.075460 0.033133
v 0.294770 1.072658 0.033133
v 0.317535 1.072885 0.034654
v 0.285049 1.063372 0.034654
v 0.329311 1.076689 0.033133
v 0.273081 1.060223 0.033133
v 0.340282 1.083326 0.031612
v 0.260263 1.059892 0.031612
v 0.349768 1.092524 0.030091
v 0.247315 1.062521 0.030091
v 0.357177 1.103856 0.028570
v 0.234963 1.068066 0.028570
v 0.362044 1.116767 0.027049
v 0.223900 1.076312 0.027049
v 0.364053 1.130607 0.025528
v 0.214743 1.086882 0.025528
v 0.363057 1.144670 0.024007
v 0.207996 1.099261 0.024007
v 0.359084 1.158236 0.022487
v 0.204023 1.112827 0.022487
v 0.352337 1.170615 0.020966
v 0.203027 1.126890 0.020966
v 0.344022 1.181925 0.020966
v 0.333869 1.191620 0.020966
v 0.322186 1.199404 0.020966
v 0.309330 1.205042 0.020966
v 0.295690 1.208361 0.020966
v 0.281681 1.209261 0.020966
v 0.267728 1.207716 0.020966
v 0.254256 1.203770 0.020966
v 0.241673 1.197545 0.020966
v 0.230363 1.189230 0.020966
v 0.220668 1.179077 0.020966
v 0.212884 1.167395 0.020966
v 0.207247 1.154539 0.020966
v 0.203927 1.140899 0.020966
v 0.284860 1.071560 0.033133
v 0.313277 1.079882 0.033133
v 0.326719 1.079637 0.034654
v 0.273674 1.064103 0.034654
v 0.337656 1.085428 0.033133
v 0.261341 1.063080 0.033133
v 0.347308 1.093869 0.031612
v 0.248660 1.064980 0.031612
v 0.355052 1.104574 0.030091
v 0.236365 1.069817 0.030091
v 0.360380 1.117021 0.028570
v 0.225164 1.077423 0.028570
v 0.362931 1.130581 0.027049
v 0.215701 1.087465 0.027049
v 0.362507 1.144560 0.025528
v 0.208518 1.099465 0.025528
v 0.359084 1.158236 0.024007
v 0.204023 1.112827 0.024007
v 0.352816 1.170906 0.022487
v 0.202466 1.126877 0.022487
v 0.344442 1.182295 0.022487
v 0.334219 1.192057 0.022487
v 0.322456 1.199896 0.022487
v 0.309510 1.205573 0.022487
v 0.295775 1.208915 0.022487
v 0.281668 1.209822 0.022487
v 0.267618 1.208265 0.022487
v 0.254052 1.204293 0.022487
v 0.241382 1.198024 0.022487
v 0.229993 1.189651 0.022487
v 0.220231 1.179428 0.022487
v 0.212392 1.167664 0.022487
v 0.206715 1.154718 0.022487
v 0.203373 1.140984 0.022487
v 0.274909 1.072199 0.033133
v 0.321311 1.085788 0.033133
v 0.334591 1.087881 0.034654
v 0.262598 1.066798 0.034654
v 0.344356 1.095484 0.033133
v 0.250275 1.067932 0.033133
v 0.352396 1.105472 0.031612
v 0.238117 1.072006 0.031612
v 0.358163 1.117359 0.030091
v 0.226848 1.078904 0.030091
v 0.361250 1.130542 0.028570
v 0.217138 1.088340 0.028570
v 0.361407 1.144340 0.027049
v 0.209563 1.099873 0.027049
v 0.358561 1.158032 0.025528
v 0.204573 1.112937 0.025528
v 0.352816 1.170906 0.024007
v 0.202466 1.126877 0.024007
v 0.344442 1.182295 0.024007
v 0.334219 1.192057 0.024007
v 0.322456 1.199896 0.024007
v 0.309510 1.205573 0.024007
v 0.295775 1.208915 0.024007
v 0.281668 1.209822 0.024007
v 0.267618 1.208265 0.024007
v 0.254052 1.204293 0.024007
v 0.241382 1.198024 0.024007
v 0.229993 1.189651 0.024007
v 0.220231 1.179428 0.024007
v 0.212392 1.167664 0.024007
v 0.206715 1.154718 0.024007
v 0.203373 1.140984 0.024007
v 0.265221 1.074557 0.033133
v 0.328197 1.093000 0.033133
v 0.340912 1.097367 0.034654
v 0.252158 1.071376 0.034654
v 0.349209 1.106550 0.033133
v 0.240219 1.074632 0.033133
v 0.355392 1.117782 0.031612
v 0.228954 1.080755 0.031612
v 0.359007 1.130491 0.030091
v 0.219054 1.089506 0.030091
v 0.359757 1.144009 0.028570
v 0.211130 1.100484 0.028570
v 0.357517 1.157624 0.027049
v 0.205673 1.113157 0.027049
v 0.352337 1.170615 0.025528
v 0.203027 1.126890 0.025528
v 0.344022 1.181925 0.025528
v 0.333869 1.191620 0.025528
v 0.322186 1.199404 0.025528
v 0.309330 1.205042 0.025528
v 0.295690 1.208361 0.025528
v 0.281681 1.209261 0.025528
v 0.267728 1.207716 0.025528
v 0.254256 1.203770 0.025528
v 0.241673 1.197545 0.025528
v 0.230363 1.189230 0.025528
v 0.220668 1.179077 0.025528
v 0.212884 1.167395 0.025528
v 0.207247 1.154539 0.025528
v 0.203927 1.140899 0.025528
v 0.256089 1.078561 0.033133
v 0.333727 1.101297 0.033133
v 0.345490 1.107807 0.034654
v 0.242672 1.077697 0.034654
v 0.352066 1.118290 0.033133
v 0.231480 1.082977 0.033133
v 0.356204 1.130426 0.031612
v 0.221449 1.090963 0.031612
v 0.357558 1.143569 0.030091
v 0.213219 1.101300 0.030091
v 0.355949 1.157013 0.028570
v 0.207322 1.113487 0.028570
v 0.351379 1.170032 0.027049
v 0.204148 1.126916 0.027049
v 0.343179 1.181185 0.027049
v 0.333168 1.190744 0.027049
v 0.321648 1.198420 0.027049
v 0.308971 1.203979 0.027049
v 0.295521 1.207252 0.027049
v 0.281707 1.208140 0.027049
v 0.267948 1.206616 0.027049
v 0.254664 1.202725 0.027049
v 0.242256 1.196587 0.027049
v 0.231104 1.188388 0.027049
v 0.221544 1.178376 0.027049
v 0.213868 1.166857 0.027049
v 0.208309 1.154180 0.027049
v 0.205036 1.140730 0.027049
v 0.247791 1.084091 0.033133
v 0.337731 1.110429 0.033133
v 0.348185 1.118882 0.034654
v 0.234428 1.085569 0.034654
v 0.352841 1.130348 0.033133
v 0.224323 1.092712 0.033133
v 0.354809 1.143018 0.031612
v 0.215831 1.102319 0.031612
v 0.353860 1.156197 0.030091
v 0.209521 1.113928 0.030091
v 0.349941 1.169157 0.028570
v 0.205830 1.126955 0.028570
v 0.341916 1.180074 0.028570
v 0.332116 1.189431 0.028570
v 0.320841 1.196944 0.028570
v 0.308432 1.202385 0.028570
v 0.295267 1.205589 0.028570
v 0.281746 1.206458 0.028570
v 0.268279 1.204966 0.028570
v 0.255275 1.201158 0.028570
v 0.243131 1.195150 0.028570
v 0.232214 1.187124 0.028570
v 0.222857 1.177325 0.028570
v 0.215344 1.166050 0.028570
v 0.209903 1.153641 0.028570
v 0.206699 1.140476 0.028570
v 0.240579 1.090977 0.033133
v 0.340089 1.120118 0.033133
v 0.348917 1.130258 0.034654
v 0.227676 1.094753 0.034654
v 0.351510 1.142358 0.033133
v 0.218965 1.103543 0.033133
v 0.351248 1.155178 0.031612
v 0.212270 1.114478 0.031612
v 0.348025 1.167991 0.030091
v 0.208072 1.127006 0.030091
v 0.340231 1.178593 0.030091
v 0.330715 1.187680 0.030091
v 0.319765 1.194976 0.030091
v 0.307714 1.200261 0.030091
v 0.294929 1.203372 0.030091
v 0.281797 1.204216 0.030091
v 0.268719 1.202767 0.030091
v 0.256091 1.199069 0.030091
v 0.244297 1.193234 0.030091
v 0.233696 1.185440 0.030091
v 0.224608 1.175923 0.030091
v 0.217312 1.164973 0.030091
v 0.212028 1.152923 0.030091
v 0.208916 1.140137 0.030091
v 0.234673 1.099011 0.033133
v 0.340728 1.130069 0.033133
v 0.347661 1.141587 0.034654
v 0.222622 1.104970 0.034654
v 0.348114 1.153954 0.033133
v 0.215569 1.115139 0.033133
v 0.345630 1.166533 0.031612
v 0.210875 1.127071 0.031612
v 0.338126 1.176741 0.031612
v 0.328963 1.185491 0.031612
v 0.318419 1.192517 0.031612
v 0.306816 1.197605 0.031612
v 0.294506 1.200600 0.031612
v 0.281862 1.201413 0.031612
v 0.269269 1.200018 0.031612
v 0.257111 1.196457 0.031612
v 0.245755 1.190839 0.031612
v 0.235547 1.183334 0.031612
v 0.226797 1.174171 0.031612
v 0.219772 1.163628 0.031612
v 0.214684 1.152025 0.031612
v 0.211688 1.139714 0.031612
v 0.230251 1.107948 0.033133
v 0.339630 1.139979 0.033133
v 0.344458 1.152527 0.034654
v 0.219418 1.115910 0.034654
v 0.342756 1.164784 0.033133
v 0.214239 1.127149 0.033133
v 0.335599 1.174520 0.033133
v 0.326860 1.182864 0.033133
v 0.316805 1.189565 0.033133
v 0.305738 1.194417 0.033133
v 0.293998 1.197274 0.033133
v 0.281940 1.198049 0.033133
v 0.269930 1.196719 0.033133
v 0.258334 1.193323 0.033133
v 0.247504 1.187965 0.033133
v 0.237768 1.180808 0.033133
v 0.229424 1.172069 0.033133
v 0.222723 1.162013 0.033133
v 0.217871 1.150947 0.033133
v 0.215014 1.139207 0.033133
v 0.227449 1.117517 0.033133
v 0.336828 1.149549 0.033133
v 0.339403 1.162744 0.034654
v 0.218163 1.127239 0.034654
v 0.332651 1.171928 0.034654
v 0.324407 1.179800 0.034654
v 0.314921 1.186121 0.034654
v 0.304482 1.190699 0.034654
v 0.293406 1.193394 0.034654
v 0.282031 1.194125 0.034654
v 0.270701 1.192870 0.034654
v 0.259761 1.189666 0.034654
v 0.249544 1.184612 0.034654
v 0.240360 1.177860 0.034654
v 0.232488 1.169616 0.034654
v 0.226167 1.160130 0.034654
v 0.221589 1.149690 0.034654
v 0.218894 1.138615 0.034654
v 0.226351 1.127428 0.033133
v 0.332407 1.158486 0.033133
v 0.326500 1.166520 0.033133
v 0.319288 1.173406 0.033133
v 0.310991 1.178936 0.033133
v 0.301859 1.182940 0.033133
v 0.292170 1.185298 0.033133
v 0.282219 1.185937 0.033133
v 0.272309 1.184839 0.033133
v 0.262739 1.182037 0.033133
v 0.253802 1.177615 0.033133
v 0.245768 1.171709 0.033133
v 0.238882 1.164497 0.033133
v 0.233353 1.156199 0.033133
v 0.229348 1.147068 0.033133
v 0.226991 1.137379 0.033133
v 0.025116 0.539462 -0.058166
v 0.003531 0.538465 0.017877
v 0.003779 0.539611 -0.060731
v -0.017586 0.539799 -0.057933
v 0.004223 0.544567 -0.135674
v 0.044924 0.539370 -0.050389
v -0.037474 0.540013 -0.049970
v 0.046355 0.544217 -0.130909
v 0.061833 0.539346 -0.037900
v -0.054498 0.540242 -0.037379
v -0.077132 0.545320 -0.114735
v -0.038000 0.544940 -0.130169
v 0.066307 0.553258 -0.196339
v 0.085233 0.543964 -0.116043
v 0.074709 0.539394 -0.021536
v -0.067501 0.540473 -0.021011
v -0.110344 0.545733 -0.090248
v -0.056981 0.554405 -0.194928
v 0.122702 0.552713 -0.175644
v 0.004749 0.553895 -0.202773
v 0.118089 0.543899 -0.091825
v 0.082720 0.539507 -0.002432
v -0.075627 0.540691 -0.001993
v -0.113854 0.554818 -0.173172
v 0.083904 0.567249 -0.251191
v 0.005226 0.568228 -0.258771
v 0.169762 0.552566 -0.141306
v 0.142796 0.544055 -0.059700
v 0.157955 0.544379 -0.021857
v 0.085368 0.539666 0.018053
v -0.078360 0.540878 0.018347
v -0.150909 0.546661 -0.020733
v -0.135430 0.546193 -0.058198
v -0.161581 0.555321 -0.138370
v -0.145989 0.569094 -0.222461
v -0.073706 0.568799 -0.249102
v 0.155484 0.566304 -0.226103
v 0.162837 0.544765 0.018864
v 0.082504 0.539856 0.038453
v -0.075541 0.541019 0.038583
v -0.155989 0.547062 0.019425
v 0.005551 0.588017 -0.301868
v 0.098219 0.586734 -0.293525
v 0.214476 0.566056 -0.183693
v 0.204595 0.552941 -0.094975
v 0.225610 0.553661 -0.039669
v 0.232195 0.554381 0.020260
v 0.074323 0.540063 0.057325
v -0.067365 0.541105 0.057312
v -0.150472 0.547336 0.059236
v -0.225604 0.557530 0.021034
v -0.218697 0.556849 -0.037747
v -0.197112 0.556032 -0.092255
v -0.205957 0.569599 -0.179408
v -0.087440 0.588581 -0.290900
v 0.182065 0.585417 -0.265326
v 0.257448 0.566782 -0.125454
v 0.224316 0.554866 0.079621
v 0.157271 0.545132 0.059273
v 0.061355 0.540278 0.073376
v -0.054374 0.541131 0.073276
v -0.134697 0.547471 0.095726
v -0.217746 0.557898 0.079204
v -0.172171 0.588692 -0.260763
v 0.108761 0.611901 -0.323069
v 0.201698 0.610419 -0.292738
v -0.097768 0.613872 -0.320133
v 0.250467 0.585127 -0.216933
v 0.299641 0.586300 -0.149489
v 0.282939 0.568089 -0.054929
v 0.290729 0.569232 0.022141
v 0.281033 0.569738 0.098498
v 0.141586 0.545470 0.096239
v 0.116630 0.545816 0.127129
v 0.044446 0.540492 0.085564
v -0.037429 0.541099 0.085444
v -0.109559 0.547493 0.126375
v -0.195498 0.557979 0.131937
v -0.274754 0.573319 0.097602
v -0.284472 0.572927 0.023055
v -0.276249 0.571901 -0.052260
v -0.249945 0.570610 -0.121544
v -0.241802 0.589186 -0.211589
v -0.191710 0.613877 -0.287641
v 0.005679 0.613338 -0.331951
v 0.254106 0.569764 0.166807
v 0.024724 0.540695 0.093144
v -0.017677 0.541010 0.093067
v 0.115616 0.642473 -0.341132
v 0.277012 0.610243 -0.240219
v -0.104732 0.644373 -0.338109
v 0.328402 0.588281 -0.066784
v 0.325995 0.590289 0.114821
v 0.202320 0.555157 0.133281
v 0.295429 0.589893 0.195148
v 0.167049 0.555479 0.177141
v 0.083849 0.546204 0.150082
v 0.045333 0.546613 0.164040
v 0.003530 0.540873 0.095688
v -0.037899 0.547258 0.163611
v -0.076573 0.547423 0.149367
v -0.159803 0.557924 0.175364
v -0.247396 0.573193 0.164512
v -0.331155 0.593760 0.025329
v -0.322015 0.592379 -0.063555
v -0.292247 0.590547 -0.144657
v -0.268417 0.614450 -0.234266
v 0.214606 0.641159 -0.309379
v 0.005635 0.643847 -0.350435
v -0.204783 0.644466 -0.304132
v 0.330681 0.611895 -0.166310
v 0.361779 0.614480 -0.074830
v 0.337024 0.589856 0.024356
v 0.210512 0.569876 0.221393
v 0.003747 0.546983 0.168568
v -0.112482 0.557834 0.207152
v -0.288906 0.593648 0.191985
v -0.320060 0.594102 0.113463
v -0.286215 0.645286 -0.248125
v 0.221843 0.676954 -0.317493
v 0.005490 0.678840 -0.359751
v 0.294569 0.641316 -0.254255
v -0.212322 0.679820 -0.312357
v -0.108783 0.679407 -0.347168
v 0.351310 0.643427 -0.176325
v 0.359047 0.616705 0.127762
v 0.245489 0.589647 0.258094
v 0.120184 0.555998 0.208777
v 0.064544 0.556664 0.227403
v 0.004087 0.557270 0.233195
v -0.143731 0.572865 0.256817
v -0.203117 0.572958 0.218467
v -0.238056 0.593136 0.254128
v -0.365540 0.620189 0.027664
v -0.353486 0.620435 0.126043
v -0.355752 0.618518 -0.071293
v -0.323522 0.616189 -0.160948
v -0.344468 0.647406 -0.170808
v 0.304561 0.677667 -0.260941
v 0.119374 0.677752 -0.350124
v 0.384046 0.646434 -0.079312
v 0.370999 0.616398 0.026702
v 0.325902 0.615856 0.217111
v 0.271376 0.615182 0.286125
v 0.177533 0.590239 0.300578
v -0.056498 0.557656 0.226442
v -0.072773 0.572766 0.279443
v -0.319644 0.619618 0.213302
v -0.296522 0.681076 -0.254929
v 0.224903 0.716744 -0.319819
v -0.110603 0.718043 -0.350035
v 0.120895 0.716751 -0.352868
v -0.215669 0.718972 -0.314888
v 0.363209 0.680202 -0.180929
v 0.393718 0.648542 0.028939
v 0.381161 0.648718 0.137000
v 0.151851 0.570475 0.259458
v 0.081436 0.571447 0.280996
v 0.004432 0.572323 0.287360
v -0.086101 0.593040 0.321544
v -0.169149 0.593020 0.297020
v -0.264055 0.618774 0.281392
v -0.375970 0.652092 0.135049
v -0.388651 0.651951 0.029838
v -0.356694 0.683577 -0.175508
v 0.308911 0.718192 -0.262716
v 0.005339 0.717384 -0.362699
v 0.397028 0.683429 -0.081039
v 0.407037 0.685575 0.030816
v 0.346266 0.647497 0.232374
v 0.196589 0.615628 0.331480
v -0.340319 0.650963 0.228186
v -0.378392 0.650104 -0.075699
v -0.391705 0.686500 -0.077503
v -0.301141 0.720827 -0.256928
v 0.309528 0.761596 -0.261884
v 0.368523 0.721132 -0.181990
v 0.121047 0.758362 -0.351970
v -0.110893 0.759234 -0.349230
v 0.005268 0.758447 -0.361851
v 0.402937 0.724435 -0.081094
v 0.394116 0.685646 0.142753
v 0.288629 0.646397 0.305399
v 0.105392 0.616969 0.355192
v 0.095197 0.591479 0.323630
v 0.004679 0.592591 0.330078
v -0.188160 0.618552 0.327246
v -0.281540 0.649773 0.300224
v -0.389245 0.688461 0.140686
v -0.402300 0.688406 0.031633
v -0.397850 0.726767 -0.077686
v -0.362258 0.723718 -0.176758
v 0.369349 0.764950 -0.181305
v 0.225287 0.759301 -0.318908
v -0.216181 0.760802 -0.314132
v -0.301871 0.763362 -0.256262
v 0.413159 0.726518 0.032117
v 0.358122 0.684180 0.241539
v 0.209235 0.646528 0.352540
v 0.112098 0.647707 0.376534
v -0.096139 0.618631 0.352713
v -0.200962 0.649318 0.347917
v -0.352477 0.687109 0.237198
v -0.408647 0.728656 0.032860
v 0.307911 0.806585 -0.260163
v 0.224168 0.803406 -0.316664
v 0.005340 0.801003 -0.359153
v 0.120503 0.801482 -0.349385
v -0.110208 0.801936 -0.346655
v 0.403917 0.768276 -0.080523
v 0.363493 0.724919 0.245826
v 0.298573 0.682690 0.316873
v 0.004740 0.648877 0.382688
v 0.004778 0.618199 0.361500
v -0.291766 0.685582 0.311527
v -0.358075 0.727156 0.241467
v -0.409771 0.771667 0.033378
v -0.398915 0.769817 -0.077204
v -0.363182 0.766672 -0.176209
v 0.367348 0.810381 -0.180213
v -0.214926 0.804184 -0.311898
v 0.414203 0.770261 0.032677
v 0.400059 0.726519 0.145606
v 0.216436 0.682342 0.365053
v 0.115846 0.683086 0.389220
v -0.102943 0.649308 0.373828
v -0.208424 0.684757 0.360282
v -0.296421 0.725305 0.316824
v -0.395409 0.728651 0.143502
v -0.396497 0.771628 0.144148
v -0.361069 0.811255 -0.175107
v 0.222200 0.847949 -0.314130
v 0.363504 0.856238 -0.179422
v 0.401670 0.813752 -0.080107
v -0.108859 0.845183 -0.343392
v 0.005584 0.844107 -0.355715
v -0.300131 0.807493 -0.254542
v 0.411865 0.815663 0.032399
v 0.401067 0.770223 0.146256
v 0.302994 0.723075 0.322180
v 0.004619 0.684016 0.395302
v -0.106938 0.684481 0.386428
v -0.211796 0.723998 0.366088
v -0.297194 0.767863 0.317780
v -0.359038 0.770036 0.242277
v -0.407335 0.816358 0.033107
v 0.304924 0.851977 -0.258469
v 0.397233 0.859721 -0.080249
v 0.119632 0.845105 -0.346216
v -0.212514 0.848079 -0.309198
v 0.398799 0.815610 0.145292
v 0.364370 0.768552 0.246614
v 0.219563 0.722122 0.370866
v 0.117418 0.722219 0.395164
v 0.004492 0.722773 0.401249
v -0.108761 0.723307 0.392369
v -0.394132 0.816306 0.143183
v -0.396565 0.814523 -0.076775
v -0.356871 0.856352 -0.174128
v 0.300731 0.896759 -0.256895
v 0.390904 0.905138 -0.080961
v 0.118470 0.888374 -0.342674
v 0.005992 0.886948 -0.351781
v -0.296744 0.852116 -0.252646
v -0.106900 0.888148 -0.339669
v 0.394275 0.861564 0.143073
v 0.303669 0.766373 0.323103
v -0.109066 0.764814 0.393464
v -0.212342 0.766008 0.367139
v -0.295427 0.812138 0.315774
v -0.356900 0.814631 0.240703
v -0.389314 0.861620 0.140951
v -0.391813 0.859796 -0.076783
v 0.219479 0.891990 -0.311459
v 0.358054 0.901479 -0.178980
v 0.400496 0.907080 0.029271
v 0.407189 0.861614 0.031252
v -0.209050 0.891593 -0.306208
v 0.362332 0.813886 0.245048
v 0.220002 0.764748 0.371886
v 0.117607 0.764081 0.396241
v -0.211067 0.809721 0.364912
v -0.352588 0.859863 0.237398
v -0.402363 0.861666 0.032020
v -0.350830 0.900966 -0.173340
v 0.215591 0.934792 -0.308010
v 0.350552 0.945236 -0.178340
v 0.382291 0.949106 -0.081893
v 0.391435 0.951150 0.026557
v 0.116756 0.930621 -0.338178
v -0.104152 0.930178 -0.334946
v -0.291881 0.896271 -0.250695
v 0.387802 0.907052 0.139692
v 0.358335 0.859783 0.241808
v 0.302009 0.811379 0.321106
v 0.004433 0.764184 0.402349
v -0.108374 0.808002 0.391171
v -0.208555 0.854120 0.360319
v -0.291913 0.857062 0.311650
v -0.382344 0.906574 0.137550
v -0.384955 0.904637 -0.077250
v -0.395175 0.906594 0.030147
v 0.294860 0.940121 -0.254796
v 0.379021 0.951167 0.135014
v 0.006521 0.928892 -0.346813
v -0.204189 0.934017 -0.302361
v 0.218842 0.809073 0.369667
v 0.117034 0.807623 0.393953
v 0.004493 0.807267 0.400051
v -0.106986 0.851914 0.386401
v -0.286840 0.901673 0.305642
v -0.346357 0.904741 0.232533
v -0.375618 0.948170 -0.077875
v -0.342530 0.944262 -0.172268
v 0.209753 0.975832 -0.302530
v 0.340034 0.986849 -0.176497
v 0.370478 0.990907 -0.082414
v 0.367074 0.993161 0.128754
v 0.007097 0.969492 -0.339665
v -0.100273 0.970809 -0.328087
v -0.285124 0.939179 -0.248126
v -0.197267 0.974839 -0.296513
v 0.352631 0.905210 0.237056
v 0.298840 0.856960 0.317071
v -0.104962 0.895695 0.379448
v -0.204926 0.898295 0.353633
v -0.337848 0.948402 0.225851
v -0.385431 0.950254 0.027577
v 0.114012 0.971377 -0.331528
v 0.286374 0.981474 -0.250960
v 0.379134 0.993075 0.023272
v 0.344835 0.949281 0.230489
v 0.216707 0.854022 0.365155
v 0.116048 0.851854 0.389231
v 0.004698 0.851080 0.395263
v -0.199885 0.941480 0.344549
v -0.372883 0.950284 0.132865
v -0.372291 0.991907 0.024453
v -0.331073 0.985589 -0.170020
v -0.275623 0.980260 -0.243853
v 0.201022 1.014779 -0.293409
v 0.325280 1.025861 -0.172202
v 0.354264 1.030009 -0.081744
v 0.362431 1.032281 0.019634
v 0.334079 0.991281 0.221487
v -0.094863 1.009728 -0.317589
v 0.109668 1.010333 -0.321146
v -0.187485 1.013715 -0.287187
v 0.288125 0.945978 0.303171
v 0.294345 0.902109 0.311218
v 0.213708 0.898645 0.358611
v 0.005042 0.894780 0.388280
v -0.102149 0.938624 0.370034
v -0.279851 0.945149 0.297434
v -0.326241 0.990144 0.216809
v -0.362928 0.989689 -0.078100
v 0.274116 1.020431 -0.243860
v 0.350818 1.032464 0.120594
v 0.007633 1.008443 -0.328814
v -0.262337 1.019120 -0.236505
v 0.114695 0.895893 0.382360
v -0.192845 0.983071 0.332340
v -0.270189 0.986838 0.286331
v -0.360104 0.992013 0.126646
v -0.345738 1.028662 -0.077233
v 0.103218 1.047253 -0.305363
v 0.257011 1.056748 -0.231987
v 0.305104 1.061970 -0.164249
v 0.340131 1.068351 0.015893
v 0.319250 1.030676 0.209330
v 0.279351 0.987904 0.292145
v -0.174144 1.050393 -0.272859
v -0.087585 1.046683 -0.301857
v 0.008040 1.045498 -0.312619
v -0.244308 1.055484 -0.224719
v 0.005486 0.937663 0.378831
v -0.098243 0.980132 0.357454
v -0.256917 1.026240 0.271490
v -0.310489 1.029427 0.204770
v -0.354636 1.030980 0.020966
v -0.315318 1.024483 -0.165486
v 0.188550 1.051404 -0.278999
v 0.332436 1.066044 -0.079122
v 0.329103 1.068653 0.110312
v 0.299264 1.067070 0.193434
v 0.209496 0.942152 0.349676
v 0.112755 0.939006 0.373034
v -0.183096 1.022604 0.316081
v -0.342914 1.031189 0.118609
v -0.331323 1.067042 0.017334
v -0.322902 1.064701 -0.074606
v 0.008251 1.080331 -0.289596
v 0.094366 1.081845 -0.282712
v 0.171822 1.085464 -0.257942
v 0.278642 1.094935 -0.151767
v 0.304038 1.098723 -0.073996
v 0.311256 1.100958 0.012296
v 0.266997 1.027398 0.277189
v 0.203387 0.983932 0.337541
v -0.078271 1.081356 -0.279471
v -0.156844 1.084588 -0.252258
v -0.294166 1.060619 -0.157593
v 0.005974 0.979173 0.366210
v -0.092889 1.019777 0.340765
v -0.170012 1.059693 0.294893
v -0.239171 1.062966 0.252175
v -0.289576 1.065835 0.189219
v -0.320215 1.067375 0.108563
v 0.234350 1.090202 -0.214188
v 0.301002 1.101389 0.097897
v 0.273318 1.100127 0.173565
v 0.250106 1.064090 0.257485
v 0.109812 0.980622 0.360499
v -0.220927 1.089088 -0.207444
v -0.266835 1.093718 -0.145561
v 0.006432 1.018873 0.349457
v -0.085782 1.057165 0.318995
v -0.301431 1.099743 0.013781
v -0.293526 1.097489 -0.069728
v 0.008239 1.112429 -0.258670
v 0.083119 1.113637 -0.252203
v 0.150813 1.116563 -0.229462
v 0.245563 1.124456 -0.134447
v 0.268576 1.127743 -0.066153
v 0.275248 1.129778 0.009062
v 0.194553 1.023529 0.321187
v 0.105373 1.020300 0.343756
v -0.135620 1.115864 -0.224613
v -0.076768 1.091847 0.291335
v -0.153231 1.093926 0.268145
v -0.216388 1.096634 0.227975
v -0.262763 1.099002 0.169950
v -0.291138 1.100206 0.096502
v -0.066984 1.113253 -0.249442
v 0.205983 1.120466 -0.189948
v 0.266020 1.130323 0.083598
v 0.228040 1.097637 0.232585
v 0.182253 1.060579 0.299661
v -0.192103 1.119556 -0.184175
v -0.257176 1.126687 -0.062402
v 0.006789 1.056368 0.327555
v -0.264458 1.128727 0.010503
v -0.255238 1.129305 0.082648
v -0.054007 1.141642 -0.211419
v 0.008023 1.141039 -0.219408
v 0.069794 1.141922 -0.213532
v 0.172363 1.147017 -0.159496
v 0.206148 1.150089 -0.112602
v 0.226134 1.152701 -0.055751
v 0.224193 1.155034 0.067888
v 0.241075 1.129468 0.149940
v 0.200645 1.127612 0.202540
v 0.166039 1.094701 0.272302
v 0.099000 1.057660 0.321791
v -0.233053 1.123437 -0.129096
v -0.158293 1.146326 -0.155042
v -0.065890 1.123229 0.257269
v 0.006999 1.091201 0.299614
v -0.188453 1.126781 0.198899
v -0.229759 1.128515 0.147142
v 0.126002 1.144083 -0.193531
v 0.232090 1.154417 0.006349
v 0.202732 1.154609 0.123177
v -0.110930 1.143564 -0.189810
v -0.193131 1.149294 -0.108426
v -0.220439 1.153570 0.007650
v -0.213983 1.151860 -0.052743
v -0.132762 1.124769 0.235579
v 0.007045 1.122759 0.265022
v -0.212595 1.154216 0.067412
v -0.190782 1.153856 0.121315
v -0.039754 1.165587 -0.165801
v 0.007669 1.165203 -0.172169
v 0.054922 1.165777 -0.167197
v 0.134417 1.169141 -0.123721
v 0.098231 1.167190 -0.150884
v 0.177379 1.173083 -0.043225
v 0.182347 1.174388 0.004252
v 0.176104 1.175004 0.051356
v 0.145888 1.125398 0.238886
v 0.090444 1.092275 0.293777
v -0.147900 1.170663 -0.084185
v -0.083535 1.166834 -0.148414
v -0.053373 1.150532 0.216661
v -0.155719 1.152798 0.165353
v 0.161227 1.171235 -0.087032
v 0.158974 1.174951 0.094138
v 0.168280 1.153440 0.167869
v -0.164646 1.172465 -0.041089
v -0.120384 1.168655 -0.120737
v -0.163822 1.174398 0.051297
v -0.169981 1.173761 0.005321
v -0.108972 1.151517 0.197328
v 0.006956 1.150242 0.223548
v 0.079720 1.123571 0.259217
v -0.146519 1.174401 0.093182
v -0.118902 1.173949 0.128020
v -0.024662 1.184075 -0.113757
v 0.039106 1.184190 -0.114491
v 0.068492 1.184953 -0.102886
v 0.112032 1.187208 -0.058776
v 0.123484 1.188304 -0.029124
v 0.122818 1.189671 0.034572
v 0.122195 1.151992 0.199644
v -0.054296 1.184734 -0.101577
v -0.110354 1.187903 -0.027859
v -0.079495 1.185720 -0.082328
v -0.082473 1.173327 0.153882
v -0.039548 1.172836 0.169805
v 0.007267 1.183878 -0.118157
v 0.093341 1.186024 -0.083935
v 0.127121 1.189155 0.002815
v 0.110847 1.189850 0.063735
v 0.131701 1.174410 0.129428
v 0.067099 1.150786 0.218033
v -0.114219 1.188744 0.003574
v -0.098568 1.186842 -0.057194
v -0.098001 1.189494 0.063484
v -0.110008 1.189276 0.034779
v 0.006796 1.172705 0.175432
v -0.078921 1.189472 0.087731
v -0.053955 1.189331 0.106048
v -0.009099 1.196175 -0.057104
v 0.006910 1.196113 -0.059316
v 0.022889 1.196229 -0.057346
v 0.037719 1.196506 -0.051310
v 0.060009 1.197359 -0.028846
v 0.065991 1.197815 -0.013951
v 0.067950 1.198215 0.002040
v 0.065775 1.198525 0.017990
v 0.095658 1.173661 0.155215
v -0.054717 1.198013 0.002434
v -0.052658 1.197619 -0.013431
v -0.036784 1.196757 -0.041035
v -0.046549 1.197183 -0.028264
v 0.006648 1.189185 0.121451
v -0.024009 1.196403 -0.050870
v 0.050376 1.196902 -0.041593
v 0.059618 1.198732 0.032774
v 0.091891 1.189765 0.088240
v 0.067080 1.189541 0.106571
v 0.053030 1.173012 0.170604
v -0.052608 1.198331 0.018232
v -0.036745 1.198702 0.045380
v -0.046480 1.198558 0.032876
v -0.024755 1.189203 0.117467
v -0.024057 1.198784 0.054928
v 0.006672 1.201212 0.001919
v -0.009276 1.198831 0.060916
v 0.038003 1.189312 0.117791
v 0.049883 1.198844 0.045377
v 0.006588 1.198863 0.062969
v 0.037211 1.198886 0.054969
v 0.022446 1.198884 0.060951
v 0.274909 1.072199 0.033133
v 0.294770 1.072658 0.033133
v 0.284860 1.071560 0.033133
v 0.265221 1.074557 0.033133
v 0.304340 1.075460 0.033133
v 0.256089 1.078561 0.033133
v 0.313277 1.079882 0.033133
v 0.247791 1.084091 0.033133
v 0.321311 1.085788 0.033133
v 0.240579 1.090977 0.033133
v 0.328197 1.093000 0.033133
v 0.234673 1.099011 0.033133
v 0.333727 1.101297 0.033133
v 0.230251 1.107948 0.033133
v 0.337731 1.110429 0.033133
v 0.227449 1.117517 0.033133
v 0.340089 1.120118 0.033133
v 0.226351 1.127428 0.033133
v 0.340728 1.130069 0.033133
v 0.226991 1.137379 0.033133
v 0.339630 1.139979 0.033133
v 0.229348 1.147068 0.033133
v 0.336828 1.149549 0.033133
v 0.233353 1.156199 0.033133
v 0.332407 1.158486 0.033133
v 0.238882 1.164497 0.033133
v 0.326500 1.166520 0.033133
v 0.245768 1.171709 0.033133
v 0.319288 1.173406 0.033133
v 0.253802 1.177615 0.033133
v 0.310991 1.178936 0.033133
v 0.262739 1.182037 0.033133
v 0.301859 1.182940 0.033133
v 0.272309 1.184839 0.033133
v 0.292170 1.185298 0.033133
v 0.282219 1.185937 0.033133
v 0.312416 1.054771 0.019445
v 0.298801 1.052531 0.017924
v 0.299131 1.050881 0.019445
v 0.311804 1.056339 0.017924
v 0.299351 1.049781 0.020966
v 0.312823 1.053727 0.020966
v 0.324823 1.060910 0.019445
v 0.323948 1.062347 0.017924
v 0.298360 1.054730 0.016403
v 0.310988 1.058428 0.016403
v 0.285334 1.051039 0.017924
v 0.285372 1.049357 0.019445
v 0.299461 1.049232 0.022487
v 0.313027 1.053205 0.022487
v 0.325406 1.059952 0.020966
v 0.285398 1.048236 0.020966
v 0.335976 1.069109 0.019445
v 0.334865 1.070372 0.017924
v 0.322782 1.064263 0.016403
v 0.297810 1.057479 0.014882
v 0.309969 1.061040 0.014882
v 0.285282 1.053281 0.016403
v 0.271558 1.050245 0.019445
v 0.271812 1.051908 0.017924
v 0.313027 1.053205 0.024007
v 0.299461 1.049232 0.024007
v 0.325697 1.059473 0.022487
v 0.285411 1.047675 0.022487
v 0.336716 1.068267 0.020966
v 0.271389 1.049136 0.020966
v 0.345536 1.079120 0.019445
v 0.344222 1.080172 0.017924
v 0.333384 1.072057 0.016403
v 0.321325 1.066658 0.014882
v 0.297149 1.060778 0.013361
v 0.308746 1.064174 0.013361
v 0.285217 1.056084 0.014882
v 0.272151 1.054125 0.016403
v 0.258108 1.053518 0.019445
v 0.258647 1.055111 0.017924
v 0.312823 1.053727 0.025528
v 0.299351 1.049781 0.025528
v 0.325697 1.059473 0.024007
v 0.285411 1.047675 0.024007
v 0.337086 1.067846 0.022487
v 0.271305 1.048582 0.022487
v 0.346411 1.078420 0.020966
v 0.257749 1.052455 0.020966
v 0.353211 1.090640 0.019445
v 0.351735 1.091447 0.017924
v 0.342471 1.081573 0.016403
v 0.331532 1.074162 0.014882
v 0.319576 1.069532 0.013361
v 0.296379 1.064627 0.011840
v 0.307318 1.067831 0.011840
v 0.285140 1.059448 0.013361
v 0.272574 1.056896 0.014882
v 0.259365 1.057236 0.016403
v 0.245431 1.059077 0.019445
v 0.246238 1.060553 0.017924
v 0.312416 1.054771 0.027049
v 0.299131 1.050881 0.027049
v 0.325406 1.059952 0.025528
v 0.285398 1.048236 0.025528
v 0.337086 1.067846 0.024007
v 0.271305 1.048582 0.024007
v 0.346849 1.078069 0.022487
v 0.257570 1.051924 0.022487
v 0.354195 1.090102 0.020966
v 0.244893 1.058093 0.020966
v 0.358770 1.103317 0.019445
v 0.357177 1.103856 0.017924
v 0.349768 1.092524 0.016403
v 0.340282 1.083326 0.014882
v 0.329311 1.076689 0.013361
v 0.317535 1.072885 0.011840
v 0.273674 1.064103 0.011840
v 0.285049 1.063372 0.011840
v 0.262598 1.066798 0.011840
v 0.252158 1.071376 0.011840
v 0.242672 1.077697 0.011840
v 0.326719 1.079637 0.011840
v 0.234428 1.085569 0.011840
v 0.334591 1.087881 0.011840
v 0.227676 1.094753 0.011840
v 0.340912 1.097367 0.011840
v 0.222622 1.104970 0.011840
v 0.345490 1.107807 0.011840
v 0.219418 1.115910 0.011840
v 0.348185 1.118882 0.011840
v 0.218163 1.127239 0.011840
v 0.348917 1.130258 0.011840
v 0.218894 1.138615 0.011840
v 0.347661 1.141587 0.011840
v 0.221589 1.149690 0.011840
v 0.344458 1.152527 0.011840
v 0.226167 1.160130 0.011840
v 0.339403 1.162744 0.011840
v 0.232488 1.169616 0.011840
v 0.332651 1.171928 0.011840
v 0.240360 1.177860 0.011840
v 0.324407 1.179800 0.011840
v 0.249544 1.184612 0.011840
v 0.314921 1.186121 0.011840
v 0.259761 1.189666 0.011840
v 0.304482 1.190699 0.011840
v 0.270701 1.192870 0.011840
v 0.293406 1.193394 0.011840
v 0.282031 1.194125 0.011840
v 0.273081 1.060223 0.013361
v 0.260263 1.059892 0.014882
v 0.247315 1.062521 0.016403
v 0.233912 1.066753 0.019445
v 0.234963 1.068066 0.017924
v 0.298801 1.052531 0.028570
v 0.311804 1.056339 0.028570
v 0.324823 1.060910 0.027049
v 0.285372 1.049357 0.027049
v 0.336716 1.068267 0.025528
v 0.271389 1.049136 0.025528
v 0.346849 1.078069 0.024007
v 0.257570 1.051924 0.024007
v 0.354687 1.089833 0.022487
v 0.244624 1.057601 0.022487
v 0.359833 1.102958 0.020966
v 0.233211 1.065877 0.020966
v 0.362044 1.116767 0.019445
v 0.360380 1.117021 0.017924
v 0.355052 1.104574 0.016403
v 0.347308 1.093869 0.014882
v 0.337656 1.085428 0.013361
v 0.352841 1.130348 0.013361
v 0.351510 1.142358 0.013361
v 0.348114 1.153954 0.013361
v 0.342756 1.164784 0.013361
v 0.335599 1.174520 0.013361
v 0.326860 1.182864 0.013361
v 0.316805 1.189565 0.013361
v 0.305738 1.194417 0.013361
v 0.293998 1.197274 0.013361
v 0.281940 1.198049 0.013361
v 0.269930 1.196719 0.013361
v 0.258334 1.193323 0.013361
v 0.247504 1.187965 0.013361
v 0.237768 1.180808 0.013361
v 0.229424 1.172069 0.013361
v 0.222723 1.162013 0.013361
v 0.217871 1.150947 0.013361
v 0.215014 1.139207 0.013361
v 0.214239 1.127149 0.013361
v 0.215569 1.115139 0.013361
v 0.218965 1.103543 0.013361
v 0.224323 1.092712 0.013361
v 0.231480 1.082977 0.013361
v 0.240219 1.074632 0.013361
v 0.250275 1.067932 0.013361
v 0.261341 1.063080 0.013361
v 0.344356 1.095484 0.013361
v 0.349209 1.106550 0.013361
v 0.352066 1.118290 0.013361
v 0.248660 1.064980 0.014882
v 0.236365 1.069817 0.016403
v 0.223900 1.076312 0.019445
v 0.225164 1.077423 0.017924
v 0.298360 1.054730 0.030091
v 0.310988 1.058428 0.030091
v 0.323948 1.062347 0.028570
v 0.285334 1.051039 0.028570
v 0.335976 1.069109 0.027049
v 0.271558 1.050245 0.027049
v 0.346411 1.078420 0.025528
v 0.257749 1.052455 0.025528
v 0.354687 1.089833 0.024007
v 0.244624 1.057601 0.024007
v 0.360364 1.102778 0.022487
v 0.232860 1.065439 0.022487
v 0.363152 1.116598 0.020966
v 0.223058 1.075572 0.020966
v 0.362931 1.130581 0.019445
v 0.361250 1.130542 0.017924
v 0.358163 1.117359 0.016403
v 0.352396 1.105472 0.014882
v 0.356204 1.130426 0.014882
v 0.354809 1.143018 0.014882
v 0.351248 1.155178 0.014882
v 0.345630 1.166533 0.014882
v 0.338126 1.176741 0.014882
v 0.328963 1.185491 0.014882
v 0.318419 1.192517 0.014882
v 0.306816 1.197605 0.014882
v 0.294506 1.200600 0.014882
v 0.281862 1.201413 0.014882
v 0.269269 1.200018 0.014882
v 0.257111 1.196457 0.014882
v 0.245755 1.190839 0.014882
v 0.235547 1.183334 0.014882
v 0.226797 1.174171 0.014882
v 0.219772 1.163628 0.014882
v 0.214684 1.152025 0.014882
v 0.211688 1.139714 0.014882
v 0.210875 1.127071 0.014882
v 0.212270 1.114478 0.014882
v 0.215831 1.102319 0.014882
v 0.221449 1.090963 0.014882
v 0.228954 1.080755 0.014882
v 0.238117 1.072006 0.014882
v 0.355392 1.117782 0.014882
v 0.226848 1.078904 0.016403
v 0.215701 1.087465 0.019445
v 0.217138 1.088340 0.017924
v 0.297810 1.057479 0.031612
v 0.309969 1.061040 0.031612
v 0.322782 1.064263 0.030091
v 0.285282 1.053281 0.030091
v 0.334865 1.070372 0.028570
v 0.271812 1.051908 0.028570
v 0.345536 1.079120 0.027049
v 0.258108 1.053518 0.027049
v 0.354195 1.090102 0.025528
v 0.244893 1.058093 0.025528
v 0.360364 1.102778 0.024007
v 0.232860 1.065439 0.024007
v 0.363706 1.116513 0.022487
v 0.222637 1.075202 0.022487
v 0.364053 1.130607 0.020966
v 0.214743 1.086882 0.020966
v 0.359757 1.144009 0.017924
v 0.361407 1.144340 0.019445
v 0.359007 1.130491 0.016403
v 0.357558 1.143569 0.016403
v 0.353860 1.156197 0.016403
v 0.348025 1.167991 0.016403
v 0.340231 1.178593 0.016403
v 0.330715 1.187680 0.016403
v 0.319765 1.194976 0.016403
v 0.307714 1.200261 0.016403
v 0.294929 1.203372 0.016403
v 0.281797 1.204216 0.016403
v 0.268719 1.202767 0.016403
v 0.256091 1.199069 0.016403
v 0.244297 1.193234 0.016403
v 0.233696 1.185440 0.016403
v 0.224608 1.175923 0.016403
v 0.217312 1.164973 0.016403
v 0.212028 1.152923 0.016403
v 0.208916 1.140137 0.016403
v 0.208072 1.127006 0.016403
v 0.209521 1.113928 0.016403
v 0.213219 1.101300 0.016403
v 0.219054 1.089506 0.016403
v 0.209563 1.099873 0.019445
v 0.211130 1.100484 0.017924
v 0.297149 1.060778 0.033133
v 0.308746 1.064174 0.033133
v 0.321325 1.066658 0.031612
v 0.285217 1.056084 0.031612
v 0.333384 1.072057 0.030091
v 0.272151 1.054125 0.030091
v 0.344222 1.080172 0.028570
v 0.258647 1.055111 0.028570
v 0.353211 1.090640 0.027049
v 0.245431 1.059077 0.027049
v 0.359833 1.102958 0.025528
v 0.233211 1.065877 0.025528
v 0.363706 1.116513 0.024007
v 0.222637 1.075202 0.024007
v 0.364613 1.130620 0.022487
v 0.214264 1.086591 0.022487
v 0.362507 1.144560 0.020966
v 0.208518 1.099465 0.020966
v 0.355949 1.157013 0.017924
v 0.357517 1.157624 0.019445
v 0.349941 1.169157 0.017924
v 0.341916 1.180074 0.017924
v 0.332116 1.189431 0.017924
v 0.320841 1.196944 0.017924
v 0.308432 1.202385 0.017924
v 0.295267 1.205589 0.017924
v 0.281746 1.206458 0.017924
v 0.268279 1.204966 0.017924
v 0.255275 1.201158 0.017924
v 0.243131 1.195150 0.017924
v 0.232214 1.187124 0.017924
v 0.222857 1.177325 0.017924
v 0.215344 1.166050 0.017924
v 0.209903 1.153641 0.017924
v 0.206699 1.140476 0.017924
v 0.205830 1.126955 0.017924
v 0.207322 1.113487 0.017924
v 0.205673 1.113157 0.019445
v 0.296379 1.064627 0.034654
v 0.307318 1.067831 0.034654
v 0.319576 1.069532 0.033133
v 0.285140 1.059448 0.033133
v 0.331532 1.074162 0.031612
v 0.272574 1.056896 0.031612
v 0.342471 1.081573 0.030091
v 0.259365 1.057236 0.030091
v 0.351735 1.091447 0.028570
v 0.246238 1.060553 0.028570
v 0.358770 1.103317 0.027049
v 0.233912 1.066753 0.027049
v 0.363152 1.116598 0.025528
v 0.223058 1.075572 0.025528
v 0.364613 1.130620 0.024007
v 0.214264 1.086591 0.024007
v 0.363057 1.144670 0.022487
v 0.207996 1.099261 0.022487
v 0.358561 1.158032 0.020966
v 0.204573 1.112937 0.020966
v 0.351379 1.170032 0.019445
v 0.343179 1.181185 0.019445
v 0.333168 1.190744 0.019445
v 0.321648 1.198420 0.019445
v 0.308971 1.203979 0.019445
v 0.295521 1.207252 0.019445
v 0.281707 1.208140 0.019445
v 0.267948 1.206616 0.019445
v 0.254664 1.202725 0.019445
v 0.242256 1.196587 0.019445
v 0.231104 1.188388 0.019445
v 0.221544 1.178376 0.019445
v 0.213868 1.166857 0.019445
v 0.208309 1.154180 0.019445
v 0.205036 1.140730 0.019445
v 0.204148 1.126916 0.019445
v 0.317535 1.072885 0.034654
v 0.285049 1.063372 0.034654
v 0.329311 1.076689 0.033133
v 0.273081 1.060223 0.033133
v 0.340282 1.083326 0.031612
v 0.260263 1.059892 0.031612
v 0.349768 1.092524 0.030091
v 0.247315 1.062521 0.030091
v 0.357177 1.103856 0.028570
v 0.234963 1.068066 0.028570
v 0.362044 1.116767 0.027049
v 0.223900 1.076312 0.027049
v 0.364053 1.130607 0.025528
v 0.214743 1.086882 0.025528
v 0.363057 1.144670 0.024007
v 0.207996 1.099261 0.024007
v 0.359084 1.158236 0.022487
v 0.204023 1.112827 0.022487
v 0.352337 1.170615 0.020966
v 0.203027 1.126890 0.020966
v 0.344022 1.181925 0.020966
v 0.333869 1.191620 0.020966
v 0.322186 1.199404 0.020966
v 0.309330 1.205042 0.020966
v 0.295690 1.208361 0.020966
v 0.281681 1.209261 0.020966
v 0.267728 1.207716 0.020966
v 0.254256 1.203770 0.020966
v 0.241673 1.197545 0.020966
v 0.230363 1.189230 0.020966
v 0.220668 1.179077 0.020966
v 0.212884 1.167395 0.020966
v 0.207247 1.154539 0.020966
v 0.203927 1.140899 0.020966
v 0.326719 1.079637 0.034654
v 0.273674 1.064103 0.034654
v 0.337656 1.085428 0.033133
v 0.261341 1.063080 0.033133
v 0.347308 1.093869 0.031612
v 0.248660 1.064980 0.031612
v 0.355052 1.104574 0.030091
v 0.236365 1.069817 0.030091
v 0.360380 1.117021 0.028570
v 0.225164 1.077423 0.028570
v 0.362931 1.130581 0.027049
v 0.215701 1.087465 0.027049
v 0.362507 1.144560 0.025528
v 0.208518 1.099465 0.025528
v 0.359084 1.158236 0.024007
v 0.204023 1.112827 0.024007
v 0.352816 1.170906 0.022487
v 0.202466 1.126877 0.022487
v 0.344442 1.182295 0.022487
v 0.334219 1.192057 0.022487
v 0.322456 1.199896 0.022487
v 0.309510 1.205573 0.022487
v 0.295775 1.208915 0.022487
v 0.281668 1.209822 0.022487
v 0.267618 1.208265 0.022487
v 0.254052 1.204293 0.022487
v 0.241382 1.198024 0.022487
v 0.229993 1.189651 0.022487
v 0.220231 1.179428 0.022487
v 0.212392 1.167664 0.022487
v 0.206715 1.154718 0.022487
v 0.203373 1.140984 0.022487
v 0.334591 1.087881 0.034654
v 0.262598 1.066798 0.034654
v 0.344356 1.095484 0.033133
v 0.250275 1.067932 0.033133
v 0.352396 1.105472 0.031612
v 0.238117 1.072006 0.031612
v 0.358163 1.117359 0.030091
v 0.226848 1.078904 0.030091
v 0.361250 1.130542 0.028570
v 0.217138 1.088340 0.028570
v 0.361407 1.144340 0.027049
v 0.209563 1.099873 0.027049
v 0.358561 1.158032 0.025528
v 0.204573 1.112937 0.025528
v 0.352816 1.170906 0.024007
v 0.202466 1.126877 0.024007
v 0.344442 1.182295 0.024007
v 0.334219 1.192057 0.024007
v 0.322456 1.199896 0.024007
v 0.309510 1.205573 0.024007
v 0.295775 1.208915 0.024007
v 0.281668 1.209822 0.024007
v 0.267618 1.208265 0.024007
v 0.254052 1.204293 0.024007
v 0.241382 1.198024 0.024007
v 0.229993 1.189651 0.024007
v 0.220231 1.179428 0.024007
v 0.212392 1.167664 0.024007
v 0.206715 1.154718 0.024007
v 0.203373 1.140984 0.024007
v 0.340912 1.097367 0.034654
v 0.252158 1.071376 0.034654
v 0.349209 1.106550 0.033133
v 0.240219 1.074632 0.033133
v 0.355392 1.117782 0.031612
v 0.228954 1.080755 0.031612
v 0.359007 1.130491 0.030091
v 0.219054 1.089506 0.030091
v 0.359757 1.144009 0.028570
v 0.211130 1.100484 0.028570
v 0.357517 1.157624 0.027049
v 0.205673 1.113157 0.027049
v 0.352337 1.170615 0.025528
v 0.203027 1.126890 0.025528
v 0.344022 1.181925 0.025528
v 0.333869 1.191620 0.025528
v 0.322186 1.199404 0.025528
v 0.309330 1.205042 0.025528
v 0.295690 1.208361 0.025528
v 0.281681 1.209261 0.025528
v 0.267728 1.207716 0.025528
v 0.254256 1.203770 0.025528
v 0.241673 1.197545 0.025528
v 0.230363 1.189230 0.025528
v 0.220668 1.179077 0.025528
v 0.212884 1.167395 0.025528
v 0.207247 1.154539 0.025528
v 0.203927 1.140899 0.025528
v 0.345490 1.107807 0.034654
v 0.242672 1.077697 0.034654
v 0.352066 1.118290 0.033133
v 0.231480 1.082977 0.033133
v 0.356204 1.130426 0.031612
v 0.221449 1.090963 0.031612
v 0.357558 1.143569 0.030091
v 0.213219 1.101300 0.030091
v 0.355949 1.157013 0.028570
v 0.207322 1.113487 0.028570
v 0.351379 1.170032 0.027049
v 0.204148 1.126916 0.027049
v 0.343179 1.181185 0.027049
v 0.333168 1.190744 0.027049
v 0.321648 1.198420 0.027049
v 0.308971 1.203979 0.027049
v 0.295521 1.207252 0.027049
v 0.281707 1.208140 0.027049
v 0.267948 1.206616 0.027049
v 0.254664 1.202725 0.027049
v 0.242256 1.196587 0.027049
v 0.231104 1.188388 0.027049
v 0.221544 1.178376 0.027049
v 0.213868 1.166857 0.027049
v 0.208309 1.154180 0.027049
v 0.205036 1.140730 0.027049
v 0.348185 1.118882 0.034654
v 0.234428 1.085569 0.034654
v 0.352841 1.130348 0.033133
v 0.224323 1.092712 0.033133
v 0.354809 1.143018 0.031612
v 0.215831 1.102319 0.031612
v 0.353860 1.156197 0.030091
v 0.209521 1.113928 0.030091
v 0.349941 1.169157 0.028570
v 0.205830 1.126955 0.028570
v 0.341916 1.180074 0.028570
v 0.332116 1.189431 0.028570
v 0.320841 1.196944 0.028570
v 0.308432 1.202385 0.028570
v 0.295267 1.205589 0.028570
v 0.281746 1.206458 0.028570
v 0.268279 1.204966 0.028570
v 0.255275 1.201158 0.028570
v 0.243131 1.195150 0.028570
v 0.232214 1.187124 0.028570
v 0.222857 1.177325 0.028570
v 0.215344 1.166050 0.028570
v 0.209903 1.153641 0.028570
v 0.206699 1.140476 0.028570
v 0.348917 1.130258 0.034654
v 0.227676 1.094753 0.034654
v 0.351510 1.142358 0.033133
v 0.218965 1.103543 0.033133
v 0.351248 1.155178 0.031612
v 0.212270 1.114478 0.031612
v 0.348025 1.167991 0.030091
v 0.208072 1.127006 0.030091
v 0.340231 1.178593 0.030091
v 0.330715 1.187680 0.030091
v 0.319765 1.194976 0.030091
v 0.307714 1.200261 0.030091
v 0.294929 1.203372 0.030091
v 0.281797 1.204216 0.030091
v 0.268719 1.202767 0.030091
v 0.256091 1.199069 0.030091
v 0.244297 1.193234 0.030091
v 0.233696 1.185440 0.030091
v 0.224608 1.175923 0.030091
v 0.217312 1.164973 0.030091
v 0.212028 1.152923 0.030091
v 0.208916 1.140137 0.030091
v 0.347661 1.141587 0.034654
v 0.222622 1.104970 0.034654
v 0.348114 1.153954 0.033133
v 0.215569 1.115139 0.033133
v 0.345630 1.166533 0.031612
v 0.210875 1.127071 0.031612
v 0.338126 1.176741 0.031612
v 0.328963 1.185491 0.031612
v 0.318419 1.192517 0.031612
v 0.306816 1.197605 0.031612
v 0.294506 1.200600 0.031612
v 0.281862 1.201413 0.031612
v 0.269269 1.200018 0.031612
v 0.257111 1.196457 0.031612
v 0.245755 1.190839 0.031612
v 0.235547 1.183334 0.031612
v 0.226797 1.174171 0.031612
v 0.219772 1.163628 0.031612
v 0.214684 1.152025 0.031612
v 0.211688 1.139714 0.031612
v 0.344458 1.152527 0.034654
v 0.219418 1.115910 0.034654
v 0.342756 1.164784 0.033133
v 0.214239 1.127149 0.033133
v 0.335599 1.174520 0.033133
v 0.326860 1.182864 0.033133
v 0.316805 1.189565 0.033133
v 0.305738 1.194417 0.033133
v 0.293998 1.197274 0.033133
v 0.281940 1.198049 0.033133
v 0.269930 1.196719 0.033133
v 0.258334 1.193323 0.033133
v 0.247504 1.187965 0.033133
v 0.237768 1.180808 0.033133
v 0.229424 1.172069 0.033133
v 0.222723 1.162013 0.033133
v 0.217871 1.150947 0.033133
v 0.215014 1.139207 0.033133
v 0.339403 1.162744 0.034654
v 0.218163 1.127239 0.034654
v 0.332651 1.171928 0.034654
v 0.324407 1.179800 0.034654
v 0.314921 1.186121 0.034654
v 0.304482 1.190699 0.034654
v 0.293406 1.193394 0.034654
v 0.282031 1.194125 0.034654
v 0.270701 1.192870 0.034654
v 0.259761 1.189666 0.034654
v 0.249544 1.184612 0.034654
v 0.240360 1.177860 0.034654
v 0.232488 1.169616 0.034654
v 0.226167 1.160130 0.034654
v 0.221589 1.149690 0.034654
v 0.218894 1.138615 0.034654
v -0.270017 1.185937 0.033133
v -0.260107 1.184839 0.033133
v -0.279968 1.185298 0.033133
v -0.289656 1.182940 0.033133
v -0.250537 1.182037 0.033133
v -0.298788 1.178936 0.033133
v -0.241600 1.177615 0.033133
v -0.307086 1.173406 0.033133
v -0.233566 1.171709 0.033133
v -0.314298 1.166520 0.033133
v -0.226680 1.164497 0.033133
v -0.320204 1.158486 0.033133
v -0.221150 1.156199 0.033133
v -0.324626 1.149549 0.033133
v -0.217146 1.147068 0.033133
v -0.327428 1.139979 0.033133
v -0.214788 1.137379 0.033133
v -0.328526 1.130069 0.033133
v -0.214149 1.127428 0.033133
v -0.327886 1.120118 0.033133
v -0.215247 1.117517 0.033133
v -0.325529 1.110429 0.033133
v -0.218049 1.107948 0.033133
v -0.321524 1.101297 0.033133
v -0.222471 1.099011 0.033133
v -0.315995 1.093000 0.033133
v -0.228377 1.090977 0.033133
v -0.309109 1.085788 0.033133
v -0.235589 1.084091 0.033133
v -0.301075 1.079882 0.033133
v -0.243886 1.078561 0.033133
v -0.292138 1.075460 0.033133
v -0.253018 1.074557 0.033133
v -0.282568 1.072658 0.033133
v -0.262707 1.072199 0.033133
v -0.272658 1.071560 0.033133
v -0.299602 1.056339 0.017924
v -0.300213 1.054771 0.019445
v -0.286598 1.052531 0.017924
v -0.286929 1.050881 0.019445
v -0.287149 1.049781 0.020966
v -0.300621 1.053727 0.020966
v -0.311746 1.062347 0.017924
v -0.312620 1.060910 0.019445
v -0.298786 1.058428 0.016403
v -0.286158 1.054730 0.016403
v -0.273131 1.051039 0.017924
v -0.273170 1.049357 0.019445
v -0.287259 1.049232 0.022487
v -0.300825 1.053205 0.022487
v -0.313204 1.059952 0.020966
v -0.273196 1.048236 0.020966
v -0.322663 1.070372 0.017924
v -0.323773 1.069109 0.019445
v -0.310580 1.064263 0.016403
v -0.297766 1.061040 0.014882
v -0.285608 1.057479 0.014882
v -0.273080 1.053281 0.016403
v -0.259610 1.051908 0.017924
v -0.259356 1.050245 0.019445
v -0.287259 1.049232 0.024007
v -0.300825 1.053205 0.024007
v -0.313495 1.059473 0.022487
v -0.273209 1.047675 0.022487
v -0.324514 1.068267 0.020966
v -0.259187 1.049136 0.020966
v -0.332020 1.080172 0.017924
v -0.333333 1.079120 0.019445
v -0.321182 1.072057 0.016403
v -0.309122 1.066658 0.014882
v -0.296543 1.064174 0.013361
v -0.284947 1.060778 0.013361
v -0.273015 1.056084 0.014882
v -0.259948 1.054125 0.016403
v -0.246445 1.055111 0.017924
v -0.245906 1.053518 0.019445
v -0.287149 1.049781 0.025528
v -0.300621 1.053727 0.025528
v -0.313495 1.059473 0.024007
v -0.273209 1.047675 0.024007
v -0.324884 1.067846 0.022487
v -0.259102 1.048582 0.022487
v -0.334208 1.078420 0.020966
v -0.245547 1.052455 0.020966
v -0.339533 1.091447 0.017924
v -0.341009 1.090640 0.019445
v -0.330269 1.081573 0.016403
v -0.319330 1.074162 0.014882
v -0.307373 1.069532 0.013361
v -0.295116 1.067831 0.011840
v -0.284176 1.064627 0.011840
v -0.272937 1.059448 0.013361
v -0.260371 1.056896 0.014882
v -0.247163 1.057236 0.016403
v -0.234036 1.060553 0.017924
v -0.233229 1.059077 0.019445
v -0.286929 1.050881 0.027049
v -0.300213 1.054771 0.027049
v -0.313204 1.059952 0.025528
v -0.273196 1.048236 0.025528
v -0.324884 1.067846 0.024007
v -0.259102 1.048582 0.024007
v -0.334646 1.078069 0.022487
v -0.245367 1.051924 0.022487
v -0.341993 1.090102 0.020966
v -0.232691 1.058093 0.020966
v -0.344974 1.103856 0.017924
v -0.346568 1.103317 0.019445
v -0.337565 1.092524 0.016403
v -0.328080 1.083326 0.014882
v -0.317109 1.076689 0.013361
v -0.305333 1.072885 0.011840
v -0.269828 1.194125 0.011840
v -0.281204 1.193394 0.011840
v -0.258498 1.192870 0.011840
v -0.292279 1.190699 0.011840
v -0.247559 1.189666 0.011840
v -0.302719 1.186121 0.011840
v -0.237342 1.184612 0.011840
v -0.312204 1.179800 0.011840
v -0.228158 1.177860 0.011840
v -0.320449 1.171928 0.011840
v -0.220286 1.169616 0.011840
v -0.327201 1.162744 0.011840
v -0.213965 1.160130 0.011840
v -0.332255 1.152527 0.011840
v -0.209387 1.149690 0.011840
v -0.335459 1.141587 0.011840
v -0.206692 1.138615 0.011840
v -0.336714 1.130258 0.011840
v -0.205961 1.127239 0.011840
v -0.335983 1.118882 0.011840
v -0.207216 1.115910 0.011840
v -0.333288 1.107807 0.011840
v -0.210419 1.104970 0.011840
v -0.328710 1.097367 0.011840
v -0.215474 1.094753 0.011840
v -0.322389 1.087881 0.011840
v -0.222226 1.085569 0.011840
v -0.314517 1.079637 0.011840
v -0.230470 1.077697 0.011840
v -0.239956 1.071376 0.011840
v -0.250395 1.066798 0.011840
v -0.261471 1.064103 0.011840
v -0.272846 1.063372 0.011840
v -0.260879 1.060223 0.013361
v -0.248061 1.059892 0.014882
v -0.235112 1.062521 0.016403
v -0.222761 1.068066 0.017924
v -0.221709 1.066753 0.019445
v -0.299602 1.056339 0.028570
v -0.286598 1.052531 0.028570
v -0.312620 1.060910 0.027049
v -0.273170 1.049357 0.027049
v -0.324514 1.068267 0.025528
v -0.259187 1.049136 0.025528
v -0.334646 1.078069 0.024007
v -0.245367 1.051924 0.024007
v -0.342485 1.089833 0.022487
v -0.232421 1.057601 0.022487
v -0.347631 1.102958 0.020966
v -0.221009 1.065877 0.020966
v -0.348178 1.117021 0.017924
v -0.349841 1.116767 0.019445
v -0.342849 1.104574 0.016403
v -0.335105 1.093869 0.014882
v -0.325453 1.085428 0.013361
v -0.339308 1.142358 0.013361
v -0.340638 1.130348 0.013361
v -0.335912 1.153954 0.013361
v -0.330554 1.164784 0.013361
v -0.323397 1.174520 0.013361
v -0.314658 1.182864 0.013361
v -0.304602 1.189565 0.013361
v -0.293536 1.194417 0.013361
v -0.281796 1.197274 0.013361
v -0.269737 1.198049 0.013361
v -0.257728 1.196719 0.013361
v -0.246131 1.193323 0.013361
v -0.235301 1.187965 0.013361
v -0.225566 1.180808 0.013361
v -0.217221 1.172069 0.013361
v -0.210521 1.162013 0.013361
v -0.205668 1.150947 0.013361
v -0.202811 1.139207 0.013361
v -0.202036 1.127149 0.013361
v -0.203367 1.115139 0.013361
v -0.206763 1.103543 0.013361
v -0.212121 1.092712 0.013361
v -0.219278 1.082977 0.013361
v -0.228017 1.074632 0.013361
v -0.238072 1.067932 0.013361
v -0.249138 1.063080 0.013361
v -0.332154 1.095484 0.013361
v -0.337006 1.106550 0.013361
v -0.339863 1.118290 0.013361
v -0.236458 1.064980 0.014882
v -0.224162 1.069817 0.016403
v -0.212961 1.077423 0.017924
v -0.211698 1.076312 0.019445
v -0.298786 1.058428 0.030091
v -0.286158 1.054730 0.030091
v -0.311746 1.062347 0.028570
v -0.273131 1.051039 0.028570
v -0.323773 1.069109 0.027049
v -0.259356 1.050245 0.027049
v -0.334208 1.078420 0.025528
v -0.245547 1.052455 0.025528
v -0.342485 1.089833 0.024007
v -0.232421 1.057601 0.024007
v -0.348162 1.102778 0.022487
v -0.220658 1.065439 0.022487
v -0.350950 1.116598 0.020966
v -0.210855 1.075572 0.020966
v -0.349047 1.130542 0.017924
v -0.350729 1.130581 0.019445
v -0.345961 1.117359 0.016403
v -0.340193 1.105472 0.014882
v -0.342607 1.143018 0.014882
v -0.344002 1.130426 0.014882
v -0.339046 1.155178 0.014882
v -0.333428 1.166533 0.014882
v -0.325923 1.176741 0.014882
v -0.316760 1.185491 0.014882
v -0.306217 1.192517 0.014882
v -0.294614 1.197605 0.014882
v -0.282303 1.200600 0.014882
v -0.269660 1.201413 0.014882
v -0.257067 1.200018 0.014882
v -0.244908 1.196457 0.014882
v -0.233552 1.190839 0.014882
v -0.223344 1.183334 0.014882
v -0.214595 1.174171 0.014882
v -0.207569 1.163628 0.014882
v -0.202481 1.152025 0.014882
v -0.199485 1.139714 0.014882
v -0.198673 1.127071 0.014882
v -0.200068 1.114478 0.014882
v -0.203629 1.102319 0.014882
v -0.209247 1.090963 0.014882
v -0.216751 1.080755 0.014882
v -0.225914 1.072006 0.014882
v -0.343189 1.117782 0.014882
v -0.214646 1.078904 0.016403
v -0.204936 1.088340 0.017924
v -0.203498 1.087465 0.019445
v -0.297766 1.061040 0.031612
v -0.285608 1.057479 0.031612
v -0.310580 1.064263 0.030091
v -0.273080 1.053281 0.030091
v -0.322663 1.070372 0.028570
v -0.259610 1.051908 0.028570
v -0.333333 1.079120 0.027049
v -0.245906 1.053518 0.027049
v -0.341993 1.090102 0.025528
v -0.232691 1.058093 0.025528
v -0.348162 1.102778 0.024007
v -0.220658 1.065439 0.024007
v -0.351504 1.116513 0.022487
v -0.210434 1.075202 0.022487
v -0.351850 1.130607 0.020966
v -0.202540 1.086882 0.020966
v -0.349205 1.144340 0.019445
v -0.347555 1.144009 0.017924
v -0.346805 1.130491 0.016403
v -0.345356 1.143569 0.016403
v -0.341658 1.156197 0.016403
v -0.335823 1.167991 0.016403
v -0.328029 1.178593 0.016403
v -0.318512 1.187680 0.016403
v -0.307562 1.194976 0.016403
v -0.295511 1.200261 0.016403
v -0.282726 1.203372 0.016403
v -0.269595 1.204216 0.016403
v -0.256517 1.202767 0.016403
v -0.243889 1.199069 0.016403
v -0.232095 1.193234 0.016403
v -0.221493 1.185440 0.016403
v -0.212406 1.175923 0.016403
v -0.205109 1.164973 0.016403
v -0.199825 1.152923 0.016403
v -0.196714 1.140137 0.016403
v -0.195870 1.127006 0.016403
v -0.197319 1.113928 0.016403
v -0.201017 1.101300 0.016403
v -0.206852 1.089506 0.016403
v -0.198928 1.100484 0.017924
v -0.197360 1.099873 0.019445
v -0.296543 1.064174 0.033133
v -0.284947 1.060778 0.033133
v -0.309122 1.066658 0.031612
v -0.273015 1.056084 0.031612
v -0.321182 1.072057 0.030091
v -0.259948 1.054125 0.030091
v -0.332020 1.080172 0.028570
v -0.246445 1.055111 0.028570
v -0.341009 1.090640 0.027049
v -0.233229 1.059077 0.027049
v -0.347631 1.102958 0.025528
v -0.221009 1.065877 0.025528
v -0.351504 1.116513 0.024007
v -0.210434 1.075202 0.024007
v -0.352411 1.130620 0.022487
v -0.202062 1.086591 0.022487
v -0.350304 1.144560 0.020966
v -0.196316 1.099465 0.020966
v -0.345314 1.157624 0.019445
v -0.343747 1.157013 0.017924
v -0.337739 1.169157 0.017924
v -0.329713 1.180074 0.017924
v -0.319914 1.189431 0.017924
v -0.308639 1.196944 0.017924
v -0.296230 1.202385 0.017924
v -0.283065 1.205589 0.017924
v -0.269543 1.206458 0.017924
v -0.256077 1.204966 0.017924
v -0.243073 1.201158 0.017924
v -0.230929 1.195150 0.017924
v -0.220012 1.187124 0.017924
v -0.210655 1.177325 0.017924
v -0.203142 1.166050 0.017924
v -0.197700 1.153641 0.017924
v -0.194497 1.140476 0.017924
v -0.193627 1.126955 0.017924
v -0.195119 1.113487 0.017924
v -0.193470 1.113157 0.019445
v -0.295116 1.067831 0.034654
v -0.284176 1.064627 0.034654
v -0.307373 1.069532 0.033133
v -0.272937 1.059448 0.033133
v -0.319330 1.074162 0.031612
v -0.260371 1.056896 0.031612
v -0.330269 1.081573 0.030091
v -0.247163 1.057236 0.030091
v -0.339533 1.091447 0.028570
v -0.234036 1.060553 0.028570
v -0.346568 1.103317 0.027049
v -0.221709 1.066753 0.027049
v -0.350950 1.116598 0.025528
v -0.210855 1.075572 0.025528
v -0.352411 1.130620 0.024007
v -0.202062 1.086591 0.024007
v -0.350854 1.144670 0.022487
v -0.195793 1.099261 0.022487
v -0.346359 1.158032 0.020966
v -0.192370 1.112937 0.020966
v -0.339176 1.170032 0.019445
v -0.330977 1.181185 0.019445
v -0.320965 1.190744 0.019445
v -0.309446 1.198420 0.019445
v -0.296769 1.203979 0.019445
v -0.283319 1.207252 0.019445
v -0.269504 1.208140 0.019445
v -0.255746 1.206616 0.019445
v -0.242461 1.202725 0.019445
v -0.230054 1.196587 0.019445
v -0.218901 1.188388 0.019445
v -0.209342 1.178376 0.019445
v -0.201666 1.166857 0.019445
v -0.196107 1.154180 0.019445
v -0.192833 1.140730 0.019445
v -0.191946 1.126916 0.019445
v -0.305333 1.072885 0.034654
v -0.272846 1.063372 0.034654
v -0.317109 1.076689 0.033133
v -0.260879 1.060223 0.033133
v -0.328080 1.083326 0.031612
v -0.248061 1.059892 0.031612
v -0.337565 1.092524 0.030091
v -0.235112 1.062521 0.030091
v -0.344974 1.103856 0.028570
v -0.222761 1.068066 0.028570
v -0.349841 1.116767 0.027049
v -0.211698 1.076312 0.027049
v -0.351850 1.130607 0.025528
v -0.202540 1.086882 0.025528
v -0.350854 1.144670 0.024007
v -0.195793 1.099261 0.024007
v -0.346881 1.158236 0.022487
v -0.191821 1.112827 0.022487
v -0.340134 1.170615 0.020966
v -0.190825 1.126890 0.020966
v -0.331819 1.181925 0.020966
v -0.321666 1.191620 0.020966
v -0.309984 1.199404 0.020966
v -0.297128 1.205042 0.020966
v -0.283488 1.208361 0.020966
v -0.269479 1.209261 0.020966
v -0.255526 1.207716 0.020966
v -0.242054 1.203770 0.020966
v -0.229471 1.197545 0.020966
v -0.218161 1.189230 0.020966
v -0.208466 1.179077 0.020966
v -0.200682 1.167395 0.020966
v -0.195044 1.154539 0.020966
v -0.191725 1.140899 0.020966
v -0.314517 1.079637 0.034654
v -0.261471 1.064103 0.034654
v -0.325453 1.085428 0.033133
v -0.249138 1.063080 0.033133
v -0.335105 1.093869 0.031612
v -0.236458 1.064980 0.031612
v -0.342849 1.104574 0.030091
v -0.224162 1.069817 0.030091
v -0.348178 1.117021 0.028570
v -0.212961 1.077423 0.028570
v -0.350729 1.130581 0.027049
v -0.203498 1.087465 0.027049
v -0.350304 1.144560 0.025528
v -0.196316 1.099465 0.025528
v -0.346881 1.158236 0.024007
v -0.191821 1.112827 0.024007
v -0.340613 1.170906 0.022487
v -0.190264 1.126877 0.022487
v -0.332240 1.182295 0.022487
v -0.322017 1.192057 0.022487
v -0.310253 1.199896 0.022487
v -0.297307 1.205573 0.022487
v -0.283572 1.208915 0.022487
v -0.269466 1.209822 0.022487
v -0.255416 1.208265 0.022487
v -0.241850 1.204293 0.022487
v -0.229180 1.198024 0.022487
v -0.217790 1.189651 0.022487
v -0.208028 1.179428 0.022487
v -0.200190 1.167664 0.022487
v -0.194513 1.154718 0.022487
v -0.191171 1.140984 0.022487
v -0.322389 1.087881 0.034654
v -0.250395 1.066798 0.034654
v -0.332154 1.095484 0.033133
v -0.238072 1.067932 0.033133
v -0.340193 1.105472 0.031612
v -0.225914 1.072006 0.031612
v -0.345961 1.117359 0.030091
v -0.214646 1.078904 0.030091
v -0.349047 1.130542 0.028570
v -0.204936 1.088340 0.028570
v -0.349205 1.144340 0.027049
v -0.197360 1.099873 0.027049
v -0.346359 1.158032 0.025528
v -0.192370 1.112937 0.025528
v -0.340613 1.170906 0.024007
v -0.190264 1.126877 0.024007
v -0.332240 1.182295 0.024007
v -0.322017 1.192057 0.024007
v -0.310253 1.199896 0.024007
v -0.297307 1.205573 0.024007
v -0.283572 1.208915 0.024007
v -0.269466 1.209822 0.024007
v -0.255416 1.208265 0.024007
v -0.241850 1.204293 0.024007
v -0.229180 1.198024 0.024007
v -0.217790 1.189651 0.024007
v -0.208028 1.179428 0.024007
v -0.200190 1.167664 0.024007
v -0.194513 1.154718 0.024007
v -0.191171 1.140984 0.024007
v -0.328710 1.097367 0.034654
v -0.239956 1.071376 0.034654
v -0.337006 1.106550 0.033133
v -0.228017 1.074632 0.033133
v -0.343189 1.117782 0.031612
v -0.216751 1.080755 0.031612
v -0.346805 1.130491 0.030091
v -0.206852 1.089506 0.030091
v -0.347555 1.144009 0.028570
v -0.198928 1.100484 0.028570
v -0.345314 1.157624 0.027049
v -0.193470 1.113157 0.027049
v -0.340134 1.170615 0.025528
v -0.190825 1.126890 0.025528
v -0.331819 1.181925 0.025528
v -0.321666 1.191620 0.025528
v -0.309984 1.199404 0.025528
v -0.297128 1.205042 0.025528
v -0.283488 1.208361 0.025528
v -0.269479 1.209261 0.025528
v -0.255526 1.207716 0.025528
v -0.242054 1.203770 0.025528
v -0.229471 1.197545 0.025528
v -0.218161 1.189230 0.025528
v -0.208466 1.179077 0.025528
v -0.200682 1.167395 0.025528
v -0.195044 1.154539 0.025528
v -0.191725 1.140899 0.025528
v -0.333288 1.107807 0.034654
v -0.230470 1.077697 0.034654
v -0.339863 1.118290 0.033133
v -0.219278 1.082977 0.033133
v -0.344002 1.130426 0.031612
v -0.209247 1.090963 0.031612
v -0.345356 1.143569 0.030091
v -0.201017 1.101300 0.030091
v -0.343747 1.157013 0.028570
v -0.195119 1.113487 0.028570
v -0.339176 1.170032 0.027049
v -0.191946 1.126916 0.027049
v -0.330977 1.181185 0.027049
v -0.320965 1.190744 0.027049
v -0.309446 1.198420 0.027049
v -0.296769 1.203979 0.027049
v -0.283319 1.207252 0.027049
v -0.269504 1.208140 0.027049
v -0.255746 1.206616 0.027049
v -0.242461 1.202725 0.027049
v -0.230054 1.196587 0.027049
v -0.218901 1.188388 0.027049
v -0.209342 1.178376 0.027049
v -0.201666 1.166857 0.027049
v -0.196107 1.154180 0.027049
v -0.192833 1.140730 0.027049
v -0.335983 1.118882 0.034654
v -0.222226 1.085569 0.034654
v -0.340638 1.130348 0.033133
v -0.212121 1.092712 0.033133
v -0.342607 1.143018 0.031612
v -0.203629 1.102319 0.031612
v -0.341658 1.156197 0.030091
v -0.197319 1.113928 0.030091
v -0.337739 1.169157 0.028570
v -0.193627 1.126955 0.028570
v -0.329713 1.180074 0.028570
v -0.319914 1.189431 0.028570
v -0.308639 1.196944 0.028570
v -0.296230 1.202385 0.028570
v -0.283065 1.205589 0.028570
v -0.269543 1.206458 0.028570
v -0.256077 1.204966 0.028570
v -0.243073 1.201158 0.028570
v -0.230929 1.195150 0.028570
v -0.220012 1.187124 0.028570
v -0.210655 1.177325 0.028570
v -0.203142 1.166050 0.028570
v -0.197700 1.153641 0.028570
v -0.194497 1.140476 0.028570
v -0.336714 1.130258 0.034654
v -0.215474 1.094753 0.034654
v -0.339308 1.142358 0.033133
v -0.206763 1.103543 0.033133
v -0.339046 1.155178 0.031612
v -0.200068 1.114478 0.031612
v -0.335823 1.167991 0.030091
v -0.195870 1.127006 0.030091
v -0.328029 1.178593 0.030091
v -0.318512 1.187680 0.030091
v -0.307562 1.194976 0.030091
v -0.295511 1.200261 0.030091
v -0.282726 1.203372 0.030091
v -0.269595 1.204216 0.030091
v -0.256517 1.202767 0.030091
v -0.243889 1.199069 0.030091
v -0.232095 1.193234 0.030091
v -0.221493 1.185440 0.030091
v -0.212406 1.175923 0.030091
v -0.205109 1.164973 0.030091
v -0.199825 1.152923 0.030091
v -0.196714 1.140137 0.030091
v -0.335459 1.141587 0.034654
v -0.210419 1.104970 0.034654
v -0.335912 1.153954 0.033133
v -0.203367 1.115139 0.033133
v -0.333428 1.166533 0.031612
v -0.198673 1.127071 0.031612
v -0.325923 1.176741 0.031612
v -0.316760 1.185491 0.031612
v -0.306217 1.192517 0.031612
v -0.294614 1.197605 0.031612
v -0.282303 1.200600 0.031612
v -0.269660 1.201413 0.031612
v -0.257067 1.200018 0.031612
v -0.244908 1.196457 0.031612
v -0.233552 1.190839 0.031612
v -0.223344 1.183334 0.031612
v -0.214595 1.174171 0.031612
v -0.207569 1.163628 0.031612
v -0.202481 1.152025 0.031612
v -0.199485 1.139714 0.031612
v -0.332255 1.152527 0.034654
v -0.207216 1.115910 0.034654
v -0.330554 1.164784 0.033133
v -0.202036 1.127149 0.033133
v -0.323397 1.174520 0.033133
v -0.314658 1.182864 0.033133
v -0.304602 1.189565 0.033133
v -0.293536 1.194417 0.033133
v -0.281796 1.197274 0.033133
v -0.269737 1.198049 0.033133
v -0.257728 1.196719 0.033133
v -0.246131 1.193323 0.033133
v -0.235301 1.187965 0.033133
v -0.225566 1.180808 0.033133
v -0.217221 1.172069 0.033133
v -0.210521 1.162013 0.033133
v -0.205668 1.150947 0.033133
v -0.202811 1.139207 0.033133
v -0.327201 1.162744 0.034654
v -0.205961 1.127239 0.034654
v -0.320449 1.171928 0.034654
v -0.312204 1.179800 0.034654
v -0.302719 1.186121 0.034654
v -0.292279 1.190699 0.034654
v -0.281204 1.193394 0.034654
v -0.269828 1.194125 0.034654
v -0.258498 1.192870 0.034654
v -0.247559 1.189666 0.034654
v -0.237342 1.184612 0.034654
v -0.228158 1.177860 0.034654
v -0.220286 1.169616 0.034654
v -0.213965 1.160130 0.034654
v -0.209387 1.149690 0.034654
v -0.206692 1.138615 0.034654
v -0.324214 0.683173 0.265392
v -0.328585 0.672113 0.264455
v -0.329110 0.680569 0.269324
v -0.323656 0.674734 0.260497
v -0.322046 0.666430 0.257058
v -0.329029 0.685863 0.272872
v -0.326955 0.663841 0.261013
v -0.323940 0.687751 0.268764
v -0.319409 0.658393 0.255070
v -0.324317 0.655804 0.259025
v -0.328900 0.690466 0.274314
v -0.316016 0.651236 0.254596
v -0.323709 0.691616 0.270103
v -0.320643 0.647715 0.258303
v -0.327364 0.698773 0.278522
v -0.322151 0.699928 0.274294
v -0.315785 0.650750 0.254252
v -0.319929 0.646451 0.257549
v -0.311233 0.643620 0.250679
v -0.315370 0.639328 0.253972
v -0.198558 0.649848 0.347799
v -0.198298 0.650261 0.348147
v -0.201780 0.647274 0.353225
v -0.200748 0.647710 0.354043
v -0.260275 0.750374 0.344964
v -0.261330 0.750552 0.336450
v -0.264765 0.750361 0.342344
v -0.269714 0.749470 0.331528
v -0.273147 0.749280 0.337417
v -0.277896 0.747346 0.326690
v -0.281326 0.747155 0.332575
v -0.285747 0.744212 0.322013
v -0.289174 0.744022 0.327892
v -0.293143 0.740118 0.317569
v -0.296566 0.739928 0.323443
v -0.293861 0.739593 0.317133
v -0.298349 0.739398 0.322385
v -0.319563 0.707978 0.279682
v -0.324797 0.706819 0.283927
v -0.307158 0.638722 0.249414
v -0.311300 0.634448 0.252723
v -0.197798 0.651055 0.348594
v -0.256306 0.750385 0.347265
v -0.256838 0.750564 0.339068
v -0.299967 0.735129 0.309465
v -0.323919 0.708712 0.285536
v -0.305823 0.637117 0.249023
v -0.303790 0.627084 0.252665
v -0.292787 0.626390 0.251541
v -0.296936 0.622129 0.254869
v -0.299642 0.631344 0.249337
v -0.285366 0.622335 0.255600
v -0.289515 0.618074 0.258928
v -0.277496 0.619242 0.261365
v -0.281382 0.614290 0.264218
v -0.309970 0.632859 0.252350
v -0.199396 0.648593 0.354746
v -0.194222 0.658717 0.352590
v -0.195820 0.656256 0.358739
v -0.191634 0.666767 0.356483
v -0.193232 0.664307 0.362632
v -0.190076 0.675079 0.360214
v -0.191674 0.672619 0.366364
v -0.189572 0.683522 0.363724
v -0.191170 0.681060 0.369875
v -0.189692 0.685352 0.364425
v -0.191353 0.683566 0.370832
v -0.190095 0.691448 0.365321
v -0.191777 0.690364 0.371845
v -0.190129 0.691961 0.365399
v -0.191805 0.690864 0.371921
v -0.191739 0.700265 0.366381
v -0.193413 0.699169 0.372897
v -0.194377 0.708302 0.367055
v -0.196050 0.707207 0.373565
v -0.198000 0.715945 0.367409
v -0.199672 0.714851 0.373916
v -0.202553 0.723075 0.367438
v -0.204224 0.721981 0.373943
v -0.204209 0.725066 0.367347
v -0.205894 0.724425 0.373924
v -0.205433 0.726538 0.367076
v -0.207119 0.726353 0.373676
v -0.307498 0.727636 0.299918
v -0.312772 0.726962 0.304210
v -0.311387 0.729135 0.305999
v -0.311480 0.722793 0.293688
v -0.316697 0.721640 0.297918
v -0.247913 0.749346 0.352118
v -0.252875 0.750574 0.341378
v -0.244485 0.749536 0.346235
v -0.305242 0.734941 0.313775
v -0.318680 0.709870 0.281287
v -0.280537 0.613636 0.263771
v -0.209648 0.729393 0.373116
v -0.207962 0.729578 0.366515
v -0.321205 0.714488 0.290410
v -0.306111 0.729324 0.301690
v -0.315988 0.715640 0.286180
v -0.239717 0.747264 0.356825
v -0.236290 0.747453 0.350944
v -0.209084 0.730626 0.366258
v -0.211698 0.730435 0.372633
v -0.231847 0.744171 0.361313
v -0.228419 0.744360 0.355431
v -0.214143 0.735351 0.363461
v -0.217576 0.735162 0.369352
v -0.224427 0.740116 0.365510
v -0.220998 0.740305 0.359626
v -0.328585 0.672113 0.264455
v -0.293036 0.684710 0.316854
v -0.329110 0.680569 0.269324
v -0.282934 0.646919 0.304699
v -0.329029 0.685863 0.272872
v -0.324317 0.655804 0.259025
v -0.326955 0.663841 0.261013
v -0.320643 0.647715 0.258303
v -0.201780 0.647274 0.353225
v -0.298333 0.726278 0.321962
v -0.264374 0.614063 0.285098
v -0.201693 0.646196 0.352759
v -0.208029 0.683726 0.366581
v -0.328900 0.690466 0.274314
v -0.211745 0.724513 0.372426
v -0.319929 0.646451 0.257549
v -0.315370 0.639328 0.253972
v -0.200748 0.647710 0.354043
v -0.327364 0.698773 0.278522
v -0.260275 0.750374 0.344964
v -0.298349 0.739398 0.322385
v -0.296566 0.739928 0.323443
v -0.289174 0.744022 0.327892
v -0.281326 0.747155 0.332575
v -0.273147 0.749280 0.337417
v -0.264765 0.750361 0.342344
v -0.311300 0.634448 0.252723
v -0.201623 0.645122 0.351796
v -0.191353 0.683566 0.370832
v -0.205894 0.724425 0.373924
v -0.324797 0.706819 0.283927
v -0.312772 0.726962 0.304210
v -0.256306 0.750385 0.347265
v -0.309970 0.632859 0.252350
v -0.303790 0.627084 0.252665
v -0.296936 0.622129 0.254869
v -0.289515 0.618074 0.258928
v -0.281382 0.614290 0.264218
v -0.238674 0.615140 0.301714
v -0.239903 0.613979 0.299900
v -0.230823 0.618274 0.309368
v -0.223427 0.622368 0.317627
v -0.216603 0.627357 0.326361
v -0.210458 0.633162 0.335433
v -0.205090 0.639693 0.344699
v -0.199396 0.648593 0.354746
v -0.195820 0.656256 0.358739
v -0.193232 0.664307 0.362632
v -0.191674 0.672619 0.366364
v -0.191170 0.681060 0.369875
v -0.191777 0.690364 0.371845
v -0.191805 0.690864 0.371921
v -0.193413 0.699169 0.372897
v -0.196050 0.707207 0.373565
v -0.199672 0.714851 0.373916
v -0.204224 0.721981 0.373943
v -0.207119 0.726353 0.373676
v -0.323919 0.708712 0.285536
v -0.311387 0.729135 0.305999
v -0.316697 0.721640 0.297918
v -0.247913 0.749346 0.352118
v -0.280537 0.613636 0.263771
v -0.253299 0.610741 0.286431
v -0.209648 0.729393 0.373116
v -0.321205 0.714488 0.290410
v -0.305242 0.734941 0.313775
v -0.239717 0.747264 0.356825
v -0.272344 0.611550 0.269281
v -0.263950 0.610516 0.277467
v -0.260908 0.610483 0.281222
v -0.246144 0.611689 0.292350
v -0.254528 0.610558 0.285352
v -0.211698 0.730435 0.372633
v -0.231847 0.744171 0.361313
v -0.217576 0.735162 0.369352
v -0.224427 0.740116 0.365510
v -0.201693 0.646196 0.352759
v -0.201780 0.647274 0.353225
v -0.198558 0.649848 0.347799
v -0.201623 0.645122 0.351796
v -0.198865 0.649361 0.347228
v -0.228039 0.622483 0.304788
v -0.235889 0.619349 0.297135
v -0.230823 0.618274 0.309368
v -0.238674 0.615140 0.301714
v -0.220643 0.626577 0.313047
v -0.223427 0.622368 0.317627
v -0.213819 0.631566 0.321781
v -0.216603 0.627357 0.326361
v -0.207674 0.637371 0.330853
v -0.210458 0.633162 0.335433
v -0.202305 0.643902 0.340119
v -0.205090 0.639693 0.344699
v -0.239903 0.613979 0.299900
v -0.237426 0.618950 0.295834
v -0.277496 0.619242 0.261365
v -0.280537 0.613636 0.263771
v -0.269301 0.617159 0.266873
v -0.272344 0.611550 0.269281
v -0.260910 0.616121 0.275062
v -0.263950 0.610516 0.277467
v -0.260908 0.610483 0.281222
v -0.258329 0.616128 0.278339
v -0.253299 0.610741 0.286431
v -0.246144 0.611689 0.292350
v -0.244071 0.617225 0.288958
v -0.254528 0.610558 0.285352
v -0.251226 0.616302 0.283080
v -0.252456 0.616143 0.282043
v 0.334799 0.674734 0.260497
v 0.335356 0.683173 0.265392
v 0.339728 0.672113 0.264455
v 0.340253 0.680569 0.269324
v 0.333189 0.666430 0.257058
v 0.340172 0.685863 0.272872
v 0.338098 0.663841 0.261013
v 0.335083 0.687751 0.268764
v 0.330551 0.658393 0.255070
v 0.335460 0.655804 0.259025
v 0.340043 0.690466 0.274314
v 0.327159 0.651236 0.254596
v 0.334852 0.691616 0.270103
v 0.331786 0.647715 0.258303
v 0.333294 0.699928 0.274294
v 0.338507 0.698773 0.278522
v 0.326928 0.650750 0.254252
v 0.331072 0.646451 0.257549
v 0.322376 0.643620 0.250679
v 0.326513 0.639328 0.253972
v 0.212923 0.647274 0.353225
v 0.209441 0.650261 0.348147
v 0.209701 0.649848 0.347799
v 0.211891 0.647710 0.354043
v 0.275908 0.750361 0.342344
v 0.272473 0.750552 0.336450
v 0.271418 0.750374 0.344964
v 0.280857 0.749470 0.331528
v 0.284290 0.749280 0.337417
v 0.289039 0.747346 0.326690
v 0.292469 0.747155 0.332575
v 0.296890 0.744212 0.322013
v 0.300317 0.744022 0.327892
v 0.304286 0.740118 0.317569
v 0.307709 0.739928 0.323443
v 0.309492 0.739398 0.322385
v 0.305004 0.739593 0.317133
v 0.330706 0.707978 0.279682
v 0.335940 0.706819 0.283927
v 0.322443 0.634448 0.252723
v 0.318301 0.638722 0.249414
v 0.208941 0.651055 0.348594
v 0.267981 0.750564 0.339068
v 0.267449 0.750385 0.347265
v 0.311110 0.735129 0.309465
v 0.335062 0.708712 0.285536
v 0.316966 0.637117 0.249023
v 0.310785 0.631344 0.249337
v 0.314933 0.627084 0.252665
v 0.303930 0.626390 0.251541
v 0.308079 0.622129 0.254869
v 0.296509 0.622335 0.255600
v 0.300658 0.618074 0.258928
v 0.292525 0.614290 0.264218
v 0.288639 0.619242 0.261365
v 0.321113 0.632859 0.252350
v 0.210539 0.648593 0.354746
v 0.205365 0.658717 0.352590
v 0.206963 0.656256 0.358739
v 0.202777 0.666767 0.356483
v 0.204375 0.664307 0.362632
v 0.201219 0.675079 0.360214
v 0.202817 0.672619 0.366364
v 0.200715 0.683522 0.363724
v 0.202313 0.681060 0.369875
v 0.202496 0.683566 0.370832
v 0.200835 0.685352 0.364425
v 0.202919 0.690364 0.371845
v 0.201238 0.691448 0.365321
v 0.202948 0.690864 0.371921
v 0.201272 0.691961 0.365399
v 0.202882 0.700265 0.366381
v 0.204556 0.699169 0.372897
v 0.205520 0.708302 0.367055
v 0.207193 0.707207 0.373565
v 0.209143 0.715945 0.367409
v 0.210815 0.714851 0.373916
v 0.213696 0.723075 0.367438
v 0.215367 0.721981 0.373943
v 0.217036 0.724425 0.373924
v 0.215352 0.725066 0.367347
v 0.218262 0.726353 0.373676
v 0.216576 0.726538 0.367076
v 0.322530 0.729135 0.305999
v 0.323915 0.726962 0.304210
v 0.318641 0.727636 0.299918
v 0.327840 0.721640 0.297918
v 0.322623 0.722793 0.293688
v 0.255628 0.749536 0.346235
v 0.259056 0.749346 0.352118
v 0.264018 0.750574 0.341378
v 0.316385 0.734941 0.313775
v 0.329823 0.709870 0.281287
v 0.291680 0.613636 0.263771
v 0.219105 0.729578 0.366515
v 0.220791 0.729393 0.373116
v 0.332348 0.714488 0.290410
v 0.317254 0.729324 0.301690
v 0.327131 0.715640 0.286180
v 0.247432 0.747453 0.350944
v 0.250860 0.747264 0.356825
v 0.220227 0.730626 0.366258
v 0.222841 0.730435 0.372633
v 0.239562 0.744360 0.355431
v 0.242990 0.744171 0.361313
v 0.225286 0.735351 0.363461
v 0.228719 0.735162 0.369352
v 0.232141 0.740305 0.359626
v 0.235570 0.740116 0.365510
v 0.340253 0.680569 0.269324
v 0.304179 0.684710 0.316854
v 0.339728 0.672113 0.264455
v 0.294077 0.646919 0.304699
v 0.340172 0.685863 0.272872
v 0.338098 0.663841 0.261013
v 0.335460 0.655804 0.259025
v 0.331786 0.647715 0.258303
v 0.212923 0.647274 0.353225
v 0.309475 0.726278 0.321962
v 0.275517 0.614063 0.285098
v 0.212836 0.646196 0.352759
v 0.219172 0.683726 0.366581
v 0.340043 0.690466 0.274314
v 0.222888 0.724513 0.372426
v 0.326513 0.639328 0.253972
v 0.331072 0.646451 0.257549
v 0.211891 0.647710 0.354043
v 0.338507 0.698773 0.278522
v 0.275908 0.750361 0.342344
v 0.271418 0.750374 0.344964
v 0.284290 0.749280 0.337417
v 0.292469 0.747155 0.332575
v 0.300317 0.744022 0.327892
v 0.307709 0.739928 0.323443
v 0.309492 0.739398 0.322385
v 0.322443 0.634448 0.252723
v 0.212766 0.645122 0.351796
v 0.202496 0.683566 0.370832
v 0.217036 0.724425 0.373924
v 0.335940 0.706819 0.283927
v 0.323915 0.726962 0.304210
v 0.267449 0.750385 0.347265
v 0.292525 0.614290 0.264218
v 0.300658 0.618074 0.258928
v 0.308079 0.622129 0.254869
v 0.314933 0.627084 0.252665
v 0.321113 0.632859 0.252350
v 0.216233 0.639693 0.344699
v 0.221601 0.633162 0.335433
v 0.227746 0.627357 0.326361
v 0.234570 0.622368 0.317627
v 0.241966 0.618274 0.309368
v 0.249816 0.615140 0.301714
v 0.251046 0.613979 0.299900
v 0.202313 0.681060 0.369875
v 0.202817 0.672619 0.366364
v 0.204375 0.664307 0.362632
v 0.206963 0.656256 0.358739
v 0.210539 0.648593 0.354746
v 0.202919 0.690364 0.371845
v 0.215367 0.721981 0.373943
v 0.210815 0.714851 0.373916
v 0.207193 0.707207 0.373565
v 0.204556 0.699169 0.372897
v 0.202948 0.690864 0.371921
v 0.218262 0.726353 0.373676
v 0.335062 0.708712 0.285536
v 0.322530 0.729135 0.305999
v 0.327840 0.721640 0.297918
v 0.259056 0.749346 0.352118
v 0.291680 0.613636 0.263771
v 0.264441 0.610741 0.286431
v 0.220791 0.729393 0.373116
v 0.332348 0.714488 0.290410
v 0.316385 0.734941 0.313775
v 0.250860 0.747264 0.356825
v 0.272051 0.610483 0.281222
v 0.275093 0.610516 0.277467
v 0.283487 0.611550 0.269281
v 0.257287 0.611689 0.292350
v 0.265671 0.610558 0.285352
v 0.222841 0.730435 0.372633
v 0.242990 0.744171 0.361313
v 0.228719 0.735162 0.369352
v 0.235570 0.740116 0.365510
v 0.209701 0.649848 0.347799
v 0.212923 0.647274 0.353225
v 0.212836 0.646196 0.352759
v 0.212766 0.645122 0.351796
v 0.210008 0.649361 0.347228
v 0.247032 0.619349 0.297135
v 0.241966 0.618274 0.309368
v 0.249816 0.615140 0.301714
v 0.239182 0.622483 0.304788
v 0.234570 0.622368 0.317627
v 0.231786 0.626577 0.313047
v 0.224962 0.631566 0.321781
v 0.227746 0.627357 0.326361
v 0.218817 0.637371 0.330853
v 0.221601 0.633162 0.335433
v 0.213448 0.643902 0.340119
v 0.216233 0.639693 0.344699
v 0.251046 0.613979 0.299900
v 0.248569 0.618950 0.295834
v 0.291680 0.613636 0.263771
v 0.280443 0.617159 0.266873
v 0.283487 0.611550 0.269281
v 0.288639 0.619242 0.261365
v 0.272053 0.616121 0.275062
v 0.275093 0.610516 0.277467
v 0.269472 0.616128 0.278339
v 0.272051 0.610483 0.281222
v 0.255214 0.617225 0.288958
v 0.257287 0.611689 0.292350
v 0.264441 0.610741 0.286431
v 0.262369 0.616302 0.283080
v 0.265671 0.610558 0.285352
v 0.263598 0.616143 0.282043
v -0.029908 0.777007 0.405970
v -0.023396 0.784451 0.405970
v -0.030706 0.783561 0.405970
v -0.029556 0.775130 0.405970
v -0.029095 0.774233 0.405970
v -0.027714 0.772296 0.405970
v -0.025308 0.769490 0.405970
v -0.023763 0.768266 0.405970
v -0.022275 0.767656 0.405970
v -0.022620 0.778157 0.405970
v -0.022492 0.777698 0.405970
v -0.022298 0.777388 0.405970
v -0.021146 0.775950 0.405970
v -0.020329 0.767105 0.405970
v -0.020095 0.774756 0.405970
v -0.016308 0.766620 0.405970
v -0.020025 0.774705 0.405970
v -0.019930 0.774655 0.405970
v -0.019483 0.774520 0.405970
v -0.018147 0.774266 0.405970
v -0.015738 0.774032 0.405970
v -0.012451 0.766675 0.405970
v -0.013387 0.774036 0.405970
v -0.012095 0.774137 0.405970
v -0.010499 0.766910 0.405970
v -0.011403 0.774261 0.405970
v -0.010675 0.774493 0.405970
v -0.009841 0.774844 0.405970
v -0.009016 0.767254 0.405970
v -0.009372 0.775102 0.405970
v -0.009197 0.775219 0.405970
v -0.008917 0.775569 0.405970
v -0.006974 0.768010 0.405970
v -0.006752 0.778668 0.405970
v -0.005246 0.768960 0.405970
v -0.004668 0.782023 0.405970
v -0.004353 0.769609 0.405970
v -0.003662 0.783455 0.405970
v -0.003383 0.770645 0.405970
v -0.002219 0.784917 0.405970
v -0.001046 0.773877 0.405970
v -0.000257 0.786155 0.405970
v 0.001152 0.777417 0.405970
v 0.001816 0.786871 0.405970
v 0.001870 0.778602 0.405970
v 0.003638 0.787121 0.405970
v 0.002329 0.779145 0.405970
v 0.002928 0.779539 0.405970
v 0.003607 0.779744 0.405970
v 0.004330 0.779789 0.405970
v 0.005348 0.787104 0.405970
v 0.005054 0.779744 0.405970
v 0.005733 0.779539 0.405970
v 0.007229 0.786774 0.405970
v 0.006331 0.779145 0.405970
v 0.006790 0.778602 0.405970
v 0.008138 0.776373 0.405970
v 0.009307 0.785956 0.405970
v 0.010525 0.772680 0.405970
v 0.011200 0.784650 0.405970
v 0.012044 0.770645 0.405970
v 0.012583 0.783108 0.405970
v 0.013014 0.769609 0.405970
v 0.014689 0.779816 0.405970
v 0.014438 0.768631 0.405970
v 0.016288 0.767731 0.405970
v 0.016995 0.776327 0.405970
v 0.017677 0.767254 0.405970
v 0.017692 0.775399 0.405970
v 0.019159 0.766910 0.405970
v 0.017877 0.775208 0.405970
v 0.018175 0.775014 0.405970
v 0.018848 0.774677 0.405970
v 0.019456 0.774430 0.405970
v 0.022309 0.766597 0.405970
v 0.019983 0.774279 0.405970
v 0.021870 0.774048 0.405970
v 0.025421 0.774084 0.405970
v 0.026412 0.766729 0.405970
v 0.027052 0.774270 0.405970
v 0.028990 0.767105 0.405970
v 0.028110 0.774510 0.405970
v 0.028590 0.774655 0.405970
v 0.028686 0.774705 0.405970
v 0.028755 0.774756 0.405970
v 0.029806 0.775950 0.405970
v 0.030935 0.767656 0.405970
v 0.030959 0.777388 0.405970
v 0.032423 0.768266 0.405970
v 0.031153 0.777698 0.405970
v 0.031280 0.778157 0.405970
v 0.032056 0.784451 0.405970
v 0.039366 0.783561 0.405970
v 0.033968 0.769490 0.405970
v 0.036375 0.772296 0.405970
v 0.037755 0.774233 0.405970
v 0.038216 0.775130 0.405970
v 0.038568 0.777007 0.405970
v -0.030706 0.783561 0.405970
v -0.023396 0.784451 0.396150
v -0.030706 0.783561 0.396150
v -0.023396 0.784451 0.405970
v -0.030706 0.783561 0.396150
v -0.030706 0.783561 0.405970
v -0.029908 0.777007 0.396150
v -0.029908 0.777007 0.405970
v -0.029556 0.775130 0.396150
v -0.029556 0.775130 0.405970
v -0.029095 0.774233 0.396150
v -0.029095 0.774233 0.405970
v -0.027714 0.772296 0.396150
v -0.027714 0.772296 0.405970
v -0.025308 0.769490 0.396150
v -0.025308 0.769490 0.405970
v -0.023763 0.768266 0.405970
v -0.023763 0.768266 0.396150
v -0.022275 0.767656 0.405970
v -0.022275 0.767656 0.396150
v -0.020329 0.767105 0.405970
v -0.020329 0.767105 0.396150
v -0.016308 0.766620 0.405970
v -0.016308 0.766620 0.396150
v -0.012451 0.766675 0.405970
v -0.012451 0.766675 0.396150
v -0.010499 0.766910 0.405970
v -0.010499 0.766910 0.396150
v -0.009016 0.767254 0.405970
v -0.009016 0.767254 0.396150
v -0.006974 0.768010 0.405970
v -0.006974 0.768010 0.396150
v -0.005246 0.768960 0.405970
v -0.005246 0.768960 0.396150
v -0.004353 0.769609 0.405970
v -0.004353 0.769609 0.396150
v -0.003383 0.770645 0.405970
v -0.003383 0.770645 0.396150
v -0.001046 0.773877 0.405970
v -0.001046 0.773877 0.396150
v 0.001152 0.777417 0.405970
v 0.001152 0.777417 0.396150
v 0.001870 0.778602 0.405970
v 0.001870 0.778602 0.396150
v 0.002329 0.779145 0.405970
v 0.002329 0.779145 0.396150
v 0.002928 0.779539 0.405970
v 0.002928 0.779539 0.396150
v 0.003607 0.779744 0.405970
v 0.003607 0.779744 0.396150
v 0.004330 0.779789 0.405970
v 0.004330 0.779789 0.396150
v 0.005054 0.779744 0.405970
v 0.005054 0.779744 0.396150
v 0.005733 0.779539 0.405970
v 0.005733 0.779539 0.396150
v 0.006331 0.779145 0.405970
v 0.006331 0.779145 0.396150
v 0.006790 0.778602 0.396150
v 0.006790 0.778602 0.405970
v 0.008138 0.776373 0.396150
v 0.008138 0.776373 0.405970
v 0.010525 0.772680 0.396150
v 0.010525 0.772680 0.405970
v 0.012044 0.770645 0.396150
v 0.012044 0.770645 0.405970
v 0.013014 0.769609 0.396150
v 0.013014 0.769609 0.405970
v 0.014438 0.768631 0.405970
v 0.014438 0.768631 0.396150
v 0.016288 0.767731 0.405970
v 0.016288 0.767731 0.396150
v 0.017677 0.767254 0.405970
v 0.017677 0.767254 0.396150
v 0.019159 0.766910 0.405970
v 0.019159 0.766910 0.396150
v 0.022309 0.766597 0.405970
v 0.022309 0.766597 0.396150
v 0.026412 0.766729 0.405970
v 0.026412 0.766729 0.396150
v 0.028990 0.767105 0.405970
v 0.028990 0.767105 0.396150
v 0.030935 0.767656 0.405970
v 0.030935 0.767656 0.396150
v 0.032423 0.768266 0.405970
v 0.032423 0.768266 0.396150
v 0.033968 0.769490 0.405970
v 0.033968 0.769490 0.396150
v 0.036375 0.772296 0.405970
v 0.036375 0.772296 0.396150
v 0.037755 0.774233 0.405970
v 0.037755 0.774233 0.396150
v 0.038216 0.775130 0.405970
v 0.038216 0.775130 0.396150
v 0.038568 0.777007 0.405970
v 0.038568 0.777007 0.396150
v 0.039366 0.783561 0.405970
v 0.039366 0.783561 0.396150
v 0.032056 0.784451 0.405970
v 0.039366 0.783561 0.396150
v 0.032056 0.784451 0.396150
v 0.039366 0.783561 0.405970
v 0.032056 0.784451 0.405970
v 0.031280 0.778157 0.396150
v 0.031280 0.778157 0.405970
v 0.032056 0.784451 0.396150
v 0.031153 0.777698 0.396150
v 0.031153 0.777698 0.405970
v 0.030959 0.777388 0.396150
v 0.030959 0.777388 0.405970
v 0.029806 0.775950 0.396150
v 0.029806 0.775950 0.405970
v 0.028755 0.774756 0.396150
v 0.028755 0.774756 0.405970
v 0.028686 0.774705 0.405970
v 0.028686 0.774705 0.396150
v 0.028590 0.774655 0.405970
v 0.028590 0.774655 0.396150
v 0.028110 0.774510 0.405970
v 0.028110 0.774510 0.396150
v 0.027052 0.774270 0.405970
v 0.027052 0.774270 0.396150
v 0.025421 0.774084 0.405970
v 0.025421 0.774084 0.396150
v 0.021870 0.774048 0.396150
v 0.021870 0.774048 0.405970
v 0.019983 0.774279 0.405970
v 0.019983 0.774279 0.396150
v 0.019456 0.774430 0.405970
v 0.019456 0.774430 0.396150
v 0.018848 0.774677 0.405970
v 0.018848 0.774677 0.396150
v 0.018175 0.775014 0.405970
v 0.018175 0.775014 0.396150
v 0.017877 0.775208 0.405970
v 0.017877 0.775208 0.396150
v 0.017692 0.775399 0.396150
v 0.017692 0.775399 0.405970
v 0.016995 0.776327 0.396150
v 0.016995 0.776327 0.405970
v 0.014689 0.779816 0.396150
v 0.014689 0.779816 0.405970
v 0.012583 0.783108 0.396150
v 0.012583 0.783108 0.405970
v 0.011200 0.784650 0.396150
v 0.011200 0.784650 0.405970
v 0.009307 0.785956 0.405970
v 0.009307 0.785956 0.396150
v 0.007229 0.786774 0.396150
v 0.007229 0.786774 0.405970
v 0.005348 0.787104 0.405970
v 0.005348 0.787104 0.396150
v 0.003638 0.787121 0.405970
v 0.003638 0.787121 0.396150
v 0.001816 0.786871 0.405970
v 0.001816 0.786871 0.396150
v -0.000257 0.786155 0.405970
v -0.000257 0.786155 0.396150
v -0.002219 0.784917 0.405970
v -0.002219 0.784917 0.396150
v -0.003662 0.783455 0.396150
v -0.003662 0.783455 0.405970
v -0.004668 0.782023 0.396150
v -0.004668 0.782023 0.405970
v -0.006752 0.778668 0.396150
v -0.006752 0.778668 0.405970
v -0.008917 0.775569 0.396150
v -0.008917 0.775569 0.405970
v -0.009197 0.775219 0.396150
v -0.009197 0.775219 0.405970
v -0.009372 0.775102 0.405970
v -0.009372 0.775102 0.396150
v -0.009841 0.774844 0.405970
v -0.009841 0.774844 0.396150
v -0.010675 0.774493 0.405970
v -0.010675 0.774493 0.396150
v -0.011403 0.774261 0.405970
v -0.011403 0.774261 0.396150
v -0.012095 0.774137 0.405970
v -0.012095 0.774137 0.396150
v -0.013387 0.774036 0.405970
v -0.013387 0.774036 0.396150
v -0.015738 0.774032 0.405970
v -0.015738 0.774032 0.396150
v -0.018147 0.774266 0.396150
v -0.018147 0.774266 0.405970
v -0.019483 0.774520 0.405970
v -0.019483 0.774520 0.396150
v -0.019930 0.774655 0.405970
v -0.019930 0.774655 0.396150
v -0.020025 0.774705 0.405970
v -0.020025 0.774705 0.396150
v -0.020095 0.774756 0.405970
v -0.020095 0.774756 0.396150
v -0.021146 0.775950 0.396150
v -0.021146 0.775950 0.405970
v -0.022298 0.777388 0.396150
v -0.022298 0.777388 0.405970
v -0.022492 0.777698 0.396150
v -0.022492 0.777698 0.405970
v -0.022620 0.778157 0.396150
v -0.022620 0.778157 0.405970
v -0.023396 0.784451 0.396150
v -0.023396 0.784451 0.405970
v 0.038568 0.777007 0.396150
v 0.039366 0.783561 0.396150
v 0.038216 0.775130 0.396150
v 0.037755 0.774233 0.396150
v 0.036375 0.772296 0.396150
v 0.033968 0.769490 0.396150
v 0.032423 0.768266 0.396150
v 0.032056 0.784451 0.396150
v 0.031280 0.778157 0.396150
v 0.031153 0.777698 0.396150
v 0.030959 0.777388 0.396150
v 0.030935 0.767656 0.396150
v 0.029806 0.775950 0.396150
v 0.028990 0.767105 0.396150
v 0.028755 0.774756 0.396150
v 0.028686 0.774705 0.396150
v 0.028590 0.774655 0.396150
v 0.028110 0.774510 0.396150
v 0.027052 0.774270 0.396150
v 0.026412 0.766729 0.396150
v 0.025421 0.774084 0.396150
v 0.022309 0.766597 0.396150
v 0.021870 0.774048 0.396150
v 0.019983 0.774279 0.396150
v 0.019456 0.774430 0.396150
v 0.019159 0.766910 0.396150
v 0.018848 0.774677 0.396150
v 0.018175 0.775014 0.396150
v 0.017877 0.775208 0.396150
v 0.017692 0.775399 0.396150
v 0.017677 0.767254 0.396150
v 0.016995 0.776327 0.396150
v 0.016288 0.767731 0.396150
v 0.014689 0.779816 0.396150
v 0.014438 0.768631 0.396150
v 0.013014 0.769609 0.396150
v 0.012583 0.783108 0.396150
v 0.012044 0.770645 0.396150
v 0.011200 0.784650 0.396150
v 0.010525 0.772680 0.396150
v 0.009307 0.785956 0.396150
v 0.008138 0.776373 0.396150
v 0.007229 0.786774 0.396150
v 0.006790 0.778602 0.396150
v 0.006331 0.779145 0.396150
v 0.005733 0.779539 0.396150
v 0.005348 0.787104 0.396150
v 0.005054 0.779744 0.396150
v 0.004330 0.779789 0.396150
v 0.003638 0.787121 0.396150
v 0.003607 0.779744 0.396150
v 0.002928 0.779539 0.396150
v 0.002329 0.779145 0.396150
v 0.001870 0.778602 0.396150
v 0.001816 0.786871 0.396150
v 0.001152 0.777417 0.396150
v -0.000257 0.786155 0.396150
v -0.001046 0.773877 0.396150
v -0.002219 0.784917 0.396150
v -0.003383 0.770645 0.396150
v -0.003662 0.783455 0.396150
v -0.004353 0.769609 0.396150
v -0.004668 0.782023 0.396150
v -0.005246 0.768960 0.396150
v -0.006752 0.778668 0.396150
v -0.006974 0.768010 0.396150
v -0.008917 0.775569 0.396150
v -0.009016 0.767254 0.396150
v -0.009197 0.775219 0.396150
v -0.009372 0.775102 0.396150
v -0.009841 0.774844 0.396150
v -0.010499 0.766910 0.396150
v -0.010675 0.774493 0.396150
v -0.011403 0.774261 0.396150
v -0.012095 0.774137 0.396150
v -0.012451 0.766675 0.396150
v -0.013387 0.774036 0.396150
v -0.015738 0.774032 0.396150
v -0.016308 0.766620 0.396150
v -0.018147 0.774266 0.396150
v -0.019483 0.774520 0.396150
v -0.019930 0.774655 0.396150
v -0.020025 0.774705 0.396150
v -0.020095 0.774756 0.396150
v -0.020329 0.767105 0.396150
v -0.021146 0.775950 0.396150
v -0.022275 0.767656 0.396150
v -0.022298 0.777388 0.396150
v -0.022492 0.777698 0.396150
v -0.022620 0.778157 0.396150
v -0.023396 0.784451 0.396150
v -0.023763 0.768266 0.396150
v -0.025308 0.769490 0.396150
v -0.027714 0.772296 0.396150
v -0.029095 0.774233 0.396150
v -0.029556 0.775130 0.396150
v -0.029908 0.777007 0.396150
v -0.030706 0.783561 0.396150
v -0.262707 1.072199 0.033133
v -0.282568 1.072658 0.033133
v -0.272658 1.071560 0.033133
v -0.253018 1.074557 0.033133
v -0.292138 1.075460 0.033133
v -0.243886 1.078561 0.033133
v -0.301075 1.079882 0.033133
v -0.235589 1.084091 0.033133
v -0.309109 1.085788 0.033133
v -0.228377 1.090977 0.033133
v -0.315995 1.093000 0.033133
v -0.222471 1.099011 0.033133
v -0.321524 1.101297 0.033133
v -0.218049 1.107948 0.033133
v -0.325529 1.110429 0.033133
v -0.215247 1.117517 0.033133
v -0.327886 1.120118 0.033133
v -0.214149 1.127428 0.033133
v -0.328526 1.130069 0.033133
v -0.214788 1.137379 0.033133
v -0.327428 1.139979 0.033133
v -0.217146 1.147068 0.033133
v -0.324626 1.149549 0.033133
v -0.221150 1.156199 0.033133
v -0.320204 1.158486 0.033133
v -0.226680 1.164497 0.033133
v -0.314298 1.166520 0.033133
v -0.233566 1.171709 0.033133
v -0.307086 1.173406 0.033133
v -0.241600 1.177615 0.033133
v -0.298788 1.178936 0.033133
v -0.250537 1.182037 0.033133
v -0.289656 1.182940 0.033133
v -0.260107 1.184839 0.033133
v -0.279968 1.185298 0.033133
v -0.270017 1.185937 0.033133
v 0.282219 1.185937 0.033133
v 0.272309 1.184839 0.033133
v 0.292170 1.185298 0.033133
v 0.301859 1.182940 0.033133
v 0.262739 1.182037 0.033133
v 0.310991 1.178936 0.033133
v 0.253802 1.177615 0.033133
v 0.319288 1.173406 0.033133
v 0.245768 1.171709 0.033133
v 0.326500 1.166520 0.033133
v 0.238882 1.164497 0.033133
v 0.332407 1.158486 0.033133
v 0.233353 1.156199 0.033133
v 0.336828 1.149549 0.033133
v 0.229348 1.147068 0.033133
v 0.339630 1.139979 0.033133
v 0.226991 1.137379 0.033133
v 0.340728 1.130069 0.033133
v 0.226351 1.127428 0.033133
v 0.340089 1.120118 0.033133
v 0.227449 1.117517 0.033133
v 0.337731 1.110429 0.033133
v 0.230251 1.107948 0.033133
v 0.333727 1.101297 0.033133
v 0.234673 1.099011 0.033133
v 0.328197 1.093000 0.033133
v 0.240579 1.090977 0.033133
v 0.321311 1.085788 0.033133
v 0.247791 1.084091 0.033133
v 0.313277 1.079882 0.033133
v 0.256089 1.078561 0.033133
v 0.304340 1.075460 0.033133
v 0.265221 1.074557 0.033133
v 0.294770 1.072658 0.033133
v 0.274909 1.072199 0.033133
v 0.284860 1.071560 0.033133
vn -0.2705 -0.6930 -0.6682
vn -0.1217 -0.6077 -0.7848
vn -0.1461 -0.7295 -0.6683
vn -0.2254 -0.5774 -0.7848
vn -0.1732 -0.8649 -0.4712
vn -0.3207 -0.8217 -0.4711
vn -0.3867 -0.6355 -0.6683
vn -0.3222 -0.5295 -0.7848
vn -0.1024 -0.5115 -0.8532
vn -0.1897 -0.4859 -0.8532
vn -0.0143 -0.6196 -0.7848
vn -0.0172 -0.7438 -0.6682
vn -0.1933 -0.9656 -0.1740
vn -0.3581 -0.9173 -0.1740
vn -0.4585 -0.7535 -0.4712
vn -0.0204 -0.8818 -0.4712
vn -0.4912 -0.5587 -0.6682
vn -0.4092 -0.4655 -0.7848
vn -0.2712 -0.4456 -0.8532
vn -0.0876 -0.4376 -0.8949
vn -0.1623 -0.4157 -0.8949
vn -0.0120 -0.5215 -0.8532
vn 0.1122 -0.7354 -0.6682
vn 0.0935 -0.6127 -0.7848
vn -0.3581 -0.9173 0.1740
vn -0.1933 -0.9656 0.1740
vn -0.5119 -0.8412 -0.1740
vn -0.0227 -0.9845 -0.1741
vn -0.5824 -0.6624 -0.4712
vn 0.1331 -0.8719 -0.4712
vn -0.5808 -0.4649 -0.6682
vn -0.4839 -0.3873 -0.7848
vn -0.3444 -0.3918 -0.8532
vn -0.2320 -0.3812 -0.8949
vn -0.0762 -0.3805 -0.9216
vn -0.1411 -0.3615 -0.9216
vn -0.0103 -0.4461 -0.8949
vn 0.0787 -0.5157 -0.8532
vn 0.2382 -0.7048 -0.6682
vn 0.1985 -0.5872 -0.7848
vn -0.3207 -0.8217 0.4711
vn -0.1732 -0.8649 0.4712
vn -0.5119 -0.8412 0.1740
vn -0.0227 -0.9845 0.1741
vn -0.6502 -0.7395 -0.1741
vn 0.1486 -0.9735 -0.1740
vn -0.6886 -0.5512 -0.4712
vn 0.2825 -0.8356 -0.4712
vn -0.6527 -0.3570 -0.6682
vn -0.5438 -0.2974 -0.7848
vn -0.4072 -0.3260 -0.8532
vn -0.2947 -0.3351 -0.8949
vn -0.2017 -0.3315 -0.9216
vn -0.0380 -0.1898 -0.9811
vn -0.0704 -0.1803 -0.9811
vn -0.0090 -0.3879 -0.9216
vn 0.0673 -0.4412 -0.8949
vn 0.1670 -0.4942 -0.8532
vn 0.3570 -0.6527 -0.6683
vn 0.2974 -0.5438 -0.7848
vn -0.2705 -0.6930 0.6682
vn -0.1461 -0.7294 0.6683
vn -0.4585 -0.7535 0.4712
vn -0.0204 -0.8818 0.4712
vn -0.6502 -0.7395 0.1741
vn 0.1486 -0.9735 0.1740
vn -0.7688 -0.6154 -0.1741
vn 0.3153 -0.9329 -0.1741
vn -0.7738 -0.4233 -0.4712
vn 0.4233 -0.7738 -0.4712
vn -0.7047 -0.2382 -0.6683
vn -0.5871 -0.1985 -0.7848
vn -0.4576 -0.2503 -0.8532
vn -0.3484 -0.2789 -0.8949
vn -0.2562 -0.2914 -0.9216
vn -0.1006 -0.1654 -0.9811
vn 0.0292 -0.1914 -0.9811
vn -0.0045 -0.1935 -0.9811
vn 0.0620 -0.1834 -0.9811
vn 0.0929 -0.1699 -0.9811
vn 0.1210 -0.1511 -0.9811
vn -0.1278 -0.1454 -0.9811
vn 0.1454 -0.1278 -0.9811
vn -0.1511 -0.1210 -0.9811
vn 0.1654 -0.1006 -0.9811
vn -0.1699 -0.0929 -0.9811
vn 0.1803 -0.0704 -0.9811
vn -0.1834 -0.0620 -0.9811
vn 0.1898 -0.0380 -0.9811
vn -0.1914 -0.0292 -0.9811
vn 0.1935 -0.0045 -0.9811
vn -0.1935 0.0045 -0.9811
vn 0.1914 0.0292 -0.9811
vn -0.1898 0.0380 -0.9811
vn 0.1834 0.0620 -0.9811
vn -0.1803 0.0704 -0.9811
vn 0.1699 0.0929 -0.9811
vn -0.1654 0.1006 -0.9811
vn 0.1511 0.1210 -0.9811
vn -0.1454 0.1278 -0.9811
vn 0.1278 0.1454 -0.9811
vn -0.1210 0.1511 -0.9811
vn 0.1006 0.1654 -0.9811
vn -0.0929 0.1699 -0.9811
vn 0.0704 0.1803 -0.9811
vn -0.0620 0.1834 -0.9811
vn 0.0380 0.1898 -0.9811
vn -0.0292 0.1914 -0.9811
vn 0.0045 0.1936 -0.9811
vn 0.0585 -0.3836 -0.9216
vn 0.1429 -0.4228 -0.8949
vn 0.2503 -0.4577 -0.8532
vn 0.4649 -0.5808 -0.6683
vn 0.3873 -0.4839 -0.7848
vn -0.1217 -0.6077 0.7848
vn -0.2254 -0.5774 0.7848
vn -0.3867 -0.6355 0.6683
vn -0.0172 -0.7438 0.6682
vn -0.5824 -0.6624 0.4712
vn 0.1331 -0.8719 0.4712
vn -0.7688 -0.6154 0.1740
vn 0.3154 -0.9329 0.1741
vn -0.8639 -0.4726 -0.1741
vn 0.4726 -0.8639 -0.1740
vn -0.8356 -0.2825 -0.4712
vn 0.5512 -0.6886 -0.4712
vn -0.7354 -0.1122 -0.6683
vn -0.6127 -0.0935 -0.7848
vn -0.4942 -0.1670 -0.8532
vn -0.3915 -0.2142 -0.8949
vn -0.3029 -0.2425 -0.9216
vn -0.3879 0.0090 -0.9216
vn -0.3805 0.0762 -0.9216
vn -0.3615 0.1411 -0.9216
vn -0.3315 0.2017 -0.9216
vn -0.2914 0.2562 -0.9216
vn -0.2425 0.3029 -0.9216
vn -0.1862 0.3404 -0.9216
vn -0.1243 0.3676 -0.9216
vn -0.0585 0.3836 -0.9216
vn 0.0090 0.3879 -0.9216
vn 0.0762 0.3805 -0.9216
vn 0.1411 0.3615 -0.9216
vn 0.2017 0.3315 -0.9216
vn 0.2562 0.2914 -0.9216
vn 0.3029 0.2425 -0.9216
vn 0.3405 0.1862 -0.9216
vn 0.3676 0.1243 -0.9216
vn 0.3836 0.0585 -0.9216
vn 0.3879 -0.0090 -0.9216
vn 0.3805 -0.0762 -0.9216
vn 0.3615 -0.1411 -0.9216
vn 0.3315 -0.2017 -0.9216
vn 0.2914 -0.2562 -0.9216
vn 0.2425 -0.3029 -0.9216
vn 0.1862 -0.3404 -0.9216
vn 0.1243 -0.3676 -0.9216
vn -0.3404 -0.1862 -0.9216
vn -0.3676 -0.1243 -0.9216
vn -0.3836 -0.0585 -0.9216
vn 0.2142 -0.3915 -0.8949
vn 0.3260 -0.4072 -0.8532
vn 0.5587 -0.4912 -0.6683
vn 0.4655 -0.4092 -0.7848
vn -0.1024 -0.5115 0.8532
vn -0.1897 -0.4859 0.8532
vn -0.3222 -0.5295 0.7848
vn -0.0143 -0.6196 0.7848
vn -0.4912 -0.5587 0.6682
vn 0.1122 -0.7354 0.6683
vn -0.6886 -0.5512 0.4712
vn 0.2825 -0.8356 0.4712
vn -0.8639 -0.4726 0.1741
vn 0.4726 -0.8639 0.1740
vn -0.9329 -0.3154 -0.1740
vn 0.6154 -0.7688 -0.1740
vn -0.8719 -0.1331 -0.4712
vn 0.6624 -0.5824 -0.4712
vn -0.7437 0.0172 -0.6683
vn -0.6196 0.0143 -0.7848
vn -0.5157 -0.0787 -0.8532
vn -0.4228 -0.1429 -0.8949
vn -0.4461 0.0103 -0.8949
vn -0.4376 0.0876 -0.8949
vn -0.4157 0.1623 -0.8949
vn -0.3812 0.2320 -0.8949
vn -0.3352 0.2947 -0.8949
vn -0.2789 0.3484 -0.8949
vn -0.2142 0.3915 -0.8949
vn -0.1429 0.4228 -0.8949
vn -0.0673 0.4412 -0.8949
vn 0.0103 0.4461 -0.8949
vn 0.0876 0.4376 -0.8949
vn 0.1623 0.4157 -0.8949
vn 0.2320 0.3812 -0.8949
vn 0.2947 0.3352 -0.8949
vn 0.3484 0.2789 -0.8949
vn 0.3915 0.2141 -0.8949
vn 0.4228 0.1429 -0.8949
vn 0.4412 0.0673 -0.8949
vn 0.4461 -0.0103 -0.8949
vn 0.4376 -0.0876 -0.8949
vn 0.4157 -0.1623 -0.8949
vn 0.3812 -0.2320 -0.8949
vn 0.3352 -0.2947 -0.8949
vn 0.2789 -0.3484 -0.8949
vn -0.4412 -0.0673 -0.8949
vn 0.3917 -0.3444 -0.8532
vn 0.6355 -0.3867 -0.6682
vn 0.5294 -0.3222 -0.7848
vn -0.0876 -0.4376 0.8949
vn -0.1623 -0.4157 0.8949
vn -0.2712 -0.4456 0.8532
vn -0.0120 -0.5215 0.8532
vn -0.4093 -0.4655 0.7848
vn 0.0935 -0.6127 0.7848
vn -0.5808 -0.4649 0.6682
vn 0.2382 -0.7048 0.6683
vn -0.7738 -0.4233 0.4712
vn 0.4233 -0.7738 0.4712
vn -0.9329 -0.3154 0.1740
vn 0.6154 -0.7688 0.1740
vn -0.9735 -0.1486 -0.1740
vn 0.7396 -0.6502 -0.1740
vn -0.8818 0.0204 -0.4712
vn 0.7535 -0.4585 -0.4711
vn -0.6077 0.1217 -0.7848
vn -0.7295 0.1461 -0.6682
vn -0.5215 0.0120 -0.8532
vn -0.5115 0.1024 -0.8532
vn -0.4859 0.1897 -0.8532
vn -0.4456 0.2712 -0.8532
vn -0.3918 0.3444 -0.8532
vn -0.3260 0.4072 -0.8532
vn -0.2503 0.4576 -0.8532
vn -0.1671 0.4942 -0.8532
vn -0.0787 0.5157 -0.8532
vn 0.0120 0.5215 -0.8532
vn 0.1024 0.5115 -0.8532
vn 0.1897 0.4859 -0.8532
vn 0.2712 0.4456 -0.8532
vn 0.3444 0.3918 -0.8532
vn 0.4072 0.3260 -0.8532
vn 0.4577 0.2503 -0.8532
vn 0.4942 0.1670 -0.8532
vn 0.5157 0.0787 -0.8532
vn 0.5215 -0.0120 -0.8532
vn 0.5115 -0.1024 -0.8532
vn 0.4859 -0.1897 -0.8532
vn 0.4456 -0.2712 -0.8532
vn 0.6930 -0.2705 -0.6682
vn 0.5774 -0.2254 -0.7848
vn -0.0762 -0.3805 0.9216
vn -0.1411 -0.3615 0.9216
vn -0.2320 -0.3812 0.8949
vn -0.0103 -0.4461 0.8949
vn -0.3444 -0.3918 0.8532
vn 0.0787 -0.5157 0.8532
vn -0.4839 -0.3873 0.7848
vn 0.1985 -0.5872 0.7848
vn -0.6527 -0.3570 0.6682
vn 0.3570 -0.6527 0.6683
vn -0.8356 -0.2825 0.4712
vn 0.5512 -0.6886 0.4712
vn -0.9735 -0.1486 0.1740
vn 0.7396 -0.6502 0.1740
vn -0.9845 0.0227 -0.1740
vn 0.8412 -0.5119 -0.1740
vn -0.8648 0.1732 -0.4712
vn 0.8217 -0.3207 -0.4712
vn -0.5774 0.2254 -0.7848
vn -0.6930 0.2705 -0.6682
vn -0.5295 0.3222 -0.7848
vn -0.4655 0.4092 -0.7848
vn -0.3873 0.4839 -0.7848
vn -0.2974 0.5438 -0.7848
vn -0.1985 0.5872 -0.7848
vn -0.0935 0.6127 -0.7848
vn 0.0143 0.6196 -0.7848
vn 0.1217 0.6077 -0.7848
vn 0.2254 0.5774 -0.7848
vn 0.3222 0.5295 -0.7848
vn 0.4092 0.4655 -0.7848
vn 0.4839 0.3873 -0.7848
vn 0.5438 0.2974 -0.7848
vn 0.5871 0.1985 -0.7848
vn 0.6127 0.0935 -0.7848
vn 0.6196 -0.0143 -0.7848
vn 0.6077 -0.1217 -0.7848
vn 0.7295 -0.1461 -0.6682
vn -0.0212 -0.1058 0.9942
vn -0.0392 -0.1005 0.9942
vn -0.2017 -0.3315 0.9216
vn -0.0090 -0.3879 0.9216
vn -0.2947 -0.3351 0.8949
vn 0.0673 -0.4412 0.8949
vn -0.4072 -0.3260 0.8532
vn 0.1671 -0.4942 0.8532
vn -0.5438 -0.2974 0.7848
vn 0.2974 -0.5438 0.7848
vn -0.7047 -0.2382 0.6683
vn 0.4649 -0.5808 0.6683
vn -0.8719 -0.1331 0.4712
vn 0.6624 -0.5824 0.4712
vn -0.9845 0.0227 0.1740
vn 0.8412 -0.5119 0.1740
vn -0.9656 0.1933 -0.1741
vn 0.9173 -0.3581 -0.1741
vn -0.8217 0.3207 -0.4712
vn 0.8649 -0.1732 -0.4712
vn -0.6355 0.3867 -0.6683
vn -0.5587 0.4912 -0.6682
vn -0.4649 0.5808 -0.6682
vn -0.3570 0.6527 -0.6683
vn -0.2382 0.7048 -0.6683
vn -0.1122 0.7354 -0.6682
vn 0.0172 0.7437 -0.6682
vn 0.1460 0.7294 -0.6683
vn 0.2705 0.6930 -0.6683
vn 0.3867 0.6355 -0.6683
vn 0.4912 0.5587 -0.6682
vn 0.5808 0.4649 -0.6682
vn 0.6527 0.3570 -0.6683
vn 0.7048 0.2382 -0.6682
vn 0.7354 0.1122 -0.6683
vn 0.7438 -0.0172 -0.6682
vn 0.0358 0.1790 0.9832
vn 0.0664 0.1701 0.9832
vn -0.0561 -0.0922 0.9942
vn -0.0025 -0.1078 0.9942
vn -0.2562 -0.2914 0.9216
vn 0.0585 -0.3836 0.9216
vn -0.3484 -0.2789 0.8949
vn 0.1429 -0.4228 0.8949
vn -0.4577 -0.2503 0.8532
vn 0.2503 -0.4577 0.8532
vn -0.5871 -0.1985 0.7848
vn 0.3873 -0.4839 0.7848
vn -0.7354 -0.1122 0.6683
vn 0.5587 -0.4912 0.6683
vn -0.8818 0.0204 0.4712
vn 0.7535 -0.4585 0.4711
vn -0.9656 0.1933 0.1740
vn 0.9173 -0.3581 0.1740
vn -0.9173 0.3581 -0.1740
vn 0.9656 -0.1933 -0.1740
vn -0.7535 0.4585 -0.4712
vn 0.8818 -0.0204 -0.4711
vn -0.6624 0.5824 -0.4712
vn -0.5512 0.6886 -0.4712
vn -0.4233 0.7738 -0.4712
vn -0.2824 0.8356 -0.4712
vn -0.1331 0.8719 -0.4712
vn 0.0203 0.8818 -0.4712
vn 0.1732 0.8648 -0.4712
vn 0.3207 0.8217 -0.4712
vn 0.4585 0.7535 -0.4712
vn 0.5824 0.6624 -0.4712
vn 0.6886 0.5512 -0.4712
vn 0.7738 0.4233 -0.4712
vn 0.8356 0.2825 -0.4712
vn 0.8720 0.1331 -0.4711
vn 0.0042 0.1825 0.9832
vn 0.0949 0.1560 0.9832
vn -0.0712 -0.0810 0.9942
vn 0.0163 -0.1066 0.9942
vn -0.3029 -0.2425 0.9216
vn 0.1243 -0.3676 0.9216
vn -0.3915 -0.2142 0.8949
vn 0.2142 -0.3915 0.8949
vn -0.4942 -0.1671 0.8532
vn 0.3260 -0.4072 0.8532
vn -0.6127 -0.0935 0.7848
vn 0.4655 -0.4092 0.7848
vn -0.7437 0.0172 0.6683
vn 0.6355 -0.3867 0.6683
vn -0.8649 0.1732 0.4712
vn 0.8217 -0.3207 0.4712
vn -0.9173 0.3581 0.1740
vn 0.9656 -0.1933 0.1740
vn -0.8412 0.5119 -0.1740
vn 0.9845 -0.0227 -0.1740
vn -0.7395 0.6502 -0.1741
vn -0.6154 0.7688 -0.1740
vn -0.4726 0.8639 -0.1740
vn -0.3154 0.9329 -0.1741
vn -0.1486 0.9735 -0.1741
vn 0.0227 0.9845 -0.1741
vn 0.1933 0.9656 -0.1740
vn 0.3581 0.9173 -0.1740
vn 0.5119 0.8412 -0.1740
vn 0.6502 0.7395 -0.1741
vn 0.7688 0.6154 -0.1740
vn 0.8639 0.4726 -0.1740
vn 0.9329 0.3154 -0.1741
vn 0.9735 0.1486 -0.1740
vn -0.0275 0.1805 0.9832
vn 0.1205 0.1371 0.9832
vn -0.0842 -0.0674 0.9942
vn 0.0345 -0.1022 0.9942
vn -0.3404 -0.1862 0.9216
vn 0.1862 -0.3404 0.9216
vn -0.4228 -0.1429 0.8949
vn 0.2789 -0.3484 0.8949
vn -0.5157 -0.0787 0.8532
vn 0.3918 -0.3444 0.8532
vn -0.6196 0.0143 0.7848
vn 0.5294 -0.3222 0.7848
vn -0.7295 0.1461 0.6683
vn 0.6930 -0.2705 0.6682
vn -0.8217 0.3207 0.4712
vn 0.8649 -0.1732 0.4712
vn -0.8412 0.5119 0.1740
vn 0.9845 -0.0227 0.1740
vn -0.7395 0.6502 0.1740
vn -0.6154 0.7688 0.1740
vn -0.4726 0.8639 0.1740
vn -0.3154 0.9329 0.1741
vn -0.1486 0.9735 0.1741
vn 0.0227 0.9845 0.1741
vn 0.1933 0.9656 0.1740
vn 0.3581 0.9173 0.1740
vn 0.5119 0.8412 0.1740
vn 0.6502 0.7395 0.1741
vn 0.7688 0.6154 0.1740
vn 0.8639 0.4726 0.1740
vn 0.9329 0.3153 0.1741
vn 0.9735 0.1486 0.1740
vn -0.0585 0.1730 0.9832
vn 0.1425 0.1141 0.9832
vn -0.0946 -0.0518 0.9942
vn 0.0518 -0.0946 0.9942
vn -0.3676 -0.1243 0.9216
vn 0.2425 -0.3029 0.9216
vn -0.4412 -0.0673 0.8949
vn 0.3352 -0.2947 0.8949
vn -0.5215 0.0120 0.8532
vn 0.4456 -0.2712 0.8532
vn -0.6077 0.1217 0.7848
vn 0.5774 -0.2254 0.7848
vn -0.6930 0.2705 0.6683
vn 0.7295 -0.1461 0.6682
vn -0.7535 0.4585 0.4712
vn 0.8818 -0.0204 0.4712
vn -0.6624 0.5824 0.4712
vn -0.5512 0.6886 0.4712
vn -0.4233 0.7738 0.4712
vn -0.2824 0.8356 0.4712
vn -0.1331 0.8719 0.4712
vn 0.0203 0.8818 0.4712
vn 0.1732 0.8648 0.4712
vn 0.3207 0.8217 0.4712
vn 0.4585 0.7535 0.4712
vn 0.5824 0.6624 0.4712
vn 0.6886 0.5512 0.4712
vn 0.7738 0.4233 0.4712
vn 0.8356 0.2824 0.4712
vn 0.8720 0.1331 0.4711
vn -0.0876 0.1602 0.9832
vn 0.1602 0.0876 0.9832
vn -0.1022 -0.0345 0.9942
vn 0.0674 -0.0842 0.9942
vn -0.3836 -0.0585 0.9216
vn 0.2914 -0.2562 0.9216
vn -0.4462 0.0103 0.8949
vn 0.3812 -0.2320 0.8949
vn -0.5115 0.1024 0.8532
vn 0.4860 -0.1897 0.8532
vn -0.5774 0.2254 0.7848
vn 0.6077 -0.1217 0.7848
vn -0.6355 0.3867 0.6683
vn 0.7438 -0.0172 0.6682
vn -0.5587 0.4912 0.6683
vn -0.4649 0.5808 0.6682
vn -0.3570 0.6527 0.6683
vn -0.2382 0.7047 0.6683
vn -0.1122 0.7354 0.6683
vn 0.0172 0.7437 0.6683
vn 0.1460 0.7294 0.6683
vn 0.2705 0.6930 0.6683
vn 0.3867 0.6355 0.6683
vn 0.4912 0.5587 0.6682
vn 0.5808 0.4649 0.6682
vn 0.6527 0.3570 0.6683
vn 0.7048 0.2382 0.6682
vn 0.7354 0.1122 0.6683
vn -0.1141 0.1425 0.9832
vn 0.1730 0.0585 0.9832
vn -0.1066 -0.0163 0.9942
vn 0.0810 -0.0712 0.9942
vn -0.3879 0.0090 0.9216
vn 0.3315 -0.2017 0.9216
vn -0.4376 0.0876 0.8949
vn 0.4157 -0.1623 0.8949
vn -0.4859 0.1897 0.8532
vn 0.5115 -0.1024 0.8532
vn -0.5295 0.3222 0.7848
vn 0.6196 -0.0143 0.7848
vn -0.4655 0.4092 0.7848
vn -0.3873 0.4839 0.7848
vn -0.2974 0.5438 0.7848
vn -0.1985 0.5872 0.7848
vn -0.0935 0.6127 0.7848
vn 0.0143 0.6196 0.7848
vn 0.1217 0.6077 0.7848
vn 0.2254 0.5774 0.7848
vn 0.3222 0.5295 0.7848
vn 0.4092 0.4655 0.7848
vn 0.4839 0.3873 0.7848
vn 0.5438 0.2974 0.7848
vn 0.5872 0.1985 0.7848
vn 0.6127 0.0935 0.7848
vn -0.1371 0.1206 0.9832
vn 0.1805 0.0275 0.9832
vn -0.1079 0.0025 0.9942
vn 0.0922 -0.0561 0.9942
vn -0.3805 0.0762 0.9216
vn 0.3615 -0.1411 0.9216
vn -0.4157 0.1623 0.8949
vn 0.4376 -0.0876 0.8949
vn -0.4456 0.2712 0.8532
vn 0.5215 -0.0120 0.8532
vn -0.3918 0.3444 0.8532
vn -0.3260 0.4072 0.8532
vn -0.2503 0.4577 0.8532
vn -0.1671 0.4942 0.8532
vn -0.0787 0.5157 0.8532
vn 0.0120 0.5215 0.8532
vn 0.1024 0.5115 0.8532
vn 0.1897 0.4859 0.8532
vn 0.2712 0.4456 0.8532
vn 0.3444 0.3918 0.8532
vn 0.4072 0.3260 0.8532
vn 0.4577 0.2503 0.8532
vn 0.4942 0.1671 0.8532
vn 0.5157 0.0787 0.8532
vn -0.1560 0.0949 0.9832
vn 0.1825 -0.0042 0.9832
vn -0.1058 0.0212 0.9942
vn 0.1005 -0.0392 0.9942
vn -0.3615 0.1411 0.9216
vn 0.3805 -0.0762 0.9216
vn -0.3812 0.2320 0.8949
vn 0.4461 -0.0103 0.8949
vn -0.3352 0.2947 0.8949
vn -0.2789 0.3484 0.8949
vn -0.2142 0.3915 0.8949
vn -0.1429 0.4228 0.8949
vn -0.0673 0.4412 0.8949
vn 0.0103 0.4461 0.8949
vn 0.0876 0.4376 0.8949
vn 0.1623 0.4157 0.8949
vn 0.2320 0.3812 0.8949
vn 0.2947 0.3352 0.8949
vn 0.3484 0.2789 0.8949
vn 0.3915 0.2141 0.8949
vn 0.4228 0.1429 0.8949
vn 0.4412 0.0673 0.8949
vn -0.1701 0.0664 0.9832
vn 0.1790 -0.0358 0.9832
vn -0.1005 0.0392 0.9942
vn 0.1058 -0.0212 0.9942
vn -0.3315 0.2017 0.9216
vn 0.3879 -0.0090 0.9216
vn -0.2914 0.2562 0.9216
vn -0.2425 0.3029 0.9216
vn -0.1862 0.3404 0.9216
vn -0.1243 0.3676 0.9216
vn -0.0585 0.3836 0.9216
vn 0.0090 0.3879 0.9216
vn 0.0762 0.3805 0.9216
vn 0.1411 0.3615 0.9216
vn 0.2017 0.3315 0.9216
vn 0.2562 0.2914 0.9216
vn 0.3029 0.2425 0.9216
vn 0.3404 0.1862 0.9216
vn 0.3676 0.1243 0.9216
vn 0.3836 0.0585 0.9216
vn -0.1790 0.0358 0.9832
vn 0.1701 -0.0664 0.9832
vn -0.0922 0.0561 0.9942
vn 0.1079 -0.0025 0.9942
vn -0.0810 0.0712 0.9942
vn -0.0674 0.0842 0.9942
vn -0.0518 0.0946 0.9942
vn -0.0345 0.1022 0.9942
vn -0.0163 0.1066 0.9942
vn 0.0025 0.1079 0.9942
vn 0.0212 0.1058 0.9942
vn 0.0392 0.1005 0.9942
vn 0.0561 0.0922 0.9942
vn 0.0712 0.0810 0.9942
vn 0.0842 0.0674 0.9942
vn 0.0946 0.0518 0.9942
vn 0.1022 0.0345 0.9942
vn 0.1066 0.0163 0.9942
vn -0.1825 0.0042 0.9832
vn 0.1560 -0.0949 0.9832
vn 0.1371 -0.1206 0.9832
vn 0.1141 -0.1425 0.9832
vn 0.0876 -0.1602 0.9832
vn 0.0585 -0.1730 0.9832
vn 0.0275 -0.1805 0.9832
vn -0.0042 -0.1825 0.9832
vn -0.0358 -0.1790 0.9832
vn -0.0664 -0.1701 0.9832
vn -0.0949 -0.1560 0.9832
vn -0.1206 -0.1371 0.9832
vn -0.1425 -0.1141 0.9832
vn -0.1602 -0.0876 0.9832
vn -0.1730 -0.0585 0.9832
vn -0.1805 -0.0275 0.9832
vn 0.2254 -0.5774 -0.7848
vn 0.2705 -0.6930 -0.6682
vn 0.1217 -0.6077 -0.7848
vn 0.1461 -0.7295 -0.6683
vn 0.1732 -0.8649 -0.4712
vn 0.3207 -0.8217 -0.4711
vn 0.3222 -0.5295 -0.7848
vn 0.3867 -0.6355 -0.6682
vn 0.1897 -0.4859 -0.8532
vn 0.1024 -0.5115 -0.8532
vn 0.0143 -0.6196 -0.7848
vn 0.0172 -0.7438 -0.6682
vn 0.1933 -0.9656 -0.1740
vn 0.3581 -0.9173 -0.1740
vn 0.4585 -0.7535 -0.4712
vn 0.0204 -0.8818 -0.4712
vn 0.4092 -0.4655 -0.7848
vn 0.4912 -0.5587 -0.6682
vn 0.2712 -0.4456 -0.8532
vn 0.1623 -0.4157 -0.8949
vn 0.0876 -0.4376 -0.8949
vn 0.0120 -0.5215 -0.8532
vn -0.0935 -0.6127 -0.7848
vn -0.1122 -0.7354 -0.6682
vn 0.1933 -0.9656 0.1740
vn 0.3581 -0.9173 0.1740
vn 0.5119 -0.8412 -0.1740
vn 0.0227 -0.9845 -0.1741
vn 0.5824 -0.6624 -0.4712
vn -0.1331 -0.8719 -0.4712
vn 0.4839 -0.3873 -0.7848
vn 0.5808 -0.4649 -0.6682
vn 0.3444 -0.3918 -0.8532
vn 0.2320 -0.3812 -0.8949
vn 0.1411 -0.3615 -0.9216
vn 0.0762 -0.3805 -0.9216
vn 0.0103 -0.4461 -0.8949
vn -0.0787 -0.5157 -0.8532
vn -0.1985 -0.5872 -0.7848
vn -0.2382 -0.7048 -0.6682
vn 0.1732 -0.8649 0.4712
vn 0.3207 -0.8217 0.4712
vn 0.5119 -0.8412 0.1740
vn 0.0227 -0.9845 0.1741
vn 0.6502 -0.7395 -0.1741
vn -0.1486 -0.9735 -0.1740
vn 0.6886 -0.5512 -0.4712
vn -0.2824 -0.8356 -0.4712
vn 0.5438 -0.2974 -0.7848
vn 0.6527 -0.3570 -0.6683
vn 0.4072 -0.3260 -0.8532
vn 0.2947 -0.3351 -0.8949
vn 0.2017 -0.3315 -0.9216
vn 0.0704 -0.1803 -0.9811
vn 0.0380 -0.1898 -0.9811
vn 0.0090 -0.3879 -0.9216
vn -0.0673 -0.4412 -0.8949
vn -0.1671 -0.4942 -0.8532
vn -0.2974 -0.5438 -0.7848
vn -0.3570 -0.6527 -0.6683
vn 0.1460 -0.7294 0.6683
vn 0.2705 -0.6930 0.6682
vn 0.4585 -0.7535 0.4712
vn 0.0204 -0.8818 0.4712
vn 0.6502 -0.7395 0.1740
vn -0.1486 -0.9735 0.1740
vn 0.7688 -0.6154 -0.1741
vn -0.3153 -0.9329 -0.1741
vn 0.7738 -0.4233 -0.4712
vn -0.4233 -0.7738 -0.4712
vn 0.5871 -0.1985 -0.7848
vn 0.7048 -0.2382 -0.6682
vn 0.4577 -0.2503 -0.8532
vn 0.3484 -0.2789 -0.8949
vn 0.2562 -0.2914 -0.9216
vn 0.1006 -0.1654 -0.9811
vn -0.0045 0.1936 -0.9811
vn 0.0292 0.1914 -0.9811
vn -0.0380 0.1898 -0.9811
vn 0.0620 0.1834 -0.9811
vn -0.0704 0.1803 -0.9811
vn 0.0929 0.1699 -0.9811
vn -0.1006 0.1654 -0.9811
vn 0.1210 0.1511 -0.9811
vn -0.1278 0.1454 -0.9811
vn 0.1454 0.1278 -0.9811
vn -0.1511 0.1210 -0.9811
vn 0.1654 0.1006 -0.9811
vn -0.1699 0.0929 -0.9811
vn 0.1803 0.0704 -0.9811
vn -0.1834 0.0620 -0.9811
vn 0.1898 0.0380 -0.9811
vn -0.1914 0.0292 -0.9811
vn 0.1936 0.0045 -0.9811
vn -0.1936 -0.0045 -0.9811
vn 0.1914 -0.0292 -0.9811
vn -0.1898 -0.0380 -0.9811
vn 0.1834 -0.0620 -0.9811
vn -0.1803 -0.0704 -0.9811
vn 0.1699 -0.0929 -0.9811
vn -0.1654 -0.1006 -0.9811
vn 0.1511 -0.1210 -0.9811
vn -0.1454 -0.1278 -0.9811
vn 0.1278 -0.1454 -0.9811
vn -0.1210 -0.1511 -0.9811
vn -0.0929 -0.1699 -0.9811
vn -0.0620 -0.1834 -0.9811
vn -0.0292 -0.1914 -0.9811
vn 0.0045 -0.1935 -0.9811
vn -0.0585 -0.3836 -0.9216
vn -0.1429 -0.4228 -0.8949
vn -0.2503 -0.4577 -0.8532
vn -0.3873 -0.4839 -0.7848
vn -0.4649 -0.5808 -0.6683
vn 0.2254 -0.5774 0.7848
vn 0.1217 -0.6077 0.7848
vn 0.3867 -0.6355 0.6683
vn 0.0172 -0.7438 0.6682
vn 0.5824 -0.6624 0.4712
vn -0.1331 -0.8719 0.4712
vn 0.7688 -0.6154 0.1740
vn -0.3154 -0.9329 0.1741
vn 0.8639 -0.4726 -0.1740
vn -0.4726 -0.8640 -0.1740
vn 0.8356 -0.2825 -0.4712
vn -0.5512 -0.6886 -0.4712
vn 0.6127 -0.0935 -0.7848
vn 0.7354 -0.1122 -0.6683
vn 0.4942 -0.1670 -0.8532
vn 0.3915 -0.2142 -0.8949
vn 0.3029 -0.2425 -0.9216
vn 0.3805 0.0762 -0.9216
vn 0.3879 0.0090 -0.9216
vn 0.3615 0.1411 -0.9216
vn 0.3315 0.2017 -0.9216
vn 0.2914 0.2562 -0.9216
vn 0.2425 0.3029 -0.9216
vn 0.1862 0.3404 -0.9216
vn 0.1243 0.3676 -0.9216
vn 0.0585 0.3836 -0.9216
vn -0.0090 0.3879 -0.9216
vn -0.0762 0.3805 -0.9216
vn -0.1411 0.3615 -0.9216
vn -0.2017 0.3315 -0.9216
vn -0.2562 0.2914 -0.9216
vn -0.3029 0.2425 -0.9216
vn -0.3404 0.1862 -0.9216
vn -0.3676 0.1243 -0.9216
vn -0.3836 0.0585 -0.9216
vn -0.3880 -0.0090 -0.9216
vn -0.3805 -0.0762 -0.9216
vn -0.3615 -0.1411 -0.9216
vn -0.3315 -0.2017 -0.9216
vn -0.2914 -0.2562 -0.9216
vn -0.2425 -0.3029 -0.9216
vn -0.1862 -0.3404 -0.9216
vn -0.1243 -0.3676 -0.9216
vn 0.3404 -0.1862 -0.9216
vn 0.3676 -0.1243 -0.9216
vn 0.3836 -0.0585 -0.9216
vn -0.2141 -0.3915 -0.8949
vn -0.3260 -0.4072 -0.8532
vn -0.4655 -0.4092 -0.7848
vn -0.5587 -0.4912 -0.6682
vn 0.1897 -0.4859 0.8532
vn 0.1024 -0.5115 0.8532
vn 0.3222 -0.5295 0.7848
vn 0.0143 -0.6196 0.7848
vn 0.4912 -0.5587 0.6683
vn -0.1122 -0.7354 0.6683
vn 0.6886 -0.5512 0.4712
vn -0.2825 -0.8356 0.4712
vn 0.8639 -0.4726 0.1740
vn -0.4726 -0.8640 0.1740
vn 0.9329 -0.3154 -0.1740
vn -0.6154 -0.7688 -0.1740
vn 0.8720 -0.1331 -0.4711
vn -0.6624 -0.5824 -0.4712
vn 0.6196 0.0143 -0.7848
vn 0.7438 0.0172 -0.6682
vn 0.5157 -0.0787 -0.8532
vn 0.4228 -0.1429 -0.8949
vn 0.4376 0.0876 -0.8949
vn 0.4461 0.0103 -0.8949
vn 0.4157 0.1623 -0.8949
vn 0.3812 0.2320 -0.8949
vn 0.3352 0.2947 -0.8949
vn 0.2789 0.3484 -0.8949
vn 0.2142 0.3915 -0.8949
vn 0.1429 0.4228 -0.8949
vn 0.0673 0.4412 -0.8949
vn -0.0103 0.4461 -0.8949
vn -0.0876 0.4376 -0.8949
vn -0.1623 0.4157 -0.8949
vn -0.2320 0.3812 -0.8949
vn -0.2947 0.3351 -0.8949
vn -0.3484 0.2789 -0.8949
vn -0.3915 0.2142 -0.8949
vn -0.4228 0.1429 -0.8949
vn -0.4412 0.0673 -0.8949
vn -0.4462 -0.0103 -0.8949
vn -0.4376 -0.0876 -0.8949
vn -0.4157 -0.1623 -0.8949
vn -0.3812 -0.2320 -0.8949
vn -0.3352 -0.2947 -0.8949
vn -0.2789 -0.3484 -0.8949
vn 0.4412 -0.0673 -0.8949
vn -0.3918 -0.3444 -0.8532
vn -0.5295 -0.3222 -0.7847
vn -0.6355 -0.3867 -0.6682
vn 0.1623 -0.4157 0.8949
vn 0.0876 -0.4376 0.8949
vn 0.2712 -0.4456 0.8532
vn 0.0120 -0.5215 0.8532
vn 0.4092 -0.4655 0.7848
vn -0.0935 -0.6127 0.7848
vn 0.5808 -0.4649 0.6682
vn -0.2382 -0.7048 0.6682
vn 0.7738 -0.4233 0.4712
vn -0.4233 -0.7738 0.4712
vn 0.9329 -0.3153 0.1740
vn -0.6154 -0.7688 0.1740
vn 0.9735 -0.1486 -0.1740
vn -0.7395 -0.6502 -0.1741
vn 0.8818 0.0204 -0.4712
vn -0.7535 -0.4585 -0.4712
vn 0.7295 0.1461 -0.6683
vn 0.6077 0.1217 -0.7848
vn 0.5215 0.0120 -0.8532
vn 0.5115 0.1024 -0.8532
vn 0.4859 0.1897 -0.8532
vn 0.4456 0.2712 -0.8532
vn 0.3918 0.3444 -0.8532
vn 0.3260 0.4072 -0.8532
vn 0.2503 0.4576 -0.8532
vn 0.1671 0.4942 -0.8532
vn 0.0787 0.5157 -0.8532
vn -0.0120 0.5215 -0.8532
vn -0.1024 0.5115 -0.8532
vn -0.1897 0.4859 -0.8532
vn -0.2712 0.4456 -0.8532
vn -0.3444 0.3918 -0.8532
vn -0.4072 0.3260 -0.8532
vn -0.4576 0.2503 -0.8532
vn -0.4941 0.1670 -0.8532
vn -0.5157 0.0787 -0.8532
vn -0.5215 -0.0120 -0.8532
vn -0.5115 -0.1024 -0.8532
vn -0.4859 -0.1897 -0.8532
vn -0.4456 -0.2712 -0.8532
vn -0.5774 -0.2254 -0.7848
vn -0.6930 -0.2705 -0.6682
vn 0.1411 -0.3615 0.9216
vn 0.0762 -0.3805 0.9216
vn 0.2320 -0.3812 0.8949
vn 0.0103 -0.4461 0.8949
vn 0.3444 -0.3918 0.8532
vn -0.0787 -0.5157 0.8532
vn 0.4839 -0.3873 0.7848
vn -0.1985 -0.5872 0.7848
vn 0.6527 -0.3570 0.6683
vn -0.3570 -0.6527 0.6683
vn 0.8356 -0.2825 0.4712
vn -0.5512 -0.6886 0.4712
vn 0.9735 -0.1486 0.1740
vn -0.7395 -0.6502 0.1740
vn 0.9845 0.0227 -0.1740
vn -0.8412 -0.5119 -0.1740
vn 0.8648 0.1732 -0.4712
vn -0.8217 -0.3207 -0.4712
vn 0.6930 0.2705 -0.6682
vn 0.5773 0.2254 -0.7848
vn 0.5294 0.3222 -0.7848
vn 0.4655 0.4092 -0.7848
vn 0.3873 0.4839 -0.7848
vn 0.2974 0.5438 -0.7848
vn 0.1985 0.5872 -0.7848
vn 0.0935 0.6127 -0.7848
vn -0.0143 0.6196 -0.7848
vn -0.1217 0.6077 -0.7848
vn -0.2254 0.5774 -0.7848
vn -0.3222 0.5294 -0.7848
vn -0.4092 0.4655 -0.7848
vn -0.4839 0.3873 -0.7848
vn -0.5438 0.2974 -0.7848
vn -0.5872 0.1985 -0.7848
vn -0.6127 0.0935 -0.7848
vn -0.6196 -0.0143 -0.7848
vn -0.6077 -0.1217 -0.7848
vn -0.7294 -0.1461 -0.6683
vn 0.0392 -0.1005 0.9942
vn 0.0212 -0.1058 0.9942
vn 0.2017 -0.3315 0.9216
vn 0.0090 -0.3879 0.9216
vn 0.2947 -0.3351 0.8949
vn -0.0673 -0.4412 0.8949
vn 0.4072 -0.3260 0.8532
vn -0.1671 -0.4942 0.8532
vn 0.5438 -0.2974 0.7847
vn -0.2974 -0.5438 0.7848
vn 0.7048 -0.2382 0.6683
vn -0.4649 -0.5807 0.6683
vn 0.8720 -0.1331 0.4711
vn -0.6624 -0.5824 0.4712
vn 0.9845 0.0227 0.1740
vn -0.8412 -0.5119 0.1740
vn 0.9656 0.1933 -0.1741
vn -0.9173 -0.3581 -0.1740
vn 0.8217 0.3207 -0.4712
vn -0.8649 -0.1732 -0.4712
vn 0.6355 0.3867 -0.6683
vn 0.5587 0.4912 -0.6683
vn 0.4649 0.5808 -0.6682
vn 0.3570 0.6527 -0.6682
vn 0.2382 0.7048 -0.6683
vn 0.1122 0.7354 -0.6682
vn -0.0172 0.7437 -0.6682
vn -0.1461 0.7294 -0.6683
vn -0.2705 0.6930 -0.6683
vn -0.3867 0.6355 -0.6683
vn -0.4912 0.5587 -0.6683
vn -0.5808 0.4649 -0.6683
vn -0.6527 0.3570 -0.6683
vn -0.7048 0.2383 -0.6682
vn -0.7354 0.1122 -0.6683
vn -0.7437 -0.0172 -0.6683
vn -0.0664 0.1701 0.9832
vn -0.0358 0.1790 0.9832
vn 0.0561 -0.0921 0.9942
vn 0.0025 -0.1078 0.9942
vn 0.2562 -0.2914 0.9216
vn -0.0585 -0.3836 0.9216
vn 0.3484 -0.2789 0.8949
vn -0.1429 -0.4228 0.8949
vn 0.4577 -0.2503 0.8532
vn -0.2503 -0.4577 0.8532
vn 0.5871 -0.1985 0.7848
vn -0.3873 -0.4839 0.7848
vn 0.7354 -0.1122 0.6683
vn -0.5587 -0.4912 0.6682
vn 0.8818 0.0204 0.4712
vn -0.7535 -0.4585 0.4712
vn 0.9656 0.1933 0.1741
vn -0.9173 -0.3581 0.1740
vn 0.9173 0.3581 -0.1741
vn -0.9656 -0.1933 -0.1740
vn 0.7535 0.4585 -0.4712
vn -0.8818 -0.0204 -0.4712
vn 0.6624 0.5824 -0.4712
vn 0.5512 0.6886 -0.4712
vn 0.4233 0.7738 -0.4712
vn 0.2825 0.8356 -0.4712
vn 0.1331 0.8719 -0.4712
vn -0.0203 0.8818 -0.4712
vn -0.1732 0.8649 -0.4712
vn -0.3207 0.8217 -0.4712
vn -0.4585 0.7535 -0.4712
vn -0.5824 0.6624 -0.4712
vn -0.6886 0.5512 -0.4712
vn -0.7738 0.4233 -0.4712
vn -0.8355 0.2825 -0.4712
vn -0.8720 0.1331 -0.4711
vn -0.0042 0.1825 0.9832
vn -0.0949 0.1560 0.9832
vn 0.0712 -0.0810 0.9942
vn -0.0163 -0.1066 0.9942
vn 0.3029 -0.2425 0.9216
vn -0.1243 -0.3676 0.9216
vn 0.3915 -0.2142 0.8949
vn -0.2142 -0.3915 0.8949
vn 0.4942 -0.1670 0.8532
vn -0.3260 -0.4073 0.8532
vn 0.6127 -0.0935 0.7848
vn -0.4655 -0.4092 0.7848
vn 0.7438 0.0172 0.6682
vn -0.6355 -0.3868 0.6682
vn 0.8648 0.1732 0.4712
vn -0.8216 -0.3207 0.4712
vn 0.9173 0.3581 0.1740
vn -0.9656 -0.1933 0.1740
vn 0.8412 0.5119 -0.1740
vn -0.9845 -0.0227 -0.1740
vn 0.7395 0.6502 -0.1740
vn 0.6154 0.7688 -0.1740
vn 0.4726 0.8639 -0.1740
vn 0.3154 0.9329 -0.1741
vn 0.1486 0.9735 -0.1741
vn -0.0227 0.9845 -0.1741
vn -0.1933 0.9656 -0.1740
vn -0.3581 0.9173 -0.1740
vn -0.5119 0.8412 -0.1740
vn -0.6502 0.7395 -0.1740
vn -0.7688 0.6154 -0.1740
vn -0.8640 0.4726 -0.1740
vn -0.9329 0.3154 -0.1741
vn -0.9735 0.1486 -0.1740
vn 0.0275 0.1805 0.9832
vn -0.1206 0.1371 0.9832
vn 0.0842 -0.0674 0.9942
vn -0.0345 -0.1022 0.9942
vn 0.3404 -0.1862 0.9216
vn -0.1862 -0.3404 0.9216
vn 0.4228 -0.1429 0.8949
vn -0.2789 -0.3484 0.8949
vn 0.5157 -0.0787 0.8532
vn -0.3918 -0.3444 0.8532
vn 0.6196 0.0143 0.7848
vn -0.5295 -0.3222 0.7847
vn 0.7295 0.1461 0.6683
vn -0.6930 -0.2705 0.6683
vn 0.8217 0.3207 0.4712
vn -0.8649 -0.1732 0.4712
vn 0.8412 0.5119 0.1740
vn -0.9845 -0.0227 0.1740
vn 0.7396 0.6502 0.1740
vn 0.6154 0.7688 0.1740
vn 0.4726 0.8639 0.1740
vn 0.3154 0.9329 0.1741
vn 0.1486 0.9735 0.1741
vn -0.0227 0.9845 0.1741
vn -0.1933 0.9656 0.1740
vn -0.3581 0.9173 0.1740
vn -0.5119 0.8412 0.1740
vn -0.6502 0.7395 0.1740
vn -0.7688 0.6154 0.1740
vn -0.8640 0.4726 0.1740
vn -0.9329 0.3153 0.1741
vn -0.9735 0.1486 0.1740
vn 0.0585 0.1730 0.9832
vn -0.1425 0.1141 0.9832
vn 0.0946 -0.0518 0.9942
vn -0.0518 -0.0946 0.9942
vn 0.3676 -0.1243 0.9216
vn -0.2425 -0.3029 0.9216
vn 0.4412 -0.0673 0.8949
vn -0.3352 -0.2947 0.8949
vn 0.5215 0.0120 0.8532
vn -0.4456 -0.2712 0.8532
vn 0.6077 0.1217 0.7848
vn -0.5774 -0.2254 0.7848
vn 0.6930 0.2705 0.6683
vn -0.7294 -0.1461 0.6683
vn 0.7535 0.4585 0.4712
vn -0.8818 -0.0204 0.4711
vn 0.6624 0.5824 0.4711
vn 0.5512 0.6886 0.4712
vn 0.4233 0.7738 0.4712
vn 0.2825 0.8356 0.4712
vn 0.1331 0.8719 0.4712
vn -0.0203 0.8818 0.4712
vn -0.1732 0.8649 0.4712
vn -0.3207 0.8217 0.4712
vn -0.4585 0.7535 0.4712
vn -0.5824 0.6624 0.4712
vn -0.6886 0.5512 0.4712
vn -0.7738 0.4233 0.4712
vn -0.8356 0.2825 0.4712
vn -0.8720 0.1331 0.4711
vn 0.0876 0.1602 0.9832
vn -0.1602 0.0876 0.9832
vn 0.1022 -0.0345 0.9942
vn -0.0674 -0.0842 0.9942
vn 0.3836 -0.0585 0.9216
vn -0.2914 -0.2562 0.9216
vn 0.4461 0.0103 0.8949
vn -0.3812 -0.2320 0.8949
vn 0.5115 0.1024 0.8532
vn -0.4860 -0.1897 0.8532
vn 0.5774 0.2254 0.7848
vn -0.6077 -0.1217 0.7848
vn 0.6355 0.3867 0.6683
vn -0.7437 -0.0172 0.6683
vn 0.5587 0.4912 0.6683
vn 0.4649 0.5808 0.6682
vn 0.3570 0.6527 0.6682
vn 0.2382 0.7047 0.6683
vn 0.1122 0.7354 0.6682
vn -0.0172 0.7437 0.6683
vn -0.1460 0.7294 0.6683
vn -0.2705 0.6930 0.6683
vn -0.3867 0.6355 0.6683
vn -0.4912 0.5587 0.6683
vn -0.5808 0.4649 0.6683
vn -0.6527 0.3570 0.6683
vn -0.7048 0.2383 0.6682
vn -0.7354 0.1122 0.6683
vn 0.1141 0.1425 0.9832
vn -0.1730 0.0585 0.9832
vn 0.1066 -0.0163 0.9942
vn -0.0810 -0.0712 0.9942
vn 0.3879 0.0090 0.9216
vn -0.3315 -0.2017 0.9216
vn 0.4376 0.0876 0.8949
vn -0.4157 -0.1623 0.8949
vn 0.4860 0.1897 0.8532
vn -0.5115 -0.1024 0.8532
vn 0.5294 0.3222 0.7848
vn -0.6196 -0.0143 0.7848
vn 0.4655 0.4092 0.7848
vn 0.3873 0.4839 0.7848
vn 0.2974 0.5438 0.7848
vn 0.1985 0.5872 0.7848
vn 0.0935 0.6127 0.7848
vn -0.0143 0.6196 0.7848
vn -0.1217 0.6077 0.7848
vn -0.2254 0.5774 0.7848
vn -0.3222 0.5294 0.7848
vn -0.4092 0.4655 0.7848
vn -0.4839 0.3873 0.7848
vn -0.5438 0.2974 0.7848
vn -0.5872 0.1985 0.7847
vn -0.6127 0.0935 0.7848
vn 0.1371 0.1206 0.9832
vn -0.1805 0.0275 0.9832
vn 0.1079 0.0025 0.9942
vn -0.0922 -0.0561 0.9942
vn 0.3805 0.0762 0.9216
vn -0.3615 -0.1411 0.9216
vn 0.4157 0.1623 0.8949
vn -0.4376 -0.0876 0.8949
vn 0.4456 0.2712 0.8532
vn -0.5215 -0.0120 0.8532
vn 0.3918 0.3444 0.8532
vn 0.3260 0.4072 0.8532
vn 0.2503 0.4577 0.8532
vn 0.1671 0.4942 0.8532
vn 0.0787 0.5157 0.8532
vn -0.0120 0.5215 0.8532
vn -0.1024 0.5115 0.8532
vn -0.1897 0.4859 0.8532
vn -0.2712 0.4456 0.8532
vn -0.3444 0.3918 0.8532
vn -0.4072 0.3260 0.8532
vn -0.4577 0.2503 0.8532
vn -0.4942 0.1670 0.8532
vn -0.5157 0.0787 0.8532
vn 0.1560 0.0949 0.9832
vn -0.1825 -0.0042 0.9832
vn 0.1058 0.0212 0.9942
vn -0.1005 -0.0392 0.9942
vn 0.3615 0.1411 0.9216
vn -0.3805 -0.0762 0.9216
vn 0.3812 0.2320 0.8949
vn -0.4462 -0.0103 0.8949
vn 0.3352 0.2947 0.8949
vn 0.2789 0.3484 0.8949
vn 0.2142 0.3915 0.8949
vn 0.1429 0.4228 0.8949
vn 0.0673 0.4412 0.8949
vn -0.0103 0.4461 0.8949
vn -0.0876 0.4376 0.8949
vn -0.1623 0.4157 0.8949
vn -0.2320 0.3812 0.8949
vn -0.2947 0.3351 0.8949
vn -0.3484 0.2789 0.8949
vn -0.3915 0.2142 0.8949
vn -0.4228 0.1429 0.8949
vn -0.4412 0.0673 0.8949
vn 0.1701 0.0664 0.9832
vn -0.1790 -0.0358 0.9832
vn 0.1005 0.0392 0.9942
vn -0.1058 -0.0212 0.9942
vn 0.3315 0.2017 0.9216
vn -0.3879 -0.0090 0.9216
vn 0.2914 0.2562 0.9216
vn 0.2425 0.3029 0.9216
vn 0.1862 0.3404 0.9216
vn 0.1243 0.3676 0.9216
vn 0.0585 0.3836 0.9216
vn -0.0090 0.3879 0.9216
vn -0.0762 0.3805 0.9216
vn -0.1411 0.3615 0.9216
vn -0.2017 0.3315 0.9216
vn -0.2562 0.2914 0.9216
vn -0.3029 0.2425 0.9216
vn -0.3404 0.1862 0.9216
vn -0.3676 0.1243 0.9216
vn -0.3836 0.0585 0.9216
vn 0.1790 0.0358 0.9832
vn -0.1701 -0.0664 0.9832
vn 0.0921 0.0561 0.9942
vn -0.1079 -0.0025 0.9942
vn 0.0810 0.0712 0.9942
vn 0.0674 0.0842 0.9942
vn 0.0518 0.0946 0.9942
vn 0.0345 0.1022 0.9942
vn 0.0163 0.1066 0.9942
vn -0.0025 0.1079 0.9942
vn -0.0212 0.1058 0.9942
vn -0.0392 0.1005 0.9942
vn -0.0561 0.0921 0.9942
vn -0.0712 0.0810 0.9942
vn -0.0842 0.0674 0.9942
vn -0.0946 0.0518 0.9942
vn -0.1022 0.0345 0.9942
vn -0.1067 0.0163 0.9942
vn 0.1825 0.0042 0.9832
vn -0.1560 -0.0949 0.9832
vn -0.1371 -0.1206 0.9832
vn -0.1141 -0.1425 0.9832
vn -0.0876 -0.1602 0.9832
vn -0.0585 -0.1730 0.9832
vn -0.0275 -0.1805 0.9832
vn 0.0042 -0.1825 0.9832
vn 0.0358 -0.1790 0.9832
vn 0.0664 -0.1701 0.9832
vn 0.0949 -0.1560 0.9832
vn 0.1205 -0.1371 0.9832
vn 0.1425 -0.1141 0.9832
vn 0.1602 -0.0876 0.9832
vn 0.1730 -0.0585 0.9832
vn 0.1805 -0.0275 0.9832
vn 0.0040 -0.9992 -0.0403
vn -0.0075 -0.9999 0.0082
vn -0.0081 -0.9991 -0.0424
vn -0.0202 -0.9990 -0.0406
vn -0.0097 -0.9945 -0.1041
vn 0.0156 -0.9993 -0.0346
vn -0.0315 -0.9989 -0.0354
vn 0.0158 -0.9950 -0.0985
vn 0.0259 -0.9993 -0.0260
vn -0.0414 -0.9988 -0.0272
vn -0.0593 -0.9944 -0.0879
vn -0.0344 -0.9944 -0.1004
vn 0.0325 -0.9817 -0.1876
vn 0.0415 -0.9955 -0.0849
vn 0.0346 -0.9993 -0.0153
vn -0.0495 -0.9986 -0.0167
vn -0.0812 -0.9943 -0.0690
vn -0.0536 -0.9806 -0.1886
vn 0.0777 -0.9839 -0.1611
vn -0.0110 -0.9804 -0.1969
vn 0.0652 -0.9957 -0.0652
vn 0.0404 -0.9992 -0.0038
vn -0.0548 -0.9985 -0.0048
vn -0.0974 -0.9817 -0.1639
vn 0.0576 -0.9448 -0.3226
vn -0.0133 -0.9406 -0.3391
vn 0.1230 -0.9849 -0.1219
vn 0.0861 -0.9955 -0.0406
vn 0.0995 -0.9949 -0.0160
vn 0.0423 -0.9991 0.0087
vn -0.0565 -0.9984 0.0082
vn -0.1126 -0.9935 -0.0184
vn -0.1002 -0.9940 -0.0443
vn -0.1372 -0.9822 -0.1279
vn -0.1537 -0.9466 -0.2832
vn -0.0829 -0.9418 -0.3259
vn 0.1331 -0.9513 -0.2782
vn 0.1040 -0.9945 0.0098
vn 0.0405 -0.9990 0.0214
vn -0.0546 -0.9983 0.0211
vn -0.1166 -0.9931 0.0088
vn -0.0156 -0.8413 -0.5403
vn 0.0949 -0.8497 -0.5186
vn 0.2112 -0.9547 -0.2096
vn 0.1616 -0.9839 -0.0766
vn 0.1864 -0.9819 -0.0320
vn 0.1950 -0.9807 0.0111
vn 0.0351 -0.9988 0.0329
vn -0.0493 -0.9982 0.0333
vn -0.1119 -0.9931 0.0361
vn -0.2044 -0.9788 0.0097
vn -0.1967 -0.9798 -0.0362
vn -0.1734 -0.9814 -0.0818
vn -0.2230 -0.9501 -0.2181
vn -0.1227 -0.8464 -0.5182
vn 0.2184 -0.8649 -0.4519
vn 0.2745 -0.9524 -0.1323
vn 0.1848 -0.9813 0.0546
vn 0.0994 -0.9944 0.0364
vn 0.0265 -0.9987 0.0434
vn -0.0413 -0.9982 0.0438
vn -0.0992 -0.9931 0.0628
vn -0.1955 -0.9790 0.0570
vn -0.2365 -0.8594 -0.4533
vn 0.1411 -0.6552 -0.7421
vn 0.3208 -0.6798 -0.6595
vn -0.1688 -0.6543 -0.7372
vn 0.3424 -0.8744 -0.3439
vn 0.4446 -0.8697 -0.2142
vn 0.3165 -0.9470 -0.0551
vn 0.3309 -0.9436 0.0137
vn 0.3147 -0.9457 0.0815
vn 0.0866 -0.9944 0.0605
vn 0.0659 -0.9942 0.0844
vn 0.0162 -0.9985 0.0518
vn -0.0311 -0.9981 0.0523
vn -0.0806 -0.9930 0.0869
vn -0.1710 -0.9799 0.1025
vn -0.3190 -0.9440 0.0839
vn -0.3354 -0.9420 0.0124
vn -0.3226 -0.9444 -0.0631
vn -0.2848 -0.9486 -0.1384
vn -0.3493 -0.8687 -0.3512
vn -0.3333 -0.6781 -0.6551
vn -0.0162 -0.6452 -0.7638
vn 0.2676 -0.9508 0.1560
vn 0.0047 -0.9983 0.0573
vn -0.0198 -0.9981 0.0575
vn 0.1765 -0.3960 -0.9011
vn 0.5023 -0.6995 -0.5084
vn -0.2015 -0.3999 -0.8941
vn 0.5043 -0.8585 -0.0931
vn 0.4947 -0.8606 0.1213
vn 0.1587 -0.9823 0.0993
vn 0.4248 -0.8745 0.2342
vn 0.1211 -0.9825 0.1418
vn 0.0418 -0.9936 0.1047
vn 0.0170 -0.9929 0.1181
vn -0.0075 -0.9982 0.0593
vn -0.0331 -0.9924 0.1184
vn -0.0580 -0.9927 0.1058
vn -0.1339 -0.9801 0.1467
vn -0.2744 -0.9483 0.1594
vn -0.5171 -0.8558 0.0132
vn -0.5013 -0.8594 -0.1009
vn -0.4450 -0.8675 -0.2223
vn -0.5007 -0.6991 -0.5105
vn 0.3988 -0.4198 -0.8153
vn -0.0152 -0.3884 -0.9213
vn -0.4077 -0.4249 -0.8082
vn 0.6410 -0.6999 -0.3151
vn 0.7114 -0.6893 -0.1373
vn 0.5197 -0.8542 0.0157
vn 0.2008 -0.9526 0.2286
vn -0.0081 -0.9924 0.1229
vn -0.0923 -0.9786 0.1842
vn -0.4252 -0.8722 0.2417
vn -0.4920 -0.8617 0.1243
vn -0.6213 -0.4519 -0.6402
vn 0.4324 -0.1831 -0.8829
vn -0.0134 -0.1663 -0.9860
vn 0.6279 -0.4454 -0.6382
vn -0.4401 -0.1929 -0.8770
vn -0.2135 -0.1745 -0.9612
vn 0.7945 -0.4567 -0.4003
vn 0.6954 -0.6992 0.1662
vn 0.3129 -0.8818 0.3529
vn 0.0746 -0.9807 0.1807
vn 0.0319 -0.9780 0.2062
vn -0.0090 -0.9764 0.2157
vn -0.1389 -0.9443 0.2983
vn -0.2102 -0.9490 0.2349
vn -0.3199 -0.8768 0.3591
vn -0.7203 -0.6935 0.0133
vn -0.6880 -0.7053 0.1710
vn -0.7030 -0.6963 -0.1447
vn -0.6321 -0.7032 -0.3254
vn -0.7832 -0.4657 -0.4119
vn 0.6831 -0.2065 -0.7006
vn 0.1917 -0.1686 -0.9669
vn 0.8726 -0.4565 -0.1740
vn 0.7278 -0.6856 0.0161
vn 0.6077 -0.7216 0.3315
vn 0.4517 -0.7332 0.5083
vn 0.1868 -0.8706 0.4551
vn -0.0511 -0.9768 0.2080
vn -0.0743 -0.9380 0.3385
vn -0.5999 -0.7245 0.3395
vn -0.6762 -0.2169 -0.7041
vn 0.4380 -0.0360 -0.8983
vn -0.2150 -0.0323 -0.9761
vn 0.1953 -0.0282 -0.9803
vn -0.4446 -0.0428 -0.8947
vn 0.8669 -0.2258 -0.4445
vn 0.8884 -0.4587 0.0160
vn 0.8571 -0.4737 0.2024
vn 0.1232 -0.9485 0.2919
vn 0.0505 -0.9409 0.3349
vn -0.0112 -0.9359 0.3520
vn -0.1005 -0.8507 0.5159
vn -0.2025 -0.8672 0.4549
vn -0.4507 -0.7308 0.5126
vn -0.8495 -0.4846 0.2087
vn -0.8823 -0.4704 0.0137
vn -0.8573 -0.2359 -0.4577
vn 0.6936 -0.0513 -0.7185
vn -0.0120 -0.0279 -0.9995
vn 0.9520 -0.2358 -0.1954
vn 0.9699 -0.2430 0.0153
vn 0.7599 -0.4978 0.4180
vn 0.2613 -0.7175 0.6457
vn -0.7495 -0.5054 0.4275
vn -0.8648 -0.4673 -0.1836
vn -0.9470 -0.2460 -0.2064
vn -0.6883 -0.0586 -0.7230
vn 0.6916 0.0286 -0.7217
vn 0.8853 -0.0672 -0.4600
vn 0.1948 0.0407 -0.9800
vn -0.2136 0.0397 -0.9761
vn -0.0114 0.0418 -0.9991
vn 0.9756 -0.0785 -0.2049
vn 0.9415 -0.2536 0.2221
vn 0.5696 -0.5100 0.6446
vn 0.1061 -0.6898 0.7162
vn 0.0770 -0.8516 0.5185
vn -0.0123 -0.8428 0.5380
vn -0.2784 -0.7133 0.6432
vn -0.5633 -0.5134 0.6474
vn -0.9370 -0.2628 0.2301
vn -0.9674 -0.2528 0.0133
vn -0.9727 -0.0844 -0.2161
vn -0.8771 -0.0738 -0.4746
vn 0.8852 0.0205 -0.4648
vn 0.4356 0.0362 -0.8994
vn -0.4418 0.0349 -0.8965
vn -0.6860 0.0273 -0.7271
vn 0.9963 -0.0854 0.0138
vn 0.8425 -0.2681 0.4672
vn 0.3261 -0.4939 0.8060
vn 0.1288 -0.4675 0.8745
vn -0.1279 -0.6866 0.7157
vn -0.3379 -0.4942 0.8010
vn -0.8332 -0.2763 0.4790
vn -0.9958 -0.0906 0.0123
vn 0.6887 0.0625 -0.7223
vn 0.4333 0.0631 -0.8990
vn -0.0112 0.0711 -0.9974
vn 0.1924 0.0675 -0.9790
vn -0.2118 0.0709 -0.9747
vn 0.9779 0.0156 -0.2085
vn 0.8691 -0.0948 0.4854
vn 0.6335 -0.2756 0.7230
vn -0.0142 -0.4560 0.8899
vn -0.0135 -0.6755 0.7372
vn -0.6268 -0.2812 0.7266
vn -0.8614 -0.0997 0.4980
vn -0.9998 0.0144 0.0113
vn -0.9754 0.0162 -0.2197
vn -0.8776 0.0202 -0.4789
vn 0.8825 0.0663 -0.4656
vn -0.4388 0.0689 -0.8959
vn 0.9998 0.0139 0.0127
vn 0.9691 -0.0902 0.2295
vn 0.3607 -0.2661 0.8939
vn 0.1400 -0.2510 0.9578
vn -0.1512 -0.4666 0.8715
vn -0.3689 -0.2696 0.8895
vn -0.6469 -0.1014 0.7558
vn -0.9665 -0.0952 0.2384
vn -0.9706 0.0143 0.2403
vn -0.8746 0.0725 -0.4795
vn 0.4299 0.0761 -0.8997
vn 0.8809 0.0962 -0.4634
vn 0.9753 0.0717 -0.2091
vn -0.2098 0.0867 -0.9739
vn -0.0117 0.0852 -0.9963
vn -0.6822 0.0692 -0.7279
vn 0.9970 0.0763 0.0125
vn 0.9728 0.0140 0.2313
vn 0.6532 -0.0970 0.7510
vn -0.0135 -0.2448 0.9695
vn -0.1623 -0.2530 0.9538
vn -0.3788 -0.0977 0.9203
vn -0.6484 0.0155 0.7612
vn -0.8646 0.0151 0.5022
vn -0.9966 0.0818 0.0108
vn 0.6869 0.0808 -0.7222
vn 0.9716 0.1127 -0.2079
vn 0.1896 0.0804 -0.9786
vn -0.4357 0.0876 -0.8958
vn 0.9696 0.0799 0.2312
vn 0.8719 0.0150 0.4895
vn 0.3712 -0.0943 0.9237
vn 0.1431 -0.0903 0.9856
vn -0.0127 -0.0893 0.9959
vn -0.1639 -0.0921 0.9822
vn -0.9671 0.0853 0.2399
vn -0.9724 0.0773 -0.2203
vn -0.8714 0.1094 -0.4783
vn 0.6847 0.1097 -0.7205
vn 0.9660 0.1576 -0.2049
vn 0.1870 0.0975 -0.9775
vn -0.0132 0.1036 -0.9945
vn -0.6797 0.0951 -0.7273
vn -0.2075 0.1076 -0.9723
vn 0.9645 0.1299 0.2299
vn 0.6544 0.0156 0.7560
vn -0.1633 0.0138 0.9865
vn -0.3788 0.0148 0.9254
vn -0.6445 0.0897 0.7593
vn -0.8607 0.0885 0.5014
vn -0.9610 0.1403 0.2385
vn -0.9678 0.1239 -0.2193
vn 0.4253 0.0964 -0.8999
vn 0.8777 0.1342 -0.4600
vn 0.9847 0.1736 0.0121
vn 0.9922 0.1237 0.0123
vn -0.4319 0.1130 -0.8948
vn 0.8685 0.0830 0.4887
vn 0.3717 0.0148 0.9282
vn 0.1433 0.0137 0.9896
vn -0.3763 0.0869 0.9224
vn -0.8548 0.1451 0.4984
vn -0.9910 0.1338 0.0106
vn -0.8667 0.1517 -0.4751
vn 0.4196 0.1439 -0.8963
vn 0.8683 0.1960 -0.4557
vn 0.9540 0.2226 -0.2009
vn 0.9703 0.2414 0.0123
vn 0.1813 0.1401 -0.9734
vn -0.2041 0.1513 -0.9672
vn -0.6762 0.1284 -0.7255
vn 0.9566 0.1827 0.2268
vn 0.8637 0.1342 0.4858
vn 0.6512 0.0846 0.7542
vn -0.0122 0.0133 0.9998
vn -0.1622 0.0831 0.9833
vn -0.3731 0.1421 0.9168
vn -0.6393 0.1463 0.7549
vn -0.9516 0.1974 0.2357
vn -0.9606 0.1732 -0.2173
vn -0.9821 0.1880 0.0103
vn 0.6784 0.1657 -0.7158
vn 0.9411 0.2549 0.2223
vn -0.0145 0.1453 -0.9893
vn -0.4257 0.1636 -0.8899
vn 0.3695 0.0829 0.9255
vn 0.1424 0.0809 0.9865
vn -0.0122 0.0809 0.9966
vn -0.1610 0.1366 0.9775
vn -0.6318 0.2067 0.7470
vn -0.8454 0.2048 0.4934
vn -0.9464 0.2422 -0.2137
vn -0.8555 0.2173 -0.4700
vn 0.4069 0.2348 -0.8828
vn 0.8440 0.2980 -0.4459
vn 0.9265 0.3213 -0.1960
vn 0.9105 0.3532 0.2152
vn -0.0158 0.2199 -0.9754
vn -0.1986 0.2305 -0.9526
vn -0.6677 0.1877 -0.7204
vn -0.4136 0.2528 -0.8747
vn 0.8562 0.1891 0.4807
vn 0.6472 0.1362 0.7500
vn -0.1593 0.1913 0.9685
vn -0.3686 0.1998 0.9079
vn -0.8279 0.2832 0.4841
vn -0.9657 0.2594 0.0099
vn 0.1734 0.2199 -0.9600
vn 0.6601 0.2652 -0.7028
vn 0.9413 0.3373 0.0117
vn 0.8405 0.2667 0.4716
vn 0.3664 0.1343 0.9207
vn 0.1409 0.1322 0.9812
vn -0.0126 0.1330 0.9910
vn -0.3605 0.2745 0.8914
vn -0.9341 0.2723 0.2309
vn -0.9343 0.3564 0.0087
vn -0.8290 0.3190 -0.4594
vn -0.6473 0.2862 -0.7064
vn 0.3833 0.3681 -0.8471
vn 0.7940 0.4340 -0.4256
vn 0.8736 0.4482 -0.1896
vn 0.8882 0.4594 0.0093
vn 0.8095 0.3707 0.4553
vn -0.1900 0.3474 -0.9183
vn 0.1629 0.3400 -0.9262
vn -0.3908 0.3792 -0.8387
vn 0.6274 0.2714 0.7298
vn 0.6405 0.1927 0.7434
vn 0.3621 0.1898 0.9126
vn -0.0133 0.1865 0.9824
vn -0.1573 0.2606 0.9525
vn -0.6182 0.2852 0.7324
vn -0.7951 0.3876 0.4664
vn -0.9165 0.3412 -0.2089
vn 0.6193 0.4062 -0.6719
vn 0.8549 0.4774 0.2030
vn -0.0174 0.3339 -0.9425
vn -0.6073 0.4197 -0.6745
vn 0.1384 0.1859 0.9728
vn -0.3468 0.3717 0.8611
vn -0.5927 0.3896 0.7049
vn -0.9009 0.3722 0.2233
vn -0.8615 0.4659 -0.2020
vn 0.1471 0.4879 -0.8604
vn 0.5523 0.5636 -0.6143
vn 0.7096 0.5854 -0.3922
vn 0.8037 0.5950 0.0056
vn 0.7540 0.4994 0.4268
vn 0.6027 0.3777 0.7029
vn -0.3550 0.5246 -0.7738
vn -0.1747 0.4890 -0.8546
vn -0.0179 0.4756 -0.8795
vn -0.5447 0.5674 -0.6175
vn -0.0141 0.2529 0.9674
vn -0.1548 0.3498 0.9239
vn -0.5512 0.5128 0.6582
vn -0.7395 0.5121 0.4369
vn -0.8786 0.4776 0.0064
vn -0.7774 0.4505 -0.4391
vn 0.3453 0.5233 -0.7790
vn 0.7878 0.5895 -0.1785
vn 0.7693 0.6115 0.1849
vn 0.6718 0.6330 0.3846
vn 0.3552 0.2637 0.8968
vn 0.1349 0.2543 0.9577
vn -0.3275 0.4870 0.8097
vn -0.8434 0.4943 0.2105
vn -0.7929 0.6093 0.0022
vn -0.7751 0.6027 -0.1896
vn -0.0168 0.6223 -0.7826
vn 0.1279 0.6374 -0.7599
vn 0.2944 0.6725 -0.6790
vn 0.5990 0.7217 -0.3469
vn 0.6733 0.7212 -0.1630
vn 0.6914 0.7225 0.0009
vn 0.5593 0.5063 0.6564
vn 0.3431 0.3638 0.8660
vn -0.1553 0.6359 -0.7560
vn -0.3057 0.6689 -0.6776
vn -0.6949 0.5940 -0.4054
vn -0.0144 0.3394 0.9405
vn -0.1479 0.4586 0.8762
vn -0.3006 0.6105 0.7327
vn -0.4932 0.6382 0.5912
vn -0.6596 0.6401 0.3940
vn -0.7579 0.6237 0.1911
vn 0.4663 0.7070 -0.5317
vn 0.6595 0.7343 0.1606
vn 0.5717 0.7501 0.3325
vn 0.4996 0.6363 0.5878
vn 0.1302 0.3453 0.9294
vn -0.4646 0.7034 -0.5380
vn -0.5903 0.7229 -0.3591
vn -0.0142 0.4479 0.8940
vn -0.1367 0.5783 0.8042
vn -0.6827 0.7307 -0.0027
vn -0.6641 0.7273 -0.1732
vn -0.0146 0.7520 -0.6590
vn 0.1073 0.7639 -0.6363
vn 0.2420 0.7915 -0.5612
vn 0.4814 0.8256 -0.2945
vn 0.5457 0.8254 -0.1447
vn 0.5646 0.8253 -0.0049
vn 0.3232 0.4855 0.8123
vn 0.1232 0.4578 0.8805
vn -0.2547 0.7834 -0.5670
vn -0.1259 0.6936 0.7093
vn -0.2676 0.7247 0.6350
vn -0.4225 0.7496 0.5095
vn -0.5631 0.7528 0.3409
vn -0.6499 0.7416 0.1659
vn -0.1330 0.7593 -0.6371
vn 0.3739 0.8157 -0.4415
vn 0.5381 0.8324 0.1326
vn 0.4255 0.7525 0.5027
vn 0.2915 0.6130 0.7344
vn -0.3770 0.8097 -0.4497
vn -0.5411 0.8267 -0.1541
vn -0.0146 0.5652 0.8248
vn -0.5593 0.8290 -0.0072
vn -0.5327 0.8351 0.1369
vn -0.1053 0.8543 -0.5091
vn -0.0124 0.8499 -0.5269
vn 0.0871 0.8580 -0.5062
vn 0.2909 0.8879 -0.3564
vn 0.3724 0.8959 -0.2424
vn 0.4236 0.8971 -0.1253
vn 0.4189 0.9021 0.1039
vn 0.4645 0.8417 0.2754
vn 0.3493 0.8396 0.4160
vn 0.2534 0.7293 0.6355
vn 0.1172 0.5810 0.8054
vn -0.4784 0.8231 -0.3061
vn -0.2973 0.8826 -0.3641
vn -0.1118 0.7955 0.5955
vn -0.0135 0.6826 0.7306
vn -0.3504 0.8349 0.4244
vn -0.4618 0.8406 0.2830
vn 0.1932 0.8735 -0.4469
vn 0.4395 0.8982 -0.0105
vn 0.3634 0.9057 0.2185
vn -0.2064 0.8678 -0.4521
vn -0.3721 0.8932 -0.2525
vn -0.4366 0.8996 -0.0124
vn -0.4211 0.8973 -0.1324
vn -0.2329 0.8165 0.5283
vn -0.0110 0.7878 0.6158
vn -0.4169 0.9027 0.1064
vn -0.3636 0.9043 0.2236
vn -0.0810 0.9206 -0.3820
vn -0.0086 0.9185 -0.3952
vn 0.0667 0.9227 -0.3796
vn 0.2141 0.9386 -0.2705
vn 0.1433 0.9306 -0.3368
vn 0.3075 0.9459 -0.1037
vn 0.3201 0.9473 -0.0149
vn 0.3066 0.9489 0.0741
vn 0.2214 0.8202 0.5275
vn 0.1115 0.6980 0.7074
vn -0.2749 0.9408 -0.1983
vn -0.1532 0.9274 -0.3413
vn -0.0951 0.8760 0.4728
vn -0.2826 0.8987 0.3355
vn 0.2706 0.9436 -0.1908
vn 0.2685 0.9498 0.1608
vn 0.2790 0.9027 0.3275
vn -0.3090 0.9448 -0.1091
vn -0.2218 0.9348 -0.2775
vn -0.3073 0.9487 0.0749
vn -0.3206 0.9471 -0.0169
vn -0.1908 0.8877 0.4191
vn -0.0093 0.8709 0.4913
vn 0.0989 0.7973 0.5954
vn -0.2704 0.9488 0.1636
vn -0.2144 0.9459 0.2437
vn -0.0568 0.9633 -0.2624
vn 0.0457 0.9644 -0.2604
vn 0.0967 0.9678 -0.2323
vn 0.1783 0.9741 -0.1392
vn 0.2017 0.9762 -0.0801
vn 0.2015 0.9785 0.0434
vn 0.1829 0.8926 0.4121
vn -0.1040 0.9661 -0.2364
vn -0.2043 0.9753 -0.0835
vn -0.1472 0.9699 -0.1940
vn -0.1449 0.9397 0.3099
vn -0.0779 0.9339 0.3491
vn -0.0050 0.9627 -0.2705
vn 0.1431 0.9713 -0.1901
vn 0.2097 0.9776 -0.0190
vn 0.1785 0.9786 0.1020
vn 0.2120 0.9471 0.2410
vn 0.0836 0.8790 0.4694
vn -0.2117 0.9771 -0.0203
vn -0.1821 0.9729 -0.1421
vn -0.1805 0.9782 0.1027
vn -0.2035 0.9781 0.0428
vn -0.0061 0.9322 0.3619
vn -0.1452 0.9771 0.1554
vn -0.1003 0.9750 0.1985
vn -0.0291 0.9892 -0.1440
vn -0.0032 0.9890 -0.1481
vn 0.0236 0.9894 -0.1430
vn 0.0489 0.9903 -0.1297
vn 0.0898 0.9924 -0.0842
vn 0.1009 0.9934 -0.0538
vn 0.1046 0.9943 -0.0215
vn 0.1010 0.9948 0.0115
vn 0.1410 0.9413 0.3068
vn -0.1077 0.9939 -0.0223
vn -0.1043 0.9930 -0.0552
vn -0.0768 0.9907 -0.1122
vn -0.0937 0.9919 -0.0858
vn -0.0033 0.9728 0.2317
vn -0.0553 0.9898 -0.1312
vn 0.0723 0.9914 -0.1094
vn 0.0904 0.9950 0.0418
vn 0.1427 0.9780 0.1524
vn 0.0957 0.9759 0.1960
vn 0.0699 0.9356 0.3461
vn -0.1035 0.9946 0.0105
vn -0.0749 0.9949 0.0673
vn -0.0922 0.9949 0.0410
vn -0.0547 0.9732 0.2235
vn -0.0527 0.9946 0.0890
vn -0.0018 0.9997 -0.0223
vn -0.0290 0.9944 0.1019
vn 0.0494 0.9737 0.2224
vn 0.0731 0.9950 0.0684
vn -0.0022 0.9944 0.1057
vn 0.0508 0.9947 0.0889
vn 0.0256 0.9945 0.1012
vn -0.0146 -0.0956 -0.9953
vn 0.0190 -0.0948 -0.9953
vn 0.0022 -0.0967 -0.9953
vn -0.0310 -0.0916 -0.9953
vn 0.0352 -0.0901 -0.9953
vn -0.0464 -0.0849 -0.9953
vn 0.0503 -0.0826 -0.9953
vn -0.0604 -0.0755 -0.9953
vn 0.0639 -0.0726 -0.9953
vn -0.0726 -0.0639 -0.9953
vn 0.0755 -0.0604 -0.9953
vn -0.0826 -0.0503 -0.9953
vn 0.0849 -0.0464 -0.9953
vn -0.0901 -0.0352 -0.9953
vn 0.0916 -0.0310 -0.9953
vn -0.0948 -0.0190 -0.9953
vn 0.0956 -0.0146 -0.9953
vn -0.0967 -0.0022 -0.9953
vn 0.0967 0.0022 -0.9953
vn -0.0956 0.0146 -0.9953
vn 0.0948 0.0190 -0.9953
vn -0.0916 0.0310 -0.9953
vn 0.0901 0.0352 -0.9953
vn -0.0849 0.0464 -0.9953
vn 0.0826 0.0503 -0.9953
vn -0.0755 0.0604 -0.9953
vn 0.0726 0.0639 -0.9953
vn -0.0639 0.0726 -0.9953
vn 0.0604 0.0755 -0.9953
vn -0.0503 0.0826 -0.9953
vn 0.0464 0.0849 -0.9953
vn -0.0352 0.0901 -0.9953
vn 0.0310 0.0916 -0.9953
vn -0.0190 0.0948 -0.9953
vn 0.0146 0.0956 -0.9953
vn -0.0022 0.0967 -0.9953
vn -0.2705 0.6930 0.6682
vn -0.1461 0.7295 0.6683
vn -0.3207 0.8217 0.4711
vn -0.3867 0.6355 0.6682
vn -0.0172 0.7438 0.6682
vn -0.0204 0.8818 0.4712
vn -0.4912 0.5587 0.6682
vn -0.5808 0.4649 0.6682
vn 0.2382 0.7048 0.6682
vn -0.6502 0.7395 0.1741
vn 0.1486 0.9735 0.1740
vn 0.2824 0.8356 0.4712
vn -0.0380 0.1898 0.9811
vn -0.0704 0.1803 0.9811
vn 0.3570 0.6527 0.6683
vn -0.2705 0.6930 -0.6682
vn -0.1460 0.7294 -0.6683
vn -0.0204 0.8818 -0.4712
vn -0.6502 0.7395 -0.1741
vn 0.1486 0.9735 -0.1740
vn -0.7688 0.6154 0.1741
vn 0.3153 0.9329 0.1741
vn -0.7048 0.2382 0.6682
vn -0.5871 0.1985 0.7848
vn -0.1006 0.1654 0.9811
vn 0.0292 0.1914 0.9811
vn -0.0045 0.1935 0.9811
vn 0.0620 0.1834 0.9811
vn 0.0929 0.1699 0.9811
vn 0.1210 0.1511 0.9811
vn -0.1278 0.1454 0.9811
vn 0.1454 0.1278 0.9811
vn -0.1511 0.1210 0.9811
vn 0.1654 0.1006 0.9811
vn -0.1699 0.0929 0.9811
vn 0.1803 0.0704 0.9811
vn -0.1834 0.0620 0.9811
vn 0.1898 0.0380 0.9811
vn -0.1914 0.0292 0.9811
vn 0.1936 0.0045 0.9811
vn -0.1936 -0.0045 0.9811
vn 0.1914 -0.0292 0.9811
vn -0.1898 -0.0380 0.9811
vn 0.1834 -0.0620 0.9811
vn -0.1803 -0.0704 0.9811
vn 0.1699 -0.0929 0.9811
vn -0.1654 -0.1006 0.9811
vn 0.1511 -0.1210 0.9811
vn -0.1454 -0.1278 0.9811
vn 0.1278 -0.1454 0.9811
vn -0.1210 -0.1511 0.9811
vn 0.1006 -0.1654 0.9811
vn -0.0929 -0.1699 0.9811
vn 0.0704 -0.1803 0.9811
vn -0.0620 -0.1834 0.9811
vn 0.0380 -0.1898 0.9811
vn -0.0292 -0.1914 0.9811
vn 0.0045 -0.1936 0.9811
vn 0.4649 0.5808 0.6683
vn -0.0172 0.7438 -0.6682
vn -0.8639 0.4726 0.1740
vn 0.4726 0.8640 0.1740
vn 0.3880 0.0090 0.9216
vn 0.2141 0.3915 0.8949
vn 0.5587 0.4912 0.6682
vn -0.3222 0.5295 -0.7848
vn 0.1122 0.7354 -0.6683
vn -0.8639 0.4726 -0.1740
vn 0.4726 0.8640 -0.1740
vn -0.9329 0.3154 0.1740
vn 0.6624 0.5824 0.4712
vn -0.7438 -0.0172 0.6682
vn -0.4461 -0.0103 0.8949
vn 0.3915 -0.2141 0.8949
vn 0.4462 0.0103 0.8949
vn 0.6355 0.3867 0.6682
vn 0.5295 0.3222 0.7847
vn -0.5808 0.4649 -0.6682
vn 0.2382 0.7048 -0.6682
vn -0.9329 0.3153 -0.1740
vn 0.7395 0.6502 0.1741
vn -0.8818 -0.0204 0.4712
vn -0.7295 -0.1461 0.6683
vn -0.4859 -0.1897 0.8532
vn -0.3260 -0.4072 0.8532
vn -0.2503 -0.4576 0.8532
vn 0.4576 -0.2503 0.8532
vn 0.4941 -0.1670 0.8532
vn 0.4859 0.1897 0.8532
vn 0.6930 0.2705 0.6682
vn 0.3570 0.6527 -0.6683
vn -0.8356 0.2825 -0.4712
vn -0.8648 -0.1732 0.4712
vn -0.5773 -0.2254 0.7848
vn -0.6930 -0.2705 0.6682
vn -0.5294 -0.3222 0.7848
vn 0.3222 -0.5294 0.7848
vn 0.5438 -0.2974 0.7848
vn 0.5872 -0.1985 0.7848
vn 0.7294 0.1461 0.6683
vn -0.0212 0.1058 -0.9942
vn -0.0392 0.1005 -0.9942
vn -0.5438 0.2974 -0.7847
vn -0.7048 0.2382 -0.6683
vn 0.4649 0.5807 -0.6683
vn -0.9656 -0.1933 0.1741
vn -0.8217 -0.3207 0.4712
vn 0.8649 0.1732 0.4712
vn -0.6355 -0.3867 0.6683
vn -0.5587 -0.4912 0.6683
vn -0.4649 -0.5808 0.6682
vn -0.3570 -0.6527 0.6682
vn -0.2382 -0.7048 0.6683
vn -0.1122 -0.7354 0.6682
vn 0.0172 -0.7437 0.6682
vn 0.1461 -0.7294 0.6683
vn 0.2705 -0.6930 0.6683
vn 0.5808 -0.4649 0.6683
vn 0.7048 -0.2383 0.6682
vn 0.7437 0.0172 0.6683
vn -0.0561 0.0921 -0.9942
vn -0.0025 0.1078 -0.9942
vn -0.4577 0.2503 -0.8532
vn 0.2503 0.4577 -0.8532
vn -0.5871 0.1985 -0.7848
vn 0.5587 0.4912 -0.6682
vn -0.9656 -0.1933 -0.1741
vn 0.9173 0.3581 -0.1740
vn -0.9173 -0.3581 0.1741
vn 0.9656 0.1933 0.1740
vn 0.0203 -0.8818 0.4712
vn 0.8355 -0.2825 0.4712
vn -0.0712 0.0810 -0.9942
vn 0.0163 0.1066 -0.9942
vn 0.2141 0.3915 -0.8949
vn -0.4942 0.1670 -0.8532
vn 0.3260 0.4073 -0.8532
vn -0.7437 -0.0172 -0.6682
vn 0.6355 0.3868 -0.6682
vn -0.8648 -0.1732 -0.4712
vn 0.8216 0.3207 -0.4712
vn 0.9656 0.1933 -0.1740
vn -0.4726 -0.8639 0.1740
vn -0.1486 -0.9735 0.1741
vn 0.8640 -0.4726 0.1740
vn 0.9329 -0.3154 0.1741
vn -0.0842 0.0674 -0.9942
vn 0.0345 0.1022 -0.9942
vn 0.5295 0.3222 -0.7847
vn -0.7295 -0.1461 -0.6683
vn 0.6930 0.2705 -0.6683
vn 0.8649 0.1732 -0.4712
vn -0.7396 -0.6502 -0.1740
vn -0.4726 -0.8639 -0.1740
vn -0.3154 -0.9329 -0.1741
vn -0.1486 -0.9735 -0.1741
vn 0.6502 -0.7395 -0.1740
vn 0.7688 -0.6154 -0.1740
vn 0.8640 -0.4726 -0.1740
vn 0.9329 -0.3153 -0.1741
vn -0.0946 0.0518 -0.9942
vn 0.0518 0.0946 -0.9942
vn 0.5774 0.2254 -0.7848
vn -0.6930 -0.2705 -0.6683
vn 0.7294 0.1461 -0.6683
vn 0.8818 0.0204 -0.4711
vn -0.6624 -0.5824 -0.4711
vn -0.2825 -0.8356 -0.4712
vn 0.0203 -0.8818 -0.4712
vn 0.3207 -0.8217 -0.4712
vn -0.1022 0.0345 -0.9942
vn 0.0674 0.0842 -0.9942
vn -0.4461 -0.0103 -0.8949
vn 0.4860 0.1897 -0.8532
vn -0.6355 -0.3867 -0.6683
vn 0.7437 0.0172 -0.6683
vn -0.5587 -0.4912 -0.6683
vn -0.4649 -0.5808 -0.6682
vn -0.2382 -0.7047 -0.6683
vn 0.0172 -0.7437 -0.6683
vn 0.1460 -0.7294 -0.6683
vn 0.2705 -0.6930 -0.6683
vn 0.3867 -0.6355 -0.6683
vn 0.4912 -0.5587 -0.6683
vn 0.5808 -0.4649 -0.6683
vn 0.7048 -0.2383 -0.6682
vn -0.1066 0.0163 -0.9942
vn 0.0810 0.0712 -0.9942
vn -0.3879 -0.0090 -0.9216
vn -0.4860 -0.1897 -0.8532
vn -0.5294 -0.3222 -0.7848
vn 0.3222 -0.5294 -0.7848
vn 0.5872 -0.1985 -0.7847
vn -0.1079 -0.0025 -0.9942
vn 0.0922 0.0561 -0.9942
vn -0.1058 -0.0212 -0.9942
vn 0.1005 0.0392 -0.9942
vn 0.4462 0.0103 -0.8949
vn -0.2142 -0.3915 -0.8949
vn -0.1005 -0.0392 -0.9942
vn 0.1058 0.0212 -0.9942
vn -0.0921 -0.0561 -0.9942
vn 0.1079 0.0025 -0.9942
vn -0.0810 -0.0712 -0.9942
vn -0.0674 -0.0842 -0.9942
vn -0.0518 -0.0946 -0.9942
vn -0.0345 -0.1022 -0.9942
vn -0.0163 -0.1066 -0.9942
vn 0.0025 -0.1079 -0.9942
vn 0.0212 -0.1058 -0.9942
vn 0.0392 -0.1005 -0.9942
vn 0.0561 -0.0921 -0.9942
vn 0.0712 -0.0810 -0.9942
vn 0.0842 -0.0674 -0.9942
vn 0.0946 -0.0518 -0.9942
vn 0.1022 -0.0345 -0.9942
vn 0.1067 -0.0163 -0.9942
vn 0.0022 0.0967 -0.9953
vn 0.0190 0.0948 -0.9953
vn -0.0146 0.0956 -0.9953
vn -0.0310 0.0916 -0.9953
vn 0.0352 0.0901 -0.9953
vn -0.0464 0.0849 -0.9953
vn 0.0503 0.0826 -0.9953
vn -0.0604 0.0755 -0.9953
vn 0.0639 0.0726 -0.9953
vn -0.0726 0.0639 -0.9953
vn 0.0755 0.0604 -0.9953
vn -0.0826 0.0503 -0.9953
vn 0.0849 0.0464 -0.9953
vn -0.0901 0.0352 -0.9953
vn 0.0916 0.0310 -0.9953
vn -0.0948 0.0190 -0.9953
vn 0.0956 0.0146 -0.9953
vn -0.0967 0.0022 -0.9953
vn 0.0967 -0.0022 -0.9953
vn -0.0956 -0.0146 -0.9953
vn 0.0948 -0.0190 -0.9953
vn -0.0916 -0.0310 -0.9953
vn 0.0901 -0.0352 -0.9953
vn -0.0849 -0.0464 -0.9953
vn 0.0826 -0.0503 -0.9953
vn -0.0755 -0.0604 -0.9953
vn 0.0726 -0.0639 -0.9953
vn -0.0639 -0.0726 -0.9953
vn 0.0604 -0.0755 -0.9953
vn -0.0503 -0.0826 -0.9953
vn 0.0464 -0.0849 -0.9953
vn -0.0352 -0.0901 -0.9953
vn 0.0310 -0.0916 -0.9953
vn -0.0190 -0.0948 -0.9953
vn 0.0146 -0.0956 -0.9953
vn -0.0022 -0.0967 -0.9953
vn 0.2705 0.6930 0.6682
vn 0.1461 0.7295 0.6683
vn 0.1732 0.8649 0.4712
vn 0.3207 0.8217 0.4711
vn 0.0172 0.7438 0.6682
vn 0.0204 0.8818 0.4712
vn -0.1122 0.7354 0.6682
vn -0.2382 0.7048 0.6682
vn 0.1732 0.8649 -0.4712
vn 0.3207 0.8217 -0.4711
vn -0.1486 0.9735 0.1740
vn -0.2825 0.8356 0.4712
vn 0.6527 0.3570 0.6682
vn 0.2947 0.3351 0.8949
vn 0.0704 0.1803 0.9811
vn 0.0380 0.1898 0.9811
vn -0.1670 0.4942 0.8532
vn 0.1461 0.7294 -0.6683
vn 0.2705 0.6930 -0.6682
vn 0.0204 0.8818 -0.4712
vn -0.1486 0.9735 -0.1740
vn 0.7688 0.6154 0.1741
vn -0.3153 0.9329 0.1741
vn 0.5871 0.1985 0.7848
vn 0.7047 0.2382 0.6683
vn 0.4576 0.2503 0.8532
vn 0.1006 0.1654 0.9811
vn -0.0045 -0.1936 0.9811
vn 0.0292 -0.1914 0.9811
vn -0.0380 -0.1898 0.9811
vn 0.0620 -0.1834 0.9811
vn -0.0704 -0.1803 0.9811
vn 0.0929 -0.1699 0.9811
vn -0.1006 -0.1654 0.9811
vn 0.1210 -0.1511 0.9811
vn -0.1278 -0.1454 0.9811
vn 0.1454 -0.1278 0.9811
vn -0.1511 -0.1210 0.9811
vn 0.1654 -0.1006 0.9811
vn -0.1699 -0.0929 0.9811
vn 0.1803 -0.0704 0.9811
vn -0.1834 -0.0620 0.9811
vn 0.1898 -0.0380 0.9811
vn -0.1914 -0.0292 0.9811
vn 0.1935 -0.0045 0.9811
vn -0.1935 0.0045 0.9811
vn 0.1914 0.0292 0.9811
vn -0.1898 0.0380 0.9811
vn 0.1834 0.0620 0.9811
vn -0.1803 0.0704 0.9811
vn 0.1699 0.0929 0.9811
vn -0.1654 0.1006 0.9811
vn 0.1511 0.1210 0.9811
vn -0.1454 0.1278 0.9811
vn 0.1278 0.1454 0.9811
vn -0.1210 0.1511 0.9811
vn -0.0929 0.1699 0.9811
vn -0.0620 0.1834 0.9811
vn -0.0292 0.1914 0.9811
vn 0.0045 0.1935 0.9811
vn -0.4649 0.5808 0.6683
vn 0.0172 0.7438 -0.6682
vn 0.8639 0.4726 0.1741
vn 0.8356 0.2825 0.4712
vn 0.4942 0.1670 0.8532
vn 0.3915 0.2142 0.8949
vn -0.3405 -0.1862 0.9216
vn -0.1122 0.7354 -0.6683
vn -0.2825 0.8356 -0.4712
vn 0.8639 0.4726 -0.1741
vn 0.9329 0.3154 0.1740
vn 0.8719 0.1331 0.4712
vn 0.7437 -0.0172 0.6683
vn -0.2947 -0.3352 0.8949
vn -0.3915 -0.2141 0.8949
vn -0.4461 0.0103 0.8949
vn -0.3917 0.3444 0.8532
vn -0.5294 0.3222 0.7848
vn -0.6355 0.3867 0.6682
vn 0.4093 0.4655 -0.7848
vn 0.9329 0.3154 -0.1740
vn -0.7396 0.6502 0.1740
vn -0.7535 0.4585 0.4711
vn 0.4859 -0.1897 0.8532
vn 0.2503 -0.4576 0.8532
vn -0.4942 -0.1670 0.8532
vn -0.6930 0.2705 0.6682
vn 0.6527 0.3570 -0.6682
vn -0.7396 0.6502 -0.1740
vn 0.8648 -0.1732 0.4712
vn 0.5295 -0.3222 0.7848
vn -0.4092 -0.4655 0.7848
vn -0.7295 0.1461 0.6682
vn 0.0392 0.1005 -0.9942
vn 0.0212 0.1058 -0.9942
vn 0.2947 0.3351 -0.8949
vn 0.7047 0.2382 -0.6683
vn -0.4649 0.5808 -0.6683
vn 0.8719 0.1331 -0.4712
vn 0.9656 -0.1933 0.1741
vn -0.9173 0.3581 0.1741
vn 0.5587 -0.4912 0.6682
vn 0.4649 -0.5808 0.6682
vn -0.0172 -0.7437 0.6682
vn -0.1460 -0.7294 0.6683
vn -0.2705 -0.6930 0.6683
vn -0.6527 -0.3570 0.6683
vn -0.7048 -0.2382 0.6682
vn -0.7438 0.0172 0.6682
vn 0.0561 0.0922 -0.9942
vn 0.0025 0.1078 -0.9942
vn -0.2503 0.4577 -0.8532
vn -0.5587 0.4912 -0.6683
vn 0.8818 -0.0204 -0.4712
vn -0.7535 0.4585 -0.4711
vn 0.7535 -0.4585 0.4712
vn -0.8818 0.0204 0.4711
vn 0.2824 -0.8356 0.4712
vn -0.0203 -0.8818 0.4712
vn -0.1732 -0.8648 0.4712
vn -0.3207 -0.8217 0.4712
vn -0.8720 -0.1331 0.4711
vn 0.0712 0.0810 -0.9942
vn -0.0163 0.1066 -0.9942
vn 0.3915 0.2142 -0.8949
vn 0.4942 0.1671 -0.8532
vn 0.7437 -0.0172 -0.6683
vn 0.9173 -0.3581 -0.1740
vn -0.9656 0.1933 -0.1740
vn 0.7395 -0.6502 0.1741
vn 0.1486 -0.9735 0.1741
vn -0.8639 -0.4726 0.1740
vn -0.9329 -0.3154 0.1741
vn 0.0842 0.0674 -0.9942
vn -0.0345 0.1022 -0.9942
vn 0.3404 0.1862 -0.9216
vn -0.5294 0.3222 -0.7848
vn 0.7295 -0.1461 -0.6683
vn -0.8649 0.1732 -0.4712
vn 0.7395 -0.6502 -0.1740
vn 0.3154 -0.9329 -0.1741
vn 0.1486 -0.9735 -0.1741
vn -0.7688 -0.6154 -0.1740
vn -0.8639 -0.4726 -0.1740
vn -0.9329 -0.3153 -0.1741
vn 0.0946 0.0518 -0.9942
vn -0.0518 0.0946 -0.9942
vn 0.6930 -0.2705 -0.6683
vn 0.7535 -0.4585 -0.4712
vn 0.2824 -0.8356 -0.4712
vn -0.0203 -0.8818 -0.4712
vn -0.1732 -0.8648 -0.4712
vn -0.3207 -0.8217 -0.4712
vn -0.8356 -0.2824 -0.4712
vn -0.8720 -0.1331 -0.4711
vn 0.1022 0.0345 -0.9942
vn -0.0674 0.0842 -0.9942
vn -0.4860 0.1897 -0.8532
vn 0.6355 -0.3867 -0.6683
vn -0.7438 0.0172 -0.6682
vn 0.4649 -0.5808 -0.6682
vn 0.2382 -0.7047 -0.6683
vn 0.1122 -0.7354 -0.6683
vn -0.0172 -0.7437 -0.6683
vn -0.1460 -0.7294 -0.6683
vn -0.2705 -0.6930 -0.6683
vn -0.6527 -0.3570 -0.6683
vn -0.7048 -0.2382 -0.6682
vn 0.1066 0.0163 -0.9942
vn -0.0810 0.0712 -0.9942
vn 0.5295 -0.3222 -0.7848
vn -0.5872 -0.1985 -0.7848
vn 0.1079 -0.0025 -0.9942
vn -0.0922 0.0561 -0.9942
vn 0.3918 -0.3444 -0.8532
vn 0.1671 -0.4942 -0.8532
vn -0.4577 -0.2503 -0.8532
vn -0.4942 -0.1671 -0.8532
vn 0.1058 -0.0212 -0.9942
vn -0.1005 0.0392 -0.9942
vn -0.2947 -0.3352 -0.8949
vn -0.3915 -0.2141 -0.8949
vn 0.1005 -0.0392 -0.9942
vn -0.1058 0.0212 -0.9942
vn 0.0922 -0.0561 -0.9942
vn -0.1079 0.0025 -0.9942
vn 0.0810 -0.0712 -0.9942
vn 0.0674 -0.0842 -0.9942
vn 0.0518 -0.0946 -0.9942
vn 0.0345 -0.1022 -0.9942
vn 0.0163 -0.1066 -0.9942
vn -0.0025 -0.1079 -0.9942
vn -0.0212 -0.1058 -0.9942
vn -0.0392 -0.1005 -0.9942
vn -0.0561 -0.0922 -0.9942
vn -0.0712 -0.0810 -0.9942
vn -0.0842 -0.0674 -0.9942
vn -0.0946 -0.0518 -0.9942
vn -0.1022 -0.0345 -0.9942
vn -0.1066 -0.0163 -0.9942
vn -0.6836 0.3861 -0.6194
vn -0.6836 0.2492 -0.6859
vn -0.6933 0.3683 -0.6194
vn -0.6836 0.2496 -0.6859
vn -0.6503 0.0791 -0.7556
vn -0.6736 0.3419 -0.6553
vn -0.6504 0.0790 -0.7555
vn -0.6558 0.3736 -0.6560
vn -0.5882 -0.1089 -0.8013
vn -0.5853 -0.1007 -0.8045
vn -0.6417 0.3513 -0.6818
vn -0.6284 -0.0075 -0.7778
vn -0.6339 0.3652 -0.6818
vn -0.6067 -0.0475 -0.7935
vn -0.6075 0.5085 -0.6102
vn -0.6075 0.5084 -0.6103
vn -0.6571 0.0758 -0.7499
vn -0.6430 0.0329 -0.7652
vn -0.5578 -0.0948 -0.8245
vn -0.5579 -0.0956 -0.8244
vn 0.7678 -0.6199 0.1618
vn 0.7821 -0.6135 0.1092
vn 0.5106 -0.8470 -0.1481
vn 0.5598 -0.8148 -0.1506
vn -0.0160 0.9996 0.0229
vn -0.0629 0.9980 -0.0044
vn -0.1561 0.9860 -0.0591
vn -0.2483 0.9620 -0.1136
vn -0.3390 0.9257 -0.1676
vn -0.3389 0.9258 -0.1676
vn -0.4274 0.8767 -0.2207
vn -0.3080 0.9356 -0.1727
vn -0.3829 0.8912 -0.2430
vn -0.2585 0.9446 -0.2023
vn -0.5707 0.6245 -0.5332
vn -0.5708 0.6244 -0.5332
vn -0.4849 -0.1901 -0.8536
vn -0.4836 -0.1937 -0.8536
vn 0.8463 -0.5299 0.0544
vn 0.0311 0.9983 0.0502
vn -0.3122 0.8934 -0.3232
vn -0.5493 0.6744 -0.4933
vn -0.3992 -0.2894 -0.8700
vn -0.2163 -0.4615 -0.8604
vn -0.0301 -0.5970 -0.8017
vn 0.1327 -0.6872 -0.7143
vn 0.1345 -0.6664 -0.7334
vn 0.1470 -0.6200 -0.7707
vn -0.1507 -0.4020 -0.9032
vn -0.3977 -0.2922 -0.8698
vn 0.7697 -0.6361 -0.0546
vn 0.9141 -0.3978 0.0784
vn 0.9460 -0.2984 0.1265
vn 0.9656 -0.1936 0.1735
vn 0.9721 -0.0841 0.2190
vn 0.9719 -0.0818 0.2207
vn 0.9683 -0.0005 0.2498
vn 0.9682 0.0007 0.2501
vn 0.9668 0.0248 0.2544
vn 0.9674 0.0197 0.2523
vn 0.9609 0.0889 0.2622
vn 0.9615 0.0846 0.2613
vn 0.9364 0.2155 0.2769
vn 0.8959 0.3390 0.2872
vn 0.8398 0.4572 0.2927
vn 0.7692 0.5678 0.2931
vn 0.7945 0.5390 0.2797
vn 0.7348 0.6241 0.2656
vn 0.7962 0.5545 0.2422
vn 0.7375 0.6371 0.2243
vn 0.7732 0.5969 0.2142
vn -0.4192 0.8042 -0.4213
vn -0.4681 0.7689 -0.4355
vn -0.4060 0.8055 -0.4317
vn -0.4791 0.7829 -0.3968
vn -0.4920 0.7756 -0.3954
vn 0.1254 0.9866 0.1048
vn 0.0312 0.9982 0.0503
vn -0.2985 0.8970 -0.3261
vn -0.5492 0.6746 -0.4933
vn -0.5166 -0.0853 -0.8520
vn 0.5986 0.7749 0.2031
vn 0.6919 0.6949 0.1961
vn -0.5280 0.7164 -0.4560
vn -0.3682 0.8323 -0.4143
vn -0.5280 0.7165 -0.4559
vn 0.2195 0.9626 0.1589
vn 0.5912 0.7746 0.2248
vn 0.4738 0.8473 0.2401
vn 0.3129 0.9258 0.2121
vn 0.4887 0.8233 0.2888
vn 0.4674 0.8319 0.2991
vn 0.4047 0.8755 0.2640
vn -0.7213 -0.3797 0.5792
vn -0.6266 -0.2778 0.7281
vn -0.7211 -0.3785 0.5803
vn -0.5669 -0.5088 0.6478
vn -0.7427 -0.2977 0.5999
vn -0.7256 -0.3807 0.5732
vn -0.7304 -0.3800 0.5675
vn -0.6738 -0.5062 0.5383
vn -0.4731 -0.3767 0.7964
vn -0.6497 -0.0985 0.7538
vn -0.4530 -0.7274 0.5155
vn -0.4468 -0.4906 0.7481
vn -0.3687 -0.2670 0.8904
vn -0.7647 -0.1731 0.6207
vn -0.3809 -0.0969 0.9195
vn -0.6073 -0.6311 0.4827
vn -0.6073 -0.6309 0.4829
vn -0.3896 -0.3721 0.8425
vn -0.7648 -0.1730 0.6206
vn -0.5034 -0.0277 0.8636
vn -0.6186 -0.0266 0.7852
vn -0.5015 -0.0303 0.8646
vn -0.5038 -0.0285 0.8634
vn -0.5037 -0.0285 0.8634
vn -0.6078 -0.6288 0.4850
vn -0.4019 -0.6250 0.6692
vn -0.2407 -0.2617 0.9346
vn -0.2474 -0.1205 0.9614
vn -0.7649 -0.1728 0.6206
vn -0.7714 -0.1306 0.6228
vn -0.5016 -0.0230 0.8648
vn -0.6088 -0.6247 0.4891
vn -0.6088 -0.6246 0.4891
vn -0.5583 -0.6988 0.4472
vn -0.4086 -0.6176 0.6720
vn -0.3958 -0.6479 0.6508
vn -0.4085 -0.6176 0.6720
vn -0.2330 -0.3616 0.9027
vn -0.2330 -0.3617 0.9027
vn -0.2331 -0.3616 0.9027
vn -0.2448 -0.1590 0.9564
vn -0.2444 -0.1596 0.9564
vn -0.2445 -0.1597 0.9564
vn -0.2445 -0.1598 0.9564
vn -0.2447 -0.1598 0.9563
vn -0.2490 -0.0319 0.9680
vn -0.7657 -0.1707 0.6202
vn -0.7731 -0.0292 0.6336
vn -0.7682 -0.1651 0.6186
vn -0.5027 -0.0255 0.8641
vn -0.4474 -0.8207 0.3555
vn -0.3038 -0.8142 0.4948
vn -0.2466 -0.0309 0.9686
vn -0.7697 -0.1603 0.6179
vn -0.7714 -0.0345 0.6354
vn -0.5028 -0.0256 0.8641
vn -0.4483 -0.8199 0.3561
vn -0.4483 -0.8198 0.3562
vn -0.3783 -0.8237 0.4224
vn -0.3040 -0.8123 0.4977
vn -0.3043 -0.8195 0.4856
vn -0.4182 -0.0285 0.9079
vn -0.5028 -0.0257 0.8640
vn -0.5032 -0.0262 0.8637
vn -0.5030 -0.0260 0.8639
vn -0.8881 0.2011 -0.4133
vn -0.8782 0.1283 -0.4607
vn -0.8722 0.4798 -0.0955
vn -0.8871 0.4263 -0.1767
vn -0.8409 0.5411 -0.0073
vn -0.6326 0.7224 0.2793
vn -0.6126 0.7054 0.3565
vn -0.6895 0.6913 0.2161
vn -0.6928 0.6892 0.2122
vn -0.7438 0.6520 0.1471
vn -0.7870 0.6113 0.0833
vn -0.8235 0.5669 0.0203
vn -0.8237 0.5666 0.0216
vn -0.7113 0.6456 0.2779
vn -0.6250 0.6409 0.4457
vn -0.3761 0.5301 0.7600
vn -0.4612 0.5492 0.6969
vn -0.5958 0.5672 0.5686
vn -0.5937 0.5643 0.5737
vn -0.5483 0.5682 0.6136
vn -0.5490 0.5682 0.6130
vn -0.5772 0.5693 0.5854
vn -0.6207 0.5842 0.5229
vn -0.6155 0.5654 0.5490
vn -0.5207 0.5718 0.6340
vn -0.5702 0.5675 0.5940
vn -0.5119 0.5675 0.6449
vn 0.6836 0.2496 -0.6859
vn 0.6836 0.3861 -0.6194
vn 0.6837 0.2492 -0.6859
vn 0.6933 0.3683 -0.6194
vn 0.6503 0.0790 -0.7556
vn 0.6736 0.3419 -0.6553
vn 0.6504 0.0790 -0.7555
vn 0.6558 0.3736 -0.6560
vn 0.5882 -0.1089 -0.8013
vn 0.5853 -0.1006 -0.8045
vn 0.6417 0.3513 -0.6818
vn 0.6284 -0.0075 -0.7778
vn 0.6339 0.3652 -0.6818
vn 0.6067 -0.0475 -0.7935
vn 0.6076 0.5084 -0.6102
vn 0.6075 0.5085 -0.6102
vn 0.6572 0.0758 -0.7499
vn 0.6430 0.0329 -0.7651
vn 0.5579 -0.0948 -0.8245
vn 0.5579 -0.0956 -0.8244
vn -0.5105 -0.8470 -0.1481
vn -0.7820 -0.6136 0.1091
vn -0.7676 -0.6202 0.1616
vn -0.5598 -0.8148 -0.1506
vn 0.0629 0.9980 -0.0044
vn 0.0160 0.9996 0.0229
vn 0.1561 0.9860 -0.0591
vn 0.2483 0.9620 -0.1136
vn 0.3390 0.9257 -0.1676
vn 0.3389 0.9258 -0.1676
vn 0.4273 0.8767 -0.2207
vn 0.3080 0.9356 -0.1727
vn 0.2585 0.9446 -0.2023
vn 0.3829 0.8912 -0.2430
vn 0.5707 0.6245 -0.5332
vn 0.5708 0.6244 -0.5332
vn 0.4836 -0.1937 -0.8536
vn 0.4849 -0.1901 -0.8536
vn -0.8463 -0.5299 0.0544
vn -0.0311 0.9983 0.0502
vn 0.3122 0.8934 -0.3232
vn 0.5493 0.6744 -0.4933
vn 0.3992 -0.2894 -0.8700
vn 0.2163 -0.4615 -0.8604
vn 0.0301 -0.5970 -0.8017
vn -0.1327 -0.6872 -0.7143
vn -0.1345 -0.6664 -0.7334
vn 0.1508 -0.4020 -0.9032
vn -0.1470 -0.6200 -0.7707
vn 0.3977 -0.2922 -0.8698
vn -0.7697 -0.6361 -0.0545
vn -0.9141 -0.3978 0.0784
vn -0.9460 -0.2984 0.1264
vn -0.9656 -0.1936 0.1735
vn -0.9656 -0.1935 0.1735
vn -0.9721 -0.0841 0.2190
vn -0.9719 -0.0818 0.2207
vn -0.9682 0.0007 0.2501
vn -0.9683 -0.0005 0.2498
vn -0.9674 0.0199 0.2523
vn -0.9668 0.0250 0.2544
vn -0.9615 0.0848 0.2614
vn -0.9609 0.0891 0.2623
vn -0.9364 0.2155 0.2769
vn -0.9364 0.2154 0.2769
vn -0.8959 0.3390 0.2872
vn -0.8398 0.4572 0.2927
vn -0.7692 0.5678 0.2932
vn -0.7945 0.5390 0.2797
vn -0.7962 0.5544 0.2422
vn -0.7348 0.6241 0.2656
vn -0.7732 0.5969 0.2142
vn -0.7375 0.6371 0.2242
vn 0.4059 0.8055 -0.4317
vn 0.4681 0.7689 -0.4355
vn 0.4192 0.8042 -0.4213
vn 0.4920 0.7756 -0.3954
vn 0.4791 0.7829 -0.3968
vn -0.1254 0.9866 0.1048
vn -0.0312 0.9982 0.0503
vn 0.2985 0.8970 -0.3261
vn 0.5492 0.6746 -0.4933
vn 0.5167 -0.0853 -0.8519
vn -0.6919 0.6949 0.1961
vn -0.5986 0.7749 0.2030
vn 0.5281 0.7164 -0.4560
vn 0.3682 0.8323 -0.4143
vn 0.5280 0.7165 -0.4559
vn -0.2195 0.9626 0.1589
vn -0.5912 0.7746 0.2248
vn -0.4738 0.8473 0.2401
vn -0.3129 0.9258 0.2121
vn -0.4887 0.8232 0.2888
vn -0.4674 0.8319 0.2991
vn -0.4047 0.8755 0.2640
vn 0.7211 -0.3785 0.5803
vn 0.6266 -0.2778 0.7281
vn 0.7213 -0.3797 0.5792
vn 0.5669 -0.5088 0.6478
vn 0.7427 -0.2977 0.5999
vn 0.7305 -0.3800 0.5674
vn 0.7255 -0.3807 0.5733
vn 0.6738 -0.5062 0.5384
vn 0.4731 -0.3767 0.7964
vn 0.6497 -0.0985 0.7538
vn 0.4530 -0.7274 0.5155
vn 0.4469 -0.4906 0.7481
vn 0.3687 -0.2670 0.8904
vn 0.7647 -0.1731 0.6207
vn 0.3809 -0.0969 0.9195
vn 0.6073 -0.6309 0.4829
vn 0.6073 -0.6311 0.4827
vn 0.3895 -0.3721 0.8425
vn 0.7648 -0.1730 0.6206
vn 0.5037 -0.0287 0.8634
vn 0.5034 -0.0277 0.8636
vn 0.5038 -0.0284 0.8634
vn 0.5038 -0.0285 0.8634
vn 0.5018 -0.0303 0.8645
vn 0.6186 -0.0266 0.7852
vn 0.6078 -0.6288 0.4850
vn 0.4019 -0.6250 0.6692
vn 0.2407 -0.2617 0.9346
vn 0.2474 -0.1205 0.9614
vn 0.7649 -0.1728 0.6206
vn 0.7714 -0.1306 0.6228
vn 0.5016 -0.0230 0.8648
vn 0.5583 -0.6988 0.4472
vn 0.6088 -0.6246 0.4891
vn 0.6088 -0.6247 0.4891
vn 0.4086 -0.6176 0.6720
vn 0.3958 -0.6480 0.6508
vn 0.2331 -0.3616 0.9027
vn 0.2330 -0.3617 0.9027
vn 0.2330 -0.3616 0.9027
vn 0.2449 -0.1590 0.9564
vn 0.2451 -0.1600 0.9562
vn 0.2445 -0.1597 0.9564
vn 0.2448 -0.1596 0.9564
vn 0.2490 -0.0319 0.9680
vn 0.7657 -0.1707 0.6201
vn 0.7731 -0.0292 0.6336
vn 0.7682 -0.1651 0.6186
vn 0.5027 -0.0255 0.8641
vn 0.4474 -0.8206 0.3555
vn 0.3038 -0.8142 0.4948
vn 0.2466 -0.0309 0.9686
vn 0.7697 -0.1603 0.6179
vn 0.7714 -0.0345 0.6354
vn 0.5028 -0.0256 0.8641
vn 0.3783 -0.8237 0.4224
vn 0.4483 -0.8198 0.3562
vn 0.4483 -0.8199 0.3561
vn 0.3040 -0.8123 0.4977
vn 0.3043 -0.8195 0.4856
vn 0.4182 -0.0285 0.9079
vn 0.5028 -0.0257 0.8640
vn 0.5032 -0.0262 0.8638
vn 0.5030 -0.0260 0.8639
vn 0.8722 0.4797 -0.0957
vn 0.8782 0.1283 -0.4607
vn 0.8881 0.2011 -0.4133
vn 0.8871 0.4263 -0.1768
vn 0.8410 0.5410 -0.0074
vn 0.6126 0.7054 0.3565
vn 0.6326 0.7224 0.2793
vn 0.6895 0.6913 0.2161
vn 0.6928 0.6892 0.2122
vn 0.7438 0.6520 0.1470
vn 0.7870 0.6113 0.0833
vn 0.8235 0.5669 0.0203
vn 0.8237 0.5667 0.0216
vn 0.7113 0.6456 0.2779
vn 0.6250 0.6409 0.4457
vn 0.3761 0.5301 0.7600
vn 0.4612 0.5492 0.6969
vn 0.5958 0.5672 0.5687
vn 0.5937 0.5643 0.5737
vn 0.5490 0.5682 0.6130
vn 0.5483 0.5682 0.6136
vn 0.6155 0.5654 0.5490
vn 0.6207 0.5842 0.5229
vn 0.5772 0.5693 0.5854
vn 0.5702 0.5675 0.5940
vn 0.5207 0.5718 0.6340
vn 0.5119 0.5675 0.6448
vn -0.0000 -0.0000 1.0000
vn -0.1209 0.9927 -0.0000
vn 0.9927 0.1209 -0.0000
vn 0.9883 0.1528 -0.0000
vn 0.9882 0.1529 -0.0000
vn 0.9460 0.3240 -0.0000
vn 0.9460 0.3241 -0.0000
vn 0.8542 0.5199 -0.0000
vn 0.8542 0.5200 -0.0000
vn 0.7875 0.6163 -0.0000
vn 0.6931 0.7208 -0.0000
vn 0.5050 0.8631 -0.0000
vn 0.3266 0.9452 -0.0000
vn 0.1969 0.9804 -0.0000
vn 0.0529 0.9986 -0.0000
vn -0.0671 0.9977 -0.0000
vn -0.0670 0.9977 -0.0000
vn -0.1731 0.9849 -0.0000
vn -0.2872 0.9579 -0.0000
vn -0.4157 0.9095 -0.0000
vn -0.4156 0.9095 -0.0000
vn -0.5361 0.8442 -0.0000
vn -0.6619 0.7496 -0.0000
vn -0.7716 0.6361 -0.0000
vn -0.8305 0.5571 -0.0000
vn -0.8524 0.5230 -0.0000
vn -0.8121 0.5836 -0.0000
vn -0.8121 0.5835 -0.0000
vn -0.6634 0.7482 -0.0000
vn -0.4236 0.9058 -0.0000
vn -0.4237 0.9058 -0.0000
vn -0.1770 0.9842 -0.0000
vn -0.0000 1.0000 -0.0000
vn 0.1771 0.9842 -0.0000
vn 0.1770 0.9842 -0.0000
vn 0.4237 0.9058 -0.0000
vn 0.4236 0.9058 -0.0000
vn 0.6635 0.7481 -0.0000
vn 0.6635 0.7482 -0.0000
vn 0.8125 0.5830 -0.0000
vn 0.8125 0.5829 -0.0000
vn 0.8479 0.5302 -0.0000
vn 0.8211 0.5708 -0.0000
vn 0.7667 0.6420 -0.0000
vn 0.7668 0.6419 -0.0000
vn 0.6518 0.7584 -0.0000
vn 0.5033 0.8641 -0.0000
vn 0.5034 0.8641 -0.0000
vn 0.3818 0.9243 -0.0000
vn 0.2757 0.9612 -0.0000
vn 0.2757 0.9613 -0.0000
vn 0.1628 0.9867 -0.0000
vn 0.0334 0.9994 -0.0000
vn -0.0884 0.9961 -0.0000
vn -0.0883 0.9961 -0.0000
vn -0.2090 0.9779 -0.0000
vn -0.2089 0.9779 -0.0000
vn -0.3266 0.9452 -0.0000
vn -0.5050 0.8631 -0.0000
vn -0.6931 0.7208 -0.0000
vn -0.7875 0.6163 -0.0000
vn -0.8542 0.5200 -0.0000
vn -0.8541 0.5200 -0.0000
vn -0.9460 0.3240 -0.0000
vn -0.9460 0.3241 -0.0000
vn -0.9883 0.1527 -0.0000
vn -0.9927 0.1209 -0.0000
vn 0.1209 0.9927 -0.0000
vn -0.9925 0.1223 -0.0000
vn -0.9807 0.1956 -0.0000
vn -0.9152 0.4030 -0.0000
vn -0.9153 0.4029 -0.0000
vn -0.8156 0.5787 -0.0000
vn -0.8156 0.5786 -0.0000
vn -0.7657 0.6432 -0.0000
vn -0.7657 0.6433 -0.0000
vn -0.6736 0.7391 -0.0000
vn -0.6740 0.7388 -0.0000
vn -0.5294 0.8484 -0.0000
vn -0.5291 0.8486 -0.0000
vn -0.3792 0.9253 -0.0000
vn -0.2545 0.9671 -0.0000
vn -0.2546 0.9670 -0.0000
vn -0.1676 0.9859 -0.0000
vn -0.0619 0.9981 -0.0000
vn 0.0559 0.9984 -0.0000
vn 0.0558 0.9984 -0.0000
vn 0.1986 0.9801 -0.0000
vn 0.1988 0.9800 -0.0000
vn 0.3263 0.9453 -0.0000
vn 0.4123 0.9110 -0.0000
vn 0.4125 0.9109 -0.0000
vn 0.4978 0.8673 -0.0000
vn 0.4980 0.8672 -0.0000
vn 0.6364 0.7714 -0.0000
vn 0.6365 0.7713 -0.0000
vn 0.7601 0.6499 -0.0000
vn 0.7601 0.6498 -0.0000
vn 0.8172 0.5763 -0.0000
vn 0.8383 0.5451 -0.0000
vn 0.7960 0.6053 -0.0000
vn 0.6608 0.7506 -0.0000
vn 0.4701 0.8826 -0.0000
vn 0.2710 0.9626 -0.0000
vn 0.0919 0.9958 -0.0000
vn 0.0918 0.9958 -0.0000
vn -0.0632 0.9980 -0.0000
vn -0.2324 0.9726 -0.0000
vn -0.4329 0.9014 -0.0000
vn -0.6267 0.7793 -0.0000
vn -0.7677 0.6408 -0.0000
vn -0.8343 0.5513 -0.0000
vn -0.8350 0.5503 -0.0000
vn -0.8349 0.5503 -0.0000
vn -0.8007 0.5991 -0.0000
vn -0.6756 0.7372 -0.0000
vn -0.5190 0.8548 -0.0000
vn -0.4356 0.9001 -0.0000
vn -0.4356 0.9002 -0.0000
vn -0.3461 0.9382 -0.0000
vn -0.3460 0.9382 -0.0000
vn -0.2404 0.9707 -0.0000
vn -0.2403 0.9707 -0.0000
vn -0.1269 0.9919 -0.0000
vn -0.1268 0.9919 -0.0000
vn -0.0400 0.9992 -0.0000
vn 0.0474 0.9989 -0.0000
vn 0.1419 0.9899 -0.0000
vn 0.1418 0.9899 -0.0000
vn 0.2382 0.9712 -0.0000
vn 0.3802 0.9249 -0.0000
vn 0.5295 0.8483 -0.0000
vn 0.5299 0.8481 -0.0000
vn 0.6736 0.7391 -0.0000
vn 0.6740 0.7388 -0.0000
vn 0.7657 0.6432 -0.0000
vn 0.8157 0.5785 -0.0000
vn 0.8156 0.5786 -0.0000
vn 0.9151 0.4033 -0.0000
vn 0.9150 0.4034 -0.0000
vn 0.9806 0.1960 -0.0000
vn 0.9925 0.1223 -0.0000
vn -0.0000 -0.0001 1.0000
vn -0.0000 0.0001 1.0000
vt 0.126667 0.190000
vt 0.206667 0.190000
vt 0.166667 0.310000
vt 0.460000 0.190000
vt 0.540000 0.190000
vt 0.500000 0.310000
vt 0.793333 0.690000
vt 0.873333 0.690000
vt 0.833333 0.810000
vt 0.793333 0.190000
vt 0.873333 0.190000
vt 0.833333 0.310000
vt 0.126667 0.690000
vt 0.206667 0.690000
vt 0.166667 0.810000
vt 0.460000 0.690000
vt 0.540000 0.690000
vt 0.500000 0.810000
s 1
f 1/1/1 2/2/2 3/3/3
f 2/1/2 1/2/1 4/3/4
f 1/1/1 5/2/5 6/3/6
f 5/1/5 1/2/1 3/3/3
f 7/1/7 4/2/4 1/3/1
f 4/1/4 7/2/7 8/3/8
f 4/1/4 9/2/9 2/3/2
f 9/1/9 4/2/4 10/3/10
f 3/1/3 11/2/11 12/3/12
f 11/1/11 3/2/3 2/3/2
f 6/1/6 13/2/13 14/3/14
f 13/1/13 6/2/6 5/3/5
f 7/1/7 6/2/6 15/3/15
f 6/1/6 7/2/7 1/3/1
f 3/1/3 16/2/16 5/3/5
f 16/1/16 3/2/3 12/3/12
f 17/1/17 8/2/8 7/3/7
f 8/1/8 17/2/17 18/3/18
f 8/1/8 10/2/10 4/3/4
f 10/1/10 8/2/8 19/3/19
f 10/1/10 20/2/20 9/3/9
f 20/1/20 10/2/10 21/3/21
f 2/1/2 22/2/22 11/3/11
f 22/1/22 2/2/2 9/3/9
f 11/1/11 23/2/23 12/3/12
f 23/1/23 11/2/11 24/3/24
f 13/1/13 25/2/25 14/3/14
f 25/1/25 13/2/13 26/3/26
f 15/1/15 14/2/14 27/3/27
f 14/1/14 15/2/15 6/3/6
f 5/1/5 28/2/28 13/3/13
f 28/1/28 5/2/5 16/3/16
f 17/1/17 15/2/15 29/3/29
f 15/1/15 17/2/17 7/3/7
f 12/1/12 30/2/30 16/3/16
f 30/1/30 12/2/12 23/3/23
f 31/1/31 18/2/18 17/3/17
f 18/1/18 31/2/31 32/3/32
f 18/1/18 19/2/19 8/3/8
f 19/1/19 18/2/18 33/3/33
f 19/1/19 21/2/21 10/3/10
f 21/1/21 19/2/19 34/3/34
f 21/1/21 35/2/35 20/3/20
f 35/1/35 21/2/21 36/3/36
f 9/1/9 37/2/37 22/3/22
f 37/1/37 9/2/9 20/3/20
f 22/1/22 24/2/24 11/3/11
f 24/1/24 22/2/22 38/3/38
f 24/1/24 39/2/39 23/3/23
f 39/1/39 24/2/24 40/3/40
f 26/1/26 41/2/41 25/3/25
f 41/1/41 26/2/26 42/3/42
f 27/1/27 25/2/25 43/3/43
f 25/1/25 27/2/27 14/3/14
f 28/1/28 26/2/26 13/3/13
f 26/1/26 28/2/28 44/3/44
f 29/1/29 27/2/27 45/3/45
f 27/1/27 29/2/29 15/3/15
f 16/1/16 46/2/46 28/3/28
f 46/1/46 16/2/16 30/3/30
f 47/1/47 17/2/17 29/3/29
f 17/1/17 47/2/47 31/3/31
f 39/1/39 30/2/30 23/3/23
f 30/1/30 39/2/39 48/3/48
f 49/1/49 32/2/32 31/3/31
f 32/1/32 49/2/49 50/3/50
f 32/1/32 33/2/33 18/3/18
f 33/1/33 32/2/32 51/3/51
f 33/1/33 34/2/34 19/3/19
f 34/1/34 33/2/33 52/3/52
f 34/1/34 36/2/36 21/3/21
f 36/1/36 34/2/34 53/3/53
f 36/1/36 54/2/54 35/3/35
f 54/1/54 36/2/36 55/3/55
f 20/1/20 56/2/56 37/3/37
f 56/1/56 20/2/20 35/3/35
f 37/1/37 38/2/38 22/3/22
f 38/1/38 37/2/37 57/3/57
f 38/1/38 40/2/40 24/3/24
f 40/1/40 38/2/38 58/3/58
f 40/1/40 59/2/59 39/3/39
f 59/1/59 40/2/40 60/3/60
f 42/1/42 61/2/61 41/3/41
f 61/1/61 42/2/42 62/3/62
f 25/1/25 63/2/63 43/3/43
f 63/1/63 25/2/25 41/3/41
f 44/1/44 42/2/42 26/3/26
f 42/1/42 44/2/44 64/3/64
f 45/1/45 43/2/43 65/3/65
f 43/1/43 45/2/45 27/3/27
f 28/1/28 66/2/66 44/3/44
f 66/1/66 28/2/28 46/3/46
f 47/1/47 45/2/45 67/3/67
f 45/1/45 47/2/47 29/3/29
f 48/1/48 46/2/46 30/3/30
f 46/1/46 48/2/48 68/3/68
f 49/1/49 47/2/47 69/3/69
f 47/1/47 49/2/49 31/3/31
f 59/1/59 48/2/48 39/3/39
f 48/1/48 59/2/59 70/3/70
f 71/1/71 50/2/50 49/3/49
f 50/1/50 71/2/71 72/3/72
f 50/1/50 51/2/51 32/3/32
f 51/1/51 50/2/50 73/3/73
f 51/1/51 52/2/52 33/3/33
f 52/1/52 51/2/51 74/3/74
f 52/1/52 53/2/53 34/3/34
f 53/1/53 52/2/52 75/3/75
f 53/1/53 55/2/55 36/3/36
f 55/1/55 53/2/53 76/3/76
f 54/1/54 77/2/77 78/3/78
f 77/1/77 54/2/54 79/3/79
f 79/1/79 54/2/54 55/3/55
f 79/1/79 55/2/55 80/3/80
f 80/1/80 55/2/55 76/3/76
f 80/1/80 76/2/76 81/3/81
f 81/1/81 76/2/76 82/3/82
f 81/1/81 82/2/82 83/3/83
f 83/1/83 82/2/82 84/3/84
f 83/1/83 84/2/84 85/3/85
f 85/1/85 84/2/84 86/3/86
f 85/1/85 86/2/86 87/3/87
f 87/1/87 86/2/86 88/3/88
f 87/1/87 88/2/88 89/3/89
f 89/1/89 88/2/88 90/3/90
f 89/1/89 90/2/90 91/3/91
f 91/1/91 90/2/90 92/3/92
f 91/1/91 92/2/92 93/3/93
f 93/1/93 92/2/92 94/3/94
f 93/1/93 94/2/94 95/3/95
f 95/1/95 94/2/94 96/3/96
f 95/1/95 96/2/96 97/3/97
f 97/1/97 96/2/96 98/3/98
f 97/1/97 98/2/98 99/3/99
f 99/1/99 98/2/98 100/3/100
f 99/1/99 100/2/100 101/3/101
f 101/1/101 100/2/100 102/3/102
f 101/1/101 102/2/102 103/3/103
f 103/1/103 102/2/102 104/3/104
f 103/1/103 104/2/104 105/3/105
f 105/1/105 104/2/104 106/3/106
f 105/1/105 106/2/106 107/3/107
f 107/1/107 106/2/106 108/3/108
f 107/1/107 108/2/108 109/3/109
f 35/1/35 78/2/78 56/3/56
f 78/1/78 35/2/35 54/3/54
f 56/1/56 57/2/57 37/3/37
f 57/1/57 56/2/56 110/3/110
f 57/1/57 58/2/58 38/3/38
f 58/1/58 57/2/57 111/3/111
f 58/1/58 60/2/60 40/3/40
f 60/1/60 58/2/58 112/3/112
f 60/1/60 113/2/113 59/3/59
f 113/1/113 60/2/60 114/3/114
f 115/1/115 61/2/61 62/3/62
f 61/1/61 115/2/115 116/3/116
f 41/1/41 117/2/117 63/3/63
f 117/1/117 41/2/41 61/3/61
f 64/1/64 62/2/62 42/3/42
f 62/1/62 64/2/64 118/3/118
f 43/1/43 119/2/119 65/3/65
f 119/1/119 43/2/43 63/3/63
f 66/1/66 64/2/64 44/3/44
f 64/1/64 66/2/66 120/3/120
f 67/1/67 65/2/65 121/3/121
f 65/1/65 67/2/67 45/3/45
f 68/1/68 66/2/66 46/3/46
f 66/1/66 68/2/68 122/3/122
f 69/1/69 67/2/67 123/3/123
f 67/1/67 69/2/69 47/3/47
f 70/1/70 68/2/68 48/3/48
f 68/1/68 70/2/70 124/3/124
f 71/1/71 69/2/69 125/3/125
f 69/1/69 71/2/71 49/3/49
f 113/1/113 70/2/70 59/3/59
f 70/1/70 113/2/113 126/3/126
f 127/1/127 72/2/72 71/3/71
f 72/1/72 127/2/127 128/3/128
f 72/1/72 73/2/73 50/3/50
f 73/1/73 72/2/72 129/3/129
f 73/1/73 74/2/74 51/3/51
f 74/1/74 73/2/73 130/3/130
f 74/1/74 75/2/75 52/3/52
f 75/1/75 74/2/74 131/3/131
f 75/1/75 76/2/76 53/3/53
f 76/1/76 75/2/75 82/3/82
f 132/1/132 94/2/94 92/3/92
f 94/1/94 132/2/132 133/3/133
f 133/1/133 96/2/96 94/3/94
f 96/1/96 133/2/133 134/3/134
f 134/1/134 98/2/98 96/3/96
f 98/1/98 134/2/134 135/3/135
f 135/1/135 100/2/100 98/3/98
f 100/1/100 135/2/135 136/3/136
f 136/1/136 102/2/102 100/3/100
f 102/1/102 136/2/136 137/3/137
f 137/1/137 104/2/104 102/3/102
f 104/1/104 137/2/137 138/3/138
f 138/1/138 106/2/106 104/3/104
f 106/1/106 138/2/138 139/3/139
f 139/1/139 108/2/108 106/3/106
f 108/1/108 139/2/139 140/3/140
f 140/1/140 109/2/109 108/3/108
f 109/1/109 140/2/140 141/3/141
f 109/1/109 142/2/142 107/3/107
f 142/1/142 109/2/109 141/3/141
f 107/1/107 143/2/143 105/3/105
f 143/1/143 107/2/107 142/3/142
f 105/1/105 144/2/144 103/3/103
f 144/1/144 105/2/105 143/3/143
f 103/1/103 145/2/145 101/3/101
f 145/1/145 103/2/103 144/3/144
f 101/1/101 146/2/146 99/3/99
f 146/1/146 101/2/101 145/3/145
f 99/1/99 147/2/147 97/3/97
f 147/1/147 99/2/99 146/3/146
f 97/1/97 148/2/148 95/3/95
f 148/1/148 97/2/97 147/3/147
f 95/1/95 149/2/149 93/3/93
f 149/1/149 95/2/95 148/3/148
f 91/1/91 149/2/149 150/3/150
f 149/1/149 91/2/91 93/3/93
f 89/1/89 150/2/150 151/3/151
f 150/1/150 89/2/89 91/3/91
f 87/1/87 151/2/151 152/3/152
f 151/1/151 87/2/87 89/3/89
f 85/1/85 152/2/152 153/3/153
f 152/1/152 85/2/85 87/3/87
f 83/1/83 153/2/153 154/3/154
f 153/1/153 83/2/83 85/3/85
f 81/1/81 154/2/154 155/3/155
f 154/1/154 81/2/81 83/3/83
f 80/1/80 155/2/155 156/3/156
f 155/1/155 80/2/80 81/3/81
f 79/1/79 156/2/156 157/3/157
f 156/1/156 79/2/79 80/3/80
f 77/1/77 157/2/157 110/3/110
f 157/1/157 77/2/77 79/3/79
f 78/1/78 110/2/110 56/3/56
f 110/1/110 78/2/78 77/3/77
f 131/1/131 82/2/82 75/3/75
f 82/1/82 131/2/131 84/3/84
f 158/1/158 84/2/84 131/3/131
f 84/1/84 158/2/158 86/3/86
f 159/1/159 86/2/86 158/3/158
f 86/1/86 159/2/159 88/3/88
f 160/1/160 88/2/88 159/3/159
f 88/1/88 160/2/160 90/3/90
f 132/1/132 90/2/90 160/3/160
f 90/1/90 132/2/132 92/3/92
f 110/1/110 111/2/111 57/3/57
f 111/1/111 110/2/110 157/3/157
f 111/1/111 112/2/112 58/3/58
f 112/1/112 111/2/111 161/3/161
f 112/1/112 114/2/114 60/3/60
f 114/1/114 112/2/112 162/3/162
f 114/1/114 163/2/163 113/3/113
f 163/1/163 114/2/114 164/3/164
f 165/1/165 116/2/116 115/3/115
f 116/1/116 165/2/165 166/3/166
f 116/1/116 117/2/117 61/3/61
f 117/1/117 116/2/116 167/3/167
f 168/1/168 62/2/62 118/3/118
f 62/1/62 168/2/168 115/3/115
f 63/1/63 169/2/169 119/3/119
f 169/1/169 63/2/63 117/3/117
f 120/1/120 118/2/118 64/3/64
f 118/1/118 120/2/120 170/3/170
f 121/1/121 119/2/119 171/3/171
f 119/1/119 121/2/121 65/3/65
f 66/1/66 172/2/172 120/3/120
f 172/1/172 66/2/66 122/3/122
f 123/1/123 121/2/121 173/3/173
f 121/1/121 123/2/123 67/3/67
f 124/1/124 122/2/122 68/3/68
f 122/1/122 124/2/124 174/3/174
f 125/1/125 123/2/123 175/3/175
f 123/1/123 125/2/125 69/3/69
f 126/1/126 124/2/124 70/3/70
f 124/1/124 126/2/126 176/3/176
f 127/1/127 125/2/125 177/3/177
f 125/1/125 127/2/127 71/3/71
f 113/1/113 178/2/178 126/3/126
f 178/1/178 113/2/113 163/3/163
f 179/1/179 128/2/128 127/3/127
f 128/1/128 179/2/179 180/3/180
f 128/1/128 129/2/129 72/3/72
f 129/1/129 128/2/128 181/3/181
f 129/1/129 130/2/130 73/3/73
f 130/1/130 129/2/129 182/3/182
f 130/1/130 131/2/131 74/3/74
f 131/1/131 130/2/130 158/3/158
f 183/1/183 133/2/133 132/3/132
f 133/1/133 183/2/183 184/3/184
f 184/1/184 134/2/134 133/3/133
f 134/1/134 184/2/184 185/3/185
f 185/1/185 135/2/135 134/3/134
f 135/1/135 185/2/185 186/3/186
f 186/1/186 136/2/136 135/3/135
f 136/1/136 186/2/186 187/3/187
f 187/1/187 137/2/137 136/3/136
f 137/1/137 187/2/187 188/3/188
f 188/1/188 138/2/138 137/3/137
f 138/1/138 188/2/188 189/3/189
f 189/1/189 139/2/139 138/3/138
f 139/1/139 189/2/189 190/3/190
f 190/1/190 140/2/140 139/3/139
f 140/1/140 190/2/190 191/3/191
f 191/1/191 141/2/141 140/3/140
f 141/1/141 191/2/191 192/3/192
f 141/1/141 193/2/193 142/3/142
f 193/1/193 141/2/141 192/3/192
f 142/1/142 194/2/194 143/3/143
f 194/1/194 142/2/142 193/3/193
f 143/1/143 195/2/195 144/3/144
f 195/1/195 143/2/143 194/3/194
f 144/1/144 196/2/196 145/3/145
f 196/1/196 144/2/144 195/3/195
f 145/1/145 197/2/197 146/3/146
f 197/1/197 145/2/145 196/3/196
f 146/1/146 198/2/198 147/3/147
f 198/1/198 146/2/146 197/3/197
f 147/1/147 199/2/199 148/3/148
f 199/1/199 147/2/147 198/3/198
f 148/1/148 200/2/200 149/3/149
f 200/1/200 148/2/148 199/3/199
f 150/1/150 200/2/200 201/3/201
f 200/1/200 150/2/150 149/3/149
f 151/1/151 201/2/201 202/3/202
f 201/1/201 151/2/151 150/3/150
f 152/1/152 202/2/202 203/3/203
f 202/1/202 152/2/152 151/3/151
f 153/1/153 203/2/203 204/3/204
f 203/1/203 153/2/153 152/3/152
f 154/1/154 204/2/204 205/3/205
f 204/1/204 154/2/154 153/3/153
f 155/1/155 205/2/205 206/3/206
f 205/1/205 155/2/155 154/3/154
f 156/1/156 206/2/206 161/3/161
f 206/1/206 156/2/156 155/3/155
f 157/1/157 161/2/161 111/3/111
f 161/1/161 157/2/157 156/3/156
f 182/1/182 158/2/158 130/3/130
f 158/1/158 182/2/182 159/3/159
f 207/1/207 159/2/159 182/3/182
f 159/1/159 207/2/207 160/3/160
f 183/1/183 160/2/160 207/3/207
f 160/1/160 183/2/183 132/3/132
f 161/1/161 162/2/162 112/3/112
f 162/1/162 161/2/161 206/3/206
f 162/1/162 164/2/164 114/3/114
f 164/1/164 162/2/162 208/3/208
f 164/1/164 209/2/209 163/3/163
f 209/1/209 164/2/164 210/3/210
f 211/1/211 166/2/166 165/3/165
f 166/1/166 211/2/211 212/3/212
f 166/1/166 167/2/167 116/3/116
f 167/1/167 166/2/166 213/3/213
f 214/1/214 115/2/115 168/3/168
f 115/1/115 214/2/214 165/3/165
f 167/1/167 169/2/169 117/3/117
f 169/1/169 167/2/167 215/3/215
f 170/1/170 168/2/168 118/3/118
f 168/1/168 170/2/170 216/3/216
f 169/1/169 171/2/171 119/3/119
f 171/1/171 169/2/169 217/3/217
f 120/1/120 218/2/218 170/3/170
f 218/1/218 120/2/120 172/3/172
f 173/1/173 171/2/171 219/3/219
f 171/1/171 173/2/173 121/3/121
f 122/1/122 220/2/220 172/3/172
f 220/1/220 122/2/122 174/3/174
f 175/1/175 173/2/173 221/3/221
f 173/1/173 175/2/175 123/3/123
f 176/1/176 174/2/174 124/3/124
f 174/1/174 176/2/176 222/3/222
f 177/1/177 175/2/175 223/3/223
f 175/1/175 177/2/177 125/3/125
f 178/1/178 176/2/176 126/3/126
f 176/1/176 178/2/178 224/3/224
f 179/1/179 177/2/177 225/3/225
f 177/1/177 179/2/179 127/3/127
f 163/1/163 226/2/226 178/3/178
f 226/1/226 163/2/163 209/3/209
f 179/1/179 227/2/227 180/3/180
f 227/1/227 179/2/179 228/3/228
f 180/1/180 181/2/181 128/3/128
f 181/1/181 180/2/180 229/3/229
f 181/1/181 182/2/182 129/3/129
f 182/1/182 181/2/181 207/3/207
f 229/1/229 184/2/184 183/3/183
f 184/1/184 229/2/229 230/3/230
f 230/1/230 185/2/185 184/3/184
f 185/1/185 230/2/230 231/3/231
f 231/1/231 186/2/186 185/3/185
f 186/1/186 231/2/231 232/3/232
f 232/1/232 187/2/187 186/3/186
f 187/1/187 232/2/232 233/3/233
f 233/1/233 188/2/188 187/3/187
f 188/1/188 233/2/233 234/3/234
f 234/1/234 189/2/189 188/3/188
f 189/1/189 234/2/234 235/3/235
f 235/1/235 190/2/190 189/3/189
f 190/1/190 235/2/235 236/3/236
f 236/1/236 191/2/191 190/3/190
f 191/1/191 236/2/236 237/3/237
f 237/1/237 192/2/192 191/3/191
f 192/1/192 237/2/237 238/3/238
f 192/1/192 239/2/239 193/3/193
f 239/1/239 192/2/192 238/3/238
f 193/1/193 240/2/240 194/3/194
f 240/1/240 193/2/193 239/3/239
f 194/1/194 241/2/241 195/3/195
f 241/1/241 194/2/194 240/3/240
f 195/1/195 242/2/242 196/3/196
f 242/1/242 195/2/195 241/3/241
f 196/1/196 243/2/243 197/3/197
f 243/1/243 196/2/196 242/3/242
f 197/1/197 244/2/244 198/3/198
f 244/1/244 197/2/197 243/3/243
f 198/1/198 245/2/245 199/3/199
f 245/1/245 198/2/198 244/3/244
f 199/1/199 246/2/246 200/3/200
f 246/1/246 199/2/199 245/3/245
f 201/1/201 246/2/246 247/3/247
f 246/1/246 201/2/201 200/3/200
f 202/1/202 247/2/247 248/3/248
f 247/1/247 202/2/202 201/3/201
f 203/1/203 248/2/248 249/3/249
f 248/1/248 203/2/203 202/3/202
f 204/1/204 249/2/249 250/3/250
f 249/1/249 204/2/204 203/3/203
f 205/1/205 250/2/250 208/3/208
f 250/1/250 205/2/205 204/3/204
f 206/1/206 208/2/208 162/3/162
f 208/1/208 206/2/206 205/3/205
f 229/1/229 207/2/207 181/3/181
f 207/1/207 229/2/229 183/3/183
f 208/1/208 210/2/210 164/3/164
f 210/1/210 208/2/208 250/3/250
f 210/1/210 251/2/251 209/3/209
f 251/1/251 210/2/210 252/3/252
f 253/1/253 212/2/212 211/3/211
f 212/1/212 253/2/253 254/3/254
f 212/1/212 213/2/213 166/3/166
f 213/1/213 212/2/212 255/3/255
f 256/1/256 165/2/165 214/3/214
f 165/1/165 256/2/256 211/3/211
f 213/1/213 215/2/215 167/3/167
f 215/1/215 213/2/213 257/3/257
f 216/1/216 214/2/214 168/3/168
f 214/1/214 216/2/216 258/3/258
f 215/1/215 217/2/217 169/3/169
f 217/1/217 215/2/215 259/3/259
f 218/1/218 216/2/216 170/3/170
f 216/1/216 218/2/218 260/3/260
f 219/1/219 217/2/217 261/3/261
f 217/1/217 219/2/219 171/3/171
f 172/1/172 262/2/262 218/3/218
f 262/1/262 172/2/172 220/3/220
f 221/1/221 219/2/219 263/3/263
f 219/1/219 221/2/221 173/3/173
f 174/1/174 264/2/264 220/3/220
f 264/1/264 174/2/174 222/3/222
f 223/1/223 221/2/221 265/3/265
f 221/1/221 223/2/223 175/3/175
f 176/1/176 266/2/266 222/3/222
f 266/1/266 176/2/176 224/3/224
f 225/1/225 223/2/223 267/3/267
f 223/1/223 225/2/225 177/3/177
f 178/1/178 268/2/268 224/3/224
f 268/1/268 178/2/178 226/3/226
f 228/1/228 225/2/225 269/3/269
f 225/1/225 228/2/228 179/3/179
f 209/1/209 270/2/270 226/3/226
f 270/1/270 209/2/209 251/3/251
f 228/1/228 271/2/271 227/3/227
f 271/1/271 228/2/228 272/3/272
f 180/1/180 230/2/230 229/3/229
f 230/1/230 180/2/180 227/3/227
f 227/1/227 231/2/231 230/3/230
f 231/1/231 227/2/227 271/3/271
f 271/1/271 232/2/232 231/3/231
f 232/1/232 271/2/271 273/3/273
f 273/1/273 233/2/233 232/3/232
f 233/1/233 273/2/273 274/3/274
f 274/1/274 234/2/234 233/3/233
f 234/1/234 274/2/274 275/3/275
f 275/1/275 235/2/235 234/3/234
f 235/1/235 275/2/275 276/3/276
f 276/1/276 236/2/236 235/3/235
f 236/1/236 276/2/276 277/3/277
f 277/1/277 237/2/237 236/3/236
f 237/1/237 277/2/277 278/3/278
f 278/1/278 238/2/238 237/3/237
f 238/1/238 278/2/278 279/3/279
f 238/1/238 280/2/280 239/3/239
f 280/1/280 238/2/238 279/3/279
f 239/1/239 281/2/281 240/3/240
f 281/1/281 239/2/239 280/3/280
f 240/1/240 282/2/282 241/3/241
f 282/1/282 240/2/240 281/3/281
f 241/1/241 283/2/283 242/3/242
f 283/1/283 241/2/241 282/3/282
f 242/1/242 284/2/284 243/3/243
f 284/1/284 242/2/242 283/3/283
f 243/1/243 285/2/285 244/3/244
f 285/1/285 243/2/243 284/3/284
f 244/1/244 286/2/286 245/3/245
f 286/1/286 244/2/244 285/3/285
f 245/1/245 287/2/287 246/3/246
f 287/1/287 245/2/245 286/3/286
f 247/1/247 287/2/287 288/3/288
f 287/1/287 247/2/247 246/3/246
f 248/1/248 288/2/288 289/3/289
f 288/1/288 248/2/248 247/3/247
f 249/1/249 289/2/289 252/3/252
f 289/1/289 249/2/249 248/3/248
f 250/1/250 252/2/252 210/3/210
f 252/1/252 250/2/250 249/3/249
f 252/1/252 290/2/290 251/3/251
f 290/1/290 252/2/252 289/3/289
f 291/1/291 254/2/254 253/3/253
f 254/1/254 291/2/291 292/3/292
f 254/1/254 255/2/255 212/3/212
f 255/1/255 254/2/254 293/3/293
f 294/1/294 211/2/211 256/3/256
f 211/1/211 294/2/294 253/3/253
f 255/1/255 257/2/257 213/3/213
f 257/1/257 255/2/255 295/3/295
f 258/1/258 256/2/256 214/3/214
f 256/1/256 258/2/258 296/3/296
f 257/1/257 259/2/259 215/3/215
f 259/1/259 257/2/257 297/3/297
f 260/1/260 258/2/258 216/3/216
f 258/1/258 260/2/260 298/3/298
f 259/1/259 261/2/261 217/3/217
f 261/1/261 259/2/259 299/3/299
f 262/1/262 260/2/260 218/3/218
f 260/1/260 262/2/262 300/3/300
f 263/1/263 261/2/261 301/3/301
f 261/1/261 263/2/263 219/3/219
f 220/1/220 302/2/302 262/3/262
f 302/1/302 220/2/220 264/3/264
f 265/1/265 263/2/263 303/3/303
f 263/1/263 265/2/265 221/3/221
f 222/1/222 304/2/304 264/3/264
f 304/1/304 222/2/222 266/3/266
f 267/1/267 265/2/265 305/3/305
f 265/1/265 267/2/267 223/3/223
f 224/1/224 306/2/306 266/3/266
f 306/1/306 224/2/224 268/3/268
f 269/1/269 267/2/267 307/3/307
f 267/1/267 269/2/269 225/3/225
f 226/1/226 308/2/308 268/3/268
f 308/1/308 226/2/226 270/3/270
f 272/1/272 269/2/269 309/3/309
f 269/1/269 272/2/272 228/3/228
f 251/1/251 310/2/310 270/3/270
f 310/1/310 251/2/251 290/3/290
f 272/1/272 273/2/273 271/3/271
f 273/1/273 272/2/272 311/3/311
f 311/1/311 274/2/274 273/3/273
f 274/1/274 311/2/311 312/3/312
f 312/1/312 275/2/275 274/3/274
f 275/1/275 312/2/312 313/3/313
f 313/1/313 276/2/276 275/3/275
f 276/1/276 313/2/313 314/3/314
f 314/1/314 277/2/277 276/3/276
f 277/1/277 314/2/314 315/3/315
f 315/1/315 278/2/278 277/3/277
f 278/1/278 315/2/315 316/3/316
f 316/1/316 279/2/279 278/3/278
f 279/1/279 316/2/316 317/3/317
f 279/1/279 318/2/318 280/3/280
f 318/1/318 279/2/279 317/3/317
f 280/1/280 319/2/319 281/3/281
f 319/1/319 280/2/280 318/3/318
f 281/1/281 320/2/320 282/3/282
f 320/1/320 281/2/281 319/3/319
f 282/1/282 321/2/321 283/3/283
f 321/1/321 282/2/282 320/3/320
f 283/1/283 322/2/322 284/3/284
f 322/1/322 283/2/283 321/3/321
f 284/1/284 323/2/323 285/3/285
f 323/1/323 284/2/284 322/3/322
f 285/1/285 324/2/324 286/3/286
f 324/1/324 285/2/285 323/3/323
f 286/1/286 325/2/325 287/3/287
f 325/1/325 286/2/286 324/3/324
f 288/1/288 325/2/325 326/3/326
f 325/1/325 288/2/288 287/3/287
f 289/1/289 326/2/326 290/3/290
f 326/1/326 289/2/289 288/3/288
f 327/1/327 292/2/292 291/3/291
f 292/1/292 327/2/327 328/3/328
f 292/1/292 293/2/293 254/3/254
f 293/1/293 292/2/292 329/3/329
f 330/1/330 253/2/253 294/3/294
f 253/1/253 330/2/330 291/3/291
f 293/1/293 295/2/295 255/3/255
f 295/1/295 293/2/293 331/3/331
f 296/1/296 294/2/294 256/3/256
f 294/1/294 296/2/296 332/3/332
f 295/1/295 297/2/297 257/3/257
f 297/1/297 295/2/295 333/3/333
f 298/1/298 296/2/296 258/3/258
f 296/1/296 298/2/298 334/3/334
f 297/1/297 299/2/299 259/3/259
f 299/1/299 297/2/297 335/3/335
f 300/1/300 298/2/298 260/3/260
f 298/1/298 300/2/300 336/3/336
f 299/1/299 301/2/301 261/3/261
f 301/1/301 299/2/299 337/3/337
f 302/1/302 300/2/300 262/3/262
f 300/1/300 302/2/302 338/3/338
f 303/1/303 301/2/301 339/3/339
f 301/1/301 303/2/303 263/3/263
f 304/1/304 302/2/302 264/3/264
f 302/1/302 304/2/304 340/3/340
f 305/1/305 303/2/303 341/3/341
f 303/1/303 305/2/305 265/3/265
f 266/1/266 342/2/342 304/3/304
f 342/1/342 266/2/266 306/3/306
f 307/1/307 305/2/305 343/3/343
f 305/1/305 307/2/307 267/3/267
f 268/1/268 344/2/344 306/3/306
f 344/1/344 268/2/268 308/3/308
f 309/1/309 307/2/307 345/3/345
f 307/1/307 309/2/309 269/3/269
f 270/1/270 346/2/346 308/3/308
f 346/1/346 270/2/270 310/3/310
f 311/1/311 309/2/309 347/3/347
f 309/1/309 311/2/311 272/3/272
f 290/1/290 348/2/348 310/3/310
f 348/1/348 290/2/290 326/3/326
f 312/1/312 347/2/347 349/3/349
f 347/1/347 312/2/312 311/3/311
f 349/1/349 313/2/313 312/3/312
f 313/1/313 349/2/349 350/3/350
f 351/1/351 313/2/313 350/3/350
f 313/1/313 351/2/351 314/3/314
f 352/1/352 314/2/314 351/3/351
f 314/1/314 352/2/352 315/3/315
f 353/1/353 315/2/315 352/3/352
f 315/1/315 353/2/353 316/3/316
f 354/1/354 316/2/316 353/3/353
f 316/1/316 354/2/354 317/3/317
f 354/1/354 318/2/318 317/3/317
f 318/1/318 354/2/354 355/3/355
f 355/1/355 319/2/319 318/3/318
f 319/1/319 355/2/355 356/3/356
f 356/1/356 320/2/320 319/3/319
f 320/1/320 356/2/356 357/3/357
f 357/1/357 321/2/321 320/3/320
f 321/1/321 357/2/357 358/3/358
f 321/1/321 359/2/359 322/3/322
f 359/1/359 321/2/321 358/3/358
f 323/1/323 359/2/359 360/3/360
f 359/1/359 323/2/323 322/3/322
f 324/1/324 360/2/360 361/3/361
f 360/1/360 324/2/324 323/3/323
f 325/1/325 361/2/361 362/3/362
f 361/1/361 325/2/325 324/3/324
f 326/1/326 362/2/362 348/3/348
f 362/1/362 326/2/326 325/3/325
f 363/1/363 291/2/291 330/3/330
f 291/1/291 363/2/363 327/3/327
f 328/1/328 329/2/329 292/3/292
f 329/1/329 328/2/328 364/3/364
f 329/1/329 331/2/331 293/3/293
f 331/1/331 329/2/329 365/3/365
f 332/1/332 330/2/330 294/3/294
f 330/1/330 332/2/332 366/3/366
f 331/1/331 333/2/333 295/3/295
f 333/1/333 331/2/331 367/3/367
f 334/1/334 332/2/332 296/3/296
f 332/1/332 334/2/334 368/3/368
f 333/1/333 335/2/335 297/3/297
f 335/1/335 333/2/333 369/3/369
f 336/1/336 334/2/334 298/3/298
f 334/1/334 336/2/336 370/3/370
f 335/1/335 337/2/337 299/3/299
f 337/1/337 335/2/335 371/3/371
f 338/1/338 336/2/336 300/3/300
f 336/1/336 338/2/338 372/3/372
f 337/1/337 339/2/339 301/3/301
f 339/1/339 337/2/337 373/3/373
f 340/1/340 338/2/338 302/3/302
f 338/1/338 340/2/340 374/3/374
f 341/1/341 339/2/339 375/3/375
f 339/1/339 341/2/341 303/3/303
f 304/1/304 376/2/376 340/3/340
f 376/1/376 304/2/304 342/3/342
f 343/1/343 341/2/341 377/3/377
f 341/1/341 343/2/343 305/3/305
f 306/1/306 378/2/378 342/3/342
f 378/1/378 306/2/306 344/3/344
f 345/1/345 343/2/343 379/3/379
f 343/1/343 345/2/345 307/3/307
f 308/1/308 380/2/380 344/3/344
f 380/1/380 308/2/308 346/3/346
f 347/1/347 345/2/345 381/3/381
f 345/1/345 347/2/347 309/3/309
f 310/1/310 382/2/382 346/3/346
f 382/1/382 310/2/310 348/3/348
f 349/1/349 381/2/381 383/3/383
f 381/1/381 349/2/349 347/3/347
f 384/1/384 349/2/349 383/3/383
f 349/1/349 384/2/384 350/3/350
f 385/1/385 350/2/350 384/3/384
f 350/1/350 385/2/385 351/3/351
f 386/1/386 351/2/351 385/3/385
f 351/1/351 386/2/386 352/3/352
f 387/1/387 352/2/352 386/3/386
f 352/1/352 387/2/387 353/3/353
f 388/1/388 353/2/353 387/3/387
f 353/1/353 388/2/388 354/3/354
f 388/1/388 355/2/355 354/3/354
f 355/1/355 388/2/388 389/3/389
f 389/1/389 356/2/356 355/3/355
f 356/1/356 389/2/389 390/3/390
f 390/1/390 357/2/357 356/3/356
f 357/1/357 390/2/390 391/3/391
f 391/1/391 358/2/358 357/3/357
f 358/1/358 391/2/391 392/3/392
f 359/1/359 392/2/392 393/3/393
f 392/1/392 359/2/359 358/3/358
f 360/1/360 393/2/393 394/3/394
f 393/1/393 360/2/360 359/3/359
f 361/1/361 394/2/394 395/3/395
f 394/1/394 361/2/361 360/3/360
f 362/1/362 395/2/395 396/3/396
f 395/1/395 362/2/362 361/3/361
f 348/1/348 396/2/396 382/3/382
f 396/1/396 348/2/348 362/3/362
f 366/1/366 363/2/363 330/3/330
f 363/1/363 366/2/366 397/3/397
f 364/1/364 365/2/365 329/3/329
f 365/1/365 364/2/364 398/3/398
f 365/1/365 367/2/367 331/3/331
f 367/1/367 365/2/365 399/3/399
f 368/1/368 366/2/366 332/3/332
f 366/1/366 368/2/368 400/3/400
f 367/1/367 369/2/369 333/3/333
f 369/1/369 367/2/367 401/3/401
f 370/1/370 368/2/368 334/3/334
f 368/1/368 370/2/370 402/3/402
f 369/1/369 371/2/371 335/3/335
f 371/1/371 369/2/369 403/3/403
f 372/1/372 370/2/370 336/3/336
f 370/1/370 372/2/372 404/3/404
f 371/1/371 373/2/373 337/3/337
f 373/1/373 371/2/371 405/3/405
f 374/1/374 372/2/372 338/3/338
f 372/1/372 374/2/374 406/3/406
f 373/1/373 375/2/375 339/3/339
f 375/1/375 373/2/373 407/3/407
f 376/1/376 374/2/374 340/3/340
f 374/1/374 376/2/376 408/3/408
f 377/1/377 375/2/375 409/3/409
f 375/1/375 377/2/377 341/3/341
f 342/1/342 410/2/410 376/3/376
f 410/1/410 342/2/342 378/3/378
f 379/1/379 377/2/377 411/3/411
f 377/1/377 379/2/379 343/3/343
f 344/1/344 412/2/412 378/3/378
f 412/1/412 344/2/344 380/3/380
f 381/1/381 379/2/379 413/3/413
f 379/1/379 381/2/381 345/3/345
f 346/1/346 414/2/414 380/3/380
f 414/1/414 346/2/346 382/3/382
f 383/1/383 413/2/413 415/3/415
f 413/1/413 383/2/383 381/3/381
f 416/1/416 383/2/383 415/3/415
f 383/1/383 416/2/416 384/3/384
f 417/1/417 384/2/384 416/3/416
f 384/1/384 417/2/417 385/3/385
f 418/1/418 385/2/385 417/3/417
f 385/1/385 418/2/418 386/3/386
f 419/1/419 386/2/386 418/3/418
f 386/1/386 419/2/419 387/3/387
f 420/1/420 387/2/387 419/3/419
f 387/1/387 420/2/420 388/3/388
f 421/1/421 388/2/388 420/3/420
f 388/1/388 421/2/421 389/3/389
f 422/1/422 389/2/389 421/3/421
f 389/1/389 422/2/422 390/3/390
f 423/1/423 390/2/390 422/3/422
f 390/1/390 423/2/423 391/3/391
f 424/1/424 391/2/391 423/3/423
f 391/1/391 424/2/424 392/3/392
f 393/1/393 424/2/424 425/3/425
f 424/1/424 393/2/393 392/3/392
f 394/1/394 425/2/425 426/3/426
f 425/1/425 394/2/394 393/3/393
f 395/1/395 426/2/426 427/3/427
f 426/1/426 395/2/395 394/3/394
f 396/1/396 427/2/427 428/3/428
f 427/1/427 396/2/396 395/3/395
f 382/1/382 428/2/428 414/3/414
f 428/1/428 382/2/382 396/3/396
f 400/1/400 397/2/397 366/3/366
f 397/1/397 400/2/400 429/3/429
f 398/1/398 399/2/399 365/3/365
f 399/1/399 398/2/398 430/3/430
f 399/1/399 401/2/401 367/3/367
f 401/1/401 399/2/399 431/3/431
f 402/1/402 400/2/400 368/3/368
f 400/1/400 402/2/402 432/3/432
f 401/1/401 403/2/403 369/3/369
f 403/1/403 401/2/401 433/3/433
f 404/1/404 402/2/402 370/3/370
f 402/1/402 404/2/404 434/3/434
f 403/1/403 405/2/405 371/3/371
f 405/1/405 403/2/403 435/3/435
f 406/1/406 404/2/404 372/3/372
f 404/1/404 406/2/406 436/3/436
f 405/1/405 407/2/407 373/3/373
f 407/1/407 405/2/405 437/3/437
f 408/1/408 406/2/406 374/3/374
f 406/1/406 408/2/408 438/3/438
f 439/1/439 375/2/375 407/3/407
f 375/1/375 439/2/439 409/3/409
f 410/1/410 408/2/408 376/3/376
f 408/1/408 410/2/410 440/3/440
f 411/1/411 409/2/409 441/3/441
f 409/1/409 411/2/411 377/3/377
f 378/1/378 442/2/442 410/3/410
f 442/1/442 378/2/378 412/3/412
f 413/1/413 411/2/411 443/3/443
f 411/1/411 413/2/413 379/3/379
f 380/1/380 444/2/444 412/3/412
f 444/1/444 380/2/380 414/3/414
f 415/1/415 443/2/443 445/3/445
f 443/1/443 415/2/415 413/3/413
f 445/1/445 416/2/416 415/3/415
f 416/1/416 445/2/445 446/3/446
f 446/1/446 417/2/417 416/3/416
f 417/1/417 446/2/446 447/3/447
f 447/1/447 418/2/418 417/3/417
f 418/1/418 447/2/447 448/3/448
f 448/1/448 419/2/419 418/3/418
f 419/1/419 448/2/448 449/3/449
f 449/1/449 420/2/420 419/3/419
f 420/1/420 449/2/449 450/3/450
f 451/1/451 420/2/420 450/3/450
f 420/1/420 451/2/451 421/3/421
f 452/1/452 421/2/421 451/3/451
f 421/1/421 452/2/452 422/3/422
f 453/1/453 422/2/422 452/3/452
f 422/1/422 453/2/453 423/3/423
f 454/1/454 423/2/423 453/3/453
f 423/1/423 454/2/454 424/3/424
f 425/1/425 454/2/454 455/3/455
f 454/1/454 425/2/425 424/3/424
f 426/1/426 455/2/455 456/3/456
f 455/1/455 426/2/426 425/3/425
f 427/1/427 456/2/456 457/3/457
f 456/1/456 427/2/427 426/3/426
f 428/1/428 457/2/457 458/3/458
f 457/1/457 428/2/428 427/3/427
f 414/1/414 458/2/458 444/3/444
f 458/1/458 414/2/414 428/3/428
f 432/1/432 429/2/429 400/3/400
f 429/1/429 432/2/432 459/3/459
f 430/1/430 431/2/431 399/3/399
f 431/1/431 430/2/430 460/3/460
f 431/1/431 433/2/433 401/3/401
f 433/1/433 431/2/431 461/3/461
f 434/1/434 432/2/432 402/3/402
f 432/1/432 434/2/434 462/3/462
f 433/1/433 435/2/435 403/3/403
f 435/1/435 433/2/433 463/3/463
f 436/1/436 434/2/434 404/3/404
f 434/1/434 436/2/436 464/3/464
f 435/1/435 437/2/437 405/3/405
f 437/1/437 435/2/435 465/3/465
f 438/1/438 436/2/436 406/3/406
f 436/1/436 438/2/438 466/3/466
f 467/1/467 407/2/407 437/3/437
f 407/1/407 467/2/467 439/3/439
f 440/1/440 438/2/438 408/3/408
f 438/1/438 440/2/440 468/3/468
f 469/1/469 409/2/409 439/3/439
f 409/1/409 469/2/469 441/3/441
f 442/1/442 440/2/440 410/3/410
f 440/1/440 442/2/442 470/3/470
f 443/1/443 441/2/441 471/3/471
f 441/1/441 443/2/443 411/3/411
f 412/1/412 472/2/472 442/3/442
f 472/1/472 412/2/412 444/3/444
f 445/1/445 471/2/471 473/3/473
f 471/1/471 445/2/445 443/3/443
f 474/1/474 445/2/445 473/3/473
f 445/1/445 474/2/474 446/3/446
f 474/1/474 447/2/447 446/3/446
f 447/1/447 474/2/474 475/3/475
f 475/1/475 448/2/448 447/3/447
f 448/1/448 475/2/475 476/3/476
f 476/1/476 449/2/449 448/3/448
f 449/1/449 476/2/476 477/3/477
f 477/1/477 450/2/450 449/3/449
f 450/1/450 477/2/477 478/3/478
f 479/1/479 450/2/450 478/3/478
f 450/1/450 479/2/479 451/3/451
f 480/1/480 451/2/451 479/3/479
f 451/1/451 480/2/480 452/3/452
f 481/1/481 452/2/452 480/3/480
f 452/1/452 481/2/481 453/3/453
f 482/1/482 453/2/453 481/3/481
f 453/1/453 482/2/482 454/3/454
f 455/1/455 482/2/482 483/3/483
f 482/1/482 455/2/455 454/3/454
f 456/1/456 483/2/483 484/3/484
f 483/1/483 456/2/456 455/3/455
f 457/1/457 484/2/484 485/3/485
f 484/1/484 457/2/457 456/3/456
f 458/1/458 485/2/485 486/3/486
f 485/1/485 458/2/458 457/3/457
f 444/1/444 486/2/486 472/3/472
f 486/1/486 444/2/444 458/3/458
f 462/1/462 459/2/459 432/3/432
f 459/1/459 462/2/462 487/3/487
f 460/1/460 461/2/461 431/3/431
f 461/1/461 460/2/460 488/3/488
f 461/1/461 463/2/463 433/3/433
f 463/1/463 461/2/461 489/3/489
f 464/1/464 462/2/462 434/3/434
f 462/1/462 464/2/464 490/3/490
f 463/1/463 465/2/465 435/3/435
f 465/1/465 463/2/463 491/3/491
f 466/1/466 464/2/464 436/3/436
f 464/1/464 466/2/466 492/3/492
f 493/1/493 437/2/437 465/3/465
f 437/1/437 493/2/493 467/3/467
f 468/1/468 466/2/466 438/3/438
f 466/1/466 468/2/468 494/3/494
f 495/1/495 439/2/439 467/3/467
f 439/1/439 495/2/495 469/3/469
f 470/1/470 468/2/468 440/3/440
f 468/1/468 470/2/470 496/3/496
f 497/1/497 441/2/441 469/3/469
f 441/1/441 497/2/497 471/3/471
f 472/1/472 470/2/470 442/3/442
f 470/1/470 472/2/472 498/3/498
f 499/1/499 471/2/471 497/3/497
f 471/1/471 499/2/499 473/3/473
f 500/1/500 473/2/473 499/3/499
f 473/1/473 500/2/500 474/3/474
f 501/1/501 474/2/474 500/3/500
f 474/1/474 501/2/501 475/3/475
f 502/1/502 475/2/475 501/3/501
f 475/1/475 502/2/502 476/3/476
f 503/1/503 476/2/476 502/3/502
f 476/1/476 503/2/503 477/3/477
f 504/1/504 477/2/477 503/3/503
f 477/1/477 504/2/504 478/3/478
f 479/1/479 504/2/504 505/3/505
f 504/1/504 479/2/479 478/3/478
f 480/1/480 505/2/505 506/3/506
f 505/1/505 480/2/480 479/3/479
f 481/1/481 506/2/506 507/3/507
f 506/1/506 481/2/481 480/3/480
f 482/1/482 507/2/507 508/3/508
f 507/1/507 482/2/482 481/3/481
f 483/1/483 508/2/508 509/3/509
f 508/1/508 483/2/483 482/3/482
f 484/1/484 509/2/509 510/3/510
f 509/1/509 484/2/484 483/3/483
f 485/1/485 510/2/510 511/3/511
f 510/1/510 485/2/485 484/3/484
f 486/1/486 511/2/511 512/3/512
f 511/1/511 486/2/486 485/3/485
f 486/1/486 498/2/498 472/3/472
f 498/1/498 486/2/486 512/3/512
f 490/1/490 487/2/487 462/3/462
f 487/1/487 490/2/490 513/3/513
f 488/1/488 489/2/489 461/3/461
f 489/1/489 488/2/488 514/3/514
f 489/1/489 491/2/491 463/3/463
f 491/1/491 489/2/489 515/3/515
f 492/1/492 490/2/490 464/3/464
f 490/1/490 492/2/492 516/3/516
f 517/1/517 465/2/465 491/3/491
f 465/1/465 517/2/517 493/3/493
f 494/1/494 492/2/492 466/3/466
f 492/1/492 494/2/494 518/3/518
f 519/1/519 467/2/467 493/3/493
f 467/1/467 519/2/519 495/3/495
f 496/1/496 494/2/494 468/3/468
f 494/1/494 496/2/496 520/3/520
f 521/1/521 469/2/469 495/3/495
f 469/1/469 521/2/521 497/3/497
f 498/1/498 496/2/496 470/3/470
f 496/1/496 498/2/498 522/3/522
f 523/1/523 497/2/497 521/3/521
f 497/1/497 523/2/523 499/3/499
f 524/1/524 499/2/499 523/3/523
f 499/1/499 524/2/524 500/3/500
f 525/1/525 500/2/500 524/3/524
f 500/1/500 525/2/525 501/3/501
f 526/1/526 501/2/501 525/3/525
f 501/1/501 526/2/526 502/3/502
f 527/1/527 502/2/502 526/3/526
f 502/1/502 527/2/527 503/3/503
f 528/1/528 503/2/503 527/3/527
f 503/1/503 528/2/528 504/3/504
f 505/1/505 528/2/528 529/3/529
f 528/1/528 505/2/505 504/3/504
f 506/1/506 529/2/529 530/3/530
f 529/1/529 506/2/506 505/3/505
f 507/1/507 530/2/530 531/3/531
f 530/1/530 507/2/507 506/3/506
f 508/1/508 531/2/531 532/3/532
f 531/1/531 508/2/508 507/3/507
f 509/1/509 532/2/532 533/3/533
f 532/1/532 509/2/509 508/3/508
f 510/1/510 533/2/533 534/3/534
f 533/1/533 510/2/510 509/3/509
f 511/1/511 534/2/534 535/3/535
f 534/1/534 511/2/511 510/3/510
f 512/1/512 535/2/535 536/3/536
f 535/1/535 512/2/512 511/3/511
f 512/1/512 522/2/522 498/3/498
f 522/1/522 512/2/512 536/3/536
f 516/1/516 513/2/513 490/3/490
f 513/1/513 516/2/516 537/3/537
f 514/1/514 515/2/515 489/3/489
f 515/1/515 514/2/514 538/3/538
f 539/1/539 491/2/491 515/3/515
f 491/1/491 539/2/539 517/3/517
f 518/1/518 516/2/516 492/3/492
f 516/1/516 518/2/518 540/3/540
f 541/1/541 493/2/493 517/3/517
f 493/1/493 541/2/541 519/3/519
f 520/1/520 518/2/518 494/3/494
f 518/1/518 520/2/520 542/3/542
f 543/1/543 495/2/495 519/3/519
f 495/1/495 543/2/543 521/3/521
f 522/1/522 520/2/520 496/3/496
f 520/1/520 522/2/522 544/3/544
f 545/1/545 521/2/521 543/3/543
f 521/1/521 545/2/545 523/3/523
f 546/1/546 523/2/523 545/3/545
f 523/1/523 546/2/546 524/3/524
f 547/1/547 524/2/524 546/3/546
f 524/1/524 547/2/547 525/3/525
f 548/1/548 525/2/525 547/3/547
f 525/1/525 548/2/548 526/3/526
f 549/1/549 526/2/526 548/3/548
f 526/1/526 549/2/549 527/3/527
f 550/1/550 527/2/527 549/3/549
f 527/1/527 550/2/550 528/3/528
f 529/1/529 550/2/550 551/3/551
f 550/1/550 529/2/529 528/3/528
f 530/1/530 551/2/551 552/3/552
f 551/1/551 530/2/530 529/3/529
f 531/1/531 552/2/552 553/3/553
f 552/1/552 531/2/531 530/3/530
f 532/1/532 553/2/553 554/3/554
f 553/1/553 532/2/532 531/3/531
f 533/1/533 554/2/554 555/3/555
f 554/1/554 533/2/533 532/3/532
f 534/1/534 555/2/555 556/3/556
f 555/1/555 534/2/534 533/3/533
f 535/1/535 556/2/556 557/3/557
f 556/1/556 535/2/535 534/3/534
f 536/1/536 557/2/557 558/3/558
f 557/1/557 536/2/536 535/3/535
f 536/1/536 544/2/544 522/3/522
f 544/1/544 536/2/536 558/3/558
f 540/1/540 537/2/537 516/3/516
f 537/1/537 540/2/540 559/3/559
f 560/1/560 515/2/515 538/3/538
f 515/1/515 560/2/560 539/3/539
f 561/1/561 517/2/517 539/3/539
f 517/1/517 561/2/561 541/3/541
f 542/1/542 540/2/540 518/3/518
f 540/1/540 542/2/542 562/3/562
f 563/1/563 519/2/519 541/3/541
f 519/1/519 563/2/563 543/3/543
f 544/1/544 542/2/542 520/3/520
f 542/1/542 544/2/544 564/3/564
f 565/1/565 543/2/543 563/3/563
f 543/1/543 565/2/565 545/3/545
f 566/1/566 545/2/545 565/3/565
f 545/1/545 566/2/566 546/3/546
f 567/1/567 546/2/546 566/3/566
f 546/1/546 567/2/567 547/3/547
f 568/1/568 547/2/547 567/3/567
f 547/1/547 568/2/568 548/3/548
f 569/1/569 548/2/548 568/3/568
f 548/1/548 569/2/569 549/3/549
f 570/1/570 549/2/549 569/3/569
f 549/1/549 570/2/570 550/3/550
f 551/1/551 570/2/570 571/3/571
f 570/1/570 551/2/551 550/3/550
f 552/1/552 571/2/571 572/3/572
f 571/1/571 552/2/552 551/3/551
f 553/1/553 572/2/572 573/3/573
f 572/1/572 553/2/553 552/3/552
f 554/1/554 573/2/573 574/3/574
f 573/1/573 554/2/554 553/3/553
f 555/1/555 574/2/574 575/3/575
f 574/1/574 555/2/555 554/3/554
f 556/1/556 575/2/575 576/3/576
f 575/1/575 556/2/556 555/3/555
f 557/1/557 576/2/576 577/3/577
f 576/1/576 557/2/557 556/3/556
f 558/1/558 577/2/577 578/3/578
f 577/1/577 558/2/558 557/3/557
f 558/1/558 564/2/564 544/3/544
f 564/1/564 558/2/558 578/3/578
f 562/1/562 559/2/559 540/3/540
f 559/1/559 562/2/562 579/3/579
f 580/1/580 539/2/539 560/3/560
f 539/1/539 580/2/580 561/3/561
f 581/1/581 541/2/541 561/3/561
f 541/1/541 581/2/581 563/3/563
f 564/1/564 562/2/562 542/3/542
f 562/1/562 564/2/564 582/3/582
f 583/1/583 563/2/563 581/3/581
f 563/1/563 583/2/583 565/3/565
f 584/1/584 565/2/565 583/3/583
f 565/1/565 584/2/584 566/3/566
f 585/1/585 566/2/566 584/3/584
f 566/1/566 585/2/585 567/3/567
f 586/1/586 567/2/567 585/3/585
f 567/1/567 586/2/586 568/3/568
f 587/1/587 568/2/568 586/3/586
f 568/1/568 587/2/587 569/3/569
f 588/1/588 569/2/569 587/3/587
f 569/1/569 588/2/588 570/3/570
f 571/1/571 588/2/588 589/3/589
f 588/1/588 571/2/571 570/3/570
f 572/1/572 589/2/589 590/3/590
f 589/1/589 572/2/572 571/3/571
f 573/1/573 590/2/590 591/3/591
f 590/1/590 573/2/573 572/3/572
f 574/1/574 591/2/591 592/3/592
f 591/1/591 574/2/574 573/3/573
f 575/1/575 592/2/592 593/3/593
f 592/1/592 575/2/575 574/3/574
f 576/1/576 593/2/593 594/3/594
f 593/1/593 576/2/576 575/3/575
f 577/1/577 594/2/594 595/3/595
f 594/1/594 577/2/577 576/3/576
f 578/1/578 595/2/595 596/3/596
f 595/1/595 578/2/578 577/3/577
f 578/1/578 582/2/582 564/3/564
f 582/1/582 578/2/578 596/3/596
f 582/1/582 579/2/579 562/3/562
f 579/1/579 582/2/582 597/3/597
f 598/1/598 561/2/561 580/3/580
f 561/1/561 598/2/598 581/3/581
f 599/1/599 581/2/581 598/3/598
f 581/1/581 599/2/599 583/3/583
f 600/1/600 583/2/583 599/3/599
f 583/1/583 600/2/600 584/3/584
f 601/1/601 584/2/584 600/3/600
f 584/1/584 601/2/601 585/3/585
f 602/1/602 585/2/585 601/3/601
f 585/1/585 602/2/602 586/3/586
f 603/1/603 586/2/586 602/3/602
f 586/1/586 603/2/603 587/3/587
f 604/1/604 587/2/587 603/3/603
f 587/1/587 604/2/604 588/3/588
f 589/1/589 604/2/604 605/3/605
f 604/1/604 589/2/589 588/3/588
f 590/1/590 605/2/605 606/3/606
f 605/1/605 590/2/590 589/3/589
f 591/1/591 606/2/606 607/3/607
f 606/1/606 591/2/591 590/3/590
f 592/1/592 607/2/607 608/3/608
f 607/1/607 592/2/592 591/3/591
f 593/1/593 608/2/608 609/3/609
f 608/1/608 593/2/593 592/3/592
f 594/1/594 609/2/609 610/3/610
f 609/1/609 594/2/594 593/3/593
f 595/1/595 610/2/610 611/3/611
f 610/1/610 595/2/595 594/3/594
f 596/1/596 611/2/611 612/3/612
f 611/1/611 596/2/596 595/3/595
f 596/1/596 597/2/597 582/3/582
f 597/1/597 596/2/596 612/3/612
f 613/1/613 614/2/614 615/3/615
f 616/1/616 615/2/615 614/3/614
f 616/1/616 614/2/614 617/3/617
f 618/1/618 617/2/617 614/3/614
f 619/1/619 620/2/620 613/3/613
f 614/1/614 613/2/613 620/3/620
f 621/1/621 613/2/613 622/3/622
f 615/1/615 622/2/622 613/3/613
f 615/1/615 616/2/616 623/3/623
f 624/1/624 623/2/623 616/3/616
f 617/1/617 618/2/618 625/3/625
f 626/1/626 625/2/625 618/3/618
f 614/1/614 620/2/620 618/3/618
f 627/1/627 618/2/618 620/3/620
f 624/1/624 616/2/616 628/3/628
f 617/1/617 628/2/628 616/3/616
f 629/1/629 630/2/630 619/3/619
f 620/1/620 619/2/619 630/3/630
f 631/1/631 619/2/619 621/3/621
f 613/1/613 621/2/621 619/3/619
f 632/1/632 621/2/621 633/3/633
f 622/1/622 633/2/633 621/3/621
f 622/1/622 615/2/615 634/3/634
f 623/1/623 634/2/634 615/3/615
f 635/1/635 623/2/623 636/3/636
f 624/1/624 636/2/636 623/3/623
f 637/1/637 625/2/625 638/3/638
f 626/1/626 638/2/638 625/3/625
f 618/1/618 627/2/627 626/3/626
f 639/1/639 626/2/626 627/3/627
f 628/1/628 617/2/617 640/3/640
f 625/1/625 640/2/640 617/3/617
f 620/1/620 630/2/630 627/3/627
f 641/1/641 627/2/627 630/3/630
f 636/1/636 624/2/624 642/3/642
f 628/1/628 642/2/642 624/3/624
f 643/1/643 644/2/644 629/3/629
f 630/1/630 629/2/629 644/3/644
f 645/1/645 629/2/629 631/3/631
f 619/1/619 631/2/631 629/3/629
f 646/1/646 631/2/631 632/3/632
f 621/1/621 632/2/632 631/3/631
f 647/1/647 632/2/632 648/3/648
f 633/1/633 648/2/648 632/3/632
f 633/1/633 622/2/622 649/3/649
f 634/1/634 649/2/649 622/3/622
f 650/1/650 634/2/634 635/3/635
f 623/1/623 635/2/635 634/3/634
f 651/1/651 635/2/635 652/3/652
f 636/1/636 652/2/652 635/3/635
f 653/1/653 637/2/637 654/3/654
f 638/1/638 654/2/654 637/3/637
f 626/1/626 639/2/639 638/3/638
f 655/1/655 638/2/638 639/3/639
f 656/1/656 640/2/640 637/3/637
f 625/1/625 637/2/637 640/3/640
f 627/1/627 641/2/641 639/3/639
f 657/1/657 639/2/639 641/3/641
f 642/1/642 628/2/628 658/3/658
f 640/1/640 658/2/658 628/3/628
f 644/1/644 659/2/659 630/3/630
f 641/1/641 630/2/630 659/3/659
f 660/1/660 652/2/652 642/3/642
f 636/1/636 642/2/642 652/3/652
f 661/1/661 662/2/662 643/3/643
f 644/1/644 643/2/643 662/3/662
f 663/1/663 643/2/643 645/3/645
f 629/1/629 645/2/645 643/3/643
f 664/1/664 645/2/645 646/3/646
f 631/1/631 646/2/646 645/3/645
f 665/1/665 646/2/646 647/3/647
f 632/1/632 647/2/647 646/3/646
f 666/1/666 647/2/647 667/3/667
f 648/1/648 667/2/667 647/3/647
f 648/1/648 633/2/633 668/3/668
f 649/1/649 668/2/668 633/3/633
f 669/1/669 649/2/649 650/3/650
f 634/1/634 650/2/650 649/3/649
f 670/1/670 650/2/650 651/3/651
f 635/1/635 651/2/651 650/3/650
f 671/1/671 651/2/651 672/3/672
f 652/1/652 672/2/672 651/3/651
f 673/1/673 653/2/653 674/3/674
f 654/1/654 674/2/674 653/3/653
f 654/1/654 638/2/638 675/3/675
f 655/1/655 675/2/675 638/3/638
f 676/1/676 656/2/656 653/3/653
f 637/1/637 653/2/653 656/3/656
f 639/1/639 657/2/657 655/3/655
f 677/1/677 655/2/655 657/3/657
f 658/1/658 640/2/640 678/3/678
f 656/1/656 678/2/678 640/3/640
f 641/1/641 659/2/659 657/3/657
f 679/1/679 657/2/657 659/3/659
f 680/1/680 660/2/660 658/3/658
f 642/1/642 658/2/658 660/3/660
f 644/1/644 662/2/662 659/3/659
f 681/1/681 659/2/659 662/3/662
f 682/1/682 672/2/672 660/3/660
f 652/1/652 660/2/660 672/3/672
f 683/1/683 684/2/684 661/3/661
f 662/1/662 661/2/661 684/3/684
f 685/1/685 661/2/661 663/3/663
f 643/1/643 663/2/663 661/3/661
f 686/1/686 663/2/663 664/3/664
f 645/1/645 664/2/664 663/3/663
f 687/1/687 664/2/664 665/3/665
f 646/1/646 665/2/665 664/3/664
f 688/1/688 665/2/665 666/3/666
f 647/1/647 666/2/666 665/3/665
f 689/1/689 690/2/690 691/3/691
f 690/1/690 692/2/692 691/3/691
f 691/1/691 692/2/692 693/3/693
f 692/1/692 694/2/694 693/3/693
f 693/1/693 694/2/694 695/3/695
f 694/1/694 696/2/696 695/3/695
f 695/1/695 696/2/696 697/3/697
f 696/1/696 698/2/698 697/3/697
f 697/1/697 698/2/698 699/3/699
f 698/1/698 700/2/700 699/3/699
f 699/1/699 700/2/700 701/3/701
f 700/1/700 702/2/702 701/3/701
f 701/1/701 702/2/702 703/3/703
f 702/1/702 704/2/704 703/3/703
f 703/1/703 704/2/704 705/3/705
f 704/1/704 706/2/706 705/3/705
f 705/1/705 706/2/706 707/3/707
f 706/1/706 708/2/708 707/3/707
f 707/1/707 708/2/708 709/3/709
f 708/1/708 710/2/710 709/3/709
f 709/1/709 710/2/710 711/3/711
f 710/1/710 712/2/712 711/3/711
f 711/1/711 712/2/712 713/3/713
f 712/1/712 714/2/714 713/3/713
f 713/1/713 714/2/714 715/3/715
f 714/1/714 716/2/716 715/3/715
f 715/1/715 716/2/716 717/3/717
f 716/1/716 688/2/688 717/3/717
f 717/1/717 688/2/688 718/3/718
f 688/1/688 666/2/666 718/3/718
f 718/1/718 666/2/666 719/3/719
f 666/1/666 667/2/667 719/3/719
f 719/1/719 667/2/667 720/3/720
f 721/1/721 720/2/720 667/3/667
f 667/1/667 648/2/648 721/3/721
f 668/1/668 721/2/721 648/3/648
f 722/1/722 668/2/668 669/3/669
f 649/1/649 669/2/669 668/3/668
f 723/1/723 669/2/669 670/3/670
f 650/1/650 670/2/670 669/3/669
f 724/1/724 670/2/670 671/3/671
f 651/1/651 671/2/671 670/3/670
f 725/1/725 671/2/671 726/3/726
f 672/1/672 726/2/726 671/3/671
f 727/1/727 728/2/728 674/3/674
f 673/1/673 674/2/674 728/3/728
f 674/1/674 654/2/654 729/3/729
f 675/1/675 729/2/729 654/3/654
f 730/1/730 676/2/676 673/3/673
f 653/1/653 673/2/673 676/3/676
f 675/1/675 655/2/655 731/3/731
f 677/1/677 731/2/731 655/3/655
f 732/1/732 678/2/678 676/3/676
f 656/1/656 676/2/676 678/3/678
f 657/1/657 679/2/679 677/3/677
f 733/1/733 677/2/677 679/3/679
f 734/1/734 680/2/680 678/3/678
f 658/1/658 678/2/678 680/3/680
f 659/1/659 681/2/681 679/3/679
f 735/1/735 679/2/679 681/3/681
f 736/1/736 682/2/682 680/3/680
f 660/1/660 680/2/680 682/3/682
f 662/1/662 684/2/684 681/3/681
f 737/1/737 681/2/681 684/3/684
f 738/1/738 726/2/726 682/3/682
f 672/1/672 682/2/682 726/3/726
f 739/1/739 740/2/740 683/3/683
f 684/1/684 683/2/683 740/3/740
f 741/1/741 683/2/683 685/3/685
f 661/1/661 685/2/685 683/3/683
f 742/1/742 685/2/685 686/3/686
f 663/1/663 686/2/686 685/3/685
f 743/1/743 686/2/686 687/3/687
f 664/1/664 687/2/687 686/3/686
f 716/1/716 687/2/687 688/3/688
f 665/1/665 688/2/688 687/3/687
f 744/1/744 745/2/745 704/3/704
f 706/1/706 704/2/704 745/3/745
f 746/1/746 744/2/744 702/3/702
f 704/1/704 702/2/702 744/3/744
f 747/1/747 746/2/746 700/3/700
f 702/1/702 700/2/700 746/3/746
f 748/1/748 747/2/747 698/3/698
f 700/1/700 698/2/698 747/3/747
f 749/1/749 748/2/748 696/3/696
f 698/1/698 696/2/696 748/3/748
f 750/1/750 749/2/749 694/3/694
f 696/1/696 694/2/694 749/3/749
f 751/1/751 750/2/750 692/3/692
f 694/1/694 692/2/692 750/3/750
f 752/1/752 751/2/751 690/3/690
f 692/1/692 690/2/690 751/3/751
f 753/1/753 752/2/752 689/3/689
f 690/1/690 689/2/689 752/3/752
f 753/1/753 689/2/689 754/3/754
f 691/1/691 754/2/754 689/3/689
f 754/1/754 691/2/691 755/3/755
f 693/1/693 755/2/755 691/3/691
f 755/1/755 693/2/693 756/3/756
f 695/1/695 756/2/756 693/3/693
f 756/1/756 695/2/695 757/3/757
f 697/1/697 757/2/757 695/3/695
f 757/1/757 697/2/697 758/3/758
f 699/1/699 758/2/758 697/3/697
f 758/1/758 699/2/699 759/3/759
f 701/1/701 759/2/759 699/3/699
f 759/1/759 701/2/701 760/3/760
f 703/1/703 760/2/760 701/3/701
f 760/1/760 703/2/703 761/3/761
f 705/1/705 761/2/761 703/3/703
f 705/1/705 707/2/707 761/3/761
f 762/1/762 761/2/761 707/3/707
f 707/1/707 709/2/709 762/3/762
f 763/1/763 762/2/762 709/3/709
f 709/1/709 711/2/711 763/3/763
f 764/1/764 763/2/763 711/3/711
f 711/1/711 713/2/713 764/3/764
f 765/1/765 764/2/764 713/3/713
f 713/1/713 715/2/715 765/3/765
f 766/1/766 765/2/765 715/3/715
f 715/1/715 717/2/717 766/3/766
f 767/1/767 766/2/766 717/3/717
f 717/1/717 718/2/718 767/3/767
f 768/1/768 767/2/767 718/3/718
f 718/1/718 719/2/719 768/3/768
f 769/1/769 768/2/768 719/3/719
f 719/1/719 720/2/720 769/3/769
f 722/1/722 769/2/769 720/3/720
f 720/1/720 721/2/721 722/3/722
f 668/1/668 722/2/722 721/3/721
f 714/1/714 743/2/743 716/3/716
f 687/1/687 716/2/716 743/3/743
f 712/1/712 770/2/770 714/3/714
f 743/1/743 714/2/714 770/3/770
f 710/1/710 771/2/771 712/3/712
f 770/1/770 712/2/712 771/3/771
f 708/1/708 772/2/772 710/3/710
f 771/1/771 710/2/710 772/3/772
f 706/1/706 745/2/745 708/3/708
f 772/1/772 708/2/708 745/3/745
f 769/1/769 722/2/722 723/3/723
f 669/1/669 723/2/723 722/3/722
f 773/1/773 723/2/723 724/3/724
f 670/1/670 724/2/724 723/3/723
f 774/1/774 724/2/724 725/3/725
f 671/1/671 725/2/725 724/3/724
f 775/1/775 725/2/725 776/3/776
f 726/1/726 776/2/776 725/3/725
f 777/1/777 778/2/778 727/3/727
f 728/1/728 727/2/727 778/3/778
f 779/1/779 727/2/727 729/3/729
f 674/1/674 729/2/729 727/3/727
f 728/1/728 780/2/780 673/3/673
f 730/1/730 673/2/673 780/3/780
f 729/1/729 675/2/675 781/3/781
f 731/1/731 781/2/781 675/3/675
f 782/1/782 732/2/732 730/3/730
f 676/1/676 730/2/730 732/3/732
f 677/1/677 733/2/733 731/3/731
f 783/1/783 731/2/731 733/3/733
f 734/1/734 678/2/678 784/3/784
f 732/1/732 784/2/784 678/3/678
f 679/1/679 735/2/735 733/3/733
f 785/1/785 733/2/733 735/3/735
f 786/1/786 736/2/736 734/3/734
f 680/1/680 734/2/734 736/3/736
f 681/1/681 737/2/737 735/3/735
f 787/1/787 735/2/735 737/3/737
f 788/1/788 738/2/738 736/3/736
f 682/1/682 736/2/736 738/3/738
f 684/1/684 740/2/740 737/3/737
f 789/1/789 737/2/737 740/3/740
f 776/1/776 726/2/726 790/3/790
f 738/1/738 790/2/790 726/3/726
f 791/1/791 792/2/792 739/3/739
f 740/1/740 739/2/739 792/3/792
f 793/1/793 739/2/739 741/3/741
f 683/1/683 741/2/741 739/3/739
f 794/1/794 741/2/741 742/3/742
f 685/1/685 742/2/742 741/3/741
f 770/1/770 742/2/742 743/3/743
f 686/1/686 743/2/743 742/3/742
f 795/1/795 796/2/796 744/3/744
f 745/1/745 744/2/744 796/3/796
f 797/1/797 795/2/795 746/3/746
f 744/1/744 746/2/746 795/3/795
f 798/1/798 797/2/797 747/3/747
f 746/1/746 747/2/747 797/3/797
f 799/1/799 798/2/798 748/3/748
f 747/1/747 748/2/748 798/3/798
f 800/1/800 799/2/799 749/3/749
f 748/1/748 749/2/749 799/3/799
f 801/1/801 800/2/800 750/3/750
f 749/1/749 750/2/750 800/3/800
f 802/1/802 801/2/801 751/3/751
f 750/1/750 751/2/751 801/3/801
f 803/1/803 802/2/802 752/3/752
f 751/1/751 752/2/752 802/3/802
f 804/1/804 803/2/803 753/3/753
f 752/1/752 753/2/753 803/3/803
f 804/1/804 753/2/753 805/3/805
f 754/1/754 805/2/805 753/3/753
f 805/1/805 754/2/754 806/3/806
f 755/1/755 806/2/806 754/3/754
f 806/1/806 755/2/755 807/3/807
f 756/1/756 807/2/807 755/3/755
f 807/1/807 756/2/756 808/3/808
f 757/1/757 808/2/808 756/3/756
f 808/1/808 757/2/757 809/3/809
f 758/1/758 809/2/809 757/3/757
f 809/1/809 758/2/758 810/3/810
f 759/1/759 810/2/810 758/3/758
f 810/1/810 759/2/759 811/3/811
f 760/1/760 811/2/811 759/3/759
f 811/1/811 760/2/760 812/3/812
f 761/1/761 812/2/812 760/3/760
f 761/1/761 762/2/762 812/3/812
f 813/1/813 812/2/812 762/3/762
f 762/1/762 763/2/763 813/3/813
f 814/1/814 813/2/813 763/3/763
f 763/1/763 764/2/764 814/3/814
f 815/1/815 814/2/814 764/3/764
f 764/1/764 765/2/765 815/3/815
f 816/1/816 815/2/815 765/3/765
f 765/1/765 766/2/766 816/3/816
f 817/1/817 816/2/816 766/3/766
f 766/1/766 767/2/767 817/3/817
f 818/1/818 817/2/817 767/3/767
f 767/1/767 768/2/768 818/3/818
f 773/1/773 818/2/818 768/3/768
f 768/1/768 769/2/769 773/3/773
f 723/1/723 773/2/773 769/3/769
f 771/1/771 794/2/794 770/3/770
f 742/1/742 770/2/770 794/3/794
f 772/1/772 819/2/819 771/3/771
f 794/1/794 771/2/771 819/3/819
f 745/1/745 796/2/796 772/3/772
f 819/1/819 772/2/772 796/3/796
f 818/1/818 773/2/773 774/3/774
f 724/1/724 774/2/774 773/3/773
f 820/1/820 774/2/774 775/3/775
f 725/1/725 775/2/775 774/3/774
f 821/1/821 775/2/775 822/3/822
f 776/1/776 822/2/822 775/3/775
f 823/1/823 824/2/824 777/3/777
f 778/1/778 777/2/777 824/3/824
f 825/1/825 777/2/777 779/3/779
f 727/1/727 779/2/779 777/3/777
f 778/1/778 826/2/826 728/3/728
f 780/1/780 728/2/728 826/3/826
f 827/1/827 779/2/779 781/3/781
f 729/1/729 781/2/781 779/3/779
f 828/1/828 782/2/782 780/3/780
f 730/1/730 780/2/780 782/3/782
f 829/1/829 781/2/781 783/3/783
f 731/1/731 783/2/783 781/3/781
f 784/1/784 732/2/732 830/3/830
f 782/1/782 830/2/830 732/3/732
f 733/1/733 785/2/785 783/3/783
f 831/1/831 783/2/783 785/3/785
f 786/1/786 734/2/734 832/3/832
f 784/1/784 832/2/832 734/3/734
f 735/1/735 787/2/787 785/3/785
f 833/1/833 785/2/785 787/3/787
f 834/1/834 788/2/788 786/3/786
f 736/1/736 786/2/786 788/3/788
f 737/1/737 789/2/789 787/3/787
f 835/1/835 787/2/787 789/3/789
f 836/1/836 790/2/790 788/3/788
f 738/1/738 788/2/788 790/3/790
f 740/1/740 792/2/792 789/3/789
f 837/1/837 789/2/789 792/3/792
f 822/1/822 776/2/776 838/3/838
f 790/1/790 838/2/838 776/3/776
f 839/1/839 792/2/792 840/3/840
f 791/1/791 840/2/840 792/3/792
f 841/1/841 791/2/791 793/3/793
f 739/1/739 793/2/793 791/3/791
f 819/1/819 793/2/793 794/3/794
f 741/1/741 794/2/794 793/3/793
f 842/1/842 841/2/841 795/3/795
f 796/1/796 795/2/795 841/3/841
f 843/1/843 842/2/842 797/3/797
f 795/1/795 797/2/797 842/3/842
f 844/1/844 843/2/843 798/3/798
f 797/1/797 798/2/798 843/3/843
f 845/1/845 844/2/844 799/3/799
f 798/1/798 799/2/799 844/3/844
f 846/1/846 845/2/845 800/3/800
f 799/1/799 800/2/800 845/3/845
f 847/1/847 846/2/846 801/3/801
f 800/1/800 801/2/801 846/3/846
f 848/1/848 847/2/847 802/3/802
f 801/1/801 802/2/802 847/3/847
f 849/1/849 848/2/848 803/3/803
f 802/1/802 803/2/803 848/3/848
f 850/1/850 849/2/849 804/3/804
f 803/1/803 804/2/804 849/3/849
f 850/1/850 804/2/804 851/3/851
f 805/1/805 851/2/851 804/3/804
f 851/1/851 805/2/805 852/3/852
f 806/1/806 852/2/852 805/3/805
f 852/1/852 806/2/806 853/3/853
f 807/1/807 853/2/853 806/3/806
f 853/1/853 807/2/807 854/3/854
f 808/1/808 854/2/854 807/3/807
f 854/1/854 808/2/808 855/3/855
f 809/1/809 855/2/855 808/3/808
f 855/1/855 809/2/809 856/3/856
f 810/1/810 856/2/856 809/3/809
f 856/1/856 810/2/810 857/3/857
f 811/1/811 857/2/857 810/3/810
f 857/1/857 811/2/811 858/3/858
f 812/1/812 858/2/858 811/3/811
f 812/1/812 813/2/813 858/3/858
f 859/1/859 858/2/858 813/3/813
f 813/1/813 814/2/814 859/3/859
f 860/1/860 859/2/859 814/3/814
f 814/1/814 815/2/815 860/3/860
f 861/1/861 860/2/860 815/3/815
f 815/1/815 816/2/816 861/3/861
f 862/1/862 861/2/861 816/3/816
f 816/1/816 817/2/817 862/3/862
f 820/1/820 862/2/862 817/3/817
f 817/1/817 818/2/818 820/3/820
f 774/1/774 820/2/820 818/3/818
f 796/1/796 841/2/841 819/3/819
f 793/1/793 819/2/819 841/3/841
f 862/1/862 820/2/820 821/3/821
f 775/1/775 821/2/821 820/3/820
f 863/1/863 821/2/821 864/3/864
f 822/1/822 864/2/864 821/3/821
f 865/1/865 866/2/866 823/3/823
f 824/1/824 823/2/823 866/3/866
f 867/1/867 823/2/823 825/3/825
f 777/1/777 825/2/825 823/3/823
f 824/1/824 868/2/868 778/3/778
f 826/1/826 778/2/778 868/3/868
f 869/1/869 825/2/825 827/3/827
f 779/1/779 827/2/827 825/3/825
f 870/1/870 828/2/828 826/3/826
f 780/1/780 826/2/826 828/3/828
f 871/1/871 827/2/827 829/3/829
f 781/1/781 829/2/829 827/3/827
f 872/1/872 830/2/830 828/3/828
f 782/1/782 828/2/828 830/3/830
f 783/1/783 831/2/831 829/3/829
f 873/1/873 829/2/829 831/3/831
f 832/1/832 784/2/784 874/3/874
f 830/1/830 874/2/874 784/3/784
f 785/1/785 833/2/833 831/3/831
f 875/1/875 831/2/831 833/3/833
f 834/1/834 786/2/786 876/3/876
f 832/1/832 876/2/876 786/3/786
f 787/1/787 835/2/835 833/3/833
f 877/1/877 833/2/833 835/3/835
f 836/1/836 788/2/788 878/3/878
f 834/1/834 878/2/878 788/3/788
f 789/1/789 837/2/837 835/3/835
f 879/1/879 835/2/835 837/3/837
f 838/1/838 790/2/790 880/3/880
f 836/1/836 880/2/880 790/3/790
f 792/1/792 839/2/839 837/3/837
f 881/1/881 837/2/837 839/3/839
f 864/1/864 822/2/822 882/3/882
f 838/1/838 882/2/882 822/3/822
f 883/1/883 839/2/839 884/3/884
f 840/1/840 884/2/884 839/3/839
f 840/1/840 791/2/791 842/3/842
f 841/1/841 842/2/842 791/3/791
f 884/1/884 840/2/840 843/3/843
f 842/1/842 843/2/843 840/3/840
f 885/1/885 884/2/884 844/3/844
f 843/1/843 844/2/844 884/3/884
f 886/1/886 885/2/885 845/3/845
f 844/1/844 845/2/845 885/3/885
f 887/1/887 886/2/886 846/3/846
f 845/1/845 846/2/846 886/3/886
f 888/1/888 887/2/887 847/3/847
f 846/1/846 847/2/847 887/3/887
f 889/1/889 888/2/888 848/3/848
f 847/1/847 848/2/848 888/3/888
f 890/1/890 889/2/889 849/3/849
f 848/1/848 849/2/849 889/3/889
f 891/1/891 890/2/890 850/3/850
f 849/1/849 850/2/850 890/3/890
f 891/1/891 850/2/850 892/3/892
f 851/1/851 892/2/892 850/3/850
f 892/1/892 851/2/851 893/3/893
f 852/1/852 893/2/893 851/3/851
f 893/1/893 852/2/852 894/3/894
f 853/1/853 894/2/894 852/3/852
f 894/1/894 853/2/853 895/3/895
f 854/1/854 895/2/895 853/3/853
f 895/1/895 854/2/854 896/3/896
f 855/1/855 896/2/896 854/3/854
f 896/1/896 855/2/855 897/3/897
f 856/1/856 897/2/897 855/3/855
f 897/1/897 856/2/856 898/3/898
f 857/1/857 898/2/898 856/3/856
f 898/1/898 857/2/857 899/3/899
f 858/1/858 899/2/899 857/3/857
f 858/1/858 859/2/859 899/3/899
f 900/1/900 899/2/899 859/3/859
f 859/1/859 860/2/860 900/3/900
f 901/1/901 900/2/900 860/3/860
f 860/1/860 861/2/861 901/3/901
f 863/1/863 901/2/901 861/3/861
f 861/1/861 862/2/862 863/3/863
f 821/1/821 863/2/863 862/3/862
f 901/1/901 863/2/863 902/3/902
f 864/1/864 902/2/902 863/3/863
f 903/1/903 904/2/904 865/3/865
f 866/1/866 865/2/865 904/3/904
f 905/1/905 865/2/865 867/3/867
f 823/1/823 867/2/867 865/3/865
f 866/1/866 906/2/906 824/3/824
f 868/1/868 824/2/824 906/3/906
f 907/1/907 867/2/867 869/3/869
f 825/1/825 869/2/869 867/3/867
f 908/1/908 870/2/870 868/3/868
f 826/1/826 868/2/868 870/3/870
f 909/1/909 869/2/869 871/3/871
f 827/1/827 871/2/871 869/3/869
f 910/1/910 872/2/872 870/3/870
f 828/1/828 870/2/870 872/3/872
f 911/1/911 871/2/871 873/3/873
f 829/1/829 873/2/873 871/3/871
f 912/1/912 874/2/874 872/3/872
f 830/1/830 872/2/872 874/3/874
f 831/1/831 875/2/875 873/3/873
f 913/1/913 873/2/873 875/3/875
f 876/1/876 832/2/832 914/3/914
f 874/1/874 914/2/914 832/3/832
f 833/1/833 877/2/877 875/3/875
f 915/1/915 875/2/875 877/3/877
f 878/1/878 834/2/834 916/3/916
f 876/1/876 916/2/916 834/3/834
f 835/1/835 879/2/879 877/3/877
f 917/1/917 877/2/877 879/3/879
f 880/1/880 836/2/836 918/3/918
f 878/1/878 918/2/918 836/3/836
f 837/1/837 881/2/881 879/3/879
f 919/1/919 879/2/879 881/3/881
f 882/1/882 838/2/838 920/3/920
f 880/1/880 920/2/920 838/3/838
f 839/1/839 883/2/883 881/3/881
f 921/1/921 881/2/881 883/3/883
f 902/1/902 864/2/864 922/3/922
f 882/1/882 922/2/922 864/3/864
f 923/1/923 883/2/883 885/3/885
f 884/1/884 885/2/885 883/3/883
f 924/1/924 923/2/923 886/3/886
f 885/1/885 886/2/886 923/3/923
f 925/1/925 924/2/924 887/3/887
f 886/1/886 887/2/887 924/3/924
f 926/1/926 925/2/925 888/3/888
f 887/1/887 888/2/888 925/3/925
f 927/1/927 926/2/926 889/3/889
f 888/1/888 889/2/889 926/3/926
f 928/1/928 927/2/927 890/3/890
f 889/1/889 890/2/890 927/3/927
f 929/1/929 928/2/928 891/3/891
f 890/1/890 891/2/891 928/3/928
f 929/1/929 891/2/891 930/3/930
f 892/1/892 930/2/930 891/3/891
f 930/1/930 892/2/892 931/3/931
f 893/1/893 931/2/931 892/3/892
f 931/1/931 893/2/893 932/3/932
f 894/1/894 932/2/932 893/3/893
f 932/1/932 894/2/894 933/3/933
f 895/1/895 933/2/933 894/3/894
f 933/1/933 895/2/895 934/3/934
f 896/1/896 934/2/934 895/3/895
f 934/1/934 896/2/896 935/3/935
f 897/1/897 935/2/935 896/3/896
f 935/1/935 897/2/897 936/3/936
f 898/1/898 936/2/936 897/3/897
f 936/1/936 898/2/898 937/3/937
f 899/1/899 937/2/937 898/3/898
f 899/1/899 900/2/900 937/3/937
f 938/1/938 937/2/937 900/3/900
f 900/1/900 901/2/901 938/3/938
f 902/1/902 938/2/938 901/3/901
f 939/1/939 940/2/940 903/3/903
f 904/1/904 903/2/903 940/3/940
f 941/1/941 903/2/903 905/3/905
f 865/1/865 905/2/905 903/3/903
f 904/1/904 942/2/942 866/3/866
f 906/1/906 866/2/866 942/3/942
f 943/1/943 905/2/905 907/3/907
f 867/1/867 907/2/907 905/3/905
f 944/1/944 908/2/908 906/3/906
f 868/1/868 906/2/906 908/3/908
f 945/1/945 907/2/907 909/3/909
f 869/1/869 909/2/909 907/3/907
f 946/1/946 910/2/910 908/3/908
f 870/1/870 908/2/908 910/3/910
f 947/1/947 909/2/909 911/3/911
f 871/1/871 911/2/911 909/3/909
f 948/1/948 912/2/912 910/3/910
f 872/1/872 910/2/910 912/3/912
f 949/1/949 911/2/911 913/3/913
f 873/1/873 913/2/913 911/3/911
f 950/1/950 914/2/914 912/3/912
f 874/1/874 912/2/912 914/3/914
f 875/1/875 915/2/915 913/3/913
f 951/1/951 913/2/913 915/3/915
f 952/1/952 916/2/916 914/3/914
f 876/1/876 914/2/914 916/3/916
f 877/1/877 917/2/917 915/3/915
f 953/1/953 915/2/915 917/3/917
f 918/1/918 878/2/878 954/3/954
f 916/1/916 954/2/954 878/3/878
f 879/1/879 919/2/919 917/3/917
f 955/1/955 917/2/917 919/3/919
f 920/1/920 880/2/880 956/3/956
f 918/1/918 956/2/956 880/3/880
f 881/1/881 921/2/921 919/3/919
f 957/1/957 919/2/919 921/3/921
f 922/1/922 882/2/882 958/3/958
f 920/1/920 958/2/958 882/3/882
f 883/1/883 923/2/923 921/3/921
f 959/1/959 921/2/921 923/3/923
f 938/1/938 902/2/902 960/3/960
f 922/1/922 960/2/960 902/3/902
f 923/1/923 924/2/924 959/3/959
f 961/1/961 959/2/959 924/3/924
f 962/1/962 961/2/961 925/3/925
f 924/1/924 925/2/925 961/3/961
f 926/1/926 963/2/963 925/3/925
f 962/1/962 925/2/925 963/3/963
f 927/1/927 964/2/964 926/3/926
f 963/1/963 926/2/926 964/3/964
f 928/1/928 965/2/965 927/3/927
f 964/1/964 927/2/927 965/3/965
f 929/1/929 966/2/966 928/3/928
f 965/1/965 928/2/928 966/3/966
f 967/1/967 966/2/966 930/3/930
f 929/1/929 930/2/930 966/3/966
f 968/1/968 967/2/967 931/3/931
f 930/1/930 931/2/931 967/3/967
f 969/1/969 968/2/968 932/3/932
f 931/1/931 932/2/932 968/3/968
f 970/1/970 969/2/969 933/3/933
f 932/1/932 933/2/933 969/3/969
f 970/1/970 933/2/933 971/3/971
f 934/1/934 971/2/971 933/3/933
f 934/1/934 935/2/935 971/3/971
f 972/1/972 971/2/971 935/3/935
f 935/1/935 936/2/936 972/3/972
f 973/1/973 972/2/972 936/3/936
f 936/1/936 937/2/937 973/3/973
f 974/1/974 973/2/973 937/3/937
f 937/1/937 938/2/938 974/3/974
f 960/1/960 974/2/974 938/3/938
f 940/1/940 975/2/975 904/3/904
f 942/1/942 904/2/904 975/3/975
f 976/1/976 939/2/939 941/3/941
f 903/1/903 941/2/941 939/3/939
f 977/1/977 941/2/941 943/3/943
f 905/1/905 943/2/943 941/3/941
f 978/1/978 944/2/944 942/3/942
f 906/1/906 942/2/942 944/3/944
f 979/1/979 943/2/943 945/3/945
f 907/1/907 945/2/945 943/3/943
f 980/1/980 946/2/946 944/3/944
f 908/1/908 944/2/944 946/3/946
f 981/1/981 945/2/945 947/3/947
f 909/1/909 947/2/947 945/3/945
f 982/1/982 948/2/948 946/3/946
f 910/1/910 946/2/946 948/3/948
f 983/1/983 947/2/947 949/3/949
f 911/1/911 949/2/949 947/3/947
f 984/1/984 950/2/950 948/3/948
f 912/1/912 948/2/948 950/3/950
f 985/1/985 949/2/949 951/3/951
f 913/1/913 951/2/951 949/3/949
f 986/1/986 952/2/952 950/3/950
f 914/1/914 950/2/950 952/3/952
f 915/1/915 953/2/953 951/3/951
f 987/1/987 951/2/951 953/3/953
f 954/1/954 916/2/916 988/3/988
f 952/1/952 988/2/988 916/3/916
f 917/1/917 955/2/955 953/3/953
f 989/1/989 953/2/953 955/3/955
f 956/1/956 918/2/918 990/3/990
f 954/1/954 990/2/990 918/3/918
f 919/1/919 957/2/957 955/3/955
f 991/1/991 955/2/955 957/3/957
f 958/1/958 920/2/920 992/3/992
f 956/1/956 992/2/992 920/3/920
f 921/1/921 959/2/959 957/3/957
f 993/1/993 957/2/957 959/3/959
f 960/1/960 922/2/922 994/3/994
f 958/1/958 994/2/994 922/3/922
f 959/1/959 961/2/961 993/3/993
f 995/1/995 993/2/993 961/3/961
f 962/1/962 996/2/996 961/3/961
f 995/1/995 961/2/961 996/3/996
f 963/1/963 997/2/997 962/3/962
f 996/1/996 962/2/962 997/3/997
f 964/1/964 998/2/998 963/3/963
f 997/1/997 963/2/963 998/3/998
f 965/1/965 999/2/999 964/3/964
f 998/1/998 964/2/964 999/3/999
f 966/1/966 1000/2/1000 965/3/965
f 999/1/999 965/2/965 1000/3/1000
f 1001/1/1001 1000/2/1000 967/3/967
f 966/1/966 967/2/967 1000/3/1000
f 1002/1/1002 1001/2/1001 968/3/968
f 967/1/967 968/2/968 1001/3/1001
f 1003/1/1003 1002/2/1002 969/3/969
f 968/1/968 969/2/969 1002/3/1002
f 1004/1/1004 1003/2/1003 970/3/970
f 969/1/969 970/2/970 1003/3/1003
f 970/1/970 971/2/971 1004/3/1004
f 1005/1/1005 1004/2/1004 971/3/971
f 971/1/971 972/2/972 1005/3/1005
f 1006/1/1006 1005/2/1005 972/3/972
f 972/1/972 973/2/973 1006/3/1006
f 1007/1/1007 1006/2/1006 973/3/973
f 973/1/973 974/2/974 1007/3/1007
f 1008/1/1008 1007/2/1007 974/3/974
f 974/1/974 960/2/960 1008/3/1008
f 994/1/994 1008/2/1008 960/3/960
f 1009/1/1009 978/2/978 975/3/975
f 942/1/942 975/2/975 978/3/978
f 1010/1/1010 976/2/976 977/3/977
f 941/1/941 977/2/977 976/3/976
f 1011/1/1011 977/2/977 979/3/979
f 943/1/943 979/2/979 977/3/977
f 1012/1/1012 980/2/980 978/3/978
f 944/1/944 978/2/978 980/3/980
f 1013/1/1013 979/2/979 981/3/981
f 945/1/945 981/2/981 979/3/979
f 1014/1/1014 982/2/982 980/3/980
f 946/1/946 980/2/980 982/3/982
f 1015/1/1015 981/2/981 983/3/983
f 947/1/947 983/2/983 981/3/981
f 1016/1/1016 984/2/984 982/3/982
f 948/1/948 982/2/982 984/3/984
f 1017/1/1017 983/2/983 985/3/985
f 949/1/949 985/2/985 983/3/983
f 1018/1/1018 986/2/986 984/3/984
f 950/1/950 984/2/984 986/3/986
f 1019/1/1019 985/2/985 987/3/987
f 951/1/951 987/2/987 985/3/985
f 1020/1/1020 988/2/988 986/3/986
f 952/1/952 986/2/986 988/3/988
f 953/1/953 989/2/989 987/3/987
f 1021/1/1021 987/2/987 989/3/989
f 990/1/990 954/2/954 1022/3/1022
f 988/1/988 1022/2/1022 954/3/954
f 955/1/955 991/2/991 989/3/989
f 1023/1/1023 989/2/989 991/3/991
f 992/1/992 956/2/956 1024/3/1024
f 990/1/990 1024/2/1024 956/3/956
f 957/1/957 993/2/993 991/3/991
f 1025/1/1025 991/2/991 993/3/993
f 994/1/994 958/2/958 1026/3/1026
f 992/1/992 1026/2/1026 958/3/958
f 993/1/993 995/2/995 1025/3/1025
f 1027/1/1027 1025/2/1025 995/3/995
f 996/1/996 1028/2/1028 995/3/995
f 1027/1/1027 995/2/995 1028/3/1028
f 997/1/997 1029/2/1029 996/3/996
f 1028/1/1028 996/2/996 1029/3/1029
f 998/1/998 1030/2/1030 997/3/997
f 1029/1/1029 997/2/997 1030/3/1030
f 999/1/999 1031/2/1031 998/3/998
f 1030/1/1030 998/2/998 1031/3/1031
f 1000/1/1000 1032/2/1032 999/3/999
f 1031/1/1031 999/2/999 1032/3/1032
f 1001/1/1001 1033/2/1033 1000/3/1000
f 1032/1/1032 1000/2/1000 1033/3/1033
f 1002/1/1002 1034/2/1034 1001/3/1001
f 1033/1/1033 1001/2/1001 1034/3/1034
f 1003/1/1003 1035/2/1035 1002/3/1002
f 1034/1/1034 1002/2/1002 1035/3/1035
f 1004/1/1004 1036/2/1036 1003/3/1003
f 1035/1/1035 1003/2/1003 1036/3/1036
f 1004/1/1004 1005/2/1005 1036/3/1036
f 1037/1/1037 1036/2/1036 1005/3/1005
f 1005/1/1005 1006/2/1006 1037/3/1037
f 1038/1/1038 1037/2/1037 1006/3/1006
f 1006/1/1006 1007/2/1007 1038/3/1038
f 1039/1/1039 1038/2/1038 1007/3/1007
f 1007/1/1007 1008/2/1008 1039/3/1039
f 1040/1/1040 1039/2/1039 1008/3/1008
f 1008/1/1008 994/2/994 1040/3/1040
f 1026/1/1026 1040/2/1040 994/3/994
f 1041/1/1041 1012/2/1012 1009/3/1009
f 978/1/978 1009/2/1009 1012/3/1012
f 1042/1/1042 1010/2/1010 1011/3/1011
f 977/1/977 1011/2/1011 1010/3/1010
f 1043/1/1043 1011/2/1011 1013/3/1013
f 979/1/979 1013/2/1013 1011/3/1011
f 1044/1/1044 1014/2/1014 1012/3/1012
f 980/1/980 1012/2/1012 1014/3/1014
f 1045/1/1045 1013/2/1013 1015/3/1015
f 981/1/981 1015/2/1015 1013/3/1013
f 1046/1/1046 1016/2/1016 1014/3/1014
f 982/1/982 1014/2/1014 1016/3/1016
f 1047/1/1047 1015/2/1015 1017/3/1017
f 983/1/983 1017/2/1017 1015/3/1015
f 1048/1/1048 1018/2/1018 1016/3/1016
f 984/1/984 1016/2/1016 1018/3/1018
f 1049/1/1049 1017/2/1017 1019/3/1019
f 985/1/985 1019/2/1019 1017/3/1017
f 1050/1/1050 1020/2/1020 1018/3/1018
f 986/1/986 1018/2/1018 1020/3/1020
f 1021/1/1021 1051/2/1051 987/3/987
f 1019/1/1019 987/2/987 1051/3/1051
f 1052/1/1052 1022/2/1022 1020/3/1020
f 988/1/988 1020/2/1020 1022/3/1022
f 989/1/989 1023/2/1023 1021/3/1021
f 1053/1/1053 1021/2/1021 1023/3/1023
f 1024/1/1024 990/2/990 1054/3/1054
f 1022/1/1022 1054/2/1054 990/3/990
f 991/1/991 1025/2/1025 1023/3/1023
f 1055/1/1055 1023/2/1023 1025/3/1025
f 1026/1/1026 992/2/992 1056/3/1056
f 1024/1/1024 1056/2/1056 992/3/992
f 1025/1/1025 1027/2/1027 1055/3/1055
f 1057/1/1057 1055/2/1055 1027/3/1027
f 1058/1/1058 1057/2/1057 1028/3/1028
f 1027/1/1027 1028/2/1028 1057/3/1057
f 1059/1/1059 1058/2/1058 1029/3/1029
f 1028/1/1028 1029/2/1029 1058/3/1058
f 1060/1/1060 1059/2/1059 1030/3/1030
f 1029/1/1029 1030/2/1030 1059/3/1059
f 1061/1/1061 1060/2/1060 1031/3/1031
f 1030/1/1030 1031/2/1031 1060/3/1060
f 1062/1/1062 1061/2/1061 1032/3/1032
f 1031/1/1031 1032/2/1032 1061/3/1061
f 1033/1/1033 1063/2/1063 1032/3/1032
f 1062/1/1062 1032/2/1032 1063/3/1063
f 1034/1/1034 1064/2/1064 1033/3/1033
f 1063/1/1063 1033/2/1033 1064/3/1064
f 1035/1/1035 1065/2/1065 1034/3/1034
f 1064/1/1064 1034/2/1034 1065/3/1065
f 1036/1/1036 1066/2/1066 1035/3/1035
f 1065/1/1065 1035/2/1035 1066/3/1066
f 1036/1/1036 1037/2/1037 1066/3/1066
f 1067/1/1067 1066/2/1066 1037/3/1037
f 1037/1/1037 1038/2/1038 1067/3/1067
f 1068/1/1068 1067/2/1067 1038/3/1038
f 1038/1/1038 1039/2/1039 1068/3/1068
f 1069/1/1069 1068/2/1068 1039/3/1039
f 1039/1/1039 1040/2/1040 1069/3/1069
f 1070/1/1070 1069/2/1069 1040/3/1040
f 1040/1/1040 1026/2/1026 1070/3/1070
f 1056/1/1056 1070/2/1070 1026/3/1026
f 1071/1/1071 1044/2/1044 1041/3/1041
f 1012/1/1012 1041/2/1041 1044/3/1044
f 1072/1/1072 1042/2/1042 1043/3/1043
f 1011/1/1011 1043/2/1043 1042/3/1042
f 1073/1/1073 1043/2/1043 1045/3/1045
f 1013/1/1013 1045/2/1045 1043/3/1043
f 1074/1/1074 1046/2/1046 1044/3/1044
f 1014/1/1014 1044/2/1044 1046/3/1046
f 1075/1/1075 1045/2/1045 1047/3/1047
f 1015/1/1015 1047/2/1047 1045/3/1045
f 1076/1/1076 1048/2/1048 1046/3/1046
f 1016/1/1016 1046/2/1046 1048/3/1048
f 1077/1/1077 1047/2/1047 1049/3/1049
f 1017/1/1017 1049/2/1049 1047/3/1047
f 1078/1/1078 1050/2/1050 1048/3/1048
f 1018/1/1018 1048/2/1048 1050/3/1050
f 1051/1/1051 1079/2/1079 1019/3/1019
f 1049/1/1049 1019/2/1019 1079/3/1079
f 1080/1/1080 1052/2/1052 1050/3/1050
f 1020/1/1020 1050/2/1050 1052/3/1052
f 1053/1/1053 1081/2/1081 1021/3/1021
f 1051/1/1051 1021/2/1021 1081/3/1081
f 1082/1/1082 1054/2/1054 1052/3/1052
f 1022/1/1022 1052/2/1052 1054/3/1054
f 1023/1/1023 1055/2/1055 1053/3/1053
f 1083/1/1083 1053/2/1053 1055/3/1055
f 1056/1/1056 1024/2/1024 1084/3/1084
f 1054/1/1054 1084/2/1084 1024/3/1024
f 1055/1/1055 1057/2/1057 1083/3/1083
f 1085/1/1085 1083/2/1083 1057/3/1057
f 1058/1/1058 1086/2/1086 1057/3/1057
f 1085/1/1085 1057/2/1057 1086/3/1086
f 1087/1/1087 1086/2/1086 1059/3/1059
f 1058/1/1058 1059/2/1059 1086/3/1086
f 1088/1/1088 1087/2/1087 1060/3/1060
f 1059/1/1059 1060/2/1060 1087/3/1087
f 1089/1/1089 1088/2/1088 1061/3/1061
f 1060/1/1060 1061/2/1061 1088/3/1088
f 1090/1/1090 1089/2/1089 1062/3/1062
f 1061/1/1061 1062/2/1062 1089/3/1089
f 1063/1/1063 1091/2/1091 1062/3/1062
f 1090/1/1090 1062/2/1062 1091/3/1091
f 1064/1/1064 1092/2/1092 1063/3/1063
f 1091/1/1091 1063/2/1063 1092/3/1092
f 1065/1/1065 1093/2/1093 1064/3/1064
f 1092/1/1092 1064/2/1064 1093/3/1093
f 1066/1/1066 1094/2/1094 1065/3/1065
f 1093/1/1093 1065/2/1065 1094/3/1094
f 1066/1/1066 1067/2/1067 1094/3/1094
f 1095/1/1095 1094/2/1094 1067/3/1067
f 1067/1/1067 1068/2/1068 1095/3/1095
f 1096/1/1096 1095/2/1095 1068/3/1068
f 1068/1/1068 1069/2/1069 1096/3/1096
f 1097/1/1097 1096/2/1096 1069/3/1069
f 1069/1/1069 1070/2/1070 1097/3/1097
f 1098/1/1098 1097/2/1097 1070/3/1070
f 1070/1/1070 1056/2/1056 1098/3/1098
f 1084/1/1084 1098/2/1098 1056/3/1056
f 1099/1/1099 1074/2/1074 1071/3/1071
f 1044/1/1044 1071/2/1071 1074/3/1074
f 1100/1/1100 1072/2/1072 1073/3/1073
f 1043/1/1043 1073/2/1073 1072/3/1072
f 1101/1/1101 1073/2/1073 1075/3/1075
f 1045/1/1045 1075/2/1075 1073/3/1073
f 1102/1/1102 1076/2/1076 1074/3/1074
f 1046/1/1046 1074/2/1074 1076/3/1076
f 1103/1/1103 1075/2/1075 1077/3/1077
f 1047/1/1047 1077/2/1077 1075/3/1075
f 1104/1/1104 1078/2/1078 1076/3/1076
f 1048/1/1048 1076/2/1076 1078/3/1078
f 1079/1/1079 1105/2/1105 1049/3/1049
f 1077/1/1077 1049/2/1049 1105/3/1105
f 1106/1/1106 1080/2/1080 1078/3/1078
f 1050/1/1050 1078/2/1078 1080/3/1080
f 1081/1/1081 1107/2/1107 1051/3/1051
f 1079/1/1079 1051/2/1051 1107/3/1107
f 1108/1/1108 1082/2/1082 1080/3/1080
f 1052/1/1052 1080/2/1080 1082/3/1082
f 1083/1/1083 1109/2/1109 1053/3/1053
f 1081/1/1081 1053/2/1053 1109/3/1109
f 1110/1/1110 1084/2/1084 1082/3/1082
f 1054/1/1054 1082/2/1082 1084/3/1084
f 1085/1/1085 1111/2/1111 1083/3/1083
f 1109/1/1109 1083/2/1083 1111/3/1111
f 1086/1/1086 1112/2/1112 1085/3/1085
f 1111/1/1111 1085/2/1085 1112/3/1112
f 1087/1/1087 1113/2/1113 1086/3/1086
f 1112/1/1112 1086/2/1086 1113/3/1113
f 1088/1/1088 1114/2/1114 1087/3/1087
f 1113/1/1113 1087/2/1087 1114/3/1114
f 1089/1/1089 1115/2/1115 1088/3/1088
f 1114/1/1114 1088/2/1088 1115/3/1115
f 1090/1/1090 1116/2/1116 1089/3/1089
f 1115/1/1115 1089/2/1089 1116/3/1116
f 1090/1/1090 1091/2/1091 1116/3/1116
f 1117/1/1117 1116/2/1116 1091/3/1091
f 1091/1/1091 1092/2/1092 1117/3/1117
f 1118/1/1118 1117/2/1117 1092/3/1092
f 1092/1/1092 1093/2/1093 1118/3/1118
f 1119/1/1119 1118/2/1118 1093/3/1093
f 1093/1/1093 1094/2/1094 1119/3/1119
f 1120/1/1120 1119/2/1119 1094/3/1094
f 1094/1/1094 1095/2/1095 1120/3/1120
f 1121/1/1121 1120/2/1120 1095/3/1095
f 1095/1/1095 1096/2/1096 1121/3/1121
f 1122/1/1122 1121/2/1121 1096/3/1096
f 1096/1/1096 1097/2/1097 1122/3/1122
f 1123/1/1123 1122/2/1122 1097/3/1097
f 1097/1/1097 1098/2/1098 1123/3/1123
f 1124/1/1124 1123/2/1123 1098/3/1098
f 1124/1/1124 1098/2/1098 1110/3/1110
f 1084/1/1084 1110/2/1110 1098/3/1098
f 1125/1/1125 1102/2/1102 1099/3/1099
f 1074/1/1074 1099/2/1099 1102/3/1102
f 1126/1/1126 1100/2/1100 1101/3/1101
f 1073/1/1073 1101/2/1101 1100/3/1100
f 1127/1/1127 1101/2/1101 1103/3/1103
f 1075/1/1075 1103/2/1103 1101/3/1101
f 1128/1/1128 1104/2/1104 1102/3/1102
f 1076/1/1076 1102/2/1102 1104/3/1104
f 1105/1/1105 1129/2/1129 1077/3/1077
f 1103/1/1103 1077/2/1077 1129/3/1129
f 1130/1/1130 1106/2/1106 1104/3/1104
f 1078/1/1078 1104/2/1104 1106/3/1106
f 1107/1/1107 1131/2/1131 1079/3/1079
f 1105/1/1105 1079/2/1079 1131/3/1131
f 1132/1/1132 1108/2/1108 1106/3/1106
f 1080/1/1080 1106/2/1106 1108/3/1108
f 1109/1/1109 1133/2/1133 1081/3/1081
f 1107/1/1107 1081/2/1081 1133/3/1133
f 1134/1/1134 1110/2/1110 1108/3/1108
f 1082/1/1082 1108/2/1108 1110/3/1110
f 1111/1/1111 1135/2/1135 1109/3/1109
f 1133/1/1133 1109/2/1109 1135/3/1135
f 1112/1/1112 1136/2/1136 1111/3/1111
f 1135/1/1135 1111/2/1111 1136/3/1136
f 1113/1/1113 1137/2/1137 1112/3/1112
f 1136/1/1136 1112/2/1112 1137/3/1137
f 1114/1/1114 1138/2/1138 1113/3/1113
f 1137/1/1137 1113/2/1113 1138/3/1138
f 1115/1/1115 1139/2/1139 1114/3/1114
f 1138/1/1138 1114/2/1114 1139/3/1139
f 1116/1/1116 1140/2/1140 1115/3/1115
f 1139/1/1139 1115/2/1115 1140/3/1140
f 1116/1/1116 1117/2/1117 1140/3/1140
f 1141/1/1141 1140/2/1140 1117/3/1117
f 1117/1/1117 1118/2/1118 1141/3/1141
f 1142/1/1142 1141/2/1141 1118/3/1118
f 1118/1/1118 1119/2/1119 1142/3/1142
f 1143/1/1143 1142/2/1142 1119/3/1119
f 1119/1/1119 1120/2/1120 1143/3/1143
f 1144/1/1144 1143/2/1143 1120/3/1120
f 1120/1/1120 1121/2/1121 1144/3/1144
f 1145/1/1145 1144/2/1144 1121/3/1121
f 1121/1/1121 1122/2/1122 1145/3/1145
f 1146/1/1146 1145/2/1145 1122/3/1122
f 1122/1/1122 1123/2/1123 1146/3/1146
f 1147/1/1147 1146/2/1146 1123/3/1123
f 1123/1/1123 1124/2/1124 1147/3/1147
f 1148/1/1148 1147/2/1147 1124/3/1124
f 1148/1/1148 1124/2/1124 1134/3/1134
f 1110/1/1110 1134/2/1134 1124/3/1124
f 1149/1/1149 1128/2/1128 1125/3/1125
f 1102/1/1102 1125/2/1125 1128/3/1128
f 1150/1/1150 1126/2/1126 1127/3/1127
f 1101/1/1101 1127/2/1127 1126/3/1126
f 1129/1/1129 1151/2/1151 1103/3/1103
f 1127/1/1127 1103/2/1103 1151/3/1151
f 1152/1/1152 1130/2/1130 1128/3/1128
f 1104/1/1104 1128/2/1128 1130/3/1130
f 1131/1/1131 1153/2/1153 1105/3/1105
f 1129/1/1129 1105/2/1105 1153/3/1153
f 1154/1/1154 1132/2/1132 1130/3/1130
f 1106/1/1106 1130/2/1130 1132/3/1132
f 1133/1/1133 1155/2/1155 1107/3/1107
f 1131/1/1131 1107/2/1107 1155/3/1155
f 1156/1/1156 1134/2/1134 1132/3/1132
f 1108/1/1108 1132/2/1132 1134/3/1134
f 1135/1/1135 1157/2/1157 1133/3/1133
f 1155/1/1155 1133/2/1133 1157/3/1157
f 1136/1/1136 1158/2/1158 1135/3/1135
f 1157/1/1157 1135/2/1135 1158/3/1158
f 1137/1/1137 1159/2/1159 1136/3/1136
f 1158/1/1158 1136/2/1136 1159/3/1159
f 1138/1/1138 1160/2/1160 1137/3/1137
f 1159/1/1159 1137/2/1137 1160/3/1160
f 1139/1/1139 1161/2/1161 1138/3/1138
f 1160/1/1160 1138/2/1138 1161/3/1161
f 1140/1/1140 1162/2/1162 1139/3/1139
f 1161/1/1161 1139/2/1139 1162/3/1162
f 1140/1/1140 1141/2/1141 1162/3/1162
f 1163/1/1163 1162/2/1162 1141/3/1141
f 1141/1/1141 1142/2/1142 1163/3/1163
f 1164/1/1164 1163/2/1163 1142/3/1142
f 1142/1/1142 1143/2/1143 1164/3/1164
f 1165/1/1165 1164/2/1164 1143/3/1143
f 1143/1/1143 1144/2/1144 1165/3/1165
f 1166/1/1166 1165/2/1165 1144/3/1144
f 1144/1/1144 1145/2/1145 1166/3/1166
f 1167/1/1167 1166/2/1166 1145/3/1145
f 1145/1/1145 1146/2/1146 1167/3/1167
f 1168/1/1168 1167/2/1167 1146/3/1146
f 1146/1/1146 1147/2/1147 1168/3/1168
f 1169/1/1169 1168/2/1168 1147/3/1147
f 1147/1/1147 1148/2/1148 1169/3/1169
f 1170/1/1170 1169/2/1169 1148/3/1148
f 1170/1/1170 1148/2/1148 1156/3/1156
f 1134/1/1134 1156/2/1156 1148/3/1148
f 1171/1/1171 1152/2/1152 1149/3/1149
f 1128/1/1128 1149/2/1149 1152/3/1152
f 1151/1/1151 1172/2/1172 1127/3/1127
f 1150/1/1150 1127/2/1127 1172/3/1172
f 1153/1/1153 1173/2/1173 1129/3/1129
f 1151/1/1151 1129/2/1129 1173/3/1173
f 1174/1/1174 1154/2/1154 1152/3/1152
f 1130/1/1130 1152/2/1152 1154/3/1154
f 1155/1/1155 1175/2/1175 1131/3/1131
f 1153/1/1153 1131/2/1131 1175/3/1175
f 1176/1/1176 1156/2/1156 1154/3/1154
f 1132/1/1132 1154/2/1154 1156/3/1156
f 1157/1/1157 1177/2/1177 1155/3/1155
f 1175/1/1175 1155/2/1155 1177/3/1177
f 1158/1/1158 1178/2/1178 1157/3/1157
f 1177/1/1177 1157/2/1157 1178/3/1178
f 1159/1/1159 1179/2/1179 1158/3/1158
f 1178/1/1178 1158/2/1158 1179/3/1179
f 1160/1/1160 1180/2/1180 1159/3/1159
f 1179/1/1179 1159/2/1159 1180/3/1180
f 1161/1/1161 1181/2/1181 1160/3/1160
f 1180/1/1180 1160/2/1160 1181/3/1181
f 1162/1/1162 1182/2/1182 1161/3/1161
f 1181/1/1181 1161/2/1161 1182/3/1182
f 1162/1/1162 1163/2/1163 1182/3/1182
f 1183/1/1183 1182/2/1182 1163/3/1163
f 1163/1/1163 1164/2/1164 1183/3/1183
f 1184/1/1184 1183/2/1183 1164/3/1164
f 1164/1/1164 1165/2/1165 1184/3/1184
f 1185/1/1185 1184/2/1184 1165/3/1165
f 1165/1/1165 1166/2/1166 1185/3/1185
f 1186/1/1186 1185/2/1185 1166/3/1166
f 1166/1/1166 1167/2/1167 1186/3/1186
f 1187/1/1187 1186/2/1186 1167/3/1167
f 1167/1/1167 1168/2/1168 1187/3/1187
f 1188/1/1188 1187/2/1187 1168/3/1168
f 1168/1/1168 1169/2/1169 1188/3/1188
f 1189/1/1189 1188/2/1188 1169/3/1169
f 1169/1/1169 1170/2/1170 1189/3/1189
f 1190/1/1190 1189/2/1189 1170/3/1170
f 1190/1/1190 1170/2/1170 1176/3/1176
f 1156/1/1156 1176/2/1176 1170/3/1170
f 1191/1/1191 1174/2/1174 1171/3/1171
f 1152/1/1152 1171/2/1171 1174/3/1174
f 1173/1/1173 1192/2/1192 1151/3/1151
f 1172/1/1172 1151/2/1151 1192/3/1192
f 1175/1/1175 1193/2/1193 1153/3/1153
f 1173/1/1173 1153/2/1153 1193/3/1193
f 1194/1/1194 1176/2/1176 1174/3/1174
f 1154/1/1154 1174/2/1174 1176/3/1176
f 1177/1/1177 1195/2/1195 1175/3/1175
f 1193/1/1193 1175/2/1175 1195/3/1195
f 1178/1/1178 1196/2/1196 1177/3/1177
f 1195/1/1195 1177/2/1177 1196/3/1196
f 1179/1/1179 1197/2/1197 1178/3/1178
f 1196/1/1196 1178/2/1178 1197/3/1197
f 1180/1/1180 1198/2/1198 1179/3/1179
f 1197/1/1197 1179/2/1179 1198/3/1198
f 1181/1/1181 1199/2/1199 1180/3/1180
f 1198/1/1198 1180/2/1180 1199/3/1199
f 1182/1/1182 1200/2/1200 1181/3/1181
f 1199/1/1199 1181/2/1181 1200/3/1200
f 1182/1/1182 1183/2/1183 1200/3/1200
f 1201/1/1201 1200/2/1200 1183/3/1183
f 1183/1/1183 1184/2/1184 1201/3/1201
f 1202/1/1202 1201/2/1201 1184/3/1184
f 1184/1/1184 1185/2/1185 1202/3/1202
f 1203/1/1203 1202/2/1202 1185/3/1185
f 1185/1/1185 1186/2/1186 1203/3/1203
f 1204/1/1204 1203/2/1203 1186/3/1186
f 1186/1/1186 1187/2/1187 1204/3/1204
f 1205/1/1205 1204/2/1204 1187/3/1187
f 1187/1/1187 1188/2/1188 1205/3/1205
f 1206/1/1206 1205/2/1205 1188/3/1188
f 1188/1/1188 1189/2/1189 1206/3/1206
f 1207/1/1207 1206/2/1206 1189/3/1189
f 1189/1/1189 1190/2/1190 1207/3/1207
f 1208/1/1208 1207/2/1207 1190/3/1190
f 1208/1/1208 1190/2/1190 1194/3/1194
f 1176/1/1176 1194/2/1194 1190/3/1190
f 1209/1/1209 1194/2/1194 1191/3/1191
f 1174/1/1174 1191/2/1191 1194/3/1194
f 1193/1/1193 1210/2/1210 1173/3/1173
f 1192/1/1192 1173/2/1173 1210/3/1210
f 1195/1/1195 1211/2/1211 1193/3/1193
f 1210/1/1210 1193/2/1193 1211/3/1211
f 1196/1/1196 1212/2/1212 1195/3/1195
f 1211/1/1211 1195/2/1195 1212/3/1212
f 1197/1/1197 1213/2/1213 1196/3/1196
f 1212/1/1212 1196/2/1196 1213/3/1213
f 1198/1/1198 1214/2/1214 1197/3/1197
f 1213/1/1213 1197/2/1197 1214/3/1214
f 1199/1/1199 1215/2/1215 1198/3/1198
f 1214/1/1214 1198/2/1198 1215/3/1215
f 1200/1/1200 1216/2/1216 1199/3/1199
f 1215/1/1215 1199/2/1199 1216/3/1216
f 1200/1/1200 1201/2/1201 1216/3/1216
f 1217/1/1217 1216/2/1216 1201/3/1201
f 1201/1/1201 1202/2/1202 1217/3/1217
f 1218/1/1218 1217/2/1217 1202/3/1202
f 1202/1/1202 1203/2/1203 1218/3/1218
f 1219/1/1219 1218/2/1218 1203/3/1203
f 1203/1/1203 1204/2/1204 1219/3/1219
f 1220/1/1220 1219/2/1219 1204/3/1204
f 1204/1/1204 1205/2/1205 1220/3/1220
f 1221/1/1221 1220/2/1220 1205/3/1205
f 1205/1/1205 1206/2/1206 1221/3/1221
f 1222/1/1222 1221/2/1221 1206/3/1206
f 1206/1/1206 1207/2/1207 1222/3/1222
f 1223/1/1223 1222/2/1222 1207/3/1207
f 1207/1/1207 1208/2/1208 1223/3/1223
f 1224/1/1224 1223/2/1223 1208/3/1208
f 1224/1/1224 1208/2/1208 1209/3/1209
f 1194/1/1194 1209/2/1209 1208/3/1208
f 1225/1/1225 1226/2/1226 1227/3/1227
f 1227/1/1227 1226/2/1226 1228/3/1228
f 1225/1/1225 1227/2/1227 1229/3/1229
f 1230/1/1230 1226/2/1226 1225/3/1225
f 1226/1/1226 1231/2/1231 1228/3/1228
f 1229/1/1229 1227/2/1227 1228/3/1228
f 1232/1/1232 1225/2/1225 1229/3/1229
f 1232/1/1232 1230/2/1230 1225/3/1225
f 1233/1/1233 1226/2/1226 1230/3/1230
f 1226/1/1226 1234/2/1234 1231/3/1231
f 1228/1/1228 1231/2/1231 1235/3/1235
f 1229/1/1229 1228/2/1228 1236/3/1236
f 1237/1/1237 1232/2/1232 1229/3/1229
f 1238/1/1238 1230/2/1230 1232/3/1232
f 1238/1/1238 1233/2/1233 1230/3/1230
f 1239/1/1239 1226/2/1226 1233/3/1233
f 1226/1/1226 1240/2/1240 1234/3/1234
f 1231/1/1231 1234/2/1234 1241/3/1241
f 1231/1/1231 1241/2/1241 1235/3/1235
f 1228/1/1228 1235/2/1235 1236/3/1236
f 1229/1/1229 1236/2/1236 1242/3/1242
f 1243/1/1243 1232/2/1232 1237/3/1237
f 1237/1/1237 1229/2/1229 1244/3/1244
f 1243/1/1243 1238/2/1238 1232/3/1232
f 1245/1/1245 1233/2/1233 1238/3/1238
f 1245/1/1245 1239/2/1239 1233/3/1233
f 1246/1/1246 1226/2/1226 1239/3/1239
f 1226/1/1226 1247/2/1247 1240/3/1240
f 1234/1/1234 1240/2/1240 1241/3/1241
f 1235/1/1235 1241/2/1241 1248/3/1248
f 1236/1/1236 1235/2/1235 1248/3/1248
f 1236/1/1236 1248/2/1248 1242/3/1242
f 1244/1/1244 1229/2/1229 1242/3/1242
f 1243/1/1243 1237/2/1237 1249/3/1249
f 1237/1/1237 1244/2/1244 1250/3/1250
f 1251/1/1251 1238/2/1238 1243/3/1243
f 1251/1/1251 1245/2/1245 1238/3/1238
f 1252/1/1252 1239/2/1239 1245/3/1245
f 1253/1/1253 1246/2/1246 1239/3/1239
f 1254/1/1254 1226/2/1226 1246/3/1246
f 1226/1/1226 1255/2/1255 1247/3/1247
f 1240/1/1240 1247/2/1247 1256/3/1256
f 1240/1/1240 1257/2/1257 1241/3/1241
f 1241/1/1241 1258/2/1258 1248/3/1248
f 1242/1/1242 1248/2/1248 1259/3/1259
f 1244/1/1244 1242/2/1242 1260/3/1260
f 1249/1/1249 1237/2/1237 1250/3/1250
f 1261/1/1261 1243/2/1243 1249/3/1249
f 1250/1/1250 1244/2/1244 1260/3/1260
f 1251/1/1251 1243/2/1243 1261/3/1261
f 1251/1/1251 1252/2/1252 1245/3/1245
f 1253/1/1253 1239/2/1239 1252/3/1252
f 1262/1/1262 1246/2/1246 1253/3/1253
f 1262/1/1262 1254/2/1254 1246/3/1246
f 1254/1/1254 1263/2/1263 1226/3/1226
f 1226/1/1226 1264/2/1264 1255/3/1255
f 1247/1/1247 1255/2/1255 1265/3/1265
f 1247/1/1247 1265/2/1265 1256/3/1256
f 1240/1/1240 1256/2/1256 1257/3/1257
f 1241/1/1241 1257/2/1257 1258/3/1258
f 1248/1/1248 1258/2/1258 1259/3/1259
f 1242/1/1242 1259/2/1259 1260/3/1260
f 1249/1/1249 1250/2/1250 1266/3/1266
f 1261/1/1261 1249/2/1249 1267/3/1267
f 1266/1/1266 1250/2/1250 1260/3/1260
f 1268/1/1268 1251/2/1251 1261/3/1261
f 1269/1/1269 1252/2/1252 1251/3/1251
f 1270/1/1270 1253/2/1253 1252/3/1252
f 1271/1/1271 1262/2/1262 1253/3/1253
f 1262/1/1262 1263/2/1263 1254/3/1254
f 1263/1/1263 1272/2/1272 1226/3/1226
f 1226/1/1226 1273/2/1273 1264/3/1264
f 1264/1/1264 1274/2/1274 1255/3/1255
f 1255/1/1255 1274/2/1274 1265/3/1265
f 1256/1/1256 1265/2/1265 1275/3/1275
f 1257/1/1257 1256/2/1256 1276/3/1276
f 1257/1/1257 1277/2/1277 1258/3/1258
f 1259/1/1259 1258/2/1258 1278/3/1278
f 1260/1/1260 1259/2/1259 1279/3/1279
f 1267/1/1267 1249/2/1249 1266/3/1266
f 1280/1/1280 1261/2/1261 1267/3/1267
f 1266/1/1266 1260/2/1260 1279/3/1279
f 1268/1/1268 1261/2/1261 1280/3/1280
f 1281/1/1281 1251/2/1251 1268/3/1268
f 1281/1/1281 1269/2/1269 1251/3/1251
f 1270/1/1270 1252/2/1252 1269/3/1269
f 1271/1/1271 1253/2/1253 1270/3/1270
f 1271/1/1271 1282/2/1282 1262/3/1262
f 1262/1/1262 1283/2/1283 1263/3/1263
f 1283/1/1283 1272/2/1272 1263/3/1263
f 1272/1/1272 1284/2/1284 1226/3/1226
f 1226/1/1226 1285/2/1285 1273/3/1273
f 1273/1/1273 1286/2/1286 1264/3/1264
f 1264/1/1264 1286/2/1286 1274/3/1274
f 1274/1/1274 1287/2/1287 1265/3/1265
f 1265/1/1265 1287/2/1287 1275/3/1275
f 1256/1/1256 1275/2/1275 1276/3/1276
f 1257/1/1257 1276/2/1276 1277/3/1277
f 1258/1/1258 1277/2/1277 1278/3/1278
f 1259/1/1259 1278/2/1278 1288/3/1288
f 1279/1/1279 1259/2/1259 1288/3/1288
f 1289/1/1289 1267/2/1267 1266/3/1266
f 1290/1/1290 1280/2/1280 1267/3/1267
f 1266/1/1266 1279/2/1279 1291/3/1291
f 1292/1/1292 1268/2/1268 1280/3/1280
f 1293/1/1293 1281/2/1281 1268/3/1268
f 1294/1/1294 1269/2/1269 1281/3/1281
f 1294/1/1294 1270/2/1270 1269/3/1269
f 1295/1/1295 1271/2/1271 1270/3/1270
f 1296/1/1296 1282/2/1282 1271/3/1271
f 1282/1/1282 1283/2/1283 1262/3/1262
f 1283/1/1283 1297/2/1297 1272/3/1272
f 1298/1/1298 1284/2/1284 1272/3/1272
f 1284/1/1284 1299/2/1299 1226/3/1226
f 1226/1/1226 1300/2/1300 1285/3/1285
f 1285/1/1285 1301/2/1301 1273/3/1273
f 1273/1/1273 1301/2/1301 1286/3/1286
f 1286/1/1286 1302/2/1302 1274/3/1274
f 1274/1/1274 1302/2/1302 1287/3/1287
f 1287/1/1287 1303/2/1303 1275/3/1275
f 1276/1/1276 1275/2/1275 1304/3/1304
f 1277/1/1277 1276/2/1276 1305/3/1305
f 1277/1/1277 1306/2/1306 1278/3/1278
f 1288/1/1288 1278/2/1278 1307/3/1307
f 1279/1/1279 1288/2/1288 1308/3/1308
f 1290/1/1290 1267/2/1267 1289/3/1289
f 1289/1/1289 1266/2/1266 1309/3/1309
f 1292/1/1292 1280/2/1280 1290/3/1290
f 1279/1/1279 1308/2/1308 1291/3/1291
f 1309/1/1309 1266/2/1266 1291/3/1291
f 1293/1/1293 1268/2/1268 1292/3/1292
f 1293/1/1293 1294/2/1294 1281/3/1281
f 1295/1/1295 1270/2/1270 1294/3/1294
f 1295/1/1295 1296/2/1296 1271/3/1271
f 1296/1/1296 1310/2/1310 1282/3/1282
f 1282/1/1282 1297/2/1297 1283/3/1283
f 1297/1/1297 1298/2/1298 1272/3/1272
f 1298/1/1298 1299/2/1299 1284/3/1284
f 1299/1/1299 1311/2/1311 1226/3/1226
f 1226/1/1226 1312/2/1312 1300/3/1300
f 1300/1/1300 1301/2/1301 1285/3/1285
f 1301/1/1301 1302/2/1302 1286/3/1286
f 1302/1/1302 1303/2/1303 1287/3/1287
f 1275/1/1275 1303/2/1303 1304/3/1304
f 1276/1/1276 1304/2/1304 1305/3/1305
f 1277/1/1277 1305/2/1305 1306/3/1306
f 1278/1/1278 1306/2/1306 1307/3/1307
f 1288/1/1288 1307/2/1307 1308/3/1308
f 1313/1/1313 1290/2/1290 1289/3/1289
f 1313/1/1313 1289/2/1289 1309/3/1309
f 1314/1/1314 1292/2/1292 1290/3/1290
f 1315/1/1315 1291/2/1291 1308/3/1308
f 1315/1/1315 1309/2/1309 1291/3/1291
f 1293/1/1293 1292/2/1292 1314/3/1314
f 1316/1/1316 1294/2/1294 1293/3/1293
f 1316/1/1316 1295/2/1295 1294/3/1294
f 1317/1/1317 1296/2/1296 1295/3/1295
f 1310/1/1310 1318/2/1318 1282/3/1282
f 1319/1/1319 1310/2/1310 1296/3/1296
f 1282/1/1282 1318/2/1318 1297/3/1297
f 1320/1/1320 1298/2/1298 1297/3/1297
f 1298/1/1298 1321/2/1321 1299/3/1299
f 1322/1/1322 1311/2/1311 1299/3/1299
f 1311/1/1311 1323/2/1323 1226/3/1226
f 1226/1/1226 1323/2/1323 1312/3/1312
f 1312/1/1312 1324/2/1324 1300/3/1300
f 1300/1/1300 1325/2/1325 1301/3/1301
f 1301/1/1301 1326/2/1326 1302/3/1302
f 1302/1/1302 1327/2/1327 1303/3/1303
f 1303/1/1303 1328/2/1328 1304/3/1304
f 1305/1/1305 1304/2/1304 1329/3/1329
f 1306/1/1306 1305/2/1305 1329/3/1329
f 1307/1/1307 1306/2/1306 1330/3/1330
f 1308/1/1308 1307/2/1307 1331/3/1331
f 1313/1/1313 1332/2/1332 1290/3/1290
f 1333/1/1333 1313/2/1313 1309/3/1309
f 1332/1/1332 1314/2/1314 1290/3/1290
f 1334/1/1334 1315/2/1315 1308/3/1308
f 1315/1/1315 1333/2/1333 1309/3/1309
f 1335/1/1335 1293/2/1293 1314/3/1314
f 1336/1/1336 1316/2/1316 1293/3/1293
f 1337/1/1337 1295/2/1295 1316/3/1316
f 1337/1/1337 1317/2/1317 1295/3/1295
f 1317/1/1317 1319/2/1319 1296/3/1296
f 1310/1/1310 1320/2/1320 1318/3/1318
f 1319/1/1319 1338/2/1338 1310/3/1310
f 1318/1/1318 1320/2/1320 1297/3/1297
f 1320/1/1320 1321/2/1321 1298/3/1298
f 1321/1/1321 1322/2/1322 1299/3/1299
f 1322/1/1322 1339/2/1339 1311/3/1311
f 1311/1/1311 1339/2/1339 1323/3/1323
f 1323/1/1323 1324/2/1324 1312/3/1312
f 1300/1/1300 1324/2/1324 1325/3/1325
f 1325/1/1325 1340/2/1340 1301/3/1301
f 1301/1/1301 1340/2/1340 1326/3/1326
f 1326/1/1326 1327/2/1327 1302/3/1302
f 1327/1/1327 1341/2/1341 1303/3/1303
f 1304/1/1304 1328/2/1328 1329/3/1329
f 1303/1/1303 1342/2/1342 1328/3/1328
f 1306/1/1306 1329/2/1329 1330/3/1330
f 1307/1/1307 1330/2/1330 1331/3/1331
f 1343/1/1343 1308/2/1308 1331/3/1331
f 1344/1/1344 1332/2/1332 1313/3/1313
f 1345/1/1345 1313/2/1313 1333/3/1333
f 1346/1/1346 1314/2/1314 1332/3/1332
f 1343/1/1343 1334/2/1334 1308/3/1308
f 1347/1/1347 1315/2/1315 1334/3/1334
f 1348/1/1348 1333/2/1333 1315/3/1315
f 1314/1/1314 1349/2/1349 1335/3/1335
f 1336/1/1336 1293/2/1293 1335/3/1335
f 1336/1/1336 1337/2/1337 1316/3/1316
f 1350/1/1350 1317/2/1317 1337/3/1337
f 1350/1/1350 1319/2/1319 1317/3/1317
f 1310/1/1310 1338/2/1338 1320/3/1320
f 1319/1/1319 1351/2/1351 1338/3/1338
f 1320/1/1320 1352/2/1352 1321/3/1321
f 1321/1/1321 1353/2/1353 1322/3/1322
f 1322/1/1322 1354/2/1354 1339/3/1339
f 1339/1/1339 1324/2/1324 1323/3/1323
f 1324/1/1324 1340/2/1340 1325/3/1325
f 1340/1/1340 1355/2/1355 1326/3/1326
f 1326/1/1326 1356/2/1356 1327/3/1327
f 1357/1/1357 1341/2/1341 1327/3/1327
f 1303/1/1303 1341/2/1341 1342/3/1342
f 1329/1/1329 1328/2/1328 1358/3/1358
f 1342/1/1342 1359/2/1359 1328/3/1328
f 1330/1/1330 1329/2/1329 1360/3/1360
f 1331/1/1331 1330/2/1330 1361/3/1361
f 1343/1/1343 1331/2/1331 1362/3/1362
f 1363/1/1363 1332/2/1332 1344/3/1344
f 1364/1/1364 1344/2/1344 1313/3/1313
f 1348/1/1348 1345/2/1345 1333/3/1333
f 1345/1/1345 1364/2/1364 1313/3/1313
f 1363/1/1363 1346/2/1346 1332/3/1332
f 1346/1/1346 1349/2/1349 1314/3/1314
f 1347/1/1347 1334/2/1334 1343/3/1343
f 1347/1/1347 1348/2/1348 1315/3/1315
f 1349/1/1349 1365/2/1365 1335/3/1335
f 1335/1/1335 1365/2/1365 1336/3/1336
f 1366/1/1366 1337/2/1337 1336/3/1336
f 1366/1/1366 1350/2/1350 1337/3/1337
f 1350/1/1350 1367/2/1367 1319/3/1319
f 1338/1/1338 1352/2/1352 1320/3/1320
f 1319/1/1319 1368/2/1368 1351/3/1351
f 1351/1/1351 1369/2/1369 1338/3/1338
f 1352/1/1352 1353/2/1353 1321/3/1321
f 1353/1/1353 1354/2/1354 1322/3/1322
f 1354/1/1354 1370/2/1370 1339/3/1339
f 1339/1/1339 1370/2/1370 1324/3/1324
f 1324/1/1324 1370/2/1370 1340/3/1340
f 1371/1/1371 1355/2/1355 1340/3/1340
f 1355/1/1355 1356/2/1356 1326/3/1326
f 1356/1/1356 1357/2/1357 1327/3/1327
f 1357/1/1357 1372/2/1372 1341/3/1341
f 1341/1/1341 1359/2/1359 1342/3/1342
f 1328/1/1328 1359/2/1359 1358/3/1358
f 1329/1/1329 1358/2/1358 1360/3/1360
f 1330/1/1330 1360/2/1360 1361/3/1361
f 1331/1/1331 1361/2/1361 1362/3/1362
f 1373/1/1373 1343/2/1343 1362/3/1362
f 1374/1/1374 1363/2/1363 1344/3/1344
f 1374/1/1374 1344/2/1344 1364/3/1364
f 1375/1/1375 1345/2/1345 1348/3/1348
f 1376/1/1376 1364/2/1364 1345/3/1345
f 1363/1/1363 1349/2/1349 1346/3/1346
f 1373/1/1373 1347/2/1347 1343/3/1343
f 1377/1/1377 1348/2/1348 1347/3/1347
f 1378/1/1378 1365/2/1365 1349/3/1349
f 1365/1/1365 1379/2/1379 1336/3/1336
f 1336/1/1336 1379/2/1379 1366/3/1366
f 1366/1/1366 1380/2/1380 1350/3/1350
f 1350/1/1350 1380/2/1380 1367/3/1367
f 1367/1/1367 1368/2/1368 1319/3/1319
f 1338/1/1338 1381/2/1381 1352/3/1352
f 1368/1/1368 1369/2/1369 1351/3/1351
f 1338/1/1338 1369/2/1369 1381/3/1381
f 1352/1/1352 1382/2/1382 1353/3/1353
f 1353/1/1353 1383/2/1383 1354/3/1354
f 1354/1/1354 1371/2/1371 1370/3/1370
f 1370/1/1370 1371/2/1371 1340/3/1340
f 1371/1/1371 1384/2/1384 1355/3/1355
f 1355/1/1355 1385/2/1385 1356/3/1356
f 1385/1/1385 1357/2/1357 1356/3/1356
f 1341/1/1341 1372/2/1372 1359/3/1359
f 1357/1/1357 1386/2/1386 1372/3/1372
f 1358/1/1358 1359/2/1359 1387/3/1387
f 1360/1/1360 1358/2/1358 1388/3/1388
f 1362/1/1362 1361/2/1361 1360/3/1360
f 1373/1/1373 1362/2/1362 1389/3/1389
f 1390/1/1390 1363/2/1363 1374/3/1374
f 1376/1/1376 1374/2/1374 1364/3/1364
f 1377/1/1377 1375/2/1375 1348/3/1348
f 1375/1/1375 1391/2/1391 1345/3/1345
f 1391/1/1391 1376/2/1376 1345/3/1345
f 1363/1/1363 1378/2/1378 1349/3/1349
f 1377/1/1377 1347/2/1347 1373/3/1373
f 1378/1/1378 1392/2/1392 1365/3/1365
f 1365/1/1365 1393/2/1393 1379/3/1379
f 1366/1/1366 1379/2/1379 1380/3/1380
f 1380/1/1380 1394/2/1394 1367/3/1367
f 1394/1/1394 1368/2/1368 1367/3/1367
f 1381/1/1381 1382/2/1382 1352/3/1352
f 1368/1/1368 1395/2/1395 1369/3/1369
f 1369/1/1369 1382/2/1382 1381/3/1381
f 1382/1/1382 1383/2/1383 1353/3/1353
f 1383/1/1383 1371/2/1371 1354/3/1354
f 1383/1/1383 1384/2/1384 1371/3/1371
f 1384/1/1384 1385/2/1385 1355/3/1355
f 1385/1/1385 1386/2/1386 1357/3/1357
f 1359/1/1359 1372/2/1372 1387/3/1387
f 1386/1/1386 1396/2/1396 1372/3/1372
f 1358/1/1358 1387/2/1387 1388/3/1388
f 1397/1/1397 1360/2/1360 1388/3/1388
f 1362/1/1362 1360/2/1360 1397/3/1397
f 1389/1/1389 1362/2/1362 1398/3/1398
f 1399/1/1399 1373/2/1373 1389/3/1389
f 1400/1/1400 1390/2/1390 1374/3/1374
f 1390/1/1390 1401/2/1401 1363/3/1363
f 1402/1/1402 1374/2/1374 1376/3/1376
f 1403/1/1403 1375/2/1375 1377/3/1377
f 1403/1/1403 1391/2/1391 1375/3/1375
f 1404/1/1404 1376/2/1376 1391/3/1391
f 1363/1/1363 1401/2/1401 1378/3/1378
f 1399/1/1399 1377/2/1377 1373/3/1373
f 1378/1/1378 1405/2/1405 1392/3/1392
f 1392/1/1392 1393/2/1393 1365/3/1365
f 1379/1/1379 1393/2/1393 1380/3/1380
f 1380/1/1380 1406/2/1406 1394/3/1394
f 1394/1/1394 1407/2/1407 1368/3/1368
f 1407/1/1407 1395/2/1395 1368/3/1368
f 1395/1/1395 1408/2/1408 1369/3/1369
f 1369/1/1369 1409/2/1409 1382/3/1382
f 1409/1/1409 1383/2/1383 1382/3/1382
f 1410/1/1410 1384/2/1384 1383/3/1383
f 1384/1/1384 1411/2/1411 1385/3/1385
f 1385/1/1385 1411/2/1411 1386/3/1386
f 1387/1/1387 1372/2/1372 1396/3/1396
f 1386/1/1386 1412/2/1412 1396/3/1396
f 1388/1/1388 1387/2/1387 1413/3/1413
f 1397/1/1397 1388/2/1388 1414/3/1414
f 1362/1/1362 1397/2/1397 1398/3/1398
f 1389/1/1389 1398/2/1398 1415/3/1415
f 1399/1/1399 1389/2/1389 1416/3/1416
f 1390/1/1390 1400/2/1400 1417/3/1417
f 1400/1/1400 1374/2/1374 1418/3/1418
f 1390/1/1390 1417/2/1417 1401/3/1401
f 1404/1/1404 1402/2/1402 1376/3/1376
f 1418/1/1418 1374/2/1374 1402/3/1402
f 1419/1/1419 1403/2/1403 1377/3/1377
f 1403/1/1403 1404/2/1404 1391/3/1391
f 1401/1/1401 1405/2/1405 1378/3/1378
f 1420/1/1420 1377/2/1377 1399/3/1399
f 1405/1/1405 1421/2/1421 1392/3/1392
f 1392/1/1392 1421/2/1421 1393/3/1393
f 1393/1/1393 1406/2/1406 1380/3/1380
f 1406/1/1406 1422/2/1422 1394/3/1394
f 1394/1/1394 1422/2/1422 1407/3/1407
f 1423/1/1423 1395/2/1395 1407/3/1407
f 1424/1/1424 1408/2/1408 1395/3/1395
f 1369/1/1369 1408/2/1408 1409/3/1409
f 1409/1/1409 1410/2/1410 1383/3/1383
f 1410/1/1410 1425/2/1425 1384/3/1384
f 1384/1/1384 1425/2/1425 1411/3/1411
f 1426/1/1426 1386/2/1386 1411/3/1411
f 1387/1/1387 1396/2/1396 1427/3/1427
f 1412/1/1412 1386/2/1386 1426/3/1426
f 1396/1/1396 1412/2/1412 1427/3/1427
f 1387/1/1387 1427/2/1427 1413/3/1413
f 1388/1/1388 1413/2/1413 1414/3/1414
f 1398/1/1398 1397/2/1397 1414/3/1414
f 1415/1/1415 1398/2/1398 1428/3/1428
f 1416/1/1416 1389/2/1389 1415/3/1415
f 1399/1/1399 1416/2/1416 1420/3/1420
f 1400/1/1400 1429/2/1429 1417/3/1417
f 1430/1/1430 1400/2/1400 1418/3/1418
f 1401/1/1401 1417/2/1417 1405/3/1405
f 1431/1/1431 1402/2/1402 1404/3/1404
f 1432/1/1432 1418/2/1418 1402/3/1402
f 1420/1/1420 1419/2/1419 1377/3/1377
f 1433/1/1433 1403/2/1403 1419/3/1419
f 1433/1/1433 1404/2/1404 1403/3/1403
f 1405/1/1405 1434/2/1434 1421/3/1421
f 1393/1/1393 1421/2/1421 1406/3/1406
f 1406/1/1406 1435/2/1435 1422/3/1422
f 1422/1/1422 1436/2/1436 1407/3/1407
f 1436/1/1436 1423/2/1423 1407/3/1407
f 1424/1/1424 1395/2/1395 1423/3/1423
f 1437/1/1437 1408/2/1408 1424/3/1424
f 1408/1/1408 1438/2/1438 1409/3/1409
f 1409/1/1409 1438/2/1438 1410/3/1410
f 1438/1/1438 1425/2/1425 1410/3/1410
f 1426/1/1426 1411/2/1411 1425/3/1425
f 1439/1/1439 1412/2/1412 1426/3/1426
f 1427/1/1427 1412/2/1412 1439/3/1439
f 1413/1/1413 1427/2/1427 1440/3/1440
f 1414/1/1414 1413/2/1413 1428/3/1428
f 1398/1/1398 1414/2/1414 1428/3/1428
f 1415/1/1415 1428/2/1428 1441/3/1441
f 1416/1/1416 1415/2/1415 1442/3/1442
f 1420/1/1420 1416/2/1416 1443/3/1443
f 1429/1/1429 1400/2/1400 1430/3/1430
f 1429/1/1429 1444/2/1444 1417/3/1417
f 1430/1/1430 1418/2/1418 1432/3/1432
f 1417/1/1417 1434/2/1434 1405/3/1405
f 1433/1/1433 1431/2/1431 1404/3/1404
f 1432/1/1432 1402/2/1402 1431/3/1431
f 1445/1/1445 1419/2/1419 1420/3/1420
f 1445/1/1445 1433/2/1433 1419/3/1419
f 1434/1/1434 1446/2/1446 1421/3/1421
f 1421/1/1421 1447/2/1447 1406/3/1406
f 1422/1/1422 1435/2/1435 1436/3/1436
f 1406/1/1406 1447/2/1447 1435/3/1435
f 1436/1/1436 1448/2/1448 1423/3/1423
f 1449/1/1449 1424/2/1424 1423/3/1423
f 1449/1/1449 1437/2/1437 1424/3/1424
f 1437/1/1437 1438/2/1438 1408/3/1408
f 1437/1/1437 1425/2/1425 1438/3/1438
f 1426/1/1426 1425/2/1425 1450/3/1450
f 1439/1/1439 1426/2/1426 1451/3/1451
f 1427/1/1427 1439/2/1439 1452/3/1452
f 1427/1/1427 1452/2/1452 1440/3/1440
f 1413/1/1413 1440/2/1440 1453/3/1453
f 1428/1/1428 1413/2/1413 1453/3/1453
f 1428/1/1428 1454/2/1454 1441/3/1441
f 1415/1/1415 1441/2/1441 1442/3/1442
f 1416/1/1416 1442/2/1442 1443/3/1443
f 1420/1/1420 1443/2/1443 1455/3/1455
f 1456/1/1456 1429/2/1429 1430/3/1430
f 1429/1/1429 1457/2/1457 1444/3/1444
f 1417/1/1417 1444/2/1444 1458/3/1458
f 1456/1/1456 1430/2/1430 1432/3/1432
f 1417/1/1417 1458/2/1458 1434/3/1434
f 1459/1/1459 1431/2/1431 1433/3/1433
f 1460/1/1460 1432/2/1432 1431/3/1431
f 1461/1/1461 1445/2/1445 1420/3/1420
f 1459/1/1459 1433/2/1433 1445/3/1445
f 1434/1/1434 1462/2/1462 1446/3/1446
f 1421/1/1421 1446/2/1446 1463/3/1463
f 1421/1/1421 1463/2/1463 1447/3/1447
f 1435/1/1435 1464/2/1464 1436/3/1436
f 1447/1/1447 1463/2/1463 1435/3/1435
f 1464/1/1464 1448/2/1448 1436/3/1436
f 1449/1/1449 1423/2/1423 1448/3/1448
f 1465/1/1465 1437/2/1437 1449/3/1449
f 1450/1/1450 1425/2/1425 1437/3/1437
f 1466/1/1466 1426/2/1426 1450/3/1450
f 1451/1/1451 1426/2/1426 1466/3/1466
f 1467/1/1467 1439/2/1439 1451/3/1451
f 1452/1/1452 1439/2/1439 1467/3/1467
f 1440/1/1440 1452/2/1452 1468/3/1468
f 1453/1/1453 1440/2/1440 1469/3/1469
f 1428/1/1428 1453/2/1453 1454/3/1454
f 1470/1/1470 1441/2/1441 1454/3/1454
f 1442/1/1442 1441/2/1441 1470/3/1470
f 1443/1/1443 1442/2/1442 1455/3/1455
f 1420/1/1420 1455/2/1455 1461/3/1461
f 1471/1/1471 1429/2/1429 1456/3/1456
f 1429/1/1429 1471/2/1471 1457/3/1457
f 1444/1/1444 1457/2/1457 1472/3/1472
f 1444/1/1444 1472/2/1472 1458/3/1458
f 1456/1/1456 1432/2/1432 1473/3/1473
f 1434/1/1434 1458/2/1458 1462/3/1462
f 1459/1/1459 1460/2/1460 1431/3/1431
f 1473/1/1473 1432/2/1432 1460/3/1460
f 1474/1/1474 1445/2/1445 1461/3/1461
f 1474/1/1474 1459/2/1459 1445/3/1445
f 1462/1/1462 1475/2/1475 1446/3/1446
f 1446/1/1446 1475/2/1475 1463/3/1463
f 1435/1/1435 1476/2/1476 1464/3/1464
f 1463/1/1463 1476/2/1476 1435/3/1435
f 1464/1/1464 1477/2/1477 1448/3/1448
f 1478/1/1478 1449/2/1449 1448/3/1448
f 1479/1/1479 1465/2/1465 1449/3/1449
f 1466/1/1466 1437/2/1437 1465/3/1465
f 1466/1/1466 1450/2/1450 1437/3/1437
f 1480/1/1480 1451/2/1451 1466/3/1466
f 1467/1/1467 1451/2/1451 1480/3/1480
f 1468/1/1468 1452/2/1452 1467/3/1467
f 1440/1/1440 1468/2/1468 1469/3/1469
f 1453/1/1453 1469/2/1469 1454/3/1454
f 1470/1/1470 1454/2/1454 1481/3/1481
f 1442/1/1442 1470/2/1470 1482/3/1482
f 1455/1/1455 1442/2/1442 1482/3/1482
f 1461/1/1461 1455/2/1455 1483/3/1483
f 1484/1/1484 1471/2/1471 1456/3/1456
f 1471/1/1471 1484/2/1484 1457/3/1457
f 1457/1/1457 1485/2/1485 1472/3/1472
f 1472/1/1472 1462/2/1462 1458/3/1458
f 1486/1/1486 1456/2/1456 1473/3/1473
f 1487/1/1487 1460/2/1460 1459/3/1459
f 1487/1/1487 1473/2/1473 1460/3/1460
f 1488/1/1488 1474/2/1474 1461/3/1461
f 1489/1/1489 1459/2/1459 1474/3/1474
f 1462/1/1462 1490/2/1490 1475/3/1475
f 1475/1/1475 1476/2/1476 1463/3/1463
f 1476/1/1476 1491/2/1491 1464/3/1464
f 1491/1/1491 1477/2/1477 1464/3/1464
f 1478/1/1478 1448/2/1448 1477/3/1477
f 1479/1/1479 1449/2/1449 1478/3/1478
f 1479/1/1479 1466/2/1466 1465/3/1465
f 1480/1/1480 1466/2/1466 1479/3/1479
f 1492/1/1492 1467/2/1467 1480/3/1480
f 1468/1/1468 1467/2/1467 1493/3/1493
f 1469/1/1469 1468/2/1468 1494/3/1494
f 1454/1/1454 1469/2/1469 1495/3/1495
f 1481/1/1481 1454/2/1454 1495/3/1495
f 1470/1/1470 1481/2/1481 1496/3/1496
f 1497/1/1497 1482/2/1482 1470/3/1470
f 1455/1/1455 1482/2/1482 1483/3/1483
f 1461/1/1461 1483/2/1483 1488/3/1488
f 1484/1/1484 1456/2/1456 1498/3/1498
f 1484/1/1484 1499/2/1499 1457/3/1457
f 1457/1/1457 1499/2/1499 1485/3/1485
f 1485/1/1485 1500/2/1500 1472/3/1472
f 1472/1/1472 1501/2/1501 1462/3/1462
f 1486/1/1486 1473/2/1473 1487/3/1487
f 1498/1/1498 1456/2/1456 1486/3/1486
f 1489/1/1489 1487/2/1487 1459/3/1459
f 1502/1/1502 1474/2/1474 1488/3/1488
f 1502/1/1502 1489/2/1489 1474/3/1474
f 1501/1/1501 1490/2/1490 1462/3/1462
f 1490/1/1490 1503/2/1503 1475/3/1475
f 1475/1/1475 1503/2/1503 1476/3/1476
f 1503/1/1503 1491/2/1491 1476/3/1476
f 1491/1/1491 1504/2/1504 1477/3/1477
f 1505/1/1505 1478/2/1478 1477/3/1477
f 1505/1/1505 1479/2/1479 1478/3/1478
f 1492/1/1492 1480/2/1480 1479/3/1479
f 1493/1/1493 1467/2/1467 1492/3/1492
f 1506/1/1506 1468/2/1468 1493/3/1493
f 1494/1/1494 1468/2/1468 1506/3/1506
f 1495/1/1495 1469/2/1469 1494/3/1494
f 1481/1/1481 1495/2/1495 1507/3/1507
f 1496/1/1496 1481/2/1481 1507/3/1507
f 1508/1/1508 1470/2/1470 1496/3/1496
f 1483/1/1483 1482/2/1482 1497/3/1497
f 1497/1/1497 1470/2/1470 1508/3/1508
f 1488/1/1488 1483/2/1483 1509/3/1509
f 1510/1/1510 1484/2/1484 1498/3/1498
f 1484/1/1484 1511/2/1511 1499/3/1499
f 1499/1/1499 1512/2/1512 1485/3/1485
f 1485/1/1485 1513/2/1513 1500/3/1500
f 1472/1/1472 1500/2/1500 1501/3/1501
f 1514/1/1514 1486/2/1486 1487/3/1487
f 1514/1/1514 1498/2/1498 1486/3/1486
f 1515/1/1515 1487/2/1487 1489/3/1489
f 1516/1/1516 1502/2/1502 1488/3/1488
f 1515/1/1515 1489/2/1489 1502/3/1502
f 1501/1/1501 1517/2/1517 1490/3/1490
f 1490/1/1490 1518/2/1518 1503/3/1503
f 1503/1/1503 1519/2/1519 1491/3/1491
f 1519/1/1519 1504/2/1504 1491/3/1491
f 1504/1/1504 1505/2/1505 1477/3/1477
f 1520/1/1520 1479/2/1479 1505/3/1505
f 1492/1/1492 1479/2/1479 1520/3/1520
f 1521/1/1521 1493/2/1493 1492/3/1492
f 1506/1/1506 1493/2/1493 1521/3/1521
f 1522/1/1522 1494/2/1494 1506/3/1506
f 1495/1/1495 1494/2/1494 1523/3/1523
f 1507/1/1507 1495/2/1495 1523/3/1523
f 1524/1/1524 1496/2/1496 1507/3/1507
f 1508/1/1508 1496/2/1496 1524/3/1524
f 1483/1/1483 1497/2/1497 1525/3/1525
f 1497/1/1497 1508/2/1508 1526/3/1526
f 1483/1/1483 1525/2/1525 1509/3/1509
f 1488/1/1488 1509/2/1509 1516/3/1516
f 1510/1/1510 1498/2/1498 1514/3/1514
f 1527/1/1527 1484/2/1484 1510/3/1510
f 1484/1/1484 1527/2/1527 1511/3/1511
f 1499/1/1499 1511/2/1511 1512/3/1512
f 1512/1/1512 1513/2/1513 1485/3/1485
f 1513/1/1513 1528/2/1528 1500/3/1500
f 1500/1/1500 1517/2/1517 1501/3/1501
f 1514/1/1514 1487/2/1487 1529/3/1529
f 1515/1/1515 1529/2/1529 1487/3/1487
f 1530/1/1530 1502/2/1502 1516/3/1516
f 1530/1/1530 1515/2/1515 1502/3/1502
f 1517/1/1517 1518/2/1518 1490/3/1490
f 1518/1/1518 1519/2/1519 1503/3/1503
f 1519/1/1519 1531/2/1531 1504/3/1504
f 1532/1/1532 1505/2/1505 1504/3/1504
f 1533/1/1533 1520/2/1520 1505/3/1505
f 1521/1/1521 1492/2/1492 1520/3/1520
f 1534/1/1534 1506/2/1506 1521/3/1521
f 1522/1/1522 1506/2/1506 1534/3/1534
f 1523/1/1523 1494/2/1494 1522/3/1522
f 1507/1/1507 1523/2/1523 1535/3/1535
f 1524/1/1524 1507/2/1507 1536/3/1536
f 1526/1/1526 1508/2/1508 1524/3/1524
f 1525/1/1525 1497/2/1497 1526/3/1526
f 1509/1/1509 1525/2/1525 1537/3/1537
f 1516/1/1516 1509/2/1509 1538/3/1538
f 1539/1/1539 1510/2/1510 1514/3/1514
f 1539/1/1539 1527/2/1527 1510/3/1510
f 1527/1/1527 1540/2/1540 1511/3/1511
f 1511/1/1511 1540/2/1540 1512/3/1512
f 1541/1/1541 1513/2/1513 1512/3/1512
f 1513/1/1513 1542/2/1542 1528/3/1528
f 1500/1/1500 1528/2/1528 1517/3/1517
f 1543/1/1543 1514/2/1514 1529/3/1529
f 1544/1/1544 1529/2/1529 1515/3/1515
f 1545/1/1545 1530/2/1530 1516/3/1516
f 1546/1/1546 1515/2/1515 1530/3/1530
f 1517/1/1517 1547/2/1547 1518/3/1518
f 1518/1/1518 1548/2/1548 1519/3/1519
f 1548/1/1548 1531/2/1531 1519/3/1519
f 1531/1/1531 1532/2/1532 1504/3/1504
f 1532/1/1532 1533/2/1533 1505/3/1505
f 1521/1/1521 1520/2/1520 1533/3/1533
f 1534/1/1534 1521/2/1521 1533/3/1533
f 1549/1/1549 1522/2/1522 1534/3/1534
f 1550/1/1550 1523/2/1523 1522/3/1522
f 1535/1/1535 1523/2/1523 1550/3/1550
f 1536/1/1536 1507/2/1507 1535/3/1535
f 1524/1/1524 1536/2/1536 1551/3/1551
f 1552/1/1552 1526/2/1526 1524/3/1524
f 1525/1/1525 1526/2/1526 1552/3/1552
f 1537/1/1537 1525/2/1525 1552/3/1552
f 1509/1/1509 1537/2/1537 1538/3/1538
f 1516/1/1516 1538/2/1538 1545/3/1545
f 1539/1/1539 1514/2/1514 1553/3/1553
f 1554/1/1554 1527/2/1527 1539/3/1539
f 1527/1/1527 1554/2/1554 1540/3/1540
f 1540/1/1540 1541/2/1541 1512/3/1512
f 1541/1/1541 1555/2/1555 1513/3/1513
f 1555/1/1555 1542/2/1542 1513/3/1513
f 1542/1/1542 1556/2/1556 1528/3/1528
f 1528/1/1528 1556/2/1556 1517/3/1517
f 1544/1/1544 1543/2/1543 1529/3/1529
f 1553/1/1553 1514/2/1514 1543/3/1543
f 1546/1/1546 1544/2/1544 1515/3/1515
f 1546/1/1546 1530/2/1530 1545/3/1545
f 1517/1/1517 1556/2/1556 1547/3/1547
f 1547/1/1547 1548/2/1548 1518/3/1518
f 1548/1/1548 1557/2/1557 1531/3/1531
f 1558/1/1558 1532/2/1532 1531/3/1531
f 1559/1/1559 1533/2/1533 1532/3/1532
f 1534/1/1534 1533/2/1533 1559/3/1559
f 1549/1/1549 1534/2/1534 1559/3/1559
f 1550/1/1550 1522/2/1522 1549/3/1549
f 1560/1/1560 1535/2/1535 1550/3/1550
f 1551/1/1551 1536/2/1536 1535/3/1535
f 1561/1/1561 1524/2/1524 1551/3/1551
f 1552/1/1552 1524/2/1524 1561/3/1561
f 1537/1/1537 1552/2/1552 1562/3/1562
f 1538/1/1538 1537/2/1537 1563/3/1563
f 1545/1/1545 1538/2/1538 1564/3/1564
f 1565/1/1565 1539/2/1539 1553/3/1553
f 1565/1/1565 1554/2/1554 1539/3/1539
f 1554/1/1554 1566/2/1566 1540/3/1540
f 1540/1/1540 1567/2/1567 1541/3/1541
f 1541/1/1541 1567/2/1567 1555/3/1555
f 1568/1/1568 1542/2/1542 1555/3/1555
f 1542/1/1542 1569/2/1569 1556/3/1556
f 1570/1/1570 1543/2/1543 1544/3/1544
f 1571/1/1571 1553/2/1553 1543/3/1543
f 1572/1/1572 1544/2/1544 1546/3/1546
f 1564/1/1564 1546/2/1546 1545/3/1545
f 1556/1/1556 1573/2/1573 1547/3/1547
f 1547/1/1547 1574/2/1574 1548/3/1548
f 1575/1/1575 1557/2/1557 1548/3/1548
f 1557/1/1557 1558/2/1558 1531/3/1531
f 1558/1/1558 1559/2/1559 1532/3/1532
f 1549/1/1549 1559/2/1559 1576/3/1576
f 1577/1/1577 1550/2/1550 1549/3/1549
f 1560/1/1560 1550/2/1550 1577/3/1577
f 1578/1/1578 1535/2/1535 1560/3/1560
f 1551/1/1551 1535/2/1535 1578/3/1578
f 1561/1/1561 1551/2/1551 1579/3/1579
f 1562/1/1562 1552/2/1552 1561/3/1561
f 1580/1/1580 1537/2/1537 1562/3/1562
f 1564/1/1564 1538/2/1538 1563/3/1563
f 1563/1/1563 1537/2/1537 1580/3/1580
f 1565/1/1565 1553/2/1553 1571/3/1571
f 1581/1/1581 1554/2/1554 1565/3/1565
f 1554/1/1554 1581/2/1581 1566/3/1566
f 1540/1/1540 1566/2/1566 1567/3/1567
f 1567/1/1567 1568/2/1568 1555/3/1555
f 1568/1/1568 1582/2/1582 1542/3/1542
f 1582/1/1582 1569/2/1569 1542/3/1542
f 1569/1/1569 1573/2/1573 1556/3/1556
f 1572/1/1572 1570/2/1570 1544/3/1544
f 1570/1/1570 1583/2/1583 1543/3/1543
f 1571/1/1571 1543/2/1543 1583/3/1583
f 1584/1/1584 1572/2/1572 1546/3/1546
f 1584/1/1584 1546/2/1546 1564/3/1564
f 1547/1/1547 1573/2/1573 1574/3/1574
f 1574/1/1574 1575/2/1575 1548/3/1548
f 1575/1/1575 1558/2/1558 1557/3/1557
f 1585/1/1585 1559/2/1559 1558/3/1558
f 1585/1/1585 1576/2/1576 1559/3/1559
f 1577/1/1577 1549/2/1549 1576/3/1576
f 1586/1/1586 1560/2/1560 1577/3/1577
f 1586/1/1586 1578/2/1578 1560/3/1560
f 1551/1/1551 1578/2/1578 1587/3/1587
f 1579/1/1579 1551/2/1551 1587/3/1587
f 1588/1/1588 1561/2/1561 1579/3/1579
f 1562/1/1562 1561/2/1561 1588/3/1588
f 1580/1/1580 1562/2/1562 1589/3/1589
f 1564/1/1564 1563/2/1563 1584/3/1584
f 1563/1/1563 1580/2/1580 1589/3/1589
f 1590/1/1590 1565/2/1565 1571/3/1571
f 1591/1/1591 1581/2/1581 1565/3/1565
f 1581/1/1581 1591/2/1591 1566/3/1566
f 1566/1/1566 1592/2/1592 1567/3/1567
f 1567/1/1567 1593/2/1593 1568/3/1568
f 1593/1/1593 1582/2/1582 1568/3/1568
f 1582/1/1582 1594/2/1594 1569/3/1569
f 1569/1/1569 1595/2/1595 1573/3/1573
f 1596/1/1596 1570/2/1570 1572/3/1572
f 1597/1/1597 1583/2/1583 1570/3/1570
f 1598/1/1598 1571/2/1571 1583/3/1583
f 1599/1/1599 1572/2/1572 1584/3/1584
f 1573/1/1573 1575/2/1575 1574/3/1574
f 1575/1/1575 1585/2/1585 1558/3/1558
f 1600/1/1600 1576/2/1576 1585/3/1585
f 1577/1/1577 1576/2/1576 1600/3/1600
f 1586/1/1586 1577/2/1577 1601/3/1601
f 1587/1/1587 1578/2/1578 1586/3/1586
f 1579/1/1579 1587/2/1587 1602/3/1602
f 1588/1/1588 1579/2/1579 1603/3/1603
f 1604/1/1604 1562/2/1562 1588/3/1588
f 1589/1/1589 1562/2/1562 1604/3/1604
f 1584/1/1584 1563/2/1563 1605/3/1605
f 1563/1/1563 1589/2/1589 1605/3/1605
f 1590/1/1590 1571/2/1571 1598/3/1598
f 1606/1/1606 1565/2/1565 1590/3/1590
f 1591/1/1591 1565/2/1565 1606/3/1606
f 1591/1/1591 1592/2/1592 1566/3/1566
f 1592/1/1592 1607/2/1607 1567/3/1567
f 1567/1/1567 1607/2/1607 1593/3/1593
f 1593/1/1593 1608/2/1608 1582/3/1582
f 1582/1/1582 1609/2/1609 1594/3/1594
f 1594/1/1594 1595/2/1595 1569/3/1569
f 1595/1/1595 1610/2/1610 1573/3/1573
f 1596/1/1596 1597/2/1597 1570/3/1570
f 1599/1/1599 1596/2/1596 1572/3/1572
f 1597/1/1597 1598/2/1598 1583/3/1583
f 1584/1/1584 1605/2/1605 1599/3/1599
f 1573/1/1573 1610/2/1610 1575/3/1575
f 1611/1/1611 1585/2/1585 1575/3/1575
f 1611/1/1611 1600/2/1600 1585/3/1585
f 1601/1/1601 1577/2/1577 1600/3/1600
f 1612/1/1612 1586/2/1586 1601/3/1601
f 1612/1/1612 1587/2/1587 1586/3/1586
f 1602/1/1602 1587/2/1587 1612/3/1612
f 1603/1/1603 1579/2/1579 1602/3/1602
f 1613/1/1613 1588/2/1588 1603/3/1603
f 1604/1/1604 1588/2/1588 1613/3/1613
f 1589/1/1589 1604/2/1604 1614/3/1614
f 1605/1/1605 1589/2/1589 1615/3/1615
f 1616/1/1616 1590/2/1590 1598/3/1598
f 1617/1/1617 1606/2/1606 1590/3/1590
f 1618/1/1618 1591/2/1591 1606/3/1606
f 1592/1/1592 1591/2/1591 1619/3/1619
f 1592/1/1592 1620/2/1620 1607/3/1607
f 1607/1/1607 1621/2/1621 1593/3/1593
f 1621/1/1621 1608/2/1608 1593/3/1593
f 1608/1/1608 1609/2/1609 1582/3/1582
f 1609/1/1609 1622/2/1622 1594/3/1594
f 1594/1/1594 1622/2/1622 1595/3/1595
f 1595/1/1595 1623/2/1623 1610/3/1610
f 1624/1/1624 1597/2/1597 1596/3/1596
f 1625/1/1625 1596/2/1596 1599/3/1599
f 1624/1/1624 1598/2/1598 1597/3/1597
f 1599/1/1599 1605/2/1605 1626/3/1626
f 1610/1/1610 1611/2/1611 1575/3/1575
f 1627/1/1627 1600/2/1600 1611/3/1611
f 1601/1/1601 1600/2/1600 1627/3/1627
f 1612/1/1612 1601/2/1601 1628/3/1628
f 1629/1/1629 1602/2/1602 1612/3/1612
f 1603/1/1603 1602/2/1602 1630/3/1630
f 1613/1/1613 1603/2/1603 1631/3/1631
f 1604/1/1604 1613/2/1613 1632/3/1632
f 1614/1/1614 1604/2/1604 1632/3/1632
f 1589/1/1589 1614/2/1614 1615/3/1615
f 1605/1/1605 1615/2/1615 1626/3/1626
f 1624/1/1624 1616/2/1616 1598/3/1598
f 1617/1/1617 1590/2/1590 1616/3/1616
f 1618/1/1618 1606/2/1606 1617/3/1617
f 1633/1/1633 1591/2/1591 1618/3/1618
f 1619/1/1619 1591/2/1591 1633/3/1633
f 1592/1/1592 1619/2/1619 1620/3/1620
f 1607/1/1607 1620/2/1620 1621/3/1621
f 1621/1/1621 1634/2/1634 1608/3/1608
f 1608/1/1608 1635/2/1635 1609/3/1609
f 1609/1/1609 1636/2/1636 1622/3/1622
f 1622/1/1622 1623/2/1623 1595/3/1595
f 1623/1/1623 1637/2/1637 1610/3/1610
f 1625/1/1625 1624/2/1624 1596/3/1596
f 1638/1/1638 1625/2/1625 1599/3/1599
f 1599/1/1599 1626/2/1626 1639/3/1639
f 1637/1/1637 1611/2/1611 1610/3/1610
f 1637/1/1637 1627/2/1627 1611/3/1611
f 1640/1/1640 1601/2/1601 1627/3/1627
f 1628/1/1628 1601/2/1601 1640/3/1640
f 1641/1/1641 1612/2/1612 1628/3/1628
f 1629/1/1629 1612/2/1612 1641/3/1641
f 1630/1/1630 1602/2/1602 1629/3/1629
f 1631/1/1631 1603/2/1603 1630/3/1630
f 1632/1/1632 1613/2/1613 1631/3/1631
f 1642/1/1642 1614/2/1614 1632/3/1632
f 1615/1/1615 1614/2/1614 1643/3/1643
f 1626/1/1626 1615/2/1615 1643/3/1643
f 1644/1/1644 1616/2/1616 1624/3/1624
f 1644/1/1644 1617/2/1617 1616/3/1616
f 1618/1/1618 1617/2/1617 1645/3/1645
f 1633/1/1633 1618/2/1618 1646/3/1646
f 1619/1/1619 1633/2/1633 1647/3/1647
f 1620/1/1620 1619/2/1619 1648/3/1648
f 1621/1/1621 1620/2/1620 1649/3/1649
f 1621/1/1621 1649/2/1649 1634/3/1634
f 1608/1/1608 1634/2/1634 1635/3/1635
f 1609/1/1609 1635/2/1635 1636/3/1636
f 1636/1/1636 1650/2/1650 1622/3/1622
f 1622/1/1622 1650/2/1650 1623/3/1623
f 1651/1/1651 1637/2/1637 1623/3/1623
f 1624/1/1624 1625/2/1625 1652/3/1652
f 1638/1/1638 1599/2/1599 1639/3/1639
f 1652/1/1652 1625/2/1625 1638/3/1638
f 1626/1/1626 1643/2/1643 1639/3/1639
f 1640/1/1640 1627/2/1627 1637/3/1637
f 1641/1/1641 1628/2/1628 1640/3/1640
f 1653/1/1653 1629/2/1629 1641/3/1641
f 1654/1/1654 1630/2/1630 1629/3/1629
f 1655/1/1655 1631/2/1631 1630/3/1630
f 1656/1/1656 1632/2/1632 1631/3/1631
f 1643/1/1643 1614/2/1614 1642/3/1642
f 1642/1/1642 1632/2/1632 1657/3/1657
f 1658/1/1658 1644/2/1644 1624/3/1624
f 1645/1/1645 1617/2/1617 1644/3/1644
f 1618/1/1618 1645/2/1645 1646/3/1646
f 1633/1/1633 1646/2/1646 1659/3/1659
f 1647/1/1647 1633/2/1633 1659/3/1659
f 1619/1/1619 1647/2/1647 1648/3/1648
f 1620/1/1620 1648/2/1648 1649/3/1649
f 1634/1/1634 1649/2/1649 1660/3/1660
f 1634/1/1634 1660/2/1660 1635/3/1635
f 1635/1/1635 1661/2/1661 1636/3/1636
f 1636/1/1636 1662/2/1662 1650/3/1650
f 1650/1/1650 1651/2/1651 1623/3/1623
f 1651/1/1651 1640/2/1640 1637/3/1637
f 1658/1/1658 1624/2/1624 1652/3/1652
f 1663/1/1663 1638/2/1638 1639/3/1639
f 1652/1/1652 1638/2/1638 1663/3/1663
f 1664/1/1664 1639/2/1639 1643/3/1643
f 1641/1/1641 1640/2/1640 1665/3/1665
f 1654/1/1654 1629/2/1629 1653/3/1653
f 1653/1/1653 1641/2/1641 1665/3/1665
f 1654/1/1654 1655/2/1655 1630/3/1630
f 1655/1/1655 1656/2/1656 1631/3/1631
f 1656/1/1656 1657/2/1657 1632/3/1632
f 1666/1/1666 1643/2/1643 1642/3/1642
f 1667/1/1667 1642/2/1642 1657/3/1657
f 1644/1/1644 1658/2/1658 1668/3/1668
f 1645/1/1645 1644/2/1644 1669/3/1669
f 1646/1/1646 1645/2/1645 1670/3/1670
f 1659/1/1659 1646/2/1646 1671/3/1671
f 1647/1/1647 1659/2/1659 1672/3/1672
f 1648/1/1648 1647/2/1647 1672/3/1672
f 1649/1/1649 1648/2/1648 1673/3/1673
f 1649/1/1649 1674/2/1674 1660/3/1660
f 1635/1/1635 1660/2/1660 1675/3/1675
f 1635/1/1635 1676/2/1676 1661/3/1661
f 1636/1/1636 1661/2/1661 1677/3/1677
f 1636/1/1636 1677/2/1677 1662/3/1662
f 1662/1/1662 1678/2/1678 1650/3/1650
f 1678/1/1678 1651/2/1651 1650/3/1650
f 1678/1/1678 1640/2/1640 1651/3/1651
f 1668/1/1668 1658/2/1658 1652/3/1652
f 1663/1/1663 1639/2/1639 1679/3/1679
f 1652/1/1652 1663/2/1663 1680/3/1680
f 1664/1/1664 1643/2/1643 1666/3/1666
f 1679/1/1679 1639/2/1639 1664/3/1664
f 1678/1/1678 1665/2/1665 1640/3/1640
f 1681/1/1681 1654/2/1654 1653/3/1653
f 1653/1/1653 1665/2/1665 1682/3/1682
f 1654/1/1654 1683/2/1683 1655/3/1655
f 1683/1/1683 1656/2/1656 1655/3/1655
f 1684/1/1684 1657/2/1657 1656/3/1656
f 1667/1/1667 1666/2/1666 1642/3/1642
f 1684/1/1684 1667/2/1667 1657/3/1657
f 1644/1/1644 1668/2/1668 1669/3/1669
f 1645/1/1645 1669/2/1669 1670/3/1670
f 1646/1/1646 1670/2/1670 1685/3/1685
f 1672/1/1672 1659/2/1659 1671/3/1671
f 1671/1/1671 1646/2/1646 1685/3/1685
f 1648/1/1648 1672/2/1672 1673/3/1673
f 1649/1/1649 1673/2/1673 1686/3/1686
f 1649/1/1649 1686/2/1686 1674/3/1674
f 1660/1/1660 1674/2/1674 1687/3/1687
f 1660/1/1660 1687/2/1687 1675/3/1675
f 1635/1/1635 1675/2/1675 1676/3/1676
f 1661/1/1661 1676/2/1676 1677/3/1677
f 1677/1/1677 1678/2/1678 1662/3/1662
f 1668/1/1668 1652/2/1652 1688/3/1688
f 1663/1/1663 1679/2/1679 1689/3/1689
f 1680/1/1680 1663/2/1663 1689/3/1689
f 1688/1/1688 1652/2/1652 1680/3/1680
f 1690/1/1690 1664/2/1664 1666/3/1666
f 1691/1/1691 1679/2/1679 1664/3/1664
f 1682/1/1682 1665/2/1665 1678/3/1678
f 1681/1/1681 1692/2/1692 1654/3/1654
f 1693/1/1693 1681/2/1681 1653/3/1653
f 1693/1/1693 1653/2/1653 1682/3/1682
f 1692/1/1692 1683/2/1683 1654/3/1654
f 1683/1/1683 1684/2/1684 1656/3/1656
f 1694/1/1694 1666/2/1666 1667/3/1667
f 1695/1/1695 1667/2/1667 1684/3/1684
f 1669/1/1669 1668/2/1668 1696/3/1696
f 1670/1/1670 1669/2/1669 1697/3/1697
f 1685/1/1685 1670/2/1670 1698/3/1698
f 1672/1/1672 1671/2/1671 1699/3/1699
f 1671/1/1671 1685/2/1685 1700/3/1700
f 1673/1/1673 1672/2/1672 1701/3/1701
f 1686/1/1686 1673/2/1673 1702/3/1702
f 1686/1/1686 1703/2/1703 1674/3/1674
f 1674/1/1674 1703/2/1703 1687/3/1687
f 1675/1/1675 1687/2/1687 1676/3/1676
f 1676/1/1676 1704/2/1704 1677/3/1677
f 1677/1/1677 1705/2/1705 1678/3/1678
f 1696/1/1696 1668/2/1668 1688/3/1688
f 1689/1/1689 1679/2/1679 1691/3/1691
f 1706/1/1706 1680/2/1680 1689/3/1689
f 1707/1/1707 1688/2/1688 1680/3/1680
f 1694/1/1694 1690/2/1690 1666/3/1666
f 1691/1/1691 1664/2/1664 1690/3/1690
f 1705/1/1705 1682/2/1682 1678/3/1678
f 1708/1/1708 1692/2/1692 1681/3/1681
f 1693/1/1693 1708/2/1708 1681/3/1681
f 1705/1/1705 1693/2/1693 1682/3/1682
f 1692/1/1692 1709/2/1709 1683/3/1683
f 1709/1/1709 1684/2/1684 1683/3/1683
f 1695/1/1695 1694/2/1694 1667/3/1667
f 1709/1/1709 1695/2/1695 1684/3/1684
f 1669/1/1669 1696/2/1696 1697/3/1697
f 1670/1/1670 1697/2/1697 1698/3/1698
f 1685/1/1685 1698/2/1698 1700/3/1700
f 1671/1/1671 1700/2/1700 1699/3/1699
f 1672/1/1672 1699/2/1699 1710/3/1710
f 1672/1/1672 1710/2/1710 1701/3/1701
f 1673/1/1673 1701/2/1701 1702/3/1702
f 1686/1/1686 1702/2/1702 1703/3/1703
f 1687/1/1687 1703/2/1703 1711/3/1711
f 1687/1/1687 1712/2/1712 1676/3/1676
f 1676/1/1676 1712/2/1712 1704/3/1704
f 1677/1/1677 1704/2/1704 1705/3/1705
f 1696/1/1696 1688/2/1688 1707/3/1707
f 1713/1/1713 1689/2/1689 1691/3/1691
f 1706/1/1706 1689/2/1689 1713/3/1713
f 1714/1/1714 1680/2/1680 1706/3/1706
f 1707/1/1707 1680/2/1680 1714/3/1714
f 1715/1/1715 1690/2/1690 1694/3/1694
f 1716/1/1716 1691/2/1691 1690/3/1690
f 1708/1/1708 1717/2/1717 1692/3/1692
f 1693/1/1693 1718/2/1718 1708/3/1708
f 1705/1/1705 1719/2/1719 1693/3/1693
f 1717/1/1717 1709/2/1709 1692/3/1692
f 1720/1/1720 1694/2/1694 1695/3/1695
f 1721/1/1721 1695/2/1695 1709/3/1709
f 1697/1/1697 1696/2/1696 1722/3/1722
f 1698/1/1698 1697/2/1697 1723/3/1723
f 1700/1/1700 1698/2/1698 1723/3/1723
f 1699/1/1699 1700/2/1700 1724/3/1724
f 1710/1/1710 1699/2/1699 1725/3/1725
f 1701/1/1701 1710/2/1710 1726/3/1726
f 1702/1/1702 1701/2/1701 1726/3/1726
f 1702/1/1702 1727/2/1727 1703/3/1703
f 1703/1/1703 1727/2/1727 1711/3/1711
f 1687/1/1687 1711/2/1711 1712/3/1712
f 1712/1/1712 1728/2/1728 1704/3/1704
f 1704/1/1704 1719/2/1719 1705/3/1705
f 1696/1/1696 1707/2/1707 1729/3/1729
f 1713/1/1713 1691/2/1691 1716/3/1716
f 1730/1/1730 1706/2/1706 1713/3/1713
f 1731/1/1731 1714/2/1714 1706/3/1706
f 1729/1/1729 1707/2/1707 1714/3/1714
f 1720/1/1720 1715/2/1715 1694/3/1694
f 1715/1/1715 1716/2/1716 1690/3/1690
f 1708/1/1708 1732/2/1732 1717/3/1717
f 1719/1/1719 1718/2/1718 1693/3/1693
f 1718/1/1718 1733/2/1733 1708/3/1708
f 1732/1/1732 1709/2/1709 1717/3/1717
f 1721/1/1721 1720/2/1720 1695/3/1695
f 1732/1/1732 1721/2/1721 1709/3/1709
f 1722/1/1722 1696/2/1696 1729/3/1729
f 1697/1/1697 1722/2/1722 1734/3/1734
f 1723/1/1723 1697/2/1697 1734/3/1734
f 1700/1/1700 1723/2/1723 1724/3/1724
f 1699/1/1699 1724/2/1724 1735/3/1735
f 1699/1/1699 1735/2/1735 1725/3/1725
f 1710/1/1710 1725/2/1725 1726/3/1726
f 1702/1/1702 1726/2/1726 1736/3/1736
f 1702/1/1702 1736/2/1736 1727/3/1727
f 1711/1/1711 1727/2/1727 1737/3/1737
f 1712/1/1712 1711/2/1711 1738/3/1738
f 1712/1/1712 1738/2/1738 1728/3/1728
f 1704/1/1704 1728/2/1728 1739/3/1739
f 1704/1/1704 1739/2/1739 1719/3/1719
f 1740/1/1740 1713/2/1713 1716/3/1716
f 1730/1/1730 1713/2/1713 1740/3/1740
f 1741/1/1741 1706/2/1706 1730/3/1730
f 1729/1/1729 1714/2/1714 1731/3/1731
f 1731/1/1731 1706/2/1706 1741/3/1741
f 1742/1/1742 1715/2/1715 1720/3/1720
f 1743/1/1743 1716/2/1716 1715/3/1715
f 1733/1/1733 1732/2/1732 1708/3/1708
f 1719/1/1719 1739/2/1739 1718/3/1718
f 1718/1/1718 1744/2/1744 1733/3/1733
f 1745/1/1745 1720/2/1720 1721/3/1721
f 1746/1/1746 1721/2/1721 1732/3/1732
f 1747/1/1747 1722/2/1722 1729/3/1729
f 1734/1/1734 1722/2/1722 1747/3/1747
f 1723/1/1723 1734/2/1734 1748/3/1748
f 1724/1/1724 1723/2/1723 1749/3/1749
f 1735/1/1735 1724/2/1724 1750/3/1750
f 1725/1/1725 1735/2/1735 1751/3/1751
f 1726/1/1726 1725/2/1725 1752/3/1752
f 1736/1/1736 1726/2/1726 1753/3/1753
f 1736/1/1736 1754/2/1754 1727/3/1727
f 1727/1/1727 1754/2/1754 1737/3/1737
f 1711/1/1711 1737/2/1737 1738/3/1738
f 1738/1/1738 1755/2/1755 1728/3/1728
f 1728/1/1728 1755/2/1755 1739/3/1739
f 1743/1/1743 1740/2/1740 1716/3/1716
f 1756/1/1756 1730/2/1730 1740/3/1740
f 1757/1/1757 1741/2/1741 1730/3/1730
f 1758/1/1758 1729/2/1729 1731/3/1731
f 1759/1/1759 1731/2/1731 1741/3/1741
f 1745/1/1745 1742/2/1742 1720/3/1720
f 1742/1/1742 1743/2/1743 1715/3/1715
f 1733/1/1733 1746/2/1746 1732/3/1732
f 1739/1/1739 1744/2/1744 1718/3/1718
f 1744/1/1744 1760/2/1760 1733/3/1733
f 1746/1/1746 1745/2/1745 1721/3/1721
f 1747/1/1747 1729/2/1729 1761/3/1761
f 1734/1/1734 1747/2/1747 1748/3/1748
f 1723/1/1723 1748/2/1748 1749/3/1749
f 1724/1/1724 1749/2/1749 1750/3/1750
f 1735/1/1735 1750/2/1750 1762/3/1762
f 1735/1/1735 1762/2/1762 1751/3/1751
f 1725/1/1725 1751/2/1751 1752/3/1752
f 1726/1/1726 1752/2/1752 1753/3/1753
f 1736/1/1736 1753/2/1753 1754/3/1754
f 1737/1/1737 1754/2/1754 1763/3/1763
f 1738/1/1738 1737/2/1737 1764/3/1764
f 1738/1/1738 1765/2/1765 1755/3/1755
f 1755/1/1755 1766/2/1766 1739/3/1739
f 1767/1/1767 1740/2/1740 1743/3/1743
f 1767/1/1767 1756/2/1756 1740/3/1740
f 1757/1/1757 1730/2/1730 1756/3/1756
f 1759/1/1759 1741/2/1741 1757/3/1757
f 1758/1/1758 1731/2/1731 1759/3/1759
f 1761/1/1761 1729/2/1729 1758/3/1758
f 1768/1/1768 1742/2/1742 1745/3/1745
f 1769/1/1769 1743/2/1743 1742/3/1742
f 1770/1/1770 1746/2/1746 1733/3/1733
f 1739/1/1739 1766/2/1766 1744/3/1744
f 1760/1/1760 1770/2/1770 1733/3/1733
f 1766/1/1766 1760/2/1760 1744/3/1744
f 1771/1/1771 1745/2/1745 1746/3/1746
f 1772/1/1772 1747/2/1747 1761/3/1761
f 1748/1/1748 1747/2/1747 1772/3/1772
f 1749/1/1749 1748/2/1748 1772/3/1772
f 1750/1/1750 1749/2/1749 1772/3/1772
f 1762/1/1762 1750/2/1750 1772/3/1772
f 1751/1/1751 1762/2/1762 1772/3/1772
f 1752/1/1752 1751/2/1751 1772/3/1772
f 1753/1/1753 1752/2/1752 1772/3/1772
f 1753/1/1753 1772/2/1772 1754/3/1754
f 1754/1/1754 1772/2/1772 1763/3/1763
f 1737/1/1737 1763/2/1763 1764/3/1764
f 1738/1/1738 1764/2/1764 1765/3/1765
f 1755/1/1755 1765/2/1765 1766/3/1766
f 1769/1/1769 1767/2/1767 1743/3/1743
f 1772/1/1772 1756/2/1756 1767/3/1767
f 1772/1/1772 1757/2/1757 1756/3/1756
f 1772/1/1772 1759/2/1759 1757/3/1757
f 1772/1/1772 1758/2/1758 1759/3/1759
f 1772/1/1772 1761/2/1761 1758/3/1758
f 1771/1/1771 1768/2/1768 1745/3/1745
f 1768/1/1768 1769/2/1769 1742/3/1742
f 1771/1/1771 1746/2/1746 1770/3/1770
f 1760/1/1760 1773/2/1773 1770/3/1770
f 1766/1/1766 1774/2/1774 1760/3/1760
f 1763/1/1763 1772/2/1772 1775/3/1775
f 1764/1/1764 1763/2/1763 1775/3/1775
f 1764/1/1764 1775/2/1775 1765/3/1765
f 1765/1/1765 1774/2/1774 1766/3/1766
f 1772/1/1772 1767/2/1767 1769/3/1769
f 1772/1/1772 1768/2/1768 1771/3/1771
f 1772/1/1772 1769/2/1769 1768/3/1768
f 1773/1/1773 1771/2/1771 1770/3/1770
f 1760/1/1760 1776/2/1776 1773/3/1773
f 1774/1/1774 1776/2/1776 1760/3/1760
f 1775/1/1775 1772/2/1772 1777/3/1777
f 1765/1/1765 1775/2/1775 1777/3/1777
f 1765/1/1765 1777/2/1777 1774/3/1774
f 1772/1/1772 1771/2/1771 1773/3/1773
f 1772/1/1772 1773/2/1773 1776/3/1776
f 1774/1/1774 1778/2/1778 1776/3/1776
f 1777/1/1777 1772/2/1772 1778/3/1778
f 1774/1/1774 1777/2/1777 1778/3/1778
f 1778/1/1778 1772/2/1772 1776/3/1776
f 1779/4/1779 1780/5/1780 1781/6/1781
f 1780/4/1780 1779/5/1779 1782/6/1782
f 1780/4/1780 1782/5/1782 1783/6/1783
f 1783/4/1783 1782/5/1782 1784/6/1784
f 1783/4/1783 1784/5/1784 1785/6/1785
f 1785/4/1785 1784/5/1784 1786/6/1786
f 1785/4/1785 1786/5/1786 1787/6/1787
f 1787/4/1787 1786/5/1786 1788/6/1788
f 1787/4/1787 1788/5/1788 1789/6/1789
f 1789/4/1789 1788/5/1788 1790/6/1790
f 1789/4/1789 1790/5/1790 1791/6/1791
f 1791/4/1791 1790/5/1790 1792/6/1792
f 1791/4/1791 1792/5/1792 1793/6/1793
f 1793/4/1793 1792/5/1792 1794/6/1794
f 1793/4/1793 1794/5/1794 1795/6/1795
f 1795/4/1795 1794/5/1794 1796/6/1796
f 1795/4/1795 1796/5/1796 1797/6/1797
f 1797/4/1797 1796/5/1796 1798/6/1798
f 1797/4/1797 1798/5/1798 1799/6/1799
f 1799/4/1799 1798/5/1798 1800/6/1800
f 1799/4/1799 1800/5/1800 1801/6/1801
f 1801/4/1801 1800/5/1800 1802/6/1802
f 1801/4/1801 1802/5/1802 1803/6/1803
f 1803/4/1803 1802/5/1802 1804/6/1804
f 1803/4/1803 1804/5/1804 1805/6/1805
f 1805/4/1805 1804/5/1804 1806/6/1806
f 1805/4/1805 1806/5/1806 1807/6/1807
f 1807/4/1807 1806/5/1806 1808/6/1808
f 1807/4/1807 1808/5/1808 1809/6/1809
f 1809/4/1809 1808/5/1808 1810/6/1810
f 1809/4/1809 1810/5/1810 1811/6/1811
f 1811/4/1811 1810/5/1810 1812/6/1812
f 1811/4/1811 1812/5/1812 1813/6/1813
f 1813/4/1813 1812/5/1812 1814/6/1814
f 1815/4/1815 1816/5/1117 1817/6/1816
f 1816/4/1117 1815/5/1815 1818/6/1118
f 1815/4/1815 1819/5/1063 1820/6/1817
f 1819/4/1063 1815/5/1815 1817/6/1816
f 1821/4/1818 1818/5/1118 1815/6/1815
f 1818/4/1118 1821/5/1818 1822/6/1119
f 1818/4/1118 1823/5/1141 1816/6/1117
f 1823/4/1141 1818/5/1118 1824/6/1142
f 1817/4/1816 1825/5/1116 1826/6/1819
f 1825/4/1116 1817/5/1816 1816/6/1117
f 1820/4/1817 1827/5/1033 1828/6/1034
f 1827/4/1033 1820/5/1817 1819/6/1063
f 1821/4/1818 1820/5/1817 1829/6/1065
f 1820/4/1817 1821/5/1818 1815/6/1815
f 1817/4/1816 1830/5/1820 1819/6/1063
f 1830/4/1820 1817/5/1816 1826/6/1819
f 1831/4/1821 1822/5/1119 1821/6/1818
f 1822/4/1119 1831/5/1821 1832/6/1120
f 1822/4/1119 1824/5/1142 1818/6/1118
f 1824/4/1142 1822/5/1119 1833/6/1143
f 1824/4/1142 1834/5/1163 1823/6/1141
f 1834/4/1163 1824/5/1142 1835/6/1164
f 1816/4/1117 1836/5/1140 1825/6/1116
f 1836/4/1140 1816/5/1117 1823/6/1141
f 1825/4/1116 1837/5/1089 1826/6/1819
f 1837/4/1089 1825/5/1116 1838/6/1115
f 1827/4/1033 1839/5/1002 1828/6/1034
f 1839/4/1002 1827/5/1033 1840/6/1001
f 1829/4/1065 1828/5/1034 1841/6/1035
f 1828/4/1034 1829/5/1065 1820/6/1817
f 1819/4/1063 1842/5/1032 1827/6/1033
f 1842/4/1032 1819/5/1063 1830/6/1820
f 1831/4/1821 1829/5/1065 1843/6/1066
f 1829/4/1065 1831/5/1821 1821/6/1818
f 1826/4/1819 1844/5/1061 1830/6/1820
f 1844/4/1061 1826/5/1819 1837/6/1089
f 1845/4/1822 1832/5/1120 1831/6/1821
f 1832/4/1120 1845/5/1822 1846/6/1121
f 1832/4/1120 1833/5/1143 1822/6/1119
f 1833/4/1143 1832/5/1120 1847/6/1144
f 1833/4/1143 1835/5/1164 1824/6/1142
f 1835/4/1164 1833/5/1143 1848/6/1165
f 1835/4/1164 1849/5/1183 1834/6/1163
f 1849/4/1183 1835/5/1164 1850/6/1184
f 1823/4/1141 1851/5/1162 1836/6/1140
f 1851/4/1162 1823/5/1141 1834/6/1163
f 1836/4/1140 1838/5/1115 1825/6/1116
f 1838/4/1115 1836/5/1140 1852/6/1139
f 1838/4/1115 1853/5/1823 1837/6/1089
f 1853/4/1823 1838/5/1115 1854/6/1114
f 1840/4/1001 1855/5/968 1839/6/1002
f 1855/4/968 1840/5/1001 1856/6/967
f 1841/4/1035 1839/5/1002 1857/6/1003
f 1839/4/1002 1841/5/1035 1828/6/1034
f 1842/4/1032 1840/5/1001 1827/6/1033
f 1840/4/1001 1842/5/1032 1858/6/1000
f 1843/4/1066 1841/5/1035 1859/6/1824
f 1841/4/1035 1843/5/1066 1829/6/1065
f 1830/4/1820 1860/5/1825 1842/6/1032
f 1860/4/1825 1830/5/1820 1844/6/1061
f 1861/4/1067 1831/5/1821 1843/6/1066
f 1831/4/1821 1861/5/1067 1845/6/1822
f 1853/4/1823 1844/5/1061 1837/6/1089
f 1844/4/1061 1853/5/1823 1862/6/1826
f 1863/4/1096 1846/5/1121 1845/6/1822
f 1846/4/1121 1863/5/1096 1864/6/1122
f 1846/4/1121 1847/5/1144 1832/6/1120
f 1847/4/1144 1846/5/1121 1865/6/1145
f 1847/4/1144 1848/5/1165 1833/6/1143
f 1848/4/1165 1847/5/1144 1866/6/1166
f 1848/4/1165 1850/5/1184 1835/6/1164
f 1850/4/1184 1848/5/1165 1867/6/1185
f 1850/4/1184 1868/5/1827 1849/6/1183
f 1868/4/1827 1850/5/1184 1869/6/1828
f 1834/4/1163 1870/5/1182 1851/6/1162
f 1870/4/1182 1834/5/1163 1849/6/1183
f 1851/4/1162 1852/5/1139 1836/6/1140
f 1852/4/1139 1851/5/1162 1871/6/1161
f 1852/4/1139 1854/5/1114 1838/6/1115
f 1854/4/1114 1852/5/1139 1872/6/1138
f 1854/4/1114 1873/5/1829 1853/6/1823
f 1873/4/1829 1854/5/1114 1874/6/1113
f 1856/4/967 1875/5/1830 1855/6/968
f 1875/4/1830 1856/5/967 1876/6/1831
f 1839/4/1002 1877/5/969 1857/6/1003
f 1877/4/969 1839/5/1002 1855/6/968
f 1858/4/1000 1856/5/967 1840/6/1001
f 1856/4/967 1858/5/1000 1878/6/1832
f 1859/4/1824 1857/5/1003 1879/6/1833
f 1857/4/1003 1859/5/1824 1841/6/1035
f 1842/4/1032 1880/5/1834 1858/6/1000
f 1880/4/1834 1842/5/1032 1860/6/1825
f 1861/4/1067 1859/5/1824 1881/6/1835
f 1859/4/1824 1861/5/1067 1843/6/1066
f 1862/4/1826 1860/5/1825 1844/6/1061
f 1860/4/1825 1862/5/1826 1882/6/1836
f 1863/4/1096 1861/5/1067 1883/6/1068
f 1861/4/1067 1863/5/1096 1845/6/1822
f 1873/4/1829 1862/5/1826 1853/6/1823
f 1862/4/1826 1873/5/1829 1884/6/1059
f 1885/4/1837 1864/5/1122 1863/6/1096
f 1864/4/1122 1885/5/1837 1886/6/1838
f 1864/4/1122 1865/5/1145 1846/6/1121
f 1865/4/1145 1864/5/1122 1887/6/1146
f 1865/4/1145 1866/5/1166 1847/6/1144
f 1866/4/1166 1865/5/1145 1888/6/1167
f 1866/4/1166 1867/5/1185 1848/6/1165
f 1867/4/1185 1866/5/1166 1889/6/1186
f 1867/4/1185 1869/5/1828 1850/6/1184
f 1869/4/1828 1867/5/1185 1890/6/1839
f 1868/4/1827 1891/5/1840 1892/6/1841
f 1891/4/1840 1868/5/1827 1893/6/1842
f 1893/4/1842 1868/5/1827 1869/6/1828
f 1893/4/1842 1869/5/1828 1894/6/1843
f 1894/4/1843 1869/5/1828 1890/6/1839
f 1894/4/1843 1890/5/1839 1895/6/1844
f 1895/4/1844 1890/5/1839 1896/6/1845
f 1895/4/1844 1896/5/1845 1897/6/1846
f 1897/4/1846 1896/5/1845 1898/6/1847
f 1897/4/1846 1898/5/1847 1899/6/1848
f 1899/4/1848 1898/5/1847 1900/6/1849
f 1899/4/1848 1900/5/1849 1901/6/1850
f 1901/4/1850 1900/5/1849 1902/6/1851
f 1901/4/1850 1902/5/1851 1903/6/1852
f 1903/4/1852 1902/5/1851 1904/6/1853
f 1903/4/1852 1904/5/1853 1905/6/1854
f 1905/4/1854 1904/5/1853 1906/6/1855
f 1905/4/1854 1906/5/1855 1907/6/1856
f 1907/4/1856 1906/5/1855 1908/6/1857
f 1907/4/1856 1908/5/1857 1909/6/1858
f 1909/4/1858 1908/5/1857 1910/6/1859
f 1909/4/1858 1910/5/1859 1911/6/1860
f 1911/4/1860 1910/5/1859 1912/6/1861
f 1911/4/1860 1912/5/1861 1913/6/1862
f 1913/4/1862 1912/5/1861 1914/6/1863
f 1913/4/1862 1914/5/1863 1915/6/1864
f 1915/4/1864 1914/5/1863 1916/6/1865
f 1915/4/1864 1916/5/1865 1917/6/1866
f 1917/4/1866 1916/5/1865 1918/6/1867
f 1917/4/1866 1918/5/1867 1919/6/1868
f 1919/4/1868 1918/5/1867 1920/6/1869
f 1919/4/1868 1920/5/1869 1921/6/1870
f 1921/4/1870 1920/5/1869 1922/6/1871
f 1921/4/1870 1922/5/1871 1923/6/1872
f 1849/4/1183 1892/5/1841 1870/6/1182
f 1892/4/1841 1849/5/1183 1868/6/1827
f 1870/4/1182 1871/5/1161 1851/6/1162
f 1871/4/1161 1870/5/1182 1924/6/1181
f 1871/4/1161 1872/5/1138 1852/6/1139
f 1872/4/1138 1871/5/1161 1925/6/1160
f 1872/4/1138 1874/5/1113 1854/6/1114
f 1874/4/1113 1872/5/1138 1926/6/1137
f 1874/4/1113 1927/5/1873 1873/6/1829
f 1927/4/1873 1874/5/1113 1928/6/1112
f 1929/4/892 1875/5/1830 1876/6/1831
f 1875/4/1830 1929/5/892 1930/6/893
f 1855/4/968 1931/5/932 1877/6/969
f 1931/4/932 1855/5/968 1875/6/1830
f 1878/4/1832 1876/5/1831 1856/6/967
f 1876/4/1831 1878/5/1832 1932/6/1874
f 1857/4/1003 1933/5/970 1879/6/1833
f 1933/4/970 1857/5/1003 1877/6/969
f 1880/4/1834 1878/5/1832 1858/6/1000
f 1878/4/1832 1880/5/1834 1934/6/965
f 1881/4/1835 1879/5/1833 1935/6/1005
f 1879/4/1833 1881/5/1835 1859/6/1824
f 1882/4/1836 1880/5/1834 1860/6/1825
f 1880/4/1834 1882/5/1836 1936/6/998
f 1883/4/1068 1881/5/1835 1937/6/1875
f 1881/4/1835 1883/5/1068 1861/6/1067
f 1884/4/1059 1882/5/1836 1862/6/1826
f 1882/4/1836 1884/5/1059 1938/6/1876
f 1885/4/1837 1883/5/1068 1939/6/1069
f 1883/4/1068 1885/5/1837 1863/6/1096
f 1927/4/1873 1884/5/1059 1873/6/1829
f 1884/4/1059 1927/5/1873 1940/6/1058
f 1941/4/1098 1886/5/1838 1885/6/1837
f 1886/4/1838 1941/5/1098 1942/6/1124
f 1886/4/1838 1887/5/1146 1864/6/1122
f 1887/4/1146 1886/5/1838 1943/6/1147
f 1887/4/1146 1888/5/1167 1865/6/1145
f 1888/4/1167 1887/5/1146 1944/6/1168
f 1888/4/1167 1889/5/1186 1866/6/1166
f 1889/4/1186 1888/5/1167 1945/6/1187
f 1889/4/1186 1890/5/1839 1867/6/1185
f 1890/4/1839 1889/5/1186 1896/6/1845
f 1946/4/1176 1908/5/1857 1906/6/1855
f 1908/4/1857 1946/5/1176 1947/6/1154
f 1947/4/1154 1910/5/1859 1908/6/1857
f 1910/4/1859 1947/5/1154 1948/6/1130
f 1948/4/1130 1912/5/1861 1910/6/1859
f 1912/4/1861 1948/5/1130 1949/6/1104
f 1949/4/1104 1914/5/1863 1912/6/1861
f 1914/4/1863 1949/5/1104 1950/6/1076
f 1950/4/1076 1916/5/1865 1914/6/1863
f 1916/4/1865 1950/5/1076 1951/6/1046
f 1951/4/1046 1918/5/1867 1916/6/1865
f 1918/4/1867 1951/5/1046 1952/6/1014
f 1952/4/1014 1920/5/1869 1918/6/1867
f 1920/4/1869 1952/5/1014 1953/6/980
f 1953/4/980 1922/5/1871 1920/6/1869
f 1922/4/1871 1953/5/980 1954/6/944
f 1954/4/944 1923/5/1872 1922/6/1871
f 1923/4/1872 1954/5/944 1955/6/906
f 1923/4/1872 1956/5/866 1921/6/1870
f 1956/4/866 1923/5/1872 1955/6/906
f 1921/4/1870 1957/5/865 1919/6/1868
f 1957/4/865 1921/5/1870 1956/6/866
f 1919/4/1868 1958/5/905 1917/6/1866
f 1958/4/905 1919/5/1868 1957/6/865
f 1917/4/1866 1959/5/943 1915/6/1864
f 1959/4/943 1917/5/1866 1958/6/905
f 1915/4/1864 1960/5/979 1913/6/1862
f 1960/4/979 1915/5/1864 1959/6/943
f 1913/4/1862 1961/5/1013 1911/6/1860
f 1961/4/1013 1913/5/1862 1960/6/979
f 1911/4/1860 1962/5/1045 1909/6/1858
f 1962/4/1045 1911/5/1860 1961/6/1013
f 1909/4/1858 1963/5/1075 1907/6/1856
f 1963/4/1075 1909/5/1858 1962/6/1045
f 1905/4/1854 1963/5/1075 1964/6/1877
f 1963/4/1075 1905/5/1854 1907/6/1856
f 1903/4/1852 1964/5/1877 1965/6/1129
f 1964/4/1877 1903/5/1852 1905/6/1854
f 1901/4/1850 1965/5/1129 1966/6/1153
f 1965/4/1129 1901/5/1850 1903/6/1852
f 1899/4/1848 1966/5/1153 1967/6/1175
f 1966/4/1153 1899/5/1848 1901/6/1850
f 1897/4/1846 1967/5/1175 1968/6/1177
f 1967/4/1175 1897/5/1846 1899/6/1848
f 1895/4/1844 1968/5/1177 1969/6/1178
f 1968/4/1177 1895/5/1844 1897/6/1846
f 1894/4/1843 1969/5/1178 1970/6/1179
f 1969/4/1178 1894/5/1843 1895/6/1844
f 1893/4/1842 1970/5/1179 1971/6/1180
f 1970/4/1179 1893/5/1842 1894/6/1843
f 1891/4/1840 1971/5/1180 1924/6/1181
f 1971/4/1180 1891/5/1840 1893/6/1842
f 1892/4/1841 1924/5/1181 1870/6/1182
f 1924/4/1181 1892/5/1841 1891/6/1840
f 1945/4/1187 1896/5/1845 1889/6/1186
f 1896/4/1845 1945/5/1187 1898/6/1847
f 1972/4/1188 1898/5/1847 1945/6/1187
f 1898/4/1847 1972/5/1188 1900/6/1849
f 1973/4/1189 1900/5/1849 1972/6/1188
f 1900/4/1849 1973/5/1189 1902/6/1851
f 1974/4/1190 1902/5/1851 1973/6/1189
f 1902/4/1851 1974/5/1190 1904/6/1853
f 1946/4/1176 1904/5/1853 1974/6/1190
f 1904/4/1853 1946/5/1176 1906/6/1855
f 1924/4/1181 1925/5/1160 1871/6/1161
f 1925/4/1160 1924/5/1181 1971/6/1180
f 1925/4/1160 1926/5/1137 1872/6/1138
f 1926/4/1137 1925/5/1160 1975/6/1878
f 1926/4/1137 1928/5/1112 1874/6/1113
f 1928/4/1112 1926/5/1137 1976/6/1136
f 1928/4/1112 1977/5/1879 1927/6/1873
f 1977/4/1879 1928/5/1112 1978/6/1111
f 1979/4/851 1930/5/893 1929/6/892
f 1930/4/893 1979/5/851 1980/6/852
f 1930/4/893 1931/5/932 1875/6/1830
f 1931/4/932 1930/5/893 1981/6/1880
f 1982/4/891 1876/5/1831 1932/6/1874
f 1876/4/1831 1982/5/891 1929/6/892
f 1877/4/969 1983/5/933 1933/6/970
f 1983/4/933 1877/5/969 1931/6/932
f 1934/4/965 1932/5/1874 1878/6/1832
f 1932/4/1874 1934/5/965 1984/6/1881
f 1935/4/1005 1933/5/970 1985/6/971
f 1933/4/970 1935/5/1005 1879/6/1833
f 1880/4/1834 1986/5/964 1934/6/965
f 1986/4/964 1880/5/1834 1936/6/998
f 1937/4/1875 1935/5/1005 1987/6/1882
f 1935/4/1005 1937/5/1875 1881/6/1835
f 1938/4/1876 1936/5/998 1882/6/1836
f 1936/4/998 1938/5/1876 1988/6/1883
f 1939/4/1069 1937/5/1875 1989/6/1884
f 1937/4/1875 1939/5/1069 1883/6/1068
f 1940/4/1058 1938/5/1876 1884/6/1059
f 1938/4/1876 1940/5/1058 1990/6/1028
f 1941/4/1098 1939/5/1069 1991/6/1070
f 1939/4/1069 1941/5/1098 1885/6/1837
f 1927/4/1873 1992/5/1885 1940/6/1058
f 1992/4/1885 1927/5/1873 1977/6/1879
f 1993/4/1886 1942/5/1124 1941/6/1098
f 1942/4/1124 1993/5/1886 1994/6/1110
f 1942/4/1124 1943/5/1147 1886/6/1838
f 1943/4/1147 1942/5/1124 1995/6/1148
f 1943/4/1147 1944/5/1168 1887/6/1146
f 1944/4/1168 1943/5/1147 1996/6/1169
f 1944/4/1168 1945/5/1187 1888/6/1167
f 1945/4/1187 1944/5/1168 1972/6/1188
f 1997/4/1887 1947/5/1154 1946/6/1176
f 1947/4/1154 1997/5/1887 1998/6/1132
f 1998/4/1132 1948/5/1130 1947/6/1154
f 1948/4/1130 1998/5/1132 1999/6/1106
f 1999/4/1106 1949/5/1104 1948/6/1130
f 1949/4/1104 1999/5/1106 2000/6/1078
f 2000/4/1078 1950/5/1076 1949/6/1104
f 1950/4/1076 2000/5/1078 2001/6/1048
f 2001/4/1048 1951/5/1046 1950/6/1076
f 1951/4/1046 2001/5/1048 2002/6/1016
f 2002/4/1016 1952/5/1014 1951/6/1046
f 1952/4/1014 2002/5/1016 2003/6/982
f 2003/4/982 1953/5/980 1952/6/1014
f 1953/4/980 2003/5/982 2004/6/946
f 2004/4/946 1954/5/944 1953/6/980
f 1954/4/944 2004/5/946 2005/6/908
f 2005/4/908 1955/5/906 1954/6/944
f 1955/4/906 2005/5/908 2006/6/868
f 1955/4/906 2007/5/824 1956/6/866
f 2007/4/824 1955/5/906 2006/6/868
f 1956/4/866 2008/5/823 1957/6/865
f 2008/4/823 1956/5/866 2007/6/824
f 1957/4/865 2009/5/867 1958/6/905
f 2009/4/867 1957/5/865 2008/6/823
f 1958/4/905 2010/5/907 1959/6/943
f 2010/4/907 1958/5/905 2009/6/867
f 1959/4/943 2011/5/945 1960/6/979
f 2011/4/945 1959/5/943 2010/6/907
f 1960/4/979 2012/5/1888 1961/6/1013
f 2012/4/1888 1960/5/979 2011/6/945
f 1961/4/1013 2013/5/1015 1962/6/1045
f 2013/4/1015 1961/5/1013 2012/6/1888
f 1962/4/1045 2014/5/1047 1963/6/1075
f 2014/4/1047 1962/5/1045 2013/6/1015
f 1964/4/1877 2014/5/1047 2015/6/1889
f 2014/4/1047 1964/5/1877 1963/6/1075
f 1965/4/1129 2015/5/1889 2016/6/1105
f 2015/4/1889 1965/5/1129 1964/6/1877
f 1966/4/1153 2016/5/1105 2017/6/1131
f 2016/4/1105 1966/5/1153 1965/6/1129
f 1967/4/1175 2017/5/1131 2018/6/1155
f 2017/4/1131 1967/5/1175 1966/6/1153
f 1968/4/1177 2018/5/1155 2019/6/1157
f 2018/4/1155 1968/5/1177 1967/6/1175
f 1969/4/1178 2019/5/1157 2020/6/1158
f 2019/4/1157 1969/5/1178 1968/6/1177
f 1970/4/1179 2020/5/1158 1975/6/1878
f 2020/4/1158 1970/5/1179 1969/6/1178
f 1971/4/1180 1975/5/1878 1925/6/1160
f 1975/4/1878 1971/5/1180 1970/6/1179
f 1996/4/1169 1972/5/1188 1944/6/1168
f 1972/4/1188 1996/5/1169 1973/6/1189
f 2021/4/1170 1973/5/1189 1996/6/1169
f 1973/4/1189 2021/5/1170 1974/6/1190
f 1997/4/1887 1974/5/1190 2021/6/1170
f 1974/4/1190 1997/5/1887 1946/6/1176
f 1975/4/1878 1976/5/1136 1926/6/1137
f 1976/4/1136 1975/5/1878 2020/6/1158
f 1976/4/1136 1978/5/1111 1928/6/1112
f 1978/4/1111 1976/5/1136 2022/6/1135
f 1978/4/1111 2023/5/1890 1977/6/1879
f 2023/4/1890 1978/5/1111 2024/6/1891
f 2025/4/805 1980/5/852 1979/6/851
f 1980/4/852 2025/5/805 2026/6/806
f 1980/4/852 1981/5/1880 1930/6/893
f 1981/4/1880 1980/5/852 2027/6/853
f 2028/4/850 1929/5/892 1982/6/891
f 1929/4/892 2028/5/850 1979/6/851
f 1981/4/1880 1983/5/933 1931/6/932
f 1983/4/933 1981/5/1880 2029/6/895
f 1984/4/1881 1982/5/891 1932/6/1874
f 1982/4/891 1984/5/1881 2030/6/890
f 1983/4/933 1985/5/971 1933/6/970
f 1985/4/971 1983/5/933 2031/6/1892
f 1934/4/965 2032/5/1893 1984/6/1881
f 2032/4/1893 1934/5/965 1986/6/964
f 1987/4/1882 1985/5/971 2033/6/972
f 1985/4/971 1987/5/1882 1935/6/1005
f 1936/4/998 2034/5/963 1986/6/964
f 2034/4/963 1936/5/998 1988/6/1883
f 1989/4/1884 1987/5/1882 2035/6/1894
f 1987/4/1882 1989/5/1884 1937/6/1875
f 1990/4/1028 1988/5/1883 1938/6/1876
f 1988/4/1883 1990/5/1028 2036/6/996
f 1991/4/1070 1989/5/1884 2037/6/1040
f 1989/4/1884 1991/5/1070 1939/6/1069
f 1992/4/1885 1990/5/1028 1940/6/1058
f 1990/4/1028 1992/5/1885 2038/6/1895
f 1993/4/1886 1991/5/1070 2039/6/1896
f 1991/4/1070 1993/5/1886 1941/6/1098
f 1977/4/1879 2040/5/1055 1992/6/1885
f 2040/4/1055 1977/5/1879 2023/6/1890
f 1993/4/1886 2041/5/1082 1994/6/1110
f 2041/4/1082 1993/5/1886 2042/6/1897
f 1994/4/1110 1995/5/1148 1942/6/1124
f 1995/4/1148 1994/5/1110 2043/6/1134
f 1995/4/1148 1996/5/1169 1943/6/1147
f 1996/4/1169 1995/5/1148 2021/6/1170
f 2043/4/1134 1998/5/1132 1997/6/1887
f 1998/4/1132 2043/5/1134 2044/6/1108
f 2044/4/1108 1999/5/1106 1998/6/1132
f 1999/4/1106 2044/5/1108 2045/6/1898
f 2045/4/1898 2000/5/1078 1999/6/1106
f 2000/4/1078 2045/5/1898 2046/6/1050
f 2046/4/1050 2001/5/1048 2000/6/1078
f 2001/4/1048 2046/5/1050 2047/6/1018
f 2047/4/1018 2002/5/1016 2001/6/1048
f 2002/4/1016 2047/5/1018 2048/6/1899
f 2048/4/1899 2003/5/982 2002/6/1016
f 2003/4/982 2048/5/1899 2049/6/1900
f 2049/4/1900 2004/5/946 2003/6/982
f 2004/4/946 2049/5/1900 2050/6/910
f 2050/4/910 2005/5/908 2004/6/946
f 2005/4/908 2050/5/910 2051/6/870
f 2051/4/870 2006/5/868 2005/6/908
f 2006/4/868 2051/5/870 2052/6/826
f 2006/4/868 2053/5/778 2007/6/824
f 2053/4/778 2006/5/868 2052/6/826
f 2007/4/824 2054/5/777 2008/6/823
f 2054/4/777 2007/5/824 2053/6/778
f 2008/4/823 2055/5/825 2009/6/867
f 2055/4/825 2008/5/823 2054/6/777
f 2009/4/867 2056/5/869 2010/6/907
f 2056/4/869 2009/5/867 2055/6/825
f 2010/4/907 2057/5/909 2011/6/945
f 2057/4/909 2010/5/907 2056/6/869
f 2011/4/945 2058/5/1901 2012/6/1888
f 2058/4/1901 2011/5/945 2057/6/909
f 2012/4/1888 2059/5/1902 2013/6/1015
f 2059/4/1902 2012/5/1888 2058/6/1901
f 2013/4/1015 2060/5/1017 2014/6/1047
f 2060/4/1017 2013/5/1015 2059/6/1902
f 2015/4/1889 2060/5/1017 2061/6/1049
f 2060/4/1017 2015/5/1889 2014/6/1047
f 2016/4/1105 2061/5/1049 2062/6/1079
f 2061/4/1049 2016/5/1105 2015/6/1889
f 2017/4/1131 2062/5/1079 2063/6/1903
f 2062/4/1079 2017/5/1131 2016/6/1105
f 2018/4/1155 2063/5/1903 2064/6/1133
f 2063/4/1903 2018/5/1155 2017/6/1131
f 2019/4/1157 2064/5/1133 2022/6/1135
f 2064/4/1133 2019/5/1157 2018/6/1155
f 2020/4/1158 2022/5/1135 1976/6/1136
f 2022/4/1135 2020/5/1158 2019/6/1157
f 2043/4/1134 2021/5/1170 1995/6/1148
f 2021/4/1170 2043/5/1134 1997/6/1887
f 2022/4/1135 2024/5/1891 1978/6/1111
f 2024/4/1891 2022/5/1135 2064/6/1133
f 2024/4/1891 2065/5/1904 2023/6/1890
f 2065/4/1904 2024/5/1891 2066/6/1081
f 2067/4/754 2026/5/806 2025/6/805
f 2026/4/806 2067/5/754 2068/6/755
f 2026/4/806 2027/5/853 1980/6/852
f 2027/4/853 2026/5/806 2069/6/807
f 2070/4/804 1979/5/851 2028/6/850
f 1979/4/851 2070/5/804 2025/6/805
f 2027/4/853 2029/5/895 1981/6/1880
f 2029/4/895 2027/5/853 2071/6/854
f 2030/4/890 2028/5/850 1982/6/891
f 2028/4/850 2030/5/890 2072/6/849
f 2029/4/895 2031/5/1892 1983/6/933
f 2031/4/1892 2029/5/895 2073/6/896
f 2032/4/1893 2030/5/890 1984/6/1881
f 2030/4/890 2032/5/1893 2074/6/889
f 2033/4/972 2031/5/1892 2075/6/935
f 2031/4/1892 2033/5/972 1985/6/971
f 1986/4/964 2076/5/1905 2032/6/1893
f 2076/4/1905 1986/5/964 2034/6/963
f 2035/4/1894 2033/5/972 2077/6/1906
f 2033/4/972 2035/5/1894 1987/6/1882
f 1988/4/1883 2078/5/962 2034/6/963
f 2078/4/962 1988/5/1883 2036/6/996
f 2037/4/1040 2035/5/1894 2079/6/1008
f 2035/4/1894 2037/5/1040 1989/6/1884
f 1990/4/1028 2080/5/995 2036/6/996
f 2080/4/995 1990/5/1028 2038/6/1895
f 2039/4/1896 2037/5/1040 2081/6/1026
f 2037/4/1040 2039/5/1896 1991/6/1070
f 1992/4/1885 2082/5/1025 2038/6/1895
f 2082/4/1025 1992/5/1885 2040/6/1055
f 2042/4/1897 2039/5/1896 2083/6/1907
f 2039/4/1896 2042/5/1897 1993/6/1886
f 2023/4/1890 2084/5/1023 2040/6/1055
f 2084/4/1023 2023/5/1890 2065/6/1904
f 2042/4/1897 2085/5/1908 2041/6/1082
f 2085/4/1908 2042/5/1897 2086/6/1909
f 1994/4/1110 2044/5/1108 2043/6/1134
f 2044/4/1108 1994/5/1110 2041/6/1082
f 2041/4/1082 2045/5/1898 2044/6/1108
f 2045/4/1898 2041/5/1082 2085/6/1908
f 2085/4/1908 2046/5/1050 2045/6/1898
f 2046/4/1050 2085/5/1908 2087/6/1910
f 2087/4/1910 2047/5/1018 2046/6/1050
f 2047/4/1018 2087/5/1910 2088/6/986
f 2088/4/986 2048/5/1899 2047/6/1018
f 2048/4/1899 2088/5/986 2089/6/950
f 2089/4/950 2049/5/1900 2048/6/1899
f 2049/4/1900 2089/5/950 2090/6/912
f 2090/4/912 2050/5/910 2049/6/1900
f 2050/4/910 2090/5/912 2091/6/872
f 2091/4/872 2051/5/870 2050/6/910
f 2051/4/870 2091/5/872 2092/6/828
f 2092/4/828 2052/5/826 2051/6/870
f 2052/4/826 2092/5/828 2093/6/780
f 2052/4/826 2094/5/728 2053/6/778
f 2094/4/728 2052/5/826 2093/6/780
f 2053/4/778 2095/5/727 2054/6/777
f 2095/4/727 2053/5/778 2094/6/728
f 2054/4/777 2096/5/1911 2055/6/825
f 2096/4/1911 2054/5/777 2095/6/727
f 2055/4/825 2097/5/827 2056/6/869
f 2097/4/827 2055/5/825 2096/6/1911
f 2056/4/869 2098/5/871 2057/6/909
f 2098/4/871 2056/5/869 2097/6/827
f 2057/4/909 2099/5/1912 2058/6/1901
f 2099/4/1912 2057/5/909 2098/6/871
f 2058/4/1901 2100/5/1913 2059/6/1902
f 2100/4/1913 2058/5/1901 2099/6/1912
f 2059/4/1902 2101/5/985 2060/6/1017
f 2101/4/985 2059/5/1902 2100/6/1913
f 2061/4/1049 2101/5/985 2102/6/1019
f 2101/4/985 2061/5/1049 2060/6/1017
f 2062/4/1079 2102/5/1019 2103/6/1051
f 2102/4/1019 2062/5/1079 2061/6/1049
f 2063/4/1903 2103/5/1051 2066/6/1081
f 2103/4/1051 2063/5/1903 2062/6/1079
f 2064/4/1133 2066/5/1081 2024/6/1891
f 2066/4/1081 2064/5/1133 2063/6/1903
f 2066/4/1081 2104/5/1914 2065/6/1904
f 2104/4/1914 2066/5/1081 2103/6/1051
f 2105/4/1915 2068/5/755 2067/6/754
f 2068/4/755 2105/5/1915 2106/6/1916
f 2068/4/755 2069/5/807 2026/6/806
f 2069/4/807 2068/5/755 2107/6/756
f 2108/4/753 2025/5/805 2070/6/804
f 2025/4/805 2108/5/753 2067/6/754
f 2069/4/807 2071/5/854 2027/6/853
f 2071/4/854 2069/5/807 2109/6/808
f 2072/4/849 2070/5/804 2028/6/850
f 2070/4/804 2072/5/849 2110/6/803
f 2071/4/854 2073/5/896 2029/6/895
f 2073/4/896 2071/5/854 2111/6/855
f 2074/4/889 2072/5/849 2030/6/890
f 2072/4/849 2074/5/889 2112/6/848
f 2073/4/896 2075/5/935 2031/6/1892
f 2075/4/935 2073/5/896 2113/6/1917
f 2076/4/1905 2074/5/889 2032/6/1893
f 2074/4/889 2076/5/1905 2114/6/888
f 2077/4/1906 2075/5/935 2115/6/1918
f 2075/4/935 2077/5/1906 2033/6/972
f 2034/4/963 2116/5/1919 2076/6/1905
f 2116/4/1919 2034/5/963 2078/6/962
f 2079/4/1008 2077/5/1906 2117/6/974
f 2077/4/1906 2079/5/1008 2035/6/1894
f 2036/4/996 2118/5/961 2078/6/962
f 2118/4/961 2036/5/996 2080/6/995
f 2081/4/1026 2079/5/1008 2119/6/994
f 2079/4/1008 2081/5/1026 2037/6/1040
f 2038/4/1895 2120/5/993 2080/6/995
f 2120/4/993 2038/5/1895 2082/6/1025
f 2083/4/1907 2081/5/1026 2121/6/1920
f 2081/4/1026 2083/5/1907 2039/6/1896
f 2040/4/1055 2122/5/991 2082/6/1025
f 2122/4/991 2040/5/1055 2084/6/1023
f 2086/4/1909 2083/5/1907 2123/6/1921
f 2083/4/1907 2086/5/1909 2042/6/1897
f 2065/4/1904 2124/5/1922 2084/6/1023
f 2124/4/1922 2065/5/1904 2104/6/1914
f 2086/4/1909 2087/5/1910 2085/6/1908
f 2087/4/1910 2086/5/1909 2125/6/1923
f 2125/4/1923 2088/5/986 2087/6/1910
f 2088/4/986 2125/5/1923 2126/6/1924
f 2126/4/1924 2089/5/950 2088/6/986
f 2089/4/950 2126/5/1924 2127/6/1925
f 2127/4/1925 2090/5/912 2089/6/950
f 2090/4/912 2127/5/1925 2128/6/1926
f 2128/4/1926 2091/5/872 2090/6/912
f 2091/4/872 2128/5/1926 2129/6/1927
f 2129/4/1927 2092/5/828 2091/6/872
f 2092/4/828 2129/5/1927 2130/6/1928
f 2130/4/1928 2093/5/780 2092/6/828
f 2093/4/780 2130/5/1928 2131/6/1929
f 2093/4/780 2132/5/1930 2094/6/728
f 2132/4/1930 2093/5/780 2131/6/1929
f 2094/4/728 2133/5/1931 2095/6/727
f 2133/4/1931 2094/5/728 2132/6/1930
f 2095/4/727 2134/5/729 2096/6/1911
f 2134/4/729 2095/5/727 2133/6/1931
f 2096/4/1911 2135/5/781 2097/6/827
f 2135/4/781 2096/5/1911 2134/6/729
f 2097/4/827 2136/5/1932 2098/6/871
f 2136/4/1932 2097/5/827 2135/6/781
f 2098/4/871 2137/5/873 2099/6/1912
f 2137/4/873 2098/5/871 2136/6/1932
f 2099/4/1912 2138/5/1933 2100/6/1913
f 2138/4/1933 2099/5/1912 2137/6/873
f 2100/4/1913 2139/5/951 2101/6/985
f 2139/4/951 2100/5/1913 2138/6/1933
f 2102/4/1019 2139/5/951 2140/6/1934
f 2139/4/951 2102/5/1019 2101/6/985
f 2103/4/1051 2140/5/1934 2104/6/1914
f 2140/4/1934 2103/5/1051 2102/6/1019
f 1780/4/1780 2106/5/1916 2105/6/1915
f 2106/4/1916 1780/5/1780 1783/6/1783
f 2106/4/1916 2107/5/756 2068/6/755
f 2107/4/756 2106/5/1916 2141/6/1935
f 2142/4/1936 2067/5/754 2108/6/753
f 2067/4/754 2142/5/1936 2105/6/1915
f 2107/4/756 2109/5/808 2069/6/807
f 2109/4/808 2107/5/756 2143/6/757
f 2110/4/803 2108/5/753 2070/6/804
f 2108/4/753 2110/5/803 2144/6/752
f 2109/4/808 2111/5/855 2071/6/854
f 2111/4/855 2109/5/808 2145/6/809
f 2112/4/848 2110/5/803 2072/6/849
f 2110/4/803 2112/5/848 2146/6/802
f 2111/4/855 2113/5/1917 2073/6/896
f 2113/4/1917 2111/5/855 2147/6/1937
f 2114/4/888 2112/5/848 2074/6/889
f 2112/4/848 2114/5/888 2148/6/1938
f 2113/4/1917 2115/5/1918 2075/6/935
f 2115/4/1918 2113/5/1917 2149/6/1939
f 2116/4/1919 2114/5/888 2076/6/1905
f 2114/4/888 2116/5/1919 2150/6/887
f 2117/4/974 2115/5/1918 2151/6/937
f 2115/4/1918 2117/5/974 2077/6/1906
f 2118/4/961 2116/5/1919 2078/6/962
f 2116/4/1919 2118/5/961 2152/6/1940
f 2119/4/994 2117/5/974 2153/6/960
f 2117/4/974 2119/5/994 2079/6/1008
f 2080/4/995 2154/5/959 2118/6/961
f 2154/4/959 2080/5/995 2120/6/993
f 2121/4/1920 2119/5/994 2155/6/1941
f 2119/4/994 2121/5/1920 2081/6/1026
f 2082/4/1025 2156/5/1942 2120/6/993
f 2156/4/1942 2082/5/1025 2122/6/991
f 2123/4/1921 2121/5/1920 2157/6/1943
f 2121/4/1920 2123/5/1921 2083/6/1907
f 2084/4/1023 2158/5/1944 2122/6/991
f 2158/4/1944 2084/5/1023 2124/6/1922
f 2125/4/1923 2123/5/1921 2159/6/954
f 2123/4/1921 2125/5/1923 2086/6/1909
f 2104/4/1914 2160/5/953 2124/6/1922
f 2160/4/953 2104/5/1914 2140/6/1934
f 2126/4/1924 2159/5/954 2161/6/916
f 2159/4/954 2126/5/1924 2125/6/1923
f 2161/4/916 2127/5/1925 2126/6/1924
f 2127/4/1925 2161/5/916 2162/6/876
f 2163/4/832 2127/5/1925 2162/6/876
f 2127/4/1925 2163/5/832 2128/6/1926
f 2164/4/784 2128/5/1926 2163/6/832
f 2128/4/1926 2164/5/784 2129/6/1927
f 2165/4/732 2129/5/1927 2164/6/784
f 2129/4/1927 2165/5/732 2130/6/1928
f 2166/4/1945 2130/5/1928 2165/6/732
f 2130/4/1928 2166/5/1945 2131/6/1929
f 2166/4/1945 2132/5/1930 2131/6/1929
f 2132/4/1930 2166/5/1945 2167/6/653
f 2167/4/653 2133/5/1931 2132/6/1930
f 2133/4/1931 2167/5/653 2168/6/654
f 2168/4/654 2134/5/729 2133/6/1931
f 2134/4/729 2168/5/654 2169/6/675
f 2169/4/675 2135/5/781 2134/6/729
f 2135/4/781 2169/5/675 2170/6/731
f 2135/4/781 2171/5/783 2136/6/1932
f 2171/4/783 2135/5/781 2170/6/731
f 2137/4/873 2171/5/783 2172/6/831
f 2171/4/783 2137/5/873 2136/6/1932
f 2138/4/1933 2172/5/831 2173/6/1946
f 2172/4/831 2138/5/1933 2137/6/873
f 2139/4/951 2173/5/1946 2174/6/915
f 2173/4/1946 2139/5/951 2138/6/1933
f 2140/4/1934 2174/5/915 2160/6/953
f 2174/4/915 2140/5/1934 2139/6/951
f 1781/4/1781 2105/5/1915 2142/6/1936
f 2105/4/1915 1781/5/1781 1780/6/1780
f 1783/4/1783 2141/5/1935 2106/6/1916
f 2141/4/1935 1783/5/1783 1785/6/1785
f 2141/4/1935 2143/5/757 2107/6/756
f 2143/4/757 2141/5/1935 2175/6/1947
f 2144/4/752 2142/5/1936 2108/6/753
f 2142/4/1936 2144/5/752 2176/6/1948
f 2143/4/757 2145/5/809 2109/6/808
f 2145/4/809 2143/5/757 2177/6/758
f 2146/4/802 2144/5/752 2110/6/803
f 2144/4/752 2146/5/802 2178/6/751
f 2145/4/809 2147/5/1937 2111/6/855
f 2147/4/1937 2145/5/809 2179/6/810
f 2148/4/1938 2146/5/802 2112/6/848
f 2146/4/802 2148/5/1938 2180/6/1949
f 2147/4/1937 2149/5/1939 2113/6/1917
f 2149/4/1939 2147/5/1937 2181/6/1950
f 2150/4/887 2148/5/1938 2114/6/888
f 2148/4/1938 2150/5/887 2182/6/1951
f 2149/4/1939 2151/5/937 2115/6/1918
f 2151/4/937 2149/5/1939 2183/6/899
f 2152/4/1940 2150/5/887 2116/6/1919
f 2150/4/887 2152/5/1940 2184/6/886
f 2153/4/960 2151/5/937 2185/6/1952
f 2151/4/937 2153/5/960 2117/6/974
f 2118/4/961 2186/5/1953 2152/6/1940
f 2186/4/1953 2118/5/961 2154/6/959
f 2155/4/1941 2153/5/960 2187/6/1954
f 2153/4/960 2155/5/1941 2119/6/994
f 2120/4/993 2188/5/1955 2154/6/959
f 2188/4/1955 2120/5/993 2156/6/1942
f 2157/4/1943 2155/5/1941 2189/6/920
f 2155/4/1941 2157/5/1943 2121/6/1920
f 2122/4/991 2190/5/1956 2156/6/1942
f 2190/4/1956 2122/5/991 2158/6/1944
f 2159/4/954 2157/5/1943 2191/6/918
f 2157/4/1943 2159/5/954 2123/6/1921
f 2124/4/1922 2192/5/917 2158/6/1944
f 2192/4/917 2124/5/1922 2160/6/953
f 2161/4/916 2191/5/918 2193/6/878
f 2191/4/918 2161/5/916 2159/6/954
f 2194/4/834 2161/5/916 2193/6/878
f 2161/4/916 2194/5/834 2162/6/876
f 2195/4/1957 2162/5/876 2194/6/834
f 2162/4/876 2195/5/1957 2163/6/832
f 2196/4/734 2163/5/832 2195/6/1957
f 2163/4/832 2196/5/734 2164/6/784
f 2197/4/1958 2164/5/784 2196/6/734
f 2164/4/784 2197/5/1958 2165/6/732
f 2198/4/656 2165/5/732 2197/6/1958
f 2165/4/732 2198/5/656 2166/6/1945
f 2198/4/656 2167/5/653 2166/6/1945
f 2167/4/653 2198/5/656 2199/6/637
f 2199/4/637 2168/5/654 2167/6/653
f 2168/4/654 2199/5/637 2200/6/638
f 2200/4/638 2169/5/675 2168/6/654
f 2169/4/675 2200/5/638 2201/6/655
f 2201/4/655 2170/5/731 2169/6/675
f 2170/4/731 2201/5/655 2202/6/677
f 2171/4/783 2202/5/677 2203/6/733
f 2202/4/677 2171/5/783 2170/6/731
f 2172/4/831 2203/5/733 2204/6/1959
f 2203/4/733 2172/5/831 2171/6/783
f 2173/4/1946 2204/5/1959 2205/6/1960
f 2204/4/1959 2173/5/1946 2172/6/831
f 2174/4/915 2205/5/1960 2206/6/877
f 2205/4/1960 2174/5/915 2173/6/1946
f 2160/4/953 2206/5/877 2192/6/917
f 2206/4/877 2160/5/953 2174/6/915
f 2176/4/1948 1781/5/1781 2142/6/1936
f 1781/4/1781 2176/5/1948 1779/6/1779
f 1785/4/1785 2175/5/1947 2141/6/1935
f 2175/4/1947 1785/5/1785 1787/6/1787
f 2175/4/1947 2177/5/758 2143/6/757
f 2177/4/758 2175/5/1947 2207/6/1961
f 2178/4/751 2176/5/1948 2144/6/752
f 2176/4/1948 2178/5/751 2208/6/1962
f 2177/4/758 2179/5/810 2145/6/809
f 2179/4/810 2177/5/758 2209/6/759
f 2180/4/1949 2178/5/751 2146/6/802
f 2178/4/751 2180/5/1949 2210/6/750
f 2179/4/810 2181/5/1950 2147/6/1937
f 2181/4/1950 2179/5/810 2211/6/811
f 2182/4/1951 2180/5/1949 2148/6/1938
f 2180/4/1949 2182/5/1951 2212/6/800
f 2181/4/1950 2183/5/899 2149/6/1939
f 2183/4/899 2181/5/1950 2213/6/858
f 2184/4/886 2182/5/1951 2150/6/887
f 2182/4/1951 2184/5/886 2214/6/845
f 2183/4/899 2185/5/1952 2151/6/937
f 2185/4/1952 2183/5/899 2215/6/900
f 2186/4/1953 2184/5/886 2152/6/1940
f 2184/4/886 2186/5/1953 2216/6/1963
f 2187/4/1954 2185/5/1952 2217/6/1964
f 2185/4/1952 2187/5/1954 2153/6/960
f 2154/4/959 2218/5/1965 2186/6/1953
f 2218/4/1965 2154/5/959 2188/6/1955
f 2189/4/920 2187/5/1954 2219/6/882
f 2187/4/1954 2189/5/920 2155/6/1941
f 2156/4/1942 2220/5/1966 2188/6/1955
f 2220/4/1966 2156/5/1942 2190/6/1956
f 2191/4/918 2189/5/920 2221/6/880
f 2189/4/920 2191/5/918 2157/6/1943
f 2158/4/1944 2222/5/879 2190/6/1956
f 2222/4/879 2158/5/1944 2192/6/917
f 2193/4/878 2221/5/880 2223/6/1967
f 2221/4/880 2193/5/878 2191/6/918
f 2224/4/788 2193/5/878 2223/6/1967
f 2193/4/878 2224/5/788 2194/6/834
f 2225/4/1968 2194/5/834 2224/6/788
f 2194/4/834 2225/5/1968 2195/6/1957
f 2226/4/1969 2195/5/1957 2225/6/1968
f 2195/4/1957 2226/5/1969 2196/6/734
f 2227/4/1970 2196/5/734 2226/6/1969
f 2196/4/734 2227/5/1970 2197/6/1958
f 2228/4/640 2197/5/1958 2227/6/1970
f 2197/4/1958 2228/5/640 2198/6/656
f 2229/4/625 2198/5/656 2228/6/640
f 2198/4/656 2229/5/625 2199/6/637
f 2230/4/626 2199/5/637 2229/6/625
f 2199/4/637 2230/5/626 2200/6/638
f 2231/4/639 2200/5/638 2230/6/626
f 2200/4/638 2231/5/639 2201/6/655
f 2232/4/1971 2201/5/655 2231/6/639
f 2201/4/655 2232/5/1971 2202/6/677
f 2203/4/733 2232/5/1971 2233/6/1972
f 2232/4/1971 2203/5/733 2202/6/677
f 2204/4/1959 2233/5/1972 2234/6/1973
f 2233/4/1972 2204/5/1959 2203/6/733
f 2205/4/1960 2234/5/1973 2235/6/1974
f 2234/4/1973 2205/5/1960 2204/6/1959
f 2206/4/877 2235/5/1974 2236/6/835
f 2235/4/1974 2206/5/877 2205/6/1960
f 2192/4/917 2236/5/835 2222/6/879
f 2236/4/835 2192/5/917 2206/6/877
f 2208/4/1962 1779/5/1779 2176/6/1948
f 1779/4/1779 2208/5/1962 1782/6/1782
f 1787/4/1787 2207/5/1961 2175/6/1947
f 2207/4/1961 1787/5/1787 1789/6/1789
f 2207/4/1961 2209/5/759 2177/6/758
f 2209/4/759 2207/5/1961 2237/6/1975
f 2210/4/750 2208/5/1962 2178/6/751
f 2208/4/1962 2210/5/750 2238/6/1976
f 2209/4/759 2211/5/811 2179/6/810
f 2211/4/811 2209/5/759 2239/6/760
f 2212/4/800 2210/5/750 2180/6/1949
f 2210/4/750 2212/5/800 2240/6/749
f 2211/4/811 2213/5/858 2181/6/1950
f 2213/4/858 2211/5/811 2241/6/812
f 2214/4/845 2212/5/800 2182/6/1951
f 2212/4/800 2214/5/845 2242/6/799
f 2213/4/858 2215/5/900 2183/6/899
f 2215/4/900 2213/5/858 2243/6/859
f 2216/4/1963 2214/5/845 2184/6/886
f 2214/4/845 2216/5/1963 2244/6/844
f 2245/4/901 2185/5/1952 2215/6/900
f 2185/4/1952 2245/5/901 2217/6/1964
f 2218/4/1965 2216/5/1963 2186/6/1953
f 2216/4/1963 2218/5/1965 2246/6/1977
f 2219/4/882 2217/5/1964 2247/6/1978
f 2217/4/1964 2219/5/882 2187/6/1954
f 2188/4/1955 2248/5/1979 2218/6/1965
f 2248/4/1979 2188/5/1955 2220/6/1966
f 2221/4/880 2219/5/882 2249/6/838
f 2219/4/882 2221/5/880 2189/6/920
f 2190/4/1956 2250/5/1980 2220/6/1966
f 2250/4/1980 2190/5/1956 2222/6/879
f 2223/4/1967 2249/5/838 2251/6/1981
f 2249/4/838 2223/5/1967 2221/6/880
f 2251/4/1981 2224/5/788 2223/6/1967
f 2224/4/788 2251/5/1981 2252/6/738
f 2252/4/738 2225/5/1968 2224/6/788
f 2225/4/1968 2252/5/738 2253/6/682
f 2253/4/682 2226/5/1969 2225/6/1968
f 2226/4/1969 2253/5/682 2254/6/1982
f 2254/4/1982 2227/5/1970 2226/6/1969
f 2227/4/1970 2254/5/1982 2255/6/642
f 2255/4/642 2228/5/640 2227/6/1970
f 2228/4/640 2255/5/642 2256/6/1983
f 2257/4/617 2228/5/640 2256/6/1983
f 2228/4/640 2257/5/617 2229/6/625
f 2258/4/1984 2229/5/625 2257/6/617
f 2229/4/625 2258/5/1984 2230/6/626
f 2259/4/627 2230/5/626 2258/6/1984
f 2230/4/626 2259/5/627 2231/6/639
f 2260/4/641 2231/5/639 2259/6/627
f 2231/4/639 2260/5/641 2232/6/1971
f 2233/4/1972 2260/5/641 2261/6/659
f 2260/4/641 2233/5/1972 2232/6/1971
f 2234/4/1973 2261/5/659 2262/6/681
f 2261/4/659 2234/5/1973 2233/6/1972
f 2235/4/1974 2262/5/681 2263/6/737
f 2262/4/681 2235/5/1974 2234/6/1973
f 2236/4/835 2263/5/737 2264/6/789
f 2263/4/737 2236/5/835 2235/6/1974
f 2222/4/879 2264/5/789 2250/6/1980
f 2264/4/789 2222/5/879 2236/6/835
f 2238/4/1976 1782/5/1782 2208/6/1962
f 1782/4/1782 2238/5/1976 1784/6/1784
f 1789/4/1789 2237/5/1975 2207/6/1961
f 2237/4/1975 1789/5/1789 1791/6/1791
f 2237/4/1975 2239/5/760 2209/6/759
f 2239/4/760 2237/5/1975 2265/6/1985
f 2240/4/749 2238/5/1976 2210/6/750
f 2238/4/1976 2240/5/749 2266/6/1986
f 2239/4/760 2241/5/812 2211/6/811
f 2241/4/812 2239/5/760 2267/6/761
f 2242/4/799 2240/5/749 2212/6/800
f 2240/4/749 2242/5/799 2268/6/748
f 2241/4/812 2243/5/859 2213/6/858
f 2243/4/859 2241/5/812 2269/6/1987
f 2244/4/844 2242/5/799 2214/6/845
f 2242/4/799 2244/5/844 2270/6/798
f 2271/4/860 2215/5/900 2243/6/859
f 2215/4/900 2271/5/860 2245/6/901
f 2246/4/1977 2244/5/844 2216/6/1963
f 2244/4/844 2246/5/1977 2272/6/1988
f 2273/4/863 2217/5/1964 2245/6/901
f 2217/4/1964 2273/5/863 2247/6/1978
f 2248/4/1979 2246/5/1977 2218/6/1965
f 2246/4/1977 2248/5/1979 2274/6/840
f 2249/4/838 2247/5/1978 2275/6/1989
f 2247/4/1978 2249/5/838 2219/6/882
f 2220/4/1966 2276/5/1990 2248/6/1979
f 2276/4/1990 2220/5/1966 2250/6/1980
f 2251/4/1981 2275/5/1989 2277/6/1991
f 2275/4/1989 2251/5/1981 2249/6/838
f 2278/4/1992 2251/5/1981 2277/6/1991
f 2251/4/1981 2278/5/1992 2252/6/738
f 2278/4/1992 2253/5/682 2252/6/738
f 2253/4/682 2278/5/1992 2279/6/672
f 2279/4/672 2254/5/1982 2253/6/682
f 2254/4/1982 2279/5/672 2280/6/1993
f 2280/4/1993 2255/5/642 2254/6/1982
f 2255/4/642 2280/5/1993 2281/6/636
f 2281/4/636 2256/5/1983 2255/6/642
f 2256/4/1983 2281/5/636 2282/6/1994
f 2283/4/1995 2256/5/1983 2282/6/1994
f 2256/4/1983 2283/5/1995 2257/6/617
f 2284/4/1996 2257/5/617 2283/6/1995
f 2257/4/617 2284/5/1996 2258/6/1984
f 2285/4/1997 2258/5/1984 2284/6/1996
f 2258/4/1984 2285/5/1997 2259/6/627
f 2286/4/1998 2259/5/627 2285/6/1997
f 2259/4/627 2286/5/1998 2260/6/641
f 2261/4/659 2286/5/1998 2287/6/1999
f 2286/4/1998 2261/5/659 2260/6/641
f 2262/4/681 2287/5/1999 2288/6/662
f 2287/4/1999 2262/5/681 2261/6/659
f 2263/4/737 2288/5/662 2289/6/2000
f 2288/4/662 2263/5/737 2262/6/681
f 2264/4/789 2289/5/2000 2290/6/740
f 2289/4/2000 2264/5/789 2263/6/737
f 2250/4/1980 2290/5/740 2276/6/1990
f 2290/4/740 2250/5/1980 2264/6/789
f 2266/4/1986 1784/5/1784 2238/6/1976
f 1784/4/1784 2266/5/1986 1786/6/1786
f 1791/4/1791 2265/5/1985 2237/6/1975
f 2265/4/1985 1791/5/1791 1793/6/1793
f 2265/4/1985 2267/5/761 2239/6/760
f 2267/4/761 2265/5/1985 2291/6/2001
f 2268/4/748 2266/5/1986 2240/6/749
f 2266/4/1986 2268/5/748 2292/6/2002
f 2267/4/761 2269/5/1987 2241/6/812
f 2269/4/1987 2267/5/761 2293/6/2003
f 2270/4/798 2268/5/748 2242/6/799
f 2268/4/748 2270/5/798 2294/6/747
f 2295/4/814 2243/5/859 2269/6/1987
f 2243/4/859 2295/5/814 2271/6/860
f 2272/4/1988 2270/5/798 2244/6/844
f 2270/4/798 2272/5/1988 2296/6/797
f 2297/4/2004 2245/5/901 2271/6/860
f 2245/4/901 2297/5/2004 2273/6/863
f 2274/4/840 2272/5/1988 2246/6/1977
f 2272/4/1988 2274/5/840 2298/6/842
f 2299/4/2005 2247/5/1978 2273/6/863
f 2247/4/1978 2299/5/2005 2275/6/1989
f 2276/4/1990 2274/5/840 2248/6/1979
f 2274/4/840 2276/5/1990 2300/6/791
f 2301/4/775 2275/5/1989 2299/6/2005
f 2275/4/1989 2301/5/775 2277/6/1991
f 2302/4/725 2277/5/1991 2301/6/775
f 2277/4/1991 2302/5/725 2278/6/1992
f 2303/4/671 2278/5/1992 2302/6/725
f 2278/4/1992 2303/5/671 2279/6/672
f 2304/4/651 2279/5/672 2303/6/671
f 2279/4/672 2304/5/651 2280/6/1993
f 2305/4/635 2280/5/1993 2304/6/651
f 2280/4/1993 2305/5/635 2281/6/636
f 2306/4/623 2281/5/636 2305/6/635
f 2281/4/636 2306/5/623 2282/6/1994
f 2283/4/1995 2306/5/623 2307/6/615
f 2306/4/623 2283/5/1995 2282/6/1994
f 2284/4/1996 2307/5/615 2308/6/613
f 2307/4/615 2284/5/1996 2283/6/1995
f 2285/4/1997 2308/5/613 2309/6/2006
f 2308/4/613 2285/5/1997 2284/6/1996
f 2286/4/1998 2309/5/2006 2310/6/629
f 2309/4/2006 2286/5/1998 2285/6/1997
f 2287/4/1999 2310/5/629 2311/6/643
f 2310/4/629 2287/5/1999 2286/6/1998
f 2288/4/662 2311/5/643 2312/6/661
f 2311/4/643 2288/5/662 2287/6/1999
f 2289/4/2000 2312/5/661 2313/6/2007
f 2312/4/661 2289/5/2000 2288/6/662
f 2290/4/740 2313/5/2007 2314/6/739
f 2313/4/2007 2290/5/740 2289/6/2000
f 2290/4/740 2300/5/791 2276/6/1990
f 2300/4/791 2290/5/740 2314/6/739
f 2292/4/2002 1786/5/1786 2266/6/1986
f 1786/4/1786 2292/5/2002 1788/6/1788
f 1793/4/1793 2291/5/2001 2265/6/1985
f 2291/4/2001 1793/5/1793 1795/6/1795
f 2291/4/2001 2293/5/2003 2267/6/761
f 2293/4/2003 2291/5/2001 2315/6/2008
f 2294/4/747 2292/5/2002 2268/6/748
f 2292/4/2002 2294/5/747 2316/6/2009
f 2317/4/763 2269/5/1987 2293/6/2003
f 2269/4/1987 2317/5/763 2295/6/814
f 2296/4/797 2294/5/747 2270/6/798
f 2294/4/747 2296/5/797 2318/6/746
f 2319/4/815 2271/5/860 2295/6/814
f 2271/4/860 2319/5/815 2297/6/2004
f 2298/4/842 2296/5/797 2272/6/1988
f 2296/4/797 2298/5/842 2320/6/795
f 2321/4/862 2273/5/863 2297/6/2004
f 2273/4/863 2321/5/862 2299/6/2005
f 2300/4/791 2298/5/842 2274/6/840
f 2298/4/842 2300/5/791 2322/6/841
f 2323/4/820 2299/5/2005 2321/6/862
f 2299/4/2005 2323/5/820 2301/6/775
f 2324/4/774 2301/5/775 2323/6/820
f 2301/4/775 2324/5/774 2302/6/725
f 2325/4/724 2302/5/725 2324/6/774
f 2302/4/725 2325/5/724 2303/6/671
f 2326/4/670 2303/5/671 2325/6/724
f 2303/4/671 2326/5/670 2304/6/651
f 2327/4/650 2304/5/651 2326/6/670
f 2304/4/651 2327/5/650 2305/6/635
f 2328/4/634 2305/5/635 2327/6/650
f 2305/4/635 2328/5/634 2306/6/623
f 2307/4/615 2328/5/634 2329/6/622
f 2328/4/634 2307/5/615 2306/6/623
f 2308/4/613 2329/5/622 2330/6/621
f 2329/4/622 2308/5/613 2307/6/615
f 2309/4/2006 2330/5/621 2331/6/631
f 2330/4/621 2309/5/2006 2308/6/613
f 2310/4/629 2331/5/631 2332/6/645
f 2331/4/631 2310/5/629 2309/6/2006
f 2311/4/643 2332/5/645 2333/6/663
f 2332/4/645 2311/5/643 2310/6/629
f 2312/4/661 2333/5/663 2334/6/685
f 2333/4/663 2312/5/661 2311/6/643
f 2313/4/2007 2334/5/685 2335/6/741
f 2334/4/685 2313/5/2007 2312/6/661
f 2314/4/739 2335/5/741 2336/6/793
f 2335/4/741 2314/5/739 2313/6/2007
f 2314/4/739 2322/5/841 2300/6/791
f 2322/4/841 2314/5/739 2336/6/793
f 2316/4/2009 1788/5/1788 2292/6/2002
f 1788/4/1788 2316/5/2009 1790/6/1790
f 1795/4/1795 2315/5/2008 2291/6/2001
f 2315/4/2008 1795/5/1795 1797/6/1797
f 2337/4/2010 2293/5/2003 2315/6/2008
f 2293/4/2003 2337/5/2010 2317/6/763
f 2318/4/746 2316/5/2009 2294/6/747
f 2316/4/2009 2318/5/746 2338/6/2011
f 2339/4/764 2295/5/814 2317/6/763
f 2295/4/814 2339/5/764 2319/6/815
f 2320/4/795 2318/5/746 2296/6/797
f 2318/4/746 2320/5/795 2340/6/744
f 2341/4/816 2297/5/2004 2319/6/815
f 2297/4/2004 2341/5/816 2321/6/862
f 2322/4/841 2320/5/795 2298/6/842
f 2320/4/795 2322/5/841 2342/6/2012
f 2343/4/817 2321/5/862 2341/6/816
f 2321/4/862 2343/5/817 2323/6/820
f 2344/4/818 2323/5/820 2343/6/817
f 2323/4/820 2344/5/818 2324/6/774
f 2345/4/2013 2324/5/774 2344/6/818
f 2324/4/774 2345/5/2013 2325/6/724
f 2346/4/723 2325/5/724 2345/6/2013
f 2325/4/724 2346/5/723 2326/6/670
f 2347/4/669 2326/5/670 2346/6/723
f 2326/4/670 2347/5/669 2327/6/650
f 2348/4/649 2327/5/650 2347/6/669
f 2327/4/650 2348/5/649 2328/6/634
f 2329/4/622 2348/5/649 2349/6/633
f 2348/4/649 2329/5/622 2328/6/634
f 2330/4/621 2349/5/633 2350/6/632
f 2349/4/633 2330/5/621 2329/6/622
f 2331/4/631 2350/5/632 2351/6/646
f 2350/4/632 2331/5/631 2330/6/621
f 2332/4/645 2351/5/646 2352/6/664
f 2351/4/646 2332/5/645 2331/6/631
f 2333/4/663 2352/5/664 2353/6/686
f 2352/4/664 2333/5/663 2332/6/645
f 2334/4/685 2353/5/686 2354/6/742
f 2353/4/686 2334/5/685 2333/6/663
f 2335/4/741 2354/5/742 2355/6/794
f 2354/4/742 2335/5/741 2334/6/685
f 2336/4/793 2355/5/794 2356/6/819
f 2355/4/794 2336/5/793 2335/6/741
f 2336/4/793 2342/5/2012 2322/6/841
f 2342/4/2012 2336/5/793 2356/6/819
f 2338/4/2011 1790/5/1790 2316/6/2009
f 1790/4/1790 2338/5/2011 1792/6/1792
f 1799/4/1799 2315/5/2008 1797/6/1797
f 2315/4/2008 1799/5/1799 2337/6/2010
f 2357/4/2014 2317/5/763 2337/6/2010
f 2317/4/763 2357/5/2014 2339/6/764
f 2340/4/744 2338/5/2011 2318/6/746
f 2338/4/2011 2340/5/744 2358/6/2015
f 2359/4/765 2319/5/815 2339/6/764
f 2319/4/815 2359/5/765 2341/6/816
f 2342/4/2012 2340/5/744 2320/6/795
f 2340/4/744 2342/5/2012 2360/6/745
f 2361/4/766 2341/5/816 2359/6/765
f 2341/4/816 2361/5/766 2343/6/817
f 2362/4/767 2343/5/817 2361/6/766
f 2343/4/817 2362/5/767 2344/6/818
f 2363/4/768 2344/5/818 2362/6/767
f 2344/4/818 2363/5/768 2345/6/2013
f 2364/4/769 2345/5/2013 2363/6/768
f 2345/4/2013 2364/5/769 2346/6/723
f 2365/4/722 2346/5/723 2364/6/769
f 2346/4/723 2365/5/722 2347/6/669
f 2366/4/668 2347/5/669 2365/6/722
f 2347/4/669 2366/5/668 2348/6/649
f 2349/4/633 2366/5/668 2367/6/648
f 2366/4/668 2349/5/633 2348/6/649
f 2350/4/632 2367/5/648 2368/6/647
f 2367/4/648 2350/5/632 2349/6/633
f 2351/4/646 2368/5/647 2369/6/665
f 2368/4/647 2351/5/646 2350/6/632
f 2352/4/664 2369/5/665 2370/6/687
f 2369/4/665 2352/5/664 2351/6/646
f 2353/4/686 2370/5/687 2371/6/743
f 2370/4/687 2353/5/686 2352/6/664
f 2354/4/742 2371/5/743 2372/6/770
f 2371/4/743 2354/5/742 2353/6/686
f 2355/4/794 2372/5/770 2373/6/771
f 2372/4/770 2355/5/794 2354/6/742
f 2356/4/819 2373/5/771 2374/6/772
f 2373/4/771 2356/5/819 2355/6/794
f 2356/4/819 2360/5/745 2342/6/2012
f 2360/4/745 2356/5/819 2374/6/772
f 2358/4/2015 1792/5/1792 2338/6/2011
f 1792/4/1792 2358/5/2015 1794/6/1794
f 1801/4/1801 2337/5/2010 1799/6/1799
f 2337/4/2010 1801/5/1801 2357/6/2014
f 2375/4/2016 2339/5/764 2357/6/2014
f 2339/4/764 2375/5/2016 2359/6/765
f 2360/4/745 2358/5/2015 2340/6/744
f 2358/4/2015 2360/5/745 2376/6/2017
f 2377/4/2018 2359/5/765 2375/6/2016
f 2359/4/765 2377/5/2018 2361/6/766
f 2378/4/2019 2361/5/766 2377/6/2018
f 2361/4/766 2378/5/2019 2362/6/767
f 2379/4/2020 2362/5/767 2378/6/2019
f 2362/4/767 2379/5/2020 2363/6/768
f 2380/4/2021 2363/5/768 2379/6/2020
f 2363/4/768 2380/5/2021 2364/6/769
f 2381/4/2022 2364/5/769 2380/6/2021
f 2364/4/769 2381/5/2022 2365/6/722
f 2382/4/2023 2365/5/722 2381/6/2022
f 2365/4/722 2382/5/2023 2366/6/668
f 2367/4/648 2382/5/2023 2383/6/2024
f 2382/4/2023 2367/5/648 2366/6/668
f 2368/4/647 2383/5/2024 2384/6/2025
f 2383/4/2024 2368/5/647 2367/6/648
f 2369/4/665 2384/5/2025 2385/6/2026
f 2384/4/2025 2369/5/665 2368/6/647
f 2370/4/687 2385/5/2026 2386/6/2027
f 2385/4/2026 2370/5/687 2369/6/665
f 2371/4/743 2386/5/2027 2387/6/2028
f 2386/4/2027 2371/5/743 2370/6/687
f 2372/4/770 2387/5/2028 2388/6/2029
f 2387/4/2028 2372/5/770 2371/6/743
f 2373/4/771 2388/5/2029 2389/6/2030
f 2388/4/2029 2373/5/771 2372/6/770
f 2374/4/772 2389/5/2030 2390/6/2031
f 2389/4/2030 2374/5/772 2373/6/771
f 2374/4/772 2376/5/2017 2360/6/745
f 2376/4/2017 2374/5/772 2390/6/2031
f 2376/4/2017 1794/5/1794 2358/6/2015
f 1794/4/1794 2376/5/2017 1796/6/1796
f 1803/4/1803 2357/5/2014 1801/6/1801
f 2357/4/2014 1803/5/1803 2375/6/2016
f 1805/4/1805 2375/5/2016 1803/6/1803
f 2375/4/2016 1805/5/1805 2377/6/2018
f 1807/4/1807 2377/5/2018 1805/6/1805
f 2377/4/2018 1807/5/1807 2378/6/2019
f 1809/4/1809 2378/5/2019 1807/6/1807
f 2378/4/2019 1809/5/1809 2379/6/2020
f 1811/4/1811 2379/5/2020 1809/6/1809
f 2379/4/2020 1811/5/1811 2380/6/2021
f 1813/4/1813 2380/5/2021 1811/6/1811
f 2380/4/2021 1813/5/1813 2381/6/2022
f 1814/4/1814 2381/5/2022 1813/6/1813
f 2381/4/2022 1814/5/1814 2382/6/2023
f 2383/4/2024 1814/5/1814 1812/6/1812
f 1814/4/1814 2383/5/2024 2382/6/2023
f 2384/4/2025 1812/5/1812 1810/6/1810
f 1812/4/1812 2384/5/2025 2383/6/2024
f 2385/4/2026 1810/5/1810 1808/6/1808
f 1810/4/1810 2385/5/2026 2384/6/2025
f 2386/4/2027 1808/5/1808 1806/6/1806
f 1808/4/1808 2386/5/2027 2385/6/2026
f 2387/4/2028 1806/5/1806 1804/6/1804
f 1806/4/1806 2387/5/2028 2386/6/2027
f 2388/4/2029 1804/5/1804 1802/6/1802
f 1804/4/1804 2388/5/2029 2387/6/2028
f 2389/4/2030 1802/5/1802 1800/6/1800
f 1802/4/1802 2389/5/2030 2388/6/2029
f 2390/4/2031 1800/5/1800 1798/6/1798
f 1800/4/1800 2390/5/2031 2389/6/2030
f 2390/4/2031 1796/5/1796 2376/6/2017
f 1796/4/1796 2390/5/2031 1798/6/1798
f 2391/4/2032 2392/5/2033 2393/6/2034
f 2393/4/2034 2392/5/2033 2394/6/2035
f 2392/4/2033 2395/5/2036 2394/6/2035
f 2394/4/2035 2395/5/2036 2396/6/2037
f 2395/4/2036 2397/5/2038 2396/6/2037
f 2396/4/2037 2397/5/2038 2398/6/2039
f 2397/4/2038 2399/5/2040 2398/6/2039
f 2398/4/2039 2399/5/2040 2400/6/2041
f 2399/4/2040 2401/5/2042 2400/6/2041
f 2400/4/2041 2401/5/2042 2402/6/2043
f 2401/4/2042 2403/5/2044 2402/6/2043
f 2402/4/2043 2403/5/2044 2404/6/2045
f 2403/4/2044 2405/5/2046 2404/6/2045
f 2404/4/2045 2405/5/2046 2406/6/2047
f 2405/4/2046 2407/5/2048 2406/6/2047
f 2406/4/2047 2407/5/2048 2408/6/2049
f 2407/4/2048 2409/5/2050 2408/6/2049
f 2408/4/2049 2409/5/2050 2410/6/2051
f 2409/4/2050 2411/5/2052 2410/6/2051
f 2410/4/2051 2411/5/2052 2412/6/2053
f 2411/4/2052 2413/5/2054 2412/6/2053
f 2412/4/2053 2413/5/2054 2414/6/2055
f 2413/4/2054 2415/5/2056 2414/6/2055
f 2414/4/2055 2415/5/2056 2416/6/2057
f 2415/4/2056 2417/5/2058 2416/6/2057
f 2416/4/2057 2417/5/2058 2418/6/2059
f 2417/4/2058 2419/5/2060 2418/6/2059
f 2418/4/2059 2419/5/2060 2420/6/2061
f 2419/4/2060 2421/5/2062 2420/6/2061
f 2420/4/2061 2421/5/2062 2422/6/2063
f 2421/4/2062 2423/5/2064 2422/6/2063
f 2422/4/2063 2423/5/2064 2424/6/2065
f 2423/4/2064 2425/5/2066 2424/6/2065
f 2426/4/2067 2424/5/2065 2425/6/2066
f 2427/4/506 2428/5/2068 2429/6/505
f 2430/4/2069 2429/5/505 2428/6/2068
f 2430/4/2069 2428/5/2068 2431/6/2070
f 2432/4/2071 2431/5/2070 2428/6/2068
f 2433/4/507 2434/5/481 2427/6/506
f 2428/4/2068 2427/5/506 2434/6/481
f 2435/4/530 2427/5/506 2436/6/529
f 2429/4/505 2436/5/529 2427/6/506
f 2429/4/505 2430/5/2069 2437/6/504
f 2438/4/2072 2437/5/504 2430/6/2069
f 2431/4/2070 2432/5/2071 2439/6/421
f 2440/4/422 2439/5/421 2432/6/2071
f 2428/4/2068 2434/5/481 2432/6/2071
f 2441/4/453 2432/5/2071 2434/6/481
f 2438/4/2072 2430/5/2069 2442/6/2073
f 2431/4/2070 2442/5/2073 2430/6/2069
f 2443/4/508 2444/5/482 2433/6/507
f 2434/4/481 2433/5/507 2444/6/482
f 2445/4/531 2433/5/507 2435/6/530
f 2427/4/506 2435/5/530 2433/6/507
f 2446/4/552 2435/5/530 2447/6/551
f 2436/4/529 2447/5/551 2435/6/530
f 2436/4/529 2429/5/505 2448/6/528
f 2437/4/504 2448/5/528 2429/6/505
f 2449/4/503 2437/5/504 2450/6/2074
f 2438/4/2072 2450/5/2074 2437/6/504
f 2451/4/389 2439/5/421 2452/6/390
f 2440/4/422 2452/5/390 2439/6/421
f 2432/4/2071 2441/5/453 2440/6/422
f 2453/4/423 2440/5/422 2441/6/453
f 2442/4/2073 2431/5/2070 2454/6/420
f 2439/4/421 2454/5/420 2431/6/2070
f 2434/4/481 2444/5/482 2441/6/453
f 2455/4/454 2441/5/453 2444/6/482
f 2450/4/2074 2438/5/2072 2456/6/449
f 2442/4/2073 2456/5/449 2438/6/2072
f 2457/4/509 2458/5/483 2443/6/508
f 2444/4/482 2443/5/508 2458/6/483
f 2459/4/532 2443/5/508 2445/6/531
f 2433/4/507 2445/5/531 2443/6/508
f 2460/4/553 2445/5/531 2446/6/552
f 2435/4/530 2446/5/552 2445/6/531
f 2461/4/572 2446/5/552 2462/6/571
f 2447/4/551 2462/5/571 2446/6/552
f 2447/4/551 2436/5/529 2463/6/550
f 2448/4/528 2463/5/550 2436/6/529
f 2464/4/527 2448/5/528 2449/6/503
f 2437/4/504 2449/5/503 2448/6/528
f 2465/4/502 2449/5/503 2466/6/2075
f 2450/4/2074 2466/5/2075 2449/6/503
f 2467/4/2076 2451/5/389 2468/6/2077
f 2452/4/390 2468/5/2077 2451/6/389
f 2440/4/422 2453/5/423 2452/6/390
f 2469/4/391 2452/5/390 2453/6/423
f 2470/4/388 2454/5/420 2451/6/389
f 2439/4/421 2451/5/389 2454/6/420
f 2441/4/453 2455/5/454 2453/6/423
f 2471/4/424 2453/5/423 2455/6/454
f 2456/4/449 2442/5/2073 2472/6/2078
f 2454/4/420 2472/5/2078 2442/6/2073
f 2458/4/483 2473/5/455 2444/6/482
f 2455/4/454 2444/5/482 2473/6/455
f 2474/4/2079 2466/5/2075 2456/6/449
f 2450/4/2074 2456/5/449 2466/6/2075
f 2475/4/510 2476/5/2080 2457/6/509
f 2458/4/483 2457/5/509 2476/6/2080
f 2477/4/533 2457/5/509 2459/6/532
f 2443/4/508 2459/5/532 2457/6/509
f 2478/4/2081 2459/5/532 2460/6/553
f 2445/4/531 2460/5/553 2459/6/532
f 2479/4/573 2460/5/553 2461/6/572
f 2446/4/552 2461/5/572 2460/6/553
f 2480/4/2082 2461/5/572 2481/6/2083
f 2462/4/571 2481/5/2083 2461/6/572
f 2462/4/571 2447/5/551 2482/6/570
f 2463/4/550 2482/5/570 2447/6/551
f 2483/4/549 2463/5/550 2464/6/527
f 2448/4/528 2464/5/527 2463/6/550
f 2484/4/2084 2464/5/527 2465/6/502
f 2449/4/503 2465/5/502 2464/6/527
f 2485/4/501 2465/5/502 2486/6/475
f 2466/4/2075 2486/5/475 2465/6/502
f 2487/4/2085 2467/5/2076 2488/6/2086
f 2468/4/2077 2488/5/2086 2467/6/2076
f 2468/4/2077 2452/5/390 2489/6/357
f 2469/4/391 2489/5/357 2452/6/390
f 2490/4/2087 2470/5/388 2467/6/2076
f 2451/4/389 2467/5/2076 2470/6/388
f 2453/4/423 2471/5/424 2469/6/391
f 2491/4/392 2469/5/391 2471/6/424
f 2472/4/2078 2454/5/420 2492/6/2088
f 2470/4/388 2492/5/2088 2454/6/420
f 2455/4/454 2473/5/455 2471/6/424
f 2493/4/2089 2471/5/424 2473/6/455
f 2494/4/2090 2474/5/2079 2472/6/2078
f 2456/4/449 2472/5/2078 2474/6/2079
f 2458/4/483 2476/5/2080 2473/6/455
f 2495/4/456 2473/5/455 2476/6/2080
f 2496/4/447 2486/5/475 2474/6/2079
f 2466/4/2075 2474/5/2079 2486/6/475
f 2497/4/2091 2498/5/2092 2475/6/510
f 2476/4/2080 2475/5/510 2498/6/2092
f 2499/4/2093 2475/5/510 2477/6/533
f 2457/4/509 2477/5/533 2475/6/510
f 2500/4/555 2477/5/533 2478/6/2081
f 2459/4/532 2478/5/2081 2477/6/533
f 2501/4/574 2478/5/2081 2479/6/573
f 2460/4/553 2479/5/573 2478/6/2081
f 2502/4/2094 2479/5/573 2480/6/2082
f 2461/4/572 2480/5/2082 2479/6/573
f 2503/4/2095 2504/5/2096 2505/6/2097
f 2504/4/2096 2506/5/2098 2505/6/2097
f 2505/4/2097 2506/5/2098 2507/6/2099
f 2506/4/2098 2508/5/2100 2507/6/2099
f 2507/4/2099 2508/5/2100 2509/6/2101
f 2508/4/2100 2510/5/2102 2509/6/2101
f 2509/4/2101 2510/5/2102 2511/6/2103
f 2510/4/2102 2512/5/2104 2511/6/2103
f 2511/4/2103 2512/5/2104 2513/6/2105
f 2512/4/2104 2514/5/2106 2513/6/2105
f 2513/4/2105 2514/5/2106 2515/6/2107
f 2514/4/2106 2516/5/2108 2515/6/2107
f 2515/4/2107 2516/5/2108 2517/6/2109
f 2516/4/2108 2518/5/2110 2517/6/2109
f 2517/4/2109 2518/5/2110 2519/6/2111
f 2518/4/2110 2520/5/2112 2519/6/2111
f 2519/4/2111 2520/5/2112 2521/6/2113
f 2520/4/2112 2522/5/2114 2521/6/2113
f 2521/4/2113 2522/5/2114 2523/6/2115
f 2522/4/2114 2524/5/2116 2523/6/2115
f 2523/4/2115 2524/5/2116 2525/6/2117
f 2524/4/2116 2526/5/2118 2525/6/2117
f 2525/4/2117 2526/5/2118 2527/6/2119
f 2526/4/2118 2528/5/2120 2527/6/2119
f 2527/4/2119 2528/5/2120 2529/6/2121
f 2528/4/2120 2530/5/2122 2529/6/2121
f 2529/4/2121 2530/5/2122 2531/6/2123
f 2530/4/2122 2502/5/2094 2531/6/2123
f 2531/4/2123 2502/5/2094 2532/6/2124
f 2502/4/2094 2480/5/2082 2532/6/2124
f 2532/4/2124 2480/5/2082 2533/6/2125
f 2480/4/2082 2481/5/2083 2533/6/2125
f 2533/4/2125 2481/5/2083 2534/6/2126
f 2535/4/2127 2534/5/2126 2481/6/2083
f 2481/4/2083 2462/5/571 2535/6/2127
f 2482/4/570 2535/5/2127 2462/6/571
f 2536/4/569 2482/5/570 2483/6/549
f 2463/4/550 2483/5/549 2482/6/570
f 2537/4/548 2483/5/549 2484/6/2084
f 2464/4/527 2484/5/2084 2483/6/549
f 2538/4/525 2484/5/2084 2485/6/501
f 2465/4/502 2485/5/501 2484/6/2084
f 2539/4/500 2485/5/501 2540/6/2128
f 2486/4/475 2540/5/2128 2485/6/501
f 2541/4/281 2542/5/280 2488/6/2086
f 2487/4/2085 2488/5/2086 2542/6/280
f 2488/4/2086 2468/5/2077 2543/6/320
f 2489/4/357 2543/5/320 2468/6/2077
f 2544/4/2129 2490/5/2087 2487/6/2085
f 2467/4/2076 2487/5/2085 2490/6/2087
f 2489/4/357 2469/5/391 2545/6/358
f 2491/4/392 2545/5/358 2469/6/391
f 2546/4/353 2492/5/2088 2490/6/2087
f 2470/4/388 2490/5/2087 2492/6/2088
f 2471/4/424 2493/5/2089 2491/6/392
f 2547/4/393 2491/5/392 2493/6/2089
f 2548/4/386 2494/5/2090 2492/6/2088
f 2472/4/2078 2492/5/2088 2494/6/2090
f 2473/4/455 2495/5/456 2493/6/2089
f 2549/4/2130 2493/5/2089 2495/6/456
f 2550/4/417 2496/5/447 2494/6/2090
f 2474/4/2079 2494/5/2090 2496/6/447
f 2476/4/2080 2498/5/2092 2495/6/456
f 2551/4/2131 2495/5/456 2498/6/2092
f 2552/4/446 2540/5/2128 2496/6/447
f 2486/4/475 2496/5/447 2540/6/2128
f 2553/4/512 2554/5/486 2497/6/2091
f 2498/4/2092 2497/5/2091 2554/6/486
f 2555/4/2132 2497/5/2091 2499/6/2093
f 2475/4/510 2499/5/2093 2497/6/2091
f 2556/4/2133 2499/5/2093 2500/6/555
f 2477/4/533 2500/5/555 2499/6/2093
f 2557/4/575 2500/5/555 2501/6/574
f 2478/4/2081 2501/5/574 2500/6/555
f 2530/4/2122 2501/5/574 2502/6/2094
f 2479/4/573 2502/5/2094 2501/6/574
f 2558/4/542 2559/5/564 2518/6/2110
f 2520/4/2112 2518/5/2110 2559/6/564
f 2560/4/518 2558/5/542 2516/6/2108
f 2518/4/2110 2516/5/2108 2558/6/542
f 2561/4/492 2560/5/518 2514/6/2106
f 2516/4/2108 2514/5/2106 2560/6/518
f 2562/4/464 2561/5/492 2512/6/2104
f 2514/4/2106 2512/5/2104 2561/6/492
f 2563/4/434 2562/5/464 2510/6/2102
f 2512/4/2104 2510/5/2102 2562/6/464
f 2564/4/402 2563/5/434 2508/6/2100
f 2510/4/2102 2508/5/2100 2563/6/434
f 2565/4/368 2564/5/402 2506/6/2098
f 2508/4/2100 2506/5/2098 2564/6/402
f 2566/4/332 2565/5/368 2504/6/2096
f 2506/4/2098 2504/5/2096 2565/6/368
f 2567/4/294 2566/5/332 2503/6/2095
f 2504/4/2096 2503/5/2095 2566/6/332
f 2567/4/294 2503/5/2095 2568/6/253
f 2505/4/2097 2568/5/253 2503/6/2095
f 2568/4/253 2505/5/2097 2569/6/254
f 2507/4/2099 2569/5/254 2505/6/2097
f 2569/4/254 2507/5/2099 2570/6/293
f 2509/4/2101 2570/5/293 2507/6/2099
f 2570/4/293 2509/5/2101 2571/6/331
f 2511/4/2103 2571/5/331 2509/6/2101
f 2571/4/331 2511/5/2103 2572/6/367
f 2513/4/2105 2572/5/367 2511/6/2103
f 2572/4/367 2513/5/2105 2573/6/2134
f 2515/4/2107 2573/5/2134 2513/6/2105
f 2573/4/2134 2515/5/2107 2574/6/433
f 2517/4/2109 2574/5/433 2515/6/2107
f 2574/4/433 2517/5/2109 2575/6/463
f 2519/4/2111 2575/5/463 2517/6/2109
f 2519/4/2111 2521/5/2113 2575/6/463
f 2576/4/491 2575/5/463 2521/6/2113
f 2521/4/2113 2523/5/2115 2576/6/491
f 2577/4/517 2576/5/491 2523/6/2115
f 2523/4/2115 2525/5/2117 2577/6/517
f 2578/4/541 2577/5/517 2525/6/2117
f 2525/4/2117 2527/5/2119 2578/6/541
f 2579/4/563 2578/5/541 2527/6/2119
f 2527/4/2119 2529/5/2121 2579/6/563
f 2580/4/565 2579/5/563 2529/6/2121
f 2529/4/2121 2531/5/2123 2580/6/565
f 2581/4/566 2580/5/565 2531/6/2123
f 2531/4/2123 2532/5/2124 2581/6/566
f 2582/4/567 2581/5/566 2532/6/2124
f 2532/4/2124 2533/5/2125 2582/6/567
f 2583/4/568 2582/5/567 2533/6/2125
f 2533/4/2125 2534/5/2126 2583/6/568
f 2536/4/569 2583/5/568 2534/6/2126
f 2534/4/2126 2535/5/2127 2536/6/569
f 2482/4/570 2536/5/569 2535/6/2127
f 2528/4/2120 2557/5/575 2530/6/2122
f 2501/4/574 2530/5/2122 2557/6/575
f 2526/4/2118 2584/5/576 2528/6/2120
f 2557/4/575 2528/5/2120 2584/6/576
f 2524/4/2116 2585/5/577 2526/6/2118
f 2584/4/576 2526/5/2118 2585/6/577
f 2522/4/2114 2586/5/578 2524/6/2116
f 2585/4/577 2524/5/2116 2586/6/578
f 2520/4/2112 2559/5/564 2522/6/2114
f 2586/4/578 2522/5/2114 2559/6/564
f 2583/4/568 2536/5/569 2537/6/548
f 2483/4/549 2537/5/548 2536/6/569
f 2587/4/547 2537/5/548 2538/6/525
f 2484/4/2084 2538/5/525 2537/6/548
f 2588/4/524 2538/5/525 2539/6/500
f 2485/4/501 2539/5/500 2538/6/525
f 2589/4/499 2539/5/500 2590/6/473
f 2540/4/2128 2590/5/473 2539/6/500
f 2591/4/240 2592/5/239 2541/6/281
f 2542/4/280 2541/5/281 2592/6/239
f 2593/4/282 2541/5/281 2543/6/320
f 2488/4/2086 2543/5/320 2541/6/281
f 2542/4/280 2594/5/279 2487/6/2085
f 2544/4/2129 2487/5/2085 2594/6/279
f 2543/4/320 2489/5/357 2595/6/321
f 2545/4/358 2595/5/321 2489/6/357
f 2596/4/2135 2546/5/353 2544/6/2129
f 2490/4/2087 2544/5/2129 2546/6/353
f 2491/4/392 2547/5/393 2545/6/358
f 2597/4/359 2545/5/358 2547/6/393
f 2548/4/386 2492/5/2088 2598/6/2136
f 2546/4/353 2598/5/2136 2492/6/2088
f 2493/4/2089 2549/5/2130 2547/6/393
f 2599/4/2137 2547/5/393 2549/6/2130
f 2600/4/385 2550/5/417 2548/6/386
f 2494/4/2090 2548/5/386 2550/6/417
f 2495/4/456 2551/5/2131 2549/6/2130
f 2601/4/2138 2549/5/2130 2551/6/2131
f 2602/4/416 2552/5/446 2550/6/417
f 2496/4/447 2550/5/417 2552/6/446
f 2498/4/2092 2554/5/486 2551/6/2131
f 2603/4/2139 2551/5/2131 2554/6/486
f 2590/4/473 2540/5/2128 2604/6/445
f 2552/4/446 2604/5/445 2540/6/2128
f 2605/4/498 2606/5/2140 2553/6/512
f 2554/4/486 2553/5/512 2606/6/2140
f 2607/4/536 2553/5/512 2555/6/2132
f 2497/4/2091 2555/5/2132 2553/6/512
f 2608/4/557 2555/5/2132 2556/6/2133
f 2499/4/2093 2556/5/2133 2555/6/2132
f 2584/4/576 2556/5/2133 2557/6/575
f 2500/4/555 2557/5/575 2556/6/2133
f 2609/4/520 2610/5/544 2558/6/542
f 2559/4/564 2558/5/542 2610/6/544
f 2611/4/494 2609/5/520 2560/6/518
f 2558/4/542 2560/5/518 2609/6/520
f 2612/4/466 2611/5/494 2561/6/492
f 2560/4/518 2561/5/492 2611/6/494
f 2613/4/436 2612/5/466 2562/6/464
f 2561/4/492 2562/5/464 2612/6/466
f 2614/4/404 2613/5/436 2563/6/434
f 2562/4/464 2563/5/434 2613/6/436
f 2615/4/370 2614/5/404 2564/6/402
f 2563/4/434 2564/5/402 2614/6/404
f 2616/4/334 2615/5/370 2565/6/368
f 2564/4/402 2565/5/368 2615/6/370
f 2617/4/296 2616/5/334 2566/6/332
f 2565/4/368 2566/5/332 2616/6/334
f 2618/4/256 2617/5/296 2567/6/294
f 2566/4/332 2567/5/294 2617/6/296
f 2618/4/256 2567/5/294 2619/6/211
f 2568/4/253 2619/5/211 2567/6/294
f 2619/4/211 2568/5/253 2620/6/212
f 2569/4/254 2620/5/212 2568/6/253
f 2620/4/212 2569/5/254 2621/6/255
f 2570/4/293 2621/5/255 2569/6/254
f 2621/4/255 2570/5/293 2622/6/2141
f 2571/4/331 2622/5/2141 2570/6/293
f 2622/4/2141 2571/5/331 2623/6/333
f 2572/4/367 2623/5/333 2571/6/331
f 2623/4/333 2572/5/367 2624/6/2142
f 2573/4/2134 2624/5/2142 2572/6/367
f 2624/4/2142 2573/5/2134 2625/6/403
f 2574/4/433 2625/5/403 2573/6/2134
f 2625/4/403 2574/5/433 2626/6/435
f 2575/4/463 2626/5/435 2574/6/433
f 2575/4/463 2576/5/491 2626/6/435
f 2627/4/2143 2626/5/435 2576/6/491
f 2576/4/491 2577/5/517 2627/6/2143
f 2628/4/493 2627/5/2143 2577/6/517
f 2577/4/517 2578/5/541 2628/6/493
f 2629/4/519 2628/5/493 2578/6/541
f 2578/4/541 2579/5/563 2629/6/519
f 2630/4/543 2629/5/519 2579/6/563
f 2579/4/563 2580/5/565 2630/6/543
f 2631/4/545 2630/5/543 2580/6/565
f 2580/4/565 2581/5/566 2631/6/545
f 2632/4/546 2631/5/545 2581/6/566
f 2581/4/566 2582/5/567 2632/6/546
f 2587/4/547 2632/5/546 2582/6/567
f 2582/4/567 2583/5/568 2587/6/547
f 2537/4/548 2587/5/547 2583/6/568
f 2585/4/577 2608/5/557 2584/6/576
f 2556/4/2133 2584/5/576 2608/6/557
f 2586/4/578 2633/5/558 2585/6/577
f 2608/4/557 2585/5/577 2633/6/558
f 2559/4/564 2610/5/544 2586/6/578
f 2633/4/558 2586/5/578 2610/6/544
f 2632/4/546 2587/5/547 2588/6/524
f 2538/4/525 2588/5/524 2587/6/547
f 2634/4/2144 2588/5/524 2589/6/499
f 2539/4/500 2589/5/499 2588/6/524
f 2635/4/2145 2589/5/499 2636/6/2146
f 2590/4/473 2636/5/2146 2589/6/499
f 2637/4/194 2638/5/193 2591/6/240
f 2592/4/239 2591/5/240 2638/6/193
f 2639/4/241 2591/5/240 2593/6/282
f 2541/4/281 2593/5/282 2591/6/240
f 2592/4/239 2640/5/238 2542/6/280
f 2594/4/279 2542/5/280 2640/6/238
f 2641/4/2147 2593/5/282 2595/6/321
f 2543/4/320 2595/5/321 2593/6/282
f 2642/4/278 2596/5/2135 2594/6/279
f 2544/4/2129 2594/5/279 2596/6/2135
f 2643/4/322 2595/5/321 2597/6/359
f 2545/4/358 2597/5/359 2595/6/321
f 2598/4/2136 2546/5/353 2644/6/315
f 2596/4/2135 2644/5/315 2546/6/353
f 2547/4/393 2599/5/2137 2597/6/359
f 2645/4/360 2597/5/359 2599/6/2137
f 2600/4/385 2548/5/386 2646/6/351
f 2598/4/2136 2646/5/351 2548/6/386
f 2549/4/2130 2601/5/2138 2599/6/2137
f 2647/4/2148 2599/5/2137 2601/6/2138
f 2648/4/384 2602/5/416 2600/6/385
f 2550/4/417 2600/5/385 2602/6/416
f 2551/4/2131 2603/5/2139 2601/6/2138
f 2649/4/428 2601/5/2138 2603/6/2139
f 2650/4/2149 2604/5/445 2602/6/416
f 2552/4/446 2602/5/416 2604/6/445
f 2554/4/486 2606/5/2140 2603/6/2139
f 2651/4/444 2603/5/2139 2606/6/2140
f 2636/4/2146 2590/5/473 2652/6/2150
f 2604/4/445 2652/5/2150 2590/6/473
f 2653/4/442 2606/5/2140 2654/6/470
f 2605/4/498 2654/5/470 2606/6/2140
f 2655/4/522 2605/5/498 2607/6/536
f 2553/4/512 2607/5/536 2605/6/498
f 2633/4/558 2607/5/536 2608/6/557
f 2555/4/2132 2608/5/557 2607/6/536
f 2656/4/496 2655/5/522 2609/6/520
f 2610/4/544 2609/5/520 2655/6/522
f 2657/4/2151 2656/5/496 2611/6/494
f 2609/4/520 2611/5/494 2656/6/496
f 2658/4/438 2657/5/2151 2612/6/466
f 2611/4/494 2612/5/466 2657/6/2151
f 2659/4/406 2658/5/438 2613/6/436
f 2612/4/466 2613/5/436 2658/6/438
f 2660/4/372 2659/5/406 2614/6/404
f 2613/4/436 2614/5/404 2659/6/406
f 2661/4/2152 2660/5/372 2615/6/370
f 2614/4/404 2615/5/370 2660/6/372
f 2662/4/298 2661/5/2152 2616/6/334
f 2615/4/370 2616/5/334 2661/6/2152
f 2663/4/258 2662/5/298 2617/6/296
f 2616/4/334 2617/5/296 2662/6/298
f 2664/4/214 2663/5/258 2618/6/256
f 2617/4/296 2618/5/256 2663/6/258
f 2664/4/214 2618/5/256 2665/6/165
f 2619/4/211 2665/5/165 2618/6/256
f 2665/4/165 2619/5/211 2666/6/166
f 2620/4/212 2666/5/166 2619/6/211
f 2666/4/166 2620/5/212 2667/6/213
f 2621/4/255 2667/5/213 2620/6/212
f 2667/4/213 2621/5/255 2668/6/257
f 2622/4/2141 2668/5/257 2621/6/255
f 2668/4/257 2622/5/2141 2669/6/297
f 2623/4/333 2669/5/297 2622/6/2141
f 2669/4/297 2623/5/333 2670/6/335
f 2624/4/2142 2670/5/335 2623/6/333
f 2670/4/335 2624/5/2142 2671/6/2153
f 2625/4/403 2671/5/2153 2624/6/2142
f 2671/4/2153 2625/5/403 2672/6/405
f 2626/4/435 2672/5/405 2625/6/403
f 2626/4/435 2627/5/2143 2672/6/405
f 2673/4/437 2672/5/405 2627/6/2143
f 2627/4/2143 2628/5/493 2673/6/437
f 2674/4/467 2673/5/437 2628/6/493
f 2628/4/493 2629/5/519 2674/6/467
f 2675/4/495 2674/5/467 2629/6/519
f 2629/4/519 2630/5/543 2675/6/495
f 2676/4/521 2675/5/495 2630/6/543
f 2630/4/543 2631/5/545 2676/6/521
f 2634/4/2144 2676/5/521 2631/6/545
f 2631/4/545 2632/5/546 2634/6/2144
f 2588/4/524 2634/5/2144 2632/6/546
f 2610/4/544 2655/5/522 2633/6/558
f 2607/4/536 2633/5/558 2655/6/522
f 2676/4/521 2634/5/2144 2635/6/2145
f 2589/4/499 2635/5/2145 2634/6/2144
f 2677/4/469 2635/5/2145 2678/6/2154
f 2636/4/2146 2678/5/2154 2635/6/2145
f 2679/4/143 2680/5/142 2637/6/194
f 2638/4/193 2637/5/194 2680/6/142
f 2681/4/195 2637/5/194 2639/6/241
f 2591/4/240 2639/5/241 2637/6/194
f 2638/4/193 2682/5/192 2592/6/239
f 2640/4/238 2592/5/239 2682/6/192
f 2683/4/242 2639/5/241 2641/6/2147
f 2593/4/282 2641/5/2147 2639/6/241
f 2684/4/237 2642/5/278 2640/6/238
f 2594/4/279 2640/5/238 2642/6/278
f 2685/4/284 2641/5/2147 2643/6/322
f 2595/4/321 2643/5/322 2641/6/2147
f 2686/4/277 2644/5/315 2642/6/278
f 2596/4/2135 2642/5/278 2644/6/315
f 2597/4/359 2645/5/360 2643/6/322
f 2687/4/2155 2643/5/322 2645/6/360
f 2646/4/351 2598/5/2136 2688/6/314
f 2644/4/315 2688/5/314 2598/6/2136
f 2599/4/2137 2647/5/2148 2645/6/360
f 2689/4/361 2645/5/360 2647/6/2148
f 2648/4/384 2600/5/385 2690/6/350
f 2646/4/351 2690/5/350 2600/6/385
f 2601/4/2138 2649/5/428 2647/6/2148
f 2691/4/396 2647/5/2148 2649/6/428
f 2650/4/2149 2602/5/416 2692/6/2156
f 2648/4/384 2692/5/2156 2602/6/416
f 2603/4/2139 2651/5/444 2649/6/428
f 2693/4/414 2649/5/428 2651/6/444
f 2652/4/2150 2604/5/445 2694/6/413
f 2650/4/2149 2694/5/413 2604/6/445
f 2606/4/2140 2653/5/442 2651/6/444
f 2695/4/2157 2651/5/444 2653/6/442
f 2678/4/2154 2636/5/2146 2696/6/411
f 2652/4/2150 2696/5/411 2636/6/2146
f 2697/4/410 2653/5/442 2698/6/440
f 2654/4/470 2698/5/440 2653/6/442
f 2654/4/470 2605/5/498 2656/6/496
f 2655/4/522 2656/5/496 2605/6/498
f 2698/4/440 2654/5/470 2657/6/2151
f 2656/4/496 2657/5/2151 2654/6/470
f 2699/4/2158 2698/5/440 2658/6/438
f 2657/4/2151 2658/5/438 2698/6/440
f 2700/4/374 2699/5/2158 2659/6/406
f 2658/4/438 2659/5/406 2699/6/2158
f 2701/4/338 2700/5/374 2660/6/372
f 2659/4/406 2660/5/372 2700/6/374
f 2702/4/300 2701/5/338 2661/6/2152
f 2660/4/372 2661/5/2152 2701/6/338
f 2703/4/260 2702/5/300 2662/6/298
f 2661/4/2152 2662/5/298 2702/6/300
f 2704/4/216 2703/5/260 2663/6/258
f 2662/4/298 2663/5/258 2703/6/260
f 2705/4/168 2704/5/216 2664/6/214
f 2663/4/258 2664/5/214 2704/6/216
f 2705/4/168 2664/5/214 2706/6/115
f 2665/4/165 2706/5/115 2664/6/214
f 2706/4/115 2665/5/165 2707/6/116
f 2666/4/166 2707/5/116 2665/6/165
f 2707/4/116 2666/5/166 2708/6/167
f 2667/4/213 2708/5/167 2666/6/166
f 2708/4/167 2667/5/213 2709/6/2159
f 2668/4/257 2709/5/2159 2667/6/213
f 2709/4/2159 2668/5/257 2710/6/259
f 2669/4/297 2710/5/259 2668/6/257
f 2710/4/259 2669/5/297 2711/6/299
f 2670/4/335 2711/5/299 2669/6/297
f 2711/4/299 2670/5/335 2712/6/337
f 2671/4/2153 2712/5/337 2670/6/335
f 2712/4/337 2671/5/2153 2713/6/373
f 2672/4/405 2713/5/373 2671/6/2153
f 2672/4/405 2673/5/437 2713/6/373
f 2714/4/407 2713/5/373 2673/6/437
f 2673/4/437 2674/5/467 2714/6/407
f 2715/4/439 2714/5/407 2674/6/467
f 2674/4/467 2675/5/495 2715/6/439
f 2677/4/469 2715/5/439 2675/6/495
f 2675/4/495 2676/5/521 2677/6/469
f 2635/4/2145 2677/5/469 2676/6/521
f 2715/4/439 2677/5/469 2716/6/2160
f 2678/4/2154 2716/5/2160 2677/6/469
f 2717/4/2161 2718/5/2162 2679/6/143
f 2680/4/142 2679/5/143 2718/6/2162
f 2719/4/144 2679/5/143 2681/6/195
f 2637/4/194 2681/5/195 2679/6/143
f 2680/4/142 2720/5/141 2638/6/193
f 2682/4/192 2638/5/193 2720/6/141
f 2721/4/2163 2681/5/195 2683/6/242
f 2639/4/241 2683/5/242 2681/6/195
f 2722/4/191 2684/5/237 2682/6/192
f 2640/4/238 2682/5/192 2684/6/237
f 2723/4/243 2683/5/242 2685/6/284
f 2641/4/2147 2685/5/284 2683/6/242
f 2724/4/236 2686/5/277 2684/6/237
f 2642/4/278 2684/5/237 2686/6/277
f 2725/4/285 2685/5/284 2687/6/2155
f 2643/4/322 2687/5/2155 2685/6/284
f 2726/4/276 2688/5/314 2686/6/277
f 2644/4/315 2686/5/277 2688/6/314
f 2645/4/360 2689/5/361 2687/6/2155
f 2727/4/2164 2687/5/2155 2689/6/361
f 2690/4/350 2646/5/351 2728/6/2165
f 2688/4/314 2728/5/2165 2646/6/351
f 2647/4/2148 2691/5/396 2689/6/361
f 2729/4/2166 2689/5/361 2691/6/396
f 2692/4/2156 2648/5/384 2730/6/349
f 2690/4/350 2730/5/349 2648/6/384
f 2649/4/428 2693/5/414 2691/6/396
f 2731/4/382 2691/5/396 2693/6/414
f 2694/4/413 2650/5/2149 2732/6/381
f 2692/4/2156 2732/5/381 2650/6/2149
f 2651/4/444 2695/5/2157 2693/6/414
f 2733/4/2167 2693/5/414 2695/6/2157
f 2696/4/411 2652/5/2150 2734/6/2168
f 2694/4/413 2734/5/2168 2652/6/2150
f 2653/4/442 2697/5/410 2695/6/2157
f 2735/4/378 2695/5/2157 2697/6/410
f 2716/4/2160 2678/5/2154 2736/6/377
f 2696/4/411 2736/5/377 2678/6/2154
f 2737/4/376 2697/5/410 2699/6/2158
f 2698/4/440 2699/5/2158 2697/6/410
f 2738/4/2169 2737/5/376 2700/6/374
f 2699/4/2158 2700/5/374 2737/6/376
f 2739/4/2170 2738/5/2169 2701/6/338
f 2700/4/374 2701/5/338 2738/6/2169
f 2740/4/262 2739/5/2170 2702/6/300
f 2701/4/338 2702/5/300 2739/6/2170
f 2741/4/218 2740/5/262 2703/6/260
f 2702/4/300 2703/5/260 2740/6/262
f 2742/4/170 2741/5/218 2704/6/216
f 2703/4/260 2704/5/216 2741/6/218
f 2743/4/2171 2742/5/170 2705/6/168
f 2704/4/216 2705/5/168 2742/6/170
f 2743/4/2171 2705/5/168 2744/6/2172
f 2706/4/115 2744/5/2172 2705/6/168
f 2744/4/2172 2706/5/115 2745/6/2173
f 2707/4/116 2745/5/2173 2706/6/115
f 2745/4/2173 2707/5/116 2746/6/117
f 2708/4/167 2746/5/117 2707/6/116
f 2746/4/117 2708/5/167 2747/6/169
f 2709/4/2159 2747/5/169 2708/6/167
f 2747/4/169 2709/5/2159 2748/6/217
f 2710/4/259 2748/5/217 2709/6/2159
f 2748/4/217 2710/5/259 2749/6/2174
f 2711/4/299 2749/5/2174 2710/6/259
f 2749/4/2174 2711/5/299 2750/6/2175
f 2712/4/337 2750/5/2175 2711/6/299
f 2750/4/2175 2712/5/337 2751/6/339
f 2713/4/373 2751/5/339 2712/6/337
f 2713/4/373 2714/5/407 2751/6/339
f 2752/4/2176 2751/5/339 2714/6/407
f 2714/4/407 2715/5/439 2752/6/2176
f 2716/4/2160 2752/5/2176 2715/6/439
f 2422/4/2063 2424/5/2065 2717/6/2161
f 2718/4/2162 2717/5/2161 2424/6/2065
f 2753/4/2177 2717/5/2161 2719/6/144
f 2679/4/143 2719/5/144 2717/6/2161
f 2718/4/2162 2754/5/2178 2680/6/142
f 2720/4/141 2680/5/142 2754/6/2178
f 2755/4/145 2719/5/144 2721/6/2163
f 2681/4/195 2721/5/2163 2719/6/144
f 2756/4/140 2722/5/191 2720/6/141
f 2682/4/192 2720/5/141 2722/6/191
f 2757/4/197 2721/5/2163 2723/6/243
f 2683/4/242 2723/5/243 2721/6/2163
f 2758/4/190 2724/5/236 2722/6/191
f 2684/4/237 2722/5/191 2724/6/236
f 2759/4/244 2723/5/243 2725/6/285
f 2685/4/284 2725/5/285 2723/6/243
f 2760/4/2179 2726/5/276 2724/6/236
f 2686/4/277 2724/5/236 2726/6/276
f 2761/4/286 2725/5/285 2727/6/2164
f 2687/4/2155 2727/5/2164 2725/6/285
f 2762/4/275 2728/5/2165 2726/6/276
f 2688/4/314 2726/5/276 2728/6/2165
f 2689/4/361 2729/5/2166 2727/6/2164
f 2763/4/325 2727/5/2164 2729/6/2166
f 2764/4/2180 2730/5/349 2728/6/2165
f 2690/4/350 2728/5/2165 2730/6/349
f 2691/4/396 2731/5/382 2729/6/2166
f 2765/4/2181 2729/5/2166 2731/6/382
f 2732/4/381 2692/5/2156 2766/6/2182
f 2730/4/349 2766/5/2182 2692/6/2156
f 2693/4/414 2733/5/2167 2731/6/382
f 2767/4/346 2731/5/382 2733/6/2167
f 2734/4/2168 2694/5/413 2768/6/345
f 2732/4/381 2768/5/345 2694/6/413
f 2695/4/2157 2735/5/378 2733/6/2167
f 2769/4/344 2733/5/2167 2735/6/378
f 2736/4/377 2696/5/411 2770/6/343
f 2734/4/2168 2770/5/343 2696/6/411
f 2697/4/410 2737/5/376 2735/6/378
f 2771/4/2183 2735/5/378 2737/6/376
f 2752/4/2176 2716/5/2160 2772/6/2184
f 2736/4/377 2772/5/2184 2716/6/2160
f 2737/4/376 2738/5/2169 2771/6/2183
f 2773/4/304 2771/5/2183 2738/6/2169
f 2774/4/264 2773/5/304 2739/6/2170
f 2738/4/2169 2739/5/2170 2773/6/304
f 2740/4/262 2775/5/220 2739/6/2170
f 2774/4/264 2739/5/2170 2775/6/220
f 2741/4/218 2776/5/2185 2740/6/262
f 2775/4/220 2740/5/262 2776/6/2185
f 2742/4/170 2777/5/120 2741/6/218
f 2776/4/2185 2741/5/218 2777/6/120
f 2743/4/2171 2778/5/2186 2742/6/170
f 2777/4/120 2742/5/170 2778/6/2186
f 2779/4/2187 2778/5/2186 2744/6/2172
f 2743/4/2171 2744/5/2172 2778/6/2186
f 2780/4/2188 2779/5/2187 2745/6/2173
f 2744/4/2172 2745/5/2173 2779/6/2187
f 2781/4/63 2780/5/2188 2746/6/117
f 2745/4/2173 2746/5/117 2780/6/2188
f 2782/4/119 2781/5/63 2747/6/169
f 2746/4/117 2747/5/169 2781/6/63
f 2782/4/119 2747/5/169 2783/6/171
f 2748/4/217 2783/5/171 2747/6/169
f 2748/4/217 2749/5/2174 2783/6/171
f 2784/4/219 2783/5/171 2749/6/2174
f 2749/4/2174 2750/5/2175 2784/6/219
f 2785/4/263 2784/5/219 2750/6/2175
f 2750/4/2175 2751/5/339 2785/6/263
f 2786/4/2189 2785/5/263 2751/6/339
f 2751/4/339 2752/5/2176 2786/6/2189
f 2772/4/2184 2786/5/2189 2752/6/2176
f 2424/4/2065 2426/5/2067 2718/6/2162
f 2754/4/2178 2718/5/2162 2426/6/2067
f 2420/4/2061 2422/5/2063 2753/6/2177
f 2717/4/2161 2753/5/2177 2422/6/2063
f 2787/4/2190 2753/5/2177 2755/6/145
f 2719/4/144 2755/5/145 2753/6/2177
f 2788/4/2191 2756/5/140 2754/6/2178
f 2720/4/141 2754/5/2178 2756/6/140
f 2789/4/146 2755/5/145 2757/6/197
f 2721/4/2163 2757/5/197 2755/6/145
f 2790/4/139 2758/5/190 2756/6/140
f 2722/4/191 2756/5/140 2758/6/190
f 2791/4/2192 2757/5/197 2759/6/244
f 2723/4/243 2759/5/244 2757/6/197
f 2792/4/189 2760/5/2179 2758/6/190
f 2724/4/236 2758/5/190 2760/6/2179
f 2793/4/2193 2759/5/244 2761/6/286
f 2725/4/285 2761/5/286 2759/6/244
f 2794/4/234 2762/5/275 2760/6/2179
f 2726/4/276 2760/5/2179 2762/6/275
f 2795/4/287 2761/5/286 2763/6/325
f 2727/4/2164 2763/5/325 2761/6/286
f 2796/4/274 2764/5/2180 2762/6/275
f 2728/4/2165 2762/5/275 2764/6/2180
f 2729/4/2166 2765/5/2181 2763/6/325
f 2797/4/2194 2763/5/325 2765/6/2181
f 2766/4/2182 2730/5/349 2798/6/311
f 2764/4/2180 2798/5/311 2730/6/349
f 2731/4/382 2767/5/346 2765/6/2181
f 2799/4/310 2765/5/2181 2767/6/346
f 2768/4/345 2732/5/381 2800/6/309
f 2766/4/2182 2800/5/309 2732/6/381
f 2733/4/2167 2769/5/344 2767/6/346
f 2801/4/2195 2767/5/346 2769/6/344
f 2770/4/343 2734/5/2168 2802/6/2196
f 2768/4/345 2802/5/2196 2734/6/2168
f 2735/4/378 2771/5/2183 2769/6/344
f 2803/4/306 2769/5/344 2771/6/2183
f 2772/4/2184 2736/5/377 2804/6/305
f 2770/4/343 2804/5/305 2736/6/377
f 2771/4/2183 2773/5/304 2803/6/306
f 2805/4/2197 2803/5/306 2773/6/304
f 2774/4/264 2806/5/222 2773/6/304
f 2805/4/2197 2773/5/304 2806/6/222
f 2775/4/220 2807/5/174 2774/6/264
f 2806/4/222 2774/5/264 2807/6/174
f 2776/4/2185 2808/5/122 2775/6/220
f 2807/4/174 2775/5/220 2808/6/122
f 2777/4/120 2809/5/2198 2776/6/2185
f 2808/4/122 2776/5/2185 2809/6/2198
f 2778/4/2186 2810/5/44 2777/6/120
f 2809/4/2198 2777/5/120 2810/6/44
f 2811/4/26 2810/5/44 2779/6/2187
f 2778/4/2186 2779/5/2187 2810/6/44
f 2812/4/25 2811/5/26 2780/6/2188
f 2779/4/2187 2780/5/2188 2811/6/26
f 2813/4/43 2812/5/25 2781/6/63
f 2780/4/2188 2781/5/63 2812/6/25
f 2814/4/65 2813/5/43 2782/6/119
f 2781/4/63 2782/5/119 2813/6/43
f 2782/4/119 2783/5/171 2814/6/65
f 2815/4/121 2814/5/65 2783/6/171
f 2783/4/171 2784/5/219 2815/6/121
f 2816/4/2199 2815/5/121 2784/6/219
f 2784/4/219 2785/5/263 2816/6/2199
f 2817/4/2200 2816/5/2199 2785/6/263
f 2785/4/263 2786/5/2189 2817/6/2200
f 2818/4/265 2817/5/2200 2786/6/2189
f 2786/4/2189 2772/5/2184 2818/6/265
f 2804/4/305 2818/5/265 2772/6/2184
f 2425/4/2066 2788/5/2191 2426/6/2067
f 2754/4/2178 2426/5/2067 2788/6/2191
f 2418/4/2059 2420/5/2061 2787/6/2190
f 2753/4/2177 2787/5/2190 2420/6/2061
f 2819/4/2201 2787/5/2190 2789/6/146
f 2755/4/145 2789/5/146 2787/6/2190
f 2820/4/2202 2790/5/139 2788/6/2191
f 2756/4/140 2788/5/2191 2790/6/139
f 2821/4/2203 2789/5/146 2791/6/2192
f 2757/4/197 2791/5/2192 2789/6/146
f 2822/4/138 2792/5/189 2790/6/139
f 2758/4/190 2790/5/139 2792/6/189
f 2823/4/199 2791/5/2192 2793/6/2193
f 2759/4/244 2793/5/2193 2791/6/2192
f 2824/4/188 2794/5/234 2792/6/189
f 2760/4/2179 2792/5/189 2794/6/234
f 2825/4/246 2793/5/2193 2795/6/287
f 2761/4/286 2795/5/287 2793/6/2193
f 2826/4/233 2796/5/274 2794/6/234
f 2762/4/275 2794/5/234 2796/6/274
f 2827/4/288 2795/5/287 2797/6/2194
f 2763/4/325 2797/5/2194 2795/6/287
f 2828/4/2204 2798/5/311 2796/6/274
f 2764/4/2180 2796/5/274 2798/6/311
f 2765/4/2181 2799/5/310 2797/6/2194
f 2829/4/2205 2797/5/2194 2799/6/310
f 2800/4/309 2766/5/2182 2830/6/272
f 2798/4/311 2830/5/272 2766/6/2182
f 2767/4/346 2801/5/2195 2799/6/310
f 2831/4/270 2799/5/310 2801/6/2195
f 2802/4/2196 2768/5/345 2832/6/2206
f 2800/4/309 2832/5/2206 2768/6/345
f 2769/4/344 2803/5/306 2801/6/2195
f 2833/4/268 2801/5/2195 2803/6/306
f 2804/4/305 2770/5/343 2834/6/267
f 2802/4/2196 2834/5/267 2770/6/343
f 2803/4/306 2805/5/2197 2833/6/268
f 2835/4/2207 2833/5/268 2805/6/2197
f 2806/4/222 2836/5/176 2805/6/2197
f 2835/4/2207 2805/5/2197 2836/6/176
f 2807/4/174 2837/5/124 2806/6/222
f 2836/4/176 2806/5/222 2837/6/124
f 2808/4/122 2838/5/2208 2807/6/174
f 2837/4/124 2807/5/174 2838/6/2208
f 2809/4/2198 2839/5/2209 2808/6/122
f 2838/4/2208 2808/5/122 2839/6/2209
f 2810/4/44 2840/5/28 2809/6/2198
f 2839/4/2209 2809/5/2198 2840/6/28
f 2811/4/26 2841/5/13 2810/6/44
f 2840/4/28 2810/5/44 2841/6/13
f 2812/4/25 2842/5/14 2811/6/26
f 2841/4/13 2811/5/26 2842/6/14
f 2813/4/43 2843/5/27 2812/6/25
f 2842/4/14 2812/5/25 2843/6/27
f 2814/4/65 2844/5/45 2813/6/43
f 2843/4/27 2813/5/43 2844/6/45
f 2814/4/65 2815/5/121 2844/6/45
f 2845/4/2210 2844/5/45 2815/6/121
f 2815/4/121 2816/5/2199 2845/6/2210
f 2846/4/2211 2845/5/2210 2816/6/2199
f 2816/4/2199 2817/5/2200 2846/6/2211
f 2847/4/2212 2846/5/2211 2817/6/2200
f 2817/4/2200 2818/5/265 2847/6/2212
f 2848/4/223 2847/5/2212 2818/6/265
f 2818/4/265 2804/5/305 2848/6/223
f 2834/4/267 2848/5/223 2804/6/305
f 2423/4/2064 2820/5/2202 2425/6/2066
f 2788/4/2191 2425/5/2066 2820/6/2202
f 2416/4/2057 2418/5/2059 2819/6/2201
f 2787/4/2190 2819/5/2201 2418/6/2059
f 2849/4/2213 2819/5/2201 2821/6/2203
f 2789/4/146 2821/5/2203 2819/6/2201
f 2850/4/2214 2822/5/138 2820/6/2202
f 2790/4/139 2820/5/2202 2822/6/138
f 2851/4/148 2821/5/2203 2823/6/199
f 2791/4/2192 2823/5/199 2821/6/2203
f 2852/4/137 2824/5/188 2822/6/138
f 2792/4/189 2822/5/138 2824/6/188
f 2853/4/200 2823/5/199 2825/6/246
f 2793/4/2193 2825/5/246 2823/6/199
f 2854/4/187 2826/5/233 2824/6/188
f 2794/4/234 2824/5/188 2826/6/233
f 2855/4/247 2825/5/246 2827/6/288
f 2795/4/287 2827/5/288 2825/6/246
f 2856/4/232 2828/5/2204 2826/6/233
f 2796/4/274 2826/5/233 2828/6/2204
f 2829/4/2205 2857/5/289 2797/6/2194
f 2827/4/288 2797/5/2194 2857/6/289
f 2858/4/271 2830/5/272 2828/6/2204
f 2798/4/311 2828/5/2204 2830/6/272
f 2799/4/310 2831/5/270 2829/6/2205
f 2859/4/2215 2829/5/2205 2831/6/270
f 2832/4/2206 2800/5/309 2860/6/228
f 2830/4/272 2860/5/228 2800/6/309
f 2801/4/2195 2833/5/268 2831/6/270
f 2861/4/2216 2831/5/270 2833/6/268
f 2834/4/267 2802/5/2196 2862/6/225
f 2832/4/2206 2862/5/225 2802/6/2196
f 2833/4/268 2835/5/2207 2861/6/2216
f 2863/4/178 2861/5/2216 2835/6/2207
f 2864/4/126 2863/5/178 2836/6/176
f 2835/4/2207 2836/5/176 2863/6/178
f 2865/4/70 2864/5/126 2837/6/124
f 2836/4/176 2837/5/124 2864/6/126
f 2866/4/2217 2865/5/70 2838/6/2208
f 2837/4/124 2838/5/2208 2865/6/70
f 2867/4/30 2866/5/2217 2839/6/2209
f 2838/4/2208 2839/5/2209 2866/6/2217
f 2868/4/2218 2867/5/30 2840/6/28
f 2839/4/2209 2840/5/28 2867/6/30
f 2841/4/13 2869/5/2219 2840/6/28
f 2868/4/2218 2840/5/28 2869/6/2219
f 2842/4/14 2870/5/2220 2841/6/13
f 2869/4/2219 2841/5/13 2870/6/2220
f 2843/4/27 2871/5/15 2842/6/14
f 2870/4/2220 2842/5/14 2871/6/15
f 2844/4/45 2872/5/29 2843/6/27
f 2871/4/15 2843/5/27 2872/6/29
f 2844/4/45 2845/5/2210 2872/6/29
f 2873/4/47 2872/5/29 2845/6/2210
f 2845/4/2210 2846/5/2211 2873/6/47
f 2874/4/69 2873/5/47 2846/6/2211
f 2846/4/2211 2847/5/2212 2874/6/69
f 2875/4/2221 2874/5/69 2847/6/2212
f 2847/4/2212 2848/5/223 2875/6/2221
f 2876/4/2222 2875/5/2221 2848/6/223
f 2848/4/223 2834/5/267 2876/6/2222
f 2862/4/225 2876/5/2222 2834/6/267
f 2421/4/2062 2850/5/2214 2423/6/2064
f 2820/4/2202 2423/5/2064 2850/6/2214
f 2414/4/2055 2416/5/2057 2849/6/2213
f 2819/4/2201 2849/5/2213 2416/6/2057
f 2877/4/2223 2849/5/2213 2851/6/148
f 2821/4/2203 2851/5/148 2849/6/2213
f 2878/4/2224 2852/5/137 2850/6/2214
f 2822/4/138 2850/5/2214 2852/6/137
f 2879/4/149 2851/5/148 2853/6/200
f 2823/4/199 2853/5/200 2851/6/148
f 2880/4/136 2854/5/187 2852/6/137
f 2824/4/188 2852/5/137 2854/6/187
f 2881/4/201 2853/5/200 2855/6/247
f 2825/4/246 2855/5/247 2853/6/200
f 2882/4/186 2856/5/232 2854/6/187
f 2826/4/233 2854/5/187 2856/6/232
f 2857/4/289 2883/5/248 2827/6/288
f 2855/4/247 2827/5/288 2883/6/248
f 2884/4/2225 2858/5/271 2856/6/232
f 2828/4/2204 2856/5/232 2858/6/271
f 2859/4/2215 2885/5/252 2829/6/2205
f 2857/4/289 2829/5/2205 2885/6/252
f 2886/4/227 2860/5/228 2858/6/271
f 2830/4/272 2858/5/271 2860/6/228
f 2831/4/270 2861/5/2216 2859/6/2215
f 2887/4/2226 2859/5/2215 2861/6/2216
f 2862/4/225 2832/5/2206 2888/6/2227
f 2860/4/228 2888/5/2227 2832/6/2206
f 2861/4/2216 2863/5/178 2887/6/2226
f 2889/4/163 2887/5/2226 2863/6/178
f 2864/4/126 2890/5/2228 2863/6/178
f 2889/4/163 2863/5/178 2890/6/2228
f 2891/4/59 2890/5/2228 2865/6/70
f 2864/4/126 2865/5/70 2890/6/2228
f 2892/4/2229 2891/5/59 2866/6/2217
f 2865/4/70 2866/5/2217 2891/6/59
f 2893/4/2230 2892/5/2229 2867/6/30
f 2866/4/2217 2867/5/30 2892/6/2229
f 2894/4/2231 2893/5/2230 2868/6/2218
f 2867/4/30 2868/5/2218 2893/6/2230
f 2869/4/2219 2895/5/2232 2868/6/2218
f 2894/4/2231 2868/5/2218 2895/6/2232
f 2870/4/2220 2896/5/2233 2869/6/2219
f 2895/4/2232 2869/5/2219 2896/6/2233
f 2871/4/15 2897/5/7 2870/6/2220
f 2896/4/2233 2870/5/2220 2897/6/7
f 2872/4/29 2898/5/17 2871/6/15
f 2897/4/7 2871/5/15 2898/6/17
f 2872/4/29 2873/5/47 2898/6/17
f 2899/4/31 2898/5/17 2873/6/47
f 2873/4/47 2874/5/69 2899/6/31
f 2900/4/2234 2899/5/31 2874/6/69
f 2874/4/69 2875/5/2221 2900/6/2234
f 2901/4/2235 2900/5/2234 2875/6/2221
f 2875/4/2221 2876/5/2222 2901/6/2235
f 2902/4/127 2901/5/2235 2876/6/2222
f 2876/4/2222 2862/5/225 2902/6/127
f 2888/4/2227 2902/5/127 2862/6/225
f 2419/4/2060 2878/5/2224 2421/6/2062
f 2850/4/2214 2421/5/2062 2878/6/2224
f 2412/4/2053 2414/5/2055 2877/6/2223
f 2849/4/2213 2877/5/2223 2414/6/2055
f 2903/4/2236 2877/5/2223 2879/6/149
f 2851/4/148 2879/5/149 2877/6/2223
f 2904/4/2237 2880/5/136 2878/6/2224
f 2852/4/137 2878/5/2224 2880/6/136
f 2905/4/150 2879/5/149 2881/6/201
f 2853/4/200 2881/5/201 2879/6/149
f 2906/4/135 2882/5/186 2880/6/136
f 2854/4/187 2880/5/136 2882/6/186
f 2883/4/248 2907/5/202 2855/6/247
f 2881/4/201 2855/5/247 2907/6/202
f 2908/4/185 2884/5/2225 2882/6/186
f 2856/4/232 2882/5/186 2884/6/2225
f 2885/4/252 2909/5/249 2857/6/289
f 2883/4/248 2857/5/289 2909/6/249
f 2910/4/230 2886/5/227 2884/6/2225
f 2858/4/271 2884/5/2225 2886/6/227
f 2887/4/2226 2911/5/2238 2859/6/2215
f 2885/4/252 2859/5/2215 2911/6/2238
f 2912/4/180 2888/5/2227 2886/6/227
f 2860/4/228 2886/5/227 2888/6/2227
f 2889/4/163 2913/5/164 2887/6/2226
f 2911/4/2238 2887/5/2226 2913/6/164
f 2890/4/2228 2914/5/114 2889/6/163
f 2913/4/164 2889/5/163 2914/6/114
f 2891/4/59 2915/5/60 2890/6/2228
f 2914/4/114 2890/5/2228 2915/6/60
f 2892/4/2229 2916/5/40 2891/6/59
f 2915/4/60 2891/5/59 2916/6/40
f 2893/4/2230 2917/5/24 2892/6/2229
f 2916/4/40 2892/5/2229 2917/6/24
f 2894/4/2231 2918/5/11 2893/6/2230
f 2917/4/24 2893/5/2230 2918/6/11
f 2894/4/2231 2895/5/2232 2918/6/11
f 2919/4/2 2918/5/11 2895/6/2232
f 2895/4/2232 2896/5/2233 2919/6/2
f 2920/4/4 2919/5/2 2896/6/2233
f 2896/4/2233 2897/5/7 2920/6/4
f 2921/4/8 2920/5/4 2897/6/7
f 2897/4/7 2898/5/17 2921/6/8
f 2922/4/18 2921/5/8 2898/6/17
f 2898/4/17 2899/5/31 2922/6/18
f 2923/4/32 2922/5/18 2899/6/31
f 2899/4/31 2900/5/2234 2923/6/32
f 2924/4/50 2923/5/32 2900/6/2234
f 2900/4/2234 2901/5/2235 2924/6/50
f 2925/4/2239 2924/5/50 2901/6/2235
f 2901/4/2235 2902/5/127 2925/6/2239
f 2926/4/128 2925/5/2239 2902/6/127
f 2926/4/128 2902/5/127 2912/6/180
f 2888/4/2227 2912/5/180 2902/6/127
f 2417/4/2058 2904/5/2237 2419/6/2060
f 2878/4/2224 2419/5/2060 2904/6/2237
f 2410/4/2051 2412/5/2053 2903/6/2236
f 2877/4/2223 2903/5/2236 2412/6/2053
f 2927/4/2240 2903/5/2236 2905/6/150
f 2879/4/149 2905/5/150 2903/6/2236
f 2928/4/2241 2906/5/135 2904/6/2237
f 2880/4/136 2904/5/2237 2906/6/135
f 2907/4/202 2929/5/151 2881/6/201
f 2905/4/150 2881/5/201 2929/6/151
f 2930/4/134 2908/5/185 2906/6/135
f 2882/4/186 2906/5/135 2908/6/185
f 2909/4/249 2931/5/203 2883/6/248
f 2907/4/202 2883/5/248 2931/6/203
f 2932/4/184 2910/5/230 2908/6/185
f 2884/4/2225 2908/5/185 2910/6/230
f 2911/4/2238 2933/5/250 2885/6/252
f 2909/4/249 2885/5/252 2933/6/250
f 2934/4/229 2912/5/180 2910/6/230
f 2886/4/227 2910/5/230 2912/6/180
f 2913/4/164 2935/5/2242 2911/6/2238
f 2933/4/250 2911/5/2238 2935/6/2242
f 2914/4/114 2936/5/162 2913/6/164
f 2935/4/2242 2913/5/164 2936/6/162
f 2915/4/60 2937/5/112 2914/6/114
f 2936/4/162 2914/5/114 2937/6/112
f 2916/4/40 2938/5/2243 2915/6/60
f 2937/4/112 2915/5/60 2938/6/2243
f 2917/4/24 2939/5/38 2916/6/40
f 2938/4/2243 2916/5/40 2939/6/38
f 2918/4/11 2940/5/22 2917/6/24
f 2939/4/38 2917/5/24 2940/6/22
f 2918/4/11 2919/5/2 2940/6/22
f 2941/4/9 2940/5/22 2919/6/2
f 2919/4/2 2920/5/4 2941/6/9
f 2942/4/10 2941/5/9 2920/6/4
f 2920/4/4 2921/5/8 2942/6/10
f 2943/4/19 2942/5/10 2921/6/8
f 2921/4/8 2922/5/18 2943/6/19
f 2944/4/33 2943/5/19 2922/6/18
f 2922/4/18 2923/5/32 2944/6/33
f 2945/4/51 2944/5/33 2923/6/32
f 2923/4/32 2924/5/50 2945/6/51
f 2946/4/2244 2945/5/51 2924/6/50
f 2924/4/50 2925/5/2239 2946/6/2244
f 2947/4/2245 2946/5/2244 2925/6/2239
f 2925/4/2239 2926/5/128 2947/6/2245
f 2948/4/181 2947/5/2245 2926/6/128
f 2948/4/181 2926/5/128 2934/6/229
f 2912/4/180 2934/5/229 2926/6/128
f 2415/4/2056 2928/5/2241 2417/6/2058
f 2904/4/2237 2417/5/2058 2928/6/2241
f 2408/4/2049 2410/5/2051 2927/6/2240
f 2903/4/2236 2927/5/2240 2410/6/2051
f 2929/4/151 2949/5/2246 2905/6/150
f 2927/4/2240 2905/5/150 2949/6/2246
f 2950/4/2247 2930/5/134 2928/6/2241
f 2906/4/135 2928/5/2241 2930/6/134
f 2931/4/203 2951/5/152 2907/6/202
f 2929/4/151 2907/5/202 2951/6/152
f 2952/4/133 2932/5/184 2930/6/134
f 2908/4/185 2930/5/134 2932/6/184
f 2933/4/250 2953/5/204 2909/6/249
f 2931/4/203 2909/5/249 2953/6/204
f 2954/4/183 2934/5/229 2932/6/184
f 2910/4/230 2932/5/184 2934/6/229
f 2935/4/2242 2955/5/205 2933/6/250
f 2953/4/204 2933/5/250 2955/6/205
f 2936/4/162 2956/5/206 2935/6/2242
f 2955/4/205 2935/5/2242 2956/6/206
f 2937/4/112 2957/5/161 2936/6/162
f 2956/4/206 2936/5/162 2957/6/161
f 2938/4/2243 2958/5/111 2937/6/112
f 2957/4/161 2937/5/112 2958/6/111
f 2939/4/38 2959/5/57 2938/6/2243
f 2958/4/111 2938/5/2243 2959/6/57
f 2940/4/22 2960/5/37 2939/6/38
f 2959/4/57 2939/5/38 2960/6/37
f 2940/4/22 2941/5/9 2960/6/37
f 2961/4/20 2960/5/37 2941/6/9
f 2941/4/9 2942/5/10 2961/6/20
f 2962/4/21 2961/5/20 2942/6/10
f 2942/4/10 2943/5/19 2962/6/21
f 2963/4/34 2962/5/21 2943/6/19
f 2943/4/19 2944/5/33 2963/6/34
f 2964/4/2248 2963/5/34 2944/6/33
f 2944/4/33 2945/5/51 2964/6/2248
f 2965/4/74 2964/5/2248 2945/6/51
f 2945/4/51 2946/5/2244 2965/6/74
f 2966/4/2249 2965/5/74 2946/6/2244
f 2946/4/2244 2947/5/2245 2966/6/2249
f 2967/4/182 2966/5/2249 2947/6/2245
f 2947/4/2245 2948/5/181 2967/6/182
f 2968/4/207 2967/5/182 2948/6/181
f 2968/4/207 2948/5/181 2954/6/183
f 2934/4/229 2954/5/183 2948/6/181
f 2413/4/2054 2950/5/2247 2415/6/2056
f 2928/4/2241 2415/5/2056 2950/6/2247
f 2949/4/2246 2406/5/2047 2927/6/2240
f 2408/4/2049 2927/5/2240 2406/6/2047
f 2951/4/152 2969/5/2250 2929/6/151
f 2949/4/2246 2929/5/151 2969/6/2250
f 2970/4/2251 2952/5/133 2950/6/2247
f 2930/4/134 2950/5/2247 2952/6/133
f 2953/4/204 2971/5/153 2931/6/203
f 2951/4/152 2931/5/203 2971/6/153
f 2972/4/132 2954/5/183 2952/6/133
f 2932/4/184 2952/5/133 2954/6/183
f 2955/4/205 2973/5/154 2953/6/204
f 2971/4/153 2953/5/204 2973/6/154
f 2956/4/206 2974/5/155 2955/6/205
f 2973/4/154 2955/5/205 2974/6/155
f 2957/4/161 2975/5/156 2956/6/206
f 2974/4/155 2956/5/206 2975/6/156
f 2958/4/111 2976/5/157 2957/6/161
f 2975/4/156 2957/5/161 2976/6/157
f 2959/4/57 2977/5/110 2958/6/111
f 2976/4/157 2958/5/111 2977/6/110
f 2960/4/37 2978/5/56 2959/6/57
f 2977/4/110 2959/5/57 2978/6/56
f 2960/4/37 2961/5/20 2978/6/56
f 2979/4/35 2978/5/56 2961/6/20
f 2961/4/20 2962/5/21 2979/6/35
f 2980/4/36 2979/5/35 2962/6/21
f 2962/4/21 2963/5/34 2980/6/36
f 2981/4/53 2980/5/36 2963/6/34
f 2963/4/34 2964/5/2248 2981/6/53
f 2982/4/75 2981/5/53 2964/6/2248
f 2964/4/2248 2965/5/74 2982/6/75
f 2983/4/131 2982/5/75 2965/6/74
f 2965/4/74 2966/5/2249 2983/6/131
f 2984/4/158 2983/5/131 2966/6/2249
f 2966/4/2249 2967/5/182 2984/6/158
f 2985/4/159 2984/5/158 2967/6/182
f 2967/4/182 2968/5/207 2985/6/159
f 2986/4/160 2985/5/159 2968/6/207
f 2986/4/160 2968/5/207 2972/6/132
f 2954/4/183 2972/5/132 2968/6/207
f 2411/4/2052 2970/5/2251 2413/6/2054
f 2950/4/2247 2413/5/2054 2970/6/2251
f 2969/4/2250 2404/5/2045 2949/6/2246
f 2406/4/2047 2949/5/2246 2404/6/2045
f 2971/4/153 2987/5/2252 2951/6/152
f 2969/4/2250 2951/5/152 2987/6/2252
f 2988/4/2253 2972/5/132 2970/6/2251
f 2952/4/133 2970/5/2251 2972/6/132
f 2973/4/154 2989/5/2254 2971/6/153
f 2987/4/2252 2971/5/153 2989/6/2254
f 2974/4/155 2990/5/2255 2973/6/154
f 2989/4/2254 2973/5/154 2990/6/2255
f 2975/4/156 2991/5/2256 2974/6/155
f 2990/4/2255 2974/5/155 2991/6/2256
f 2976/4/157 2992/5/2257 2975/6/156
f 2991/4/2256 2975/5/156 2992/6/2257
f 2977/4/110 2993/5/2258 2976/6/157
f 2992/4/2257 2976/5/157 2993/6/2258
f 2978/4/56 2994/5/2259 2977/6/110
f 2993/4/2258 2977/5/110 2994/6/2259
f 2978/4/56 2979/5/35 2994/6/2259
f 2995/4/2260 2994/5/2259 2979/6/35
f 2979/4/35 2980/5/36 2995/6/2260
f 2996/4/2261 2995/5/2260 2980/6/36
f 2980/4/36 2981/5/53 2996/6/2261
f 2997/4/2262 2996/5/2261 2981/6/53
f 2981/4/53 2982/5/75 2997/6/2262
f 2998/4/2263 2997/5/2262 2982/6/75
f 2982/4/75 2983/5/131 2998/6/2263
f 2999/4/2264 2998/5/2263 2983/6/131
f 2983/4/131 2984/5/158 2999/6/2264
f 3000/4/2265 2999/5/2264 2984/6/158
f 2984/4/158 2985/5/159 3000/6/2265
f 3001/4/2266 3000/5/2265 2985/6/159
f 2985/4/159 2986/5/160 3001/6/2266
f 3002/4/2267 3001/5/2266 2986/6/160
f 3002/4/2267 2986/5/160 2988/6/2253
f 2972/4/132 2988/5/2253 2986/6/160
f 2409/4/2050 2988/5/2253 2411/6/2052
f 2970/4/2251 2411/5/2052 2988/6/2253
f 2987/4/2252 2402/5/2043 2969/6/2250
f 2404/4/2045 2969/5/2250 2402/6/2043
f 2989/4/2254 2400/5/2041 2987/6/2252
f 2402/4/2043 2987/5/2252 2400/6/2041
f 2990/4/2255 2398/5/2039 2989/6/2254
f 2400/4/2041 2989/5/2254 2398/6/2039
f 2991/4/2256 2396/5/2037 2990/6/2255
f 2398/4/2039 2990/5/2255 2396/6/2037
f 2992/4/2257 2394/5/2035 2991/6/2256
f 2396/4/2037 2991/5/2256 2394/6/2035
f 2993/4/2258 2393/5/2034 2992/6/2257
f 2394/4/2035 2992/5/2257 2393/6/2034
f 2994/4/2259 2391/5/2032 2993/6/2258
f 2393/4/2034 2993/5/2258 2391/6/2032
f 2994/4/2259 2995/5/2260 2391/6/2032
f 2392/4/2033 2391/5/2032 2995/6/2260
f 2995/4/2260 2996/5/2261 2392/6/2033
f 2395/4/2036 2392/5/2033 2996/6/2261
f 2996/4/2261 2997/5/2262 2395/6/2036
f 2397/4/2038 2395/5/2036 2997/6/2262
f 2997/4/2262 2998/5/2263 2397/6/2038
f 2399/4/2040 2397/5/2038 2998/6/2263
f 2998/4/2263 2999/5/2264 2399/6/2040
f 2401/4/2042 2399/5/2040 2999/6/2264
f 2999/4/2264 3000/5/2265 2401/6/2042
f 2403/4/2044 2401/5/2042 3000/6/2265
f 3000/4/2265 3001/5/2266 2403/6/2044
f 2405/4/2046 2403/5/2044 3001/6/2266
f 3001/4/2266 3002/5/2267 2405/6/2046
f 2407/4/2048 2405/5/2046 3002/6/2267
f 2407/4/2048 3002/5/2267 2409/6/2050
f 2988/4/2253 2409/5/2050 3002/6/2267
f 3003/7/2268 3004/8/2269 3005/9/2270
f 3004/7/2269 3003/8/2268 3006/9/2271
f 3006/7/2271 3007/8/2272 3004/9/2269
f 3003/7/2268 3005/8/2270 3008/9/2273
f 3004/7/2269 3007/8/2272 3009/9/2274
f 3003/7/2268 3008/8/2273 3010/9/2275
f 3009/7/2274 3011/8/2276 3012/9/2277
f 3011/7/2276 3009/8/2274 3007/9/2272
f 3013/7/2278 3010/8/2275 3008/9/2273
f 3011/7/2276 3014/8/2279 3012/9/2277
f 3015/7/2280 3010/8/2275 3013/9/2278
f 3012/7/2277 3014/8/2279 3016/9/2281
f 3017/7/2282 3015/8/2280 3013/9/2278
f 3015/7/2280 3017/8/2282 3018/9/2283
f 3014/7/2279 3019/8/2284 3016/9/2281
f 3019/7/2284 3020/8/2285 3016/9/2281
f 3020/7/2285 3021/8/2286 3022/9/2287
f 3021/7/2286 3020/8/2285 3019/9/2284
f 3023/7/2288 3024/8/2289 3025/9/2290
f 3024/7/2289 3026/8/2291 3025/9/2290
f 3027/7/2292 3028/8/2293 3029/9/2293
f 3029/7/2293 3030/8/2294 3031/9/2294
f 3030/7/2294 3029/8/2293 3028/9/2293
f 3031/7/2294 3032/8/2295 3033/9/2295
f 3032/7/2295 3031/8/2294 3030/9/2294
f 3033/7/2295 3034/8/2296 3035/9/2297
f 3034/7/2296 3033/8/2295 3032/9/2295
f 3035/7/2297 3036/8/2298 3037/9/2299
f 3036/7/2298 3035/8/2297 3034/9/2296
f 3038/7/2300 3039/8/2301 3037/9/2299
f 3040/7/2302 3017/8/2282 3041/9/2303
f 3017/7/2282 3040/8/2302 3018/9/2283
f 3022/7/2287 3042/8/2304 3043/9/2305
f 3021/7/2286 3042/8/2304 3022/9/2287
f 3024/7/2289 3044/8/2306 3026/9/2291
f 3045/7/2307 3046/8/2292 3027/9/2292
f 3046/7/2292 3028/8/2293 3027/9/2292
f 3036/7/2298 3038/8/2300 3037/9/2299
f 3038/7/2300 3047/8/2308 3039/9/2301
f 3040/7/2302 3041/8/2303 3048/9/2309
f 3042/7/2304 3049/8/2310 3043/9/2305
f 3050/7/2311 3051/8/2312 3052/9/2312
f 3051/7/2312 3050/8/2311 3053/9/2311
f 3052/7/2312 3054/8/2313 3055/9/2314
f 3054/7/2313 3052/8/2312 3051/9/2312
f 3056/7/2315 3057/8/2316 3055/9/2314
f 3049/7/2310 3058/8/2317 3043/9/2305
f 3058/7/2317 3053/8/2311 3050/9/2311
f 3053/7/2311 3058/8/2317 3049/9/2310
f 3044/7/2306 3059/8/2318 3026/9/2291
f 3059/7/2318 3060/8/2319 3061/9/2319
f 3060/7/2319 3059/8/2318 3044/9/2306
f 3061/7/2319 3062/8/2320 3063/9/2320
f 3062/7/2320 3061/8/2319 3060/9/2319
f 3063/7/2320 3064/8/2321 3065/9/2321
f 3064/7/2321 3063/8/2320 3062/9/2320
f 3065/7/2321 3066/8/2322 3067/9/2323
f 3066/7/2322 3065/8/2321 3064/9/2321
f 3068/7/2324 3069/8/2325 3067/9/2323
f 3070/7/2326 3071/8/2327 3069/9/2325
f 3072/7/2328 3073/8/2329 3071/9/2327
f 3073/7/2329 3074/8/2330 3075/9/2330
f 3074/7/2330 3073/8/2329 3072/9/2328
f 3075/7/2330 3076/8/2331 3077/9/2331
f 3076/7/2331 3075/8/2330 3074/9/2330
f 3077/7/2331 3078/8/2332 3079/9/2332
f 3078/7/2332 3077/8/2331 3076/9/2331
f 3079/7/2332 3080/8/2333 3081/9/2334
f 3080/7/2333 3079/8/2332 3078/9/2332
f 3082/7/2335 3083/8/2336 3081/9/2334
f 3084/7/2337 3085/8/2338 3083/9/2336
f 3086/7/2339 3087/8/2340 3088/9/2341
f 3089/7/2342 3090/8/2343 3087/9/2340
f 3091/7/2344 3092/8/2345 3045/9/2307
f 3092/7/2345 3091/8/2344 3093/9/2344
f 3092/7/2345 3046/8/2292 3045/9/2307
f 3039/7/2301 3047/8/2308 3094/9/2346
f 3095/7/2347 3040/8/2302 3048/9/2309
f 3056/7/2315 3055/8/2314 3054/9/2313
f 3056/7/2315 3096/8/2348 3057/9/2316
f 3066/7/2322 3068/8/2324 3067/9/2323
f 3068/7/2324 3070/8/2326 3069/9/2325
f 3070/7/2326 3072/8/2328 3071/9/2327
f 3082/7/2335 3081/8/2334 3080/9/2333
f 3084/7/2337 3083/8/2336 3082/9/2335
f 3084/7/2337 3097/8/2349 3085/9/2338
f 3097/7/2349 3084/8/2337 3098/9/2350
f 3095/7/2347 3048/8/2309 3099/9/2351
f 3094/7/2346 3100/8/2352 3088/9/2341
f 3100/7/2352 3094/8/2346 3047/9/2308
f 3086/7/2339 3089/8/2342 3087/9/2340
f 3100/7/2352 3086/8/2339 3088/9/2341
f 3090/7/2343 3101/8/2353 3099/9/2351
f 3101/7/2353 3090/8/2343 3089/9/2342
f 3102/7/2354 3093/8/2344 3091/9/2344
f 3093/7/2344 3102/8/2354 3103/9/2354
f 3098/7/2350 3104/8/2355 3097/9/2349
f 3104/7/2355 3105/8/2356 3097/9/2349
f 3101/7/2353 3095/8/2347 3099/9/2351
f 3106/7/2357 3103/8/2354 3102/9/2354
f 3103/7/2354 3106/8/2357 3107/9/2357
f 3104/7/2355 3108/8/2358 3105/9/2356
f 3105/7/2356 3108/8/2358 3109/9/2359
f 3110/7/2360 3107/8/2357 3106/9/2357
f 3107/7/2357 3110/8/2360 3111/9/2360
f 3109/7/2359 3111/8/2360 3110/9/2360
f 3111/7/2360 3109/8/2359 3108/9/2358
f 3112/7/2361 3113/8/2362 3114/9/2363
f 3112/7/2361 3115/8/2364 3113/9/2362
f 3114/7/2363 3113/8/2362 3116/9/2365
f 3117/7/2366 3112/8/2361 3118/9/2367
f 3119/7/2368 3115/8/2364 3112/9/2361
f 3113/7/2362 3115/8/2364 3120/9/2369
f 3116/7/2365 3113/8/2362 3121/9/2370
f 3119/7/2368 3112/8/2361 3117/9/2366
f 3122/7/2371 3115/8/2364 3119/9/2368
f 3120/7/2369 3115/8/2364 3123/9/2372
f 3113/7/2362 3120/8/2369 3124/9/2373
f 3116/7/2365 3121/8/2370 3125/9/2374
f 3121/7/2370 3113/8/2362 3126/9/2375
f 3127/7/2376 3122/8/2371 3119/9/2368
f 3122/7/2371 3127/8/2376 3128/9/2377
f 3115/7/2364 3122/8/2371 3123/9/2372
f 3124/7/2373 3120/8/2369 3129/9/2378
f 3126/7/2375 3113/8/2362 3124/9/2373
f 3125/7/2374 3121/8/2370 3130/9/2379
f 3131/7/2380 3121/8/2370 3126/9/2375
f 3121/7/2370 3131/8/2380 3132/9/2381
f 3132/7/2381 3131/8/2380 3133/9/2382
f 3133/7/2382 3131/8/2380 3134/9/2383
f 3134/7/2383 3131/8/2380 3135/9/2383
f 3135/7/2383 3131/8/2380 3136/9/2384
f 3136/7/2384 3131/8/2380 3137/9/2384
f 3122/7/2371 3128/8/2377 3138/9/2385
f 3123/7/2372 3122/8/2371 3139/9/2386
f 3124/7/2373 3129/8/2378 3140/9/2387
f 3126/7/2375 3124/8/2373 3141/9/2388
f 3130/7/2379 3121/8/2370 3142/9/2389
f 3143/7/2390 3121/8/2370 3132/9/2381
f 3144/7/2391 3131/8/2380 3126/9/2375
f 3145/7/2392 3122/8/2371 3138/9/2385
f 3122/7/2371 3145/8/2392 3146/9/2392
f 3122/7/2371 3146/8/2392 3147/9/2393
f 3122/7/2371 3147/8/2393 3148/9/2393
f 3122/7/2371 3148/8/2393 3149/9/2394
f 3150/7/2395 3122/8/2371 3151/9/2396
f 3122/7/2371 3150/8/2395 3139/9/2386
f 3139/7/2386 3150/8/2395 3152/9/2395
f 3139/7/2386 3152/8/2395 3153/9/2395
f 3139/7/2386 3153/8/2395 3154/9/2395
f 3139/7/2386 3154/8/2395 3155/9/2395
f 3139/7/2386 3155/8/2395 3156/9/2397
f 3157/7/2398 3140/8/2387 3129/9/2378
f 3140/7/2387 3157/8/2398 3158/9/2399
f 3140/7/2387 3158/8/2399 3159/9/2400
f 3140/7/2387 3159/8/2400 3160/9/2398
f 3140/7/2387 3160/8/2398 3161/9/2400
f 3162/7/2401 3124/8/2373 3140/9/2387
f 3162/7/2401 3141/8/2388 3124/9/2373
f 3141/7/2388 3162/8/2401 3163/9/2402
f 3141/7/2388 3163/8/2402 3164/9/2403
f 3141/7/2388 3164/8/2403 3165/9/2404
f 3141/7/2388 3165/8/2404 3166/9/2403
f 3141/7/2388 3166/8/2403 3167/9/2405
f 3168/7/2406 3126/8/2375 3141/9/2388
f 3142/7/2389 3121/8/2370 3169/9/2407
f 3143/7/2390 3132/8/2381 3170/9/2408
f 3171/7/2409 3121/8/2370 3143/9/2390
f 3144/7/2391 3126/8/2375 3172/9/2410
f 3122/7/2371 3149/8/2394 3173/9/2411
f 3151/7/2396 3122/8/2371 3174/9/2412
f 3175/7/2413 3126/8/2375 3168/9/2406
f 3169/7/2407 3121/8/2370 3176/9/2414
f 3170/7/2408 3132/8/2381 3177/9/2415
f 3176/7/2414 3121/8/2370 3171/9/2409
f 3172/7/2410 3126/8/2375 3178/9/2416
f 3179/7/2417 3122/8/2371 3173/9/2411
f 3122/7/2371 3179/8/2417 3180/9/2418
f 3122/7/2371 3180/8/2418 3181/9/2419
f 3151/7/2396 3174/8/2412 3182/9/2420
f 3174/7/2412 3122/8/2371 3183/9/2421
f 3184/7/2422 3126/8/2375 3175/9/2413
f 3178/7/2416 3126/8/2375 3185/9/2423
f 3183/7/2421 3122/8/2371 3181/9/2419
f 3186/7/2424 3126/8/2375 3184/9/2422
f 3185/7/2423 3126/8/2375 3187/9/2425
f 3187/7/2425 3126/8/2375 3186/9/2424
f 3188/10/2426 3189/11/2427 3190/12/2428
f 3191/10/2429 3188/11/2426 3190/12/2428
f 3191/10/2429 3190/11/2428 3192/12/2430
f 3193/10/2431 3194/11/2432 3195/12/2431
f 3196/10/2433 3195/11/2431 3194/12/2432
f 3197/10/2434 3193/11/2431 3198/12/2434
f 3195/10/2431 3198/11/2434 3193/12/2431
f 3197/10/2434 3198/11/2434 3199/12/2435
f 3200/10/2435 3199/11/2435 3198/12/2434
f 3199/10/2435 3200/11/2435 3201/12/2436
f 3202/10/2436 3201/11/2436 3200/12/2435
f 3201/10/2436 3202/11/2436 3203/12/2437
f 3204/10/2438 3203/11/2437 3202/12/2436
f 3191/10/2429 3192/11/2430 3204/12/2438
f 3205/10/2439 3196/11/2433 3194/12/2432
f 3204/10/2438 3192/11/2430 3203/12/2437
f 3206/10/2440 3205/11/2439 3194/12/2432
f 3207/10/2441 3208/11/2441 3209/12/2442
f 3210/10/2442 3209/11/2442 3208/12/2441
f 3209/10/2442 3210/11/2442 3211/12/2443
f 3212/10/2444 3211/11/2443 3210/12/2442
f 3213/10/2445 3214/11/2446 3212/12/2444
f 3215/10/2447 3216/11/2448 3217/12/2449
f 3205/10/2439 3206/11/2440 3216/12/2448
f 3218/10/2450 3215/11/2447 3219/12/2451
f 3212/10/2444 3214/11/2446 3211/12/2443
f 3214/10/2446 3213/11/2445 3220/12/2452
f 3213/10/2445 3218/11/2450 3220/12/2452
f 3216/10/2448 3206/11/2440 3217/12/2449
f 3219/10/2451 3215/11/2447 3217/12/2449
f 3220/10/2452 3218/11/2450 3219/12/2451
f 3221/7/2453 3222/8/2454 3223/9/2455
f 3224/7/2456 3223/8/2455 3222/9/2454
f 3223/7/2455 3225/8/2457 3221/9/2453
f 3226/7/2458 3224/8/2456 3222/9/2454
f 3227/7/2459 3225/8/2457 3223/9/2455
f 3228/7/2460 3226/8/2458 3222/9/2454
f 3225/7/2457 3227/8/2459 3229/9/2461
f 3230/7/2462 3229/8/2461 3227/9/2459
f 3226/7/2458 3228/8/2460 3231/9/2463
f 3230/7/2462 3232/8/2464 3229/9/2461
f 3231/7/2463 3228/8/2460 3233/9/2465
f 3234/7/2466 3232/8/2464 3230/9/2462
f 3235/7/2467 3236/8/2468 3233/9/2465
f 3231/7/2463 3233/8/2465 3236/9/2468
f 3234/7/2466 3237/8/2469 3232/9/2464
f 3234/7/2466 3238/8/2470 3237/9/2469
f 3237/7/2469 3238/8/2470 3239/9/2471
f 3240/7/2472 3239/8/2471 3238/9/2470
f 3241/7/2473 3242/8/2474 3243/9/2475
f 3241/7/2473 3244/8/2476 3242/9/2474
f 3245/7/2477 3246/8/2477 3247/9/2478
f 3246/7/2477 3245/8/2477 3248/9/2479
f 3249/7/2479 3248/8/2479 3245/9/2477
f 3248/7/2479 3249/8/2479 3250/9/2480
f 3251/7/2480 3250/8/2480 3249/9/2479
f 3250/7/2480 3251/8/2480 3252/9/2481
f 3253/7/2482 3252/8/2481 3251/9/2480
f 3252/7/2481 3253/8/2482 3254/9/2483
f 3255/7/2484 3254/8/2483 3253/9/2482
f 3255/7/2484 3256/8/2485 3257/9/2486
f 3235/7/2467 3258/8/2487 3236/9/2468
f 3259/7/2488 3236/8/2468 3258/9/2487
f 3260/7/2489 3261/8/2490 3240/9/2472
f 3240/7/2472 3261/8/2490 3239/9/2471
f 3244/7/2476 3262/8/2491 3242/9/2474
f 3247/7/2478 3263/8/2478 3264/9/2492
f 3247/7/2478 3246/8/2477 3263/9/2478
f 3255/7/2484 3257/8/2486 3254/9/2483
f 3256/7/2485 3265/8/2493 3257/9/2486
f 3266/7/2494 3259/8/2488 3258/9/2487
f 3260/7/2489 3267/8/2495 3261/9/2490
f 3268/7/2496 3269/8/2496 3270/9/2497
f 3271/7/2497 3270/8/2497 3269/9/2496
f 3270/7/2497 3271/8/2497 3272/9/2498
f 3273/7/2499 3272/8/2498 3271/9/2497
f 3273/7/2499 3274/8/2500 3275/9/2501
f 3260/7/2489 3276/8/2502 3267/9/2495
f 3267/7/2495 3276/8/2502 3268/9/2496
f 3269/7/2496 3268/8/2496 3276/9/2502
f 3244/7/2476 3277/8/2503 3262/9/2491
f 3262/7/2491 3277/8/2503 3278/9/2504
f 3279/7/2504 3278/8/2504 3277/9/2503
f 3278/7/2504 3279/8/2504 3280/9/2505
f 3281/7/2505 3280/8/2505 3279/9/2504
f 3280/7/2505 3281/8/2505 3282/9/2506
f 3283/7/2507 3282/8/2506 3281/9/2505
f 3282/7/2506 3283/8/2507 3284/9/2508
f 3285/7/2509 3284/8/2508 3283/9/2507
f 3285/7/2509 3286/8/2510 3287/9/2511
f 3286/7/2510 3288/8/2512 3289/9/2513
f 3288/7/2512 3290/8/2514 3291/9/2515
f 3291/7/2515 3290/8/2514 3292/9/2516
f 3293/7/2517 3292/8/2516 3290/9/2514
f 3292/7/2516 3293/8/2517 3294/9/2518
f 3295/7/2518 3294/8/2518 3293/9/2517
f 3294/7/2518 3295/8/2518 3296/9/2519
f 3297/7/2519 3296/8/2519 3295/9/2518
f 3296/7/2519 3297/8/2519 3298/9/2520
f 3299/7/2521 3298/8/2520 3297/9/2519
f 3299/7/2521 3300/8/2522 3301/9/2523
f 3300/7/2522 3302/8/2524 3303/9/2525
f 3304/7/2526 3305/8/2527 3306/9/2528
f 3305/7/2527 3307/8/2529 3308/9/2530
f 3309/7/2531 3310/8/2531 3311/9/2532
f 3264/7/2492 3311/8/2532 3310/9/2531
f 3264/7/2492 3263/8/2478 3311/9/2532
f 3312/7/2533 3265/8/2493 3256/9/2485
f 3266/7/2494 3258/8/2487 3313/9/2534
f 3272/7/2498 3273/8/2499 3275/9/2501
f 3274/7/2500 3314/8/2535 3275/9/2501
f 3285/7/2509 3287/8/2511 3284/9/2508
f 3286/7/2510 3289/8/2513 3287/9/2511
f 3288/7/2512 3291/8/2515 3289/9/2513
f 3298/7/2520 3299/8/2521 3301/9/2523
f 3301/7/2523 3300/8/2522 3303/9/2525
f 3315/7/2536 3303/8/2525 3316/9/2537
f 3302/7/2524 3316/8/2537 3303/9/2525
f 3317/7/2538 3266/8/2494 3313/9/2534
f 3265/7/2493 3312/8/2533 3318/9/2539
f 3304/7/2526 3318/8/2539 3312/9/2533
f 3305/7/2527 3308/8/2530 3306/9/2528
f 3304/7/2526 3306/8/2528 3318/9/2539
f 3308/7/2530 3307/8/2529 3319/9/2540
f 3317/7/2538 3319/8/2540 3307/9/2529
f 3320/7/2541 3321/8/2541 3309/9/2531
f 3310/7/2531 3309/8/2531 3321/9/2541
f 3316/7/2537 3322/8/2542 3315/9/2536
f 3316/7/2537 3323/8/2543 3322/9/2542
f 3317/7/2538 3313/8/2534 3319/9/2540
f 3324/7/2544 3325/8/2544 3320/9/2541
f 3321/7/2541 3320/8/2541 3325/9/2544
f 3323/7/2543 3326/8/2545 3322/9/2542
f 3327/7/2546 3326/8/2545 3323/9/2543
f 3328/7/2547 3329/8/2547 3324/9/2544
f 3325/7/2544 3324/8/2544 3329/9/2547
f 3326/7/2545 3327/8/2546 3328/9/2547
f 3329/7/2547 3328/8/2547 3327/9/2546
f 3330/7/2548 3331/8/2549 3332/9/2550
f 3331/7/2549 3333/8/2551 3332/9/2550
f 3334/7/2552 3331/8/2549 3330/9/2548
f 3335/7/2553 3332/8/2550 3336/9/2554
f 3332/7/2550 3333/8/2551 3337/9/2555
f 3338/7/2556 3333/8/2551 3331/9/2549
f 3339/7/2557 3331/8/2549 3334/9/2552
f 3336/7/2554 3332/8/2550 3337/9/2555
f 3337/7/2555 3333/8/2551 3340/9/2558
f 3341/7/2559 3333/8/2551 3338/9/2556
f 3342/7/2560 3338/8/2556 3331/9/2549
f 3343/7/2561 3339/8/2557 3334/9/2552
f 3344/7/2562 3331/8/2549 3339/9/2557
f 3345/7/2563 3346/8/2564 3340/9/2558
f 3337/7/2555 3340/8/2558 3346/9/2564
f 3341/7/2559 3340/8/2558 3333/9/2551
f 3347/7/2565 3338/8/2556 3342/9/2560
f 3342/7/2560 3331/8/2549 3344/9/2562
f 3348/7/2566 3339/8/2557 3343/9/2561
f 3349/7/2567 3350/8/2568 3351/9/2569
f 3351/7/2569 3350/8/2568 3352/9/2570
f 3352/7/2570 3350/8/2568 3353/9/2570
f 3353/7/2570 3350/8/2568 3354/9/2571
f 3354/7/2571 3350/8/2568 3355/9/2572
f 3355/7/2572 3350/8/2568 3339/9/2557
f 3344/7/2562 3339/8/2557 3350/9/2568
f 3356/7/2573 3345/8/2563 3340/9/2558
f 3357/7/2574 3340/8/2558 3341/9/2559
f 3358/7/2575 3347/8/2565 3342/9/2560
f 3359/7/2576 3342/8/2560 3344/9/2562
f 3360/7/2577 3339/8/2557 3348/9/2566
f 3355/7/2572 3339/8/2557 3361/9/2578
f 3344/7/2562 3350/8/2568 3362/9/2579
f 3363/7/2580 3364/8/2581 3340/9/2558
f 3364/7/2581 3365/8/2581 3340/9/2558
f 3365/7/2581 3366/8/2582 3340/9/2558
f 3366/7/2582 3367/8/2582 3340/9/2558
f 3356/7/2573 3340/8/2558 3367/9/2582
f 3368/7/2583 3369/8/2583 3357/9/2574
f 3369/7/2583 3370/8/2583 3357/9/2574
f 3370/7/2583 3371/8/2583 3357/9/2574
f 3371/7/2583 3372/8/2583 3357/9/2574
f 3372/7/2583 3373/8/2583 3357/9/2574
f 3357/7/2574 3373/8/2583 3340/9/2558
f 3374/7/2584 3340/8/2558 3373/9/2583
f 3375/7/2585 3376/8/2585 3358/9/2575
f 3376/7/2585 3377/8/2586 3358/9/2575
f 3377/7/2586 3378/8/2587 3358/9/2575
f 3378/7/2587 3379/8/2586 3358/9/2575
f 3347/7/2565 3358/8/2575 3379/9/2586
f 3358/7/2575 3342/8/2560 3380/9/2588
f 3381/7/2589 3382/8/2590 3359/9/2576
f 3382/7/2590 3383/8/2590 3359/9/2576
f 3383/7/2590 3384/8/2590 3359/9/2576
f 3384/7/2590 3385/8/2591 3359/9/2576
f 3385/7/2591 3380/8/2588 3359/9/2576
f 3342/7/2560 3359/8/2576 3380/9/2588
f 3359/7/2576 3344/8/2562 3386/9/2592
f 3387/7/2593 3339/8/2557 3360/9/2577
f 3388/7/2594 3355/8/2572 3361/9/2578
f 3361/7/2578 3339/8/2557 3389/9/2595
f 3390/7/2596 3344/8/2562 3362/9/2579
f 3391/7/2597 3363/8/2580 3340/9/2558
f 3392/7/2598 3340/8/2558 3374/9/2584
f 3386/7/2592 3344/8/2562 3393/9/2599
f 3394/7/2600 3339/8/2557 3387/9/2593
f 3395/7/2601 3355/8/2572 3388/9/2594
f 3389/7/2595 3339/8/2557 3394/9/2600
f 3396/7/2602 3344/8/2562 3390/9/2596
f 3397/7/2603 3398/8/2604 3340/9/2558
f 3398/7/2604 3399/8/2605 3340/9/2558
f 3391/7/2597 3340/8/2558 3399/9/2605
f 3400/7/2606 3392/8/2598 3374/9/2584
f 3401/7/2607 3340/8/2558 3392/9/2598
f 3393/7/2599 3344/8/2562 3402/9/2608
f 3403/7/2609 3344/8/2562 3396/9/2602
f 3397/7/2603 3340/8/2558 3401/9/2607
f 3402/7/2608 3344/8/2562 3404/9/2610
f 3405/7/2611 3344/8/2562 3403/9/2609
f 3404/7/2610 3344/8/2562 3405/9/2611
f 3406/10/2612 3407/11/2613 3408/12/2614
f 3406/10/2612 3408/11/2614 3409/12/2615
f 3410/10/2616 3406/11/2612 3409/12/2615
f 3411/10/2617 3412/11/2618 3413/12/2619
f 3412/10/2618 3411/11/2617 3414/12/2618
f 3414/10/2618 3415/11/2620 3412/12/2618
f 3415/10/2620 3414/11/2618 3416/12/2620
f 3415/10/2620 3417/11/2621 3418/12/2621
f 3417/10/2621 3415/11/2620 3416/12/2620
f 3418/10/2621 3419/11/2622 3420/12/2622
f 3419/10/2622 3418/11/2621 3417/12/2621
f 3420/10/2622 3421/11/2623 3422/12/2624
f 3421/10/2623 3420/11/2622 3419/12/2622
f 3422/10/2624 3410/11/2616 3409/12/2615
f 3411/10/2617 3413/11/2619 3423/12/2625
f 3421/10/2623 3410/11/2616 3422/12/2624
f 3411/10/2617 3423/11/2625 3424/12/2626
f 3425/10/2627 3426/11/2628 3427/12/2628
f 3426/10/2628 3425/11/2627 3428/12/2627
f 3427/10/2628 3429/11/2629 3430/12/2630
f 3429/10/2629 3427/11/2628 3426/12/2628
f 3430/10/2630 3431/11/2631 3432/12/2632
f 3433/10/2633 3434/11/2634 3435/12/2635
f 3434/10/2634 3424/11/2626 3423/12/2625
f 3436/10/2636 3435/11/2635 3437/12/2637
f 3429/10/2629 3431/11/2631 3430/12/2630
f 3438/10/2638 3432/11/2632 3431/12/2631
f 3438/10/2638 3437/11/2637 3432/12/2632
f 3433/10/2633 3424/11/2626 3434/12/2634
f 3433/10/2633 3435/11/2635 3436/12/2636
f 3436/10/2636 3437/11/2637 3438/12/2638
f 3439/13/2639 3440/14/2639 3441/15/2639
f 3440/13/2639 3439/14/2639 3442/15/2639
f 3440/13/2639 3442/14/2639 3443/15/2639
f 3440/13/2639 3443/14/2639 3444/15/2639
f 3440/13/2639 3444/14/2639 3445/15/2639
f 3440/13/2639 3445/14/2639 3446/15/2639
f 3440/13/2639 3446/14/2639 3447/15/2639
f 3440/13/2639 3447/14/2639 3448/15/2639
f 3448/13/2639 3447/14/2639 3449/15/2639
f 3449/13/2639 3447/14/2639 3450/15/2639
f 3450/13/2639 3447/14/2639 3451/15/2639
f 3451/13/2639 3447/14/2639 3452/15/2639
f 3451/13/2639 3452/14/2639 3453/15/2639
f 3453/13/2639 3452/14/2639 3454/15/2639
f 3453/13/2639 3454/14/2639 3455/15/2639
f 3455/13/2639 3454/14/2639 3456/15/2639
f 3456/13/2639 3454/14/2639 3457/15/2639
f 3457/13/2639 3454/14/2639 3458/15/2639
f 3458/13/2639 3454/14/2639 3459/15/2639
f 3459/13/2639 3454/14/2639 3460/15/2639
f 3459/13/2639 3460/14/2639 3461/15/2639
f 3461/13/2639 3460/14/2639 3462/15/2639
f 3462/13/2639 3460/14/2639 3463/15/2639
f 3462/13/2639 3463/14/2639 3464/15/2639
f 3464/13/2639 3463/14/2639 3465/15/2639
f 3465/13/2639 3463/14/2639 3466/15/2639
f 3466/13/2639 3463/14/2639 3467/15/2639
f 3466/13/2639 3467/14/2639 3468/15/2639
f 3468/13/2639 3467/14/2639 3469/15/2639
f 3469/13/2639 3467/14/2639 3470/15/2639
f 3470/13/2639 3467/14/2639 3471/15/2639
f 3470/13/2639 3471/14/2639 3472/15/2639
f 3472/13/2639 3471/14/2639 3473/15/2639
f 3472/13/2639 3473/14/2639 3474/15/2639
f 3474/13/2639 3473/14/2639 3475/15/2639
f 3474/13/2639 3475/14/2639 3476/15/2639
f 3476/13/2639 3475/14/2639 3477/15/2639
f 3476/13/2639 3477/14/2639 3478/15/2639
f 3478/13/2639 3477/14/2639 3479/15/2639
f 3478/13/2639 3479/14/2639 3480/15/2639
f 3480/13/2639 3479/14/2639 3481/15/2639
f 3480/13/2639 3481/14/2639 3482/15/2639
f 3482/13/2639 3481/14/2639 3483/15/2639
f 3482/13/2639 3483/14/2639 3484/15/2639
f 3484/13/2639 3483/14/2639 3485/15/2639
f 3484/13/2639 3485/14/2639 3486/15/2639
f 3484/13/2639 3486/14/2639 3487/15/2639
f 3484/13/2639 3487/14/2639 3488/15/2639
f 3484/13/2639 3488/14/2639 3489/15/2639
f 3489/13/2639 3488/14/2639 3490/15/2639
f 3489/13/2639 3490/14/2639 3491/15/2639
f 3489/13/2639 3491/14/2639 3492/15/2639
f 3492/13/2639 3491/14/2639 3493/15/2639
f 3492/13/2639 3493/14/2639 3494/15/2639
f 3492/13/2639 3494/14/2639 3495/15/2639
f 3492/13/2639 3495/14/2639 3496/15/2639
f 3496/13/2639 3495/14/2639 3497/15/2639
f 3496/13/2639 3497/14/2639 3498/15/2639
f 3498/13/2639 3497/14/2639 3499/15/2639
f 3498/13/2639 3499/14/2639 3500/15/2639
f 3500/13/2639 3499/14/2639 3501/15/2639
f 3500/13/2639 3501/14/2639 3502/15/2639
f 3502/13/2639 3501/14/2639 3503/15/2639
f 3502/13/2639 3503/14/2639 3504/15/2639
f 3502/13/2639 3504/14/2639 3505/15/2639
f 3505/13/2639 3504/14/2639 3506/15/2639
f 3505/13/2639 3506/14/2639 3507/15/2639
f 3507/13/2639 3506/14/2639 3508/15/2639
f 3507/13/2639 3508/14/2639 3509/15/2639
f 3509/13/2639 3508/14/2639 3510/15/2639
f 3510/13/2639 3508/14/2639 3511/15/2639
f 3511/13/2639 3508/14/2639 3512/15/2639
f 3512/13/2639 3508/14/2639 3513/15/2639
f 3512/13/2639 3513/14/2639 3514/15/2639
f 3514/13/2639 3513/14/2639 3515/15/2639
f 3515/13/2639 3513/14/2639 3516/15/2639
f 3516/13/2639 3513/14/2639 3517/15/2639
f 3516/13/2639 3517/14/2639 3518/15/2639
f 3518/13/2639 3517/14/2639 3519/15/2639
f 3518/13/2639 3519/14/2639 3520/15/2639
f 3520/13/2639 3519/14/2639 3521/15/2639
f 3521/13/2639 3519/14/2639 3522/15/2639
f 3522/13/2639 3519/14/2639 3523/15/2639
f 3523/13/2639 3519/14/2639 3524/15/2639
f 3524/13/2639 3519/14/2639 3525/15/2639
f 3524/13/2639 3525/14/2639 3526/15/2639
f 3526/13/2639 3525/14/2639 3527/15/2639
f 3526/13/2639 3527/14/2639 3528/15/2639
f 3528/13/2639 3527/14/2639 3529/15/2639
f 3529/13/2639 3527/14/2639 3530/15/2639
f 3530/13/2639 3527/14/2639 3531/15/2639
f 3531/13/2639 3527/14/2639 3532/15/2639
f 3531/13/2639 3532/14/2639 3533/15/2639
f 3531/13/2639 3533/14/2639 3534/15/2639
f 3531/13/2639 3534/14/2639 3535/15/2639
f 3531/13/2639 3535/14/2639 3536/15/2639
f 3537/13/2640 3538/14/2640 3539/15/2640
f 3538/13/2640 3537/14/2640 3540/15/2640
f 3541/13/2641 3542/14/2641 3543/15/2642
f 3544/13/2643 3543/14/2642 3542/15/2641
f 3543/13/2642 3544/14/2643 3545/15/2644
f 3546/13/2645 3545/14/2644 3544/15/2643
f 3545/13/2644 3546/14/2645 3547/15/2646
f 3548/13/2647 3547/14/2646 3546/15/2645
f 3547/13/2646 3548/14/2647 3549/15/2648
f 3550/13/2648 3549/14/2648 3548/15/2647
f 3549/13/2648 3550/14/2648 3551/15/2649
f 3552/13/2649 3551/14/2649 3550/15/2648
f 3552/13/2649 3553/14/2650 3551/15/2649
f 3554/13/2650 3551/14/2649 3553/15/2650
f 3553/13/2650 3555/14/2651 3554/15/2650
f 3556/13/2651 3554/14/2650 3555/15/2651
f 3555/13/2651 3557/14/2652 3556/15/2651
f 3558/13/2652 3556/14/2651 3557/15/2652
f 3557/13/2652 3559/14/2653 3558/15/2652
f 3560/13/2653 3558/14/2652 3559/15/2653
f 3559/13/2653 3561/14/2654 3560/15/2653
f 3562/13/2655 3560/14/2653 3561/15/2654
f 3561/13/2654 3563/14/2656 3562/15/2655
f 3564/13/2656 3562/14/2655 3563/15/2656
f 3563/13/2656 3565/14/2657 3564/15/2656
f 3566/13/2657 3564/14/2656 3565/15/2657
f 3565/13/2657 3567/14/2658 3566/15/2657
f 3568/13/2659 3566/14/2657 3567/15/2658
f 3567/13/2658 3569/14/2660 3568/15/2659
f 3570/13/2660 3568/14/2659 3569/15/2660
f 3569/13/2660 3571/14/2661 3570/15/2660
f 3572/13/2661 3570/14/2660 3571/15/2661
f 3573/13/2662 3574/14/2662 3571/15/2661
f 3572/13/2661 3571/14/2661 3574/15/2662
f 3575/13/2663 3576/14/2663 3573/15/2662
f 3574/13/2662 3573/14/2662 3576/15/2663
f 3577/13/2664 3578/14/2664 3575/15/2663
f 3576/13/2663 3575/14/2663 3578/15/2664
f 3579/13/2665 3580/14/2666 3577/15/2664
f 3578/13/2664 3577/14/2664 3580/15/2666
f 3581/13/2667 3582/14/2667 3579/15/2665
f 3580/13/2666 3579/14/2665 3582/15/2667
f 3581/13/2667 3583/14/2668 3582/15/2667
f 3584/13/2669 3582/14/2667 3583/15/2668
f 3583/13/2668 3585/14/2670 3584/15/2669
f 3586/13/2670 3584/14/2669 3585/15/2670
f 3585/13/2670 3587/14/2671 3586/15/2670
f 3588/13/2671 3586/14/2670 3587/15/2671
f 3589/13/2672 3590/14/2673 3587/15/2671
f 3588/13/2671 3587/14/2671 3590/15/2673
f 3589/13/2672 3591/14/2674 3590/15/2673
f 3592/13/2675 3590/14/2673 3591/15/2674
f 3591/13/2674 3593/14/2676 3592/15/2675
f 3594/13/2677 3592/14/2675 3593/15/2676
f 3594/13/2677 3593/14/2676 3595/15/2678
f 3596/13/2679 3595/14/2678 3593/15/2676
f 3595/13/2678 3596/14/2679 3597/15/2680
f 3598/13/2680 3597/14/2680 3596/15/2679
f 3597/13/2680 3598/14/2680 3599/15/2681
f 3600/13/2681 3599/14/2681 3598/15/2680
f 3599/13/2681 3600/14/2681 3601/15/2682
f 3602/13/2683 3601/14/2682 3600/15/2681
f 3601/13/2682 3602/14/2683 3603/15/2684
f 3604/13/2684 3603/14/2684 3602/15/2683
f 3604/13/2684 3605/14/2685 3603/15/2684
f 3606/13/2686 3603/14/2684 3605/15/2685
f 3605/13/2685 3607/14/2687 3606/15/2686
f 3608/13/2687 3606/14/2686 3607/15/2687
f 3607/13/2687 3609/14/2688 3608/15/2687
f 3610/13/2689 3608/14/2687 3609/15/2688
f 3609/13/2688 3611/14/2690 3610/15/2689
f 3612/13/2690 3610/14/2689 3611/15/2690
f 3611/13/2690 3613/14/2691 3612/15/2690
f 3614/13/2691 3612/14/2690 3613/15/2691
f 3613/13/2691 3615/14/2692 3614/15/2691
f 3616/13/2693 3614/14/2691 3615/15/2692
f 3615/13/2692 3617/14/2694 3616/15/2693
f 3618/13/2695 3616/14/2693 3617/15/2694
f 3619/13/2696 3620/14/2696 3617/15/2694
f 3618/13/2695 3617/14/2694 3620/15/2696
f 3619/13/2696 3621/14/2697 3620/15/2696
f 3622/13/2697 3620/14/2696 3621/15/2697
f 3623/13/2698 3624/14/2698 3621/15/2697
f 3622/13/2697 3621/14/2697 3624/15/2698
f 3625/13/2699 3626/14/2699 3623/15/2698
f 3624/13/2698 3623/14/2698 3626/15/2699
f 3627/13/2700 3628/14/2701 3625/15/2699
f 3626/13/2699 3625/14/2699 3628/15/2701
f 3629/13/2702 3630/14/2703 3627/15/2700
f 3628/13/2701 3627/14/2700 3630/15/2703
f 3631/13/2704 3632/14/2704 3629/15/2702
f 3630/13/2703 3629/14/2702 3632/15/2704
f 3633/13/2705 3634/14/2705 3631/15/2704
f 3632/13/2704 3631/14/2704 3634/15/2705
f 3635/13/2706 3636/14/2706 3637/15/2706
f 3636/13/2706 3635/14/2706 3638/15/2706
f 3639/13/2707 3640/14/2708 3641/15/2708
f 3640/13/2708 3639/14/2707 3642/15/2707
f 3641/13/2708 3643/14/2709 3644/15/2710
f 3643/13/2709 3641/14/2708 3640/15/2708
f 3644/13/2710 3645/14/2711 3646/15/2712
f 3645/13/2711 3644/14/2710 3643/15/2709
f 3646/13/2712 3647/14/2713 3648/15/2714
f 3647/13/2713 3646/14/2712 3645/15/2711
f 3648/13/2714 3649/14/2715 3650/15/2716
f 3649/13/2715 3648/14/2714 3647/15/2713
f 3651/13/2717 3649/14/2715 3652/15/2718
f 3649/13/2715 3651/14/2717 3650/15/2716
f 3653/13/2719 3652/14/2718 3654/15/2719
f 3652/13/2718 3653/14/2719 3651/15/2717
f 3655/13/2720 3654/14/2719 3656/15/2721
f 3654/13/2719 3655/14/2720 3653/15/2719
f 3657/13/2722 3656/14/2721 3658/15/2722
f 3656/13/2721 3657/14/2722 3655/15/2720
f 3659/13/2723 3658/14/2722 3660/15/2723
f 3658/13/2722 3659/14/2723 3657/15/2722
f 3661/13/2724 3659/14/2723 3660/15/2723
f 3659/13/2723 3661/14/2724 3662/15/2725
f 3663/13/2726 3661/14/2724 3664/15/2727
f 3661/13/2724 3663/14/2726 3662/15/2725
f 3665/13/2728 3664/14/2727 3666/15/2651
f 3664/13/2727 3665/14/2728 3663/15/2726
f 3667/13/2729 3666/14/2651 3668/15/2730
f 3666/13/2651 3667/14/2729 3665/15/2728
f 3669/13/2731 3668/14/2730 3670/15/2732
f 3668/13/2730 3669/14/2731 3667/15/2729
f 3671/13/2733 3670/14/2732 3672/15/2734
f 3670/13/2732 3671/14/2733 3669/15/2731
f 3673/13/2735 3671/14/2733 3672/15/2734
f 3671/13/2733 3673/14/2735 3674/15/2736
f 3675/13/2737 3674/14/2736 3673/15/2735
f 3674/13/2736 3675/14/2737 3676/15/2737
f 3677/13/2738 3676/14/2737 3675/15/2737
f 3676/13/2737 3677/14/2738 3678/15/2738
f 3679/13/2739 3678/14/2738 3677/15/2738
f 3678/13/2738 3679/14/2739 3680/15/2739
f 3681/13/2740 3680/14/2739 3679/15/2739
f 3680/13/2739 3681/14/2740 3682/15/2740
f 3683/13/2741 3681/14/2740 3684/15/2741
f 3681/13/2740 3683/14/2741 3682/15/2740
f 3685/13/2742 3683/14/2741 3684/15/2741
f 3683/13/2741 3685/14/2742 3686/15/2742
f 3687/13/2743 3685/14/2742 3688/15/2744
f 3685/13/2742 3687/14/2743 3686/15/2742
f 3689/13/2745 3688/14/2744 3690/15/2745
f 3688/13/2744 3689/14/2745 3687/15/2743
f 3691/13/2746 3690/14/2745 3692/15/2746
f 3690/13/2745 3691/14/2746 3689/15/2745
f 3693/13/2747 3692/14/2746 3694/15/2747
f 3692/13/2746 3693/14/2747 3691/15/2746
f 3695/13/2748 3694/14/2747 3696/15/2748
f 3694/13/2747 3695/14/2748 3693/15/2747
f 3695/13/2748 3697/14/2749 3698/15/2749
f 3697/13/2749 3695/14/2748 3696/15/2748
f 3698/13/2749 3699/14/2750 3700/15/2750
f 3699/13/2750 3698/14/2749 3697/15/2749
f 3700/13/2750 3701/14/2751 3702/15/2752
f 3701/13/2751 3700/14/2750 3699/15/2750
f 3702/13/2752 3703/14/2753 3704/15/2753
f 3703/13/2753 3702/14/2752 3701/15/2751
f 3704/13/2753 3705/14/2754 3706/15/2754
f 3705/13/2754 3704/14/2753 3703/15/2753
f 3707/13/2755 3705/14/2754 3708/15/2755
f 3705/13/2754 3707/14/2755 3706/15/2754
f 3709/13/2756 3708/14/2755 3710/15/2757
f 3708/13/2755 3709/14/2756 3707/15/2755
f 3711/13/2758 3710/14/2757 3712/15/2759
f 3710/13/2757 3711/14/2758 3709/15/2756
f 3713/13/2760 3712/14/2759 3714/15/2761
f 3712/13/2759 3713/14/2760 3711/15/2758
f 3715/13/2762 3714/14/2761 3716/15/2763
f 3714/13/2761 3715/14/2762 3713/15/2760
f 3717/13/2764 3716/14/2763 3718/15/2764
f 3716/13/2763 3717/14/2764 3715/15/2762
f 3719/13/2765 3718/14/2764 3720/15/2765
f 3718/13/2764 3719/14/2765 3717/15/2764
f 3721/13/2766 3719/14/2765 3720/15/2765
f 3719/13/2765 3721/14/2766 3722/15/2767
f 3723/13/2768 3721/14/2766 3724/15/2768
f 3721/13/2766 3723/14/2768 3722/15/2767
f 3725/13/2769 3724/14/2768 3726/15/2769
f 3724/13/2768 3725/14/2769 3723/15/2768
f 3727/13/2770 3726/14/2769 3728/15/2771
f 3726/13/2769 3727/14/2770 3725/15/2769
f 3729/13/2772 3728/14/2771 3730/15/2773
f 3728/13/2771 3729/14/2772 3727/15/2770
f 3731/13/2774 3729/14/2772 3730/15/2773
f 3729/13/2772 3731/14/2774 3732/15/2774
f 3733/13/2775 3732/14/2774 3731/15/2774
f 3732/13/2774 3733/14/2775 3734/15/2776
f 3735/13/2777 3734/14/2776 3733/15/2775
f 3734/13/2776 3735/14/2777 3736/15/2778
f 3737/13/2779 3736/14/2778 3735/15/2777
f 3736/13/2778 3737/14/2779 3738/15/2779
f 3739/13/2780 3738/14/2779 3737/15/2779
f 3738/13/2779 3739/14/2780 3740/15/2780
f 3741/13/2781 3742/14/2639 3743/15/2639
f 3743/13/2639 3742/14/2639 3744/15/2639
f 3744/13/2639 3742/14/2639 3745/15/2639
f 3745/13/2639 3742/14/2639 3746/15/2639
f 3746/13/2639 3742/14/2639 3747/15/2639
f 3742/13/2639 3748/14/2639 3747/15/2639
f 3748/13/2639 3749/14/2639 3747/15/2639
f 3749/13/2639 3750/14/2639 3747/15/2639
f 3750/13/2639 3751/14/2639 3747/15/2639
f 3747/13/2639 3751/14/2639 3752/15/2639
f 3751/13/2639 3753/14/2639 3752/15/2639
f 3752/13/2639 3753/14/2639 3754/15/2639
f 3753/13/2639 3755/14/2639 3754/15/2639
f 3755/13/2639 3756/14/2639 3754/15/2639
f 3756/13/2639 3757/14/2639 3754/15/2639
f 3757/13/2639 3758/14/2639 3754/15/2639
f 3758/13/2639 3759/14/2639 3754/15/2639
f 3754/13/2639 3759/14/2639 3760/15/2639
f 3759/13/2639 3761/14/2639 3760/15/2639
f 3760/13/2639 3761/14/2639 3762/15/2639
f 3761/13/2639 3763/14/2639 3762/15/2639
f 3763/13/2639 3764/14/2639 3762/15/2639
f 3764/13/2639 3765/14/2639 3762/15/2639
f 3762/13/2639 3765/14/2639 3766/15/2639
f 3765/13/2639 3767/14/2639 3766/15/2639
f 3767/13/2639 3768/14/2639 3766/15/2639
f 3768/13/2639 3769/14/2782 3766/15/2639
f 3769/13/2782 3770/14/2639 3766/15/2639
f 3766/13/2639 3770/14/2639 3771/15/2639
f 3770/13/2639 3772/14/2639 3771/15/2639
f 3771/13/2639 3772/14/2639 3773/15/2639
f 3772/13/2639 3774/14/2639 3773/15/2639
f 3773/13/2639 3774/14/2639 3775/15/2639
f 3775/13/2639 3774/14/2639 3776/15/2639
f 3774/13/2639 3777/14/2639 3776/15/2639
f 3776/13/2639 3777/14/2639 3778/15/2639
f 3777/13/2639 3779/14/2639 3778/15/2639
f 3778/13/2639 3779/14/2639 3780/15/2639
f 3779/13/2639 3781/14/2639 3780/15/2639
f 3780/13/2639 3781/14/2639 3782/15/2639
f 3781/13/2639 3783/14/2639 3782/15/2639
f 3782/13/2639 3783/14/2639 3784/15/2639
f 3784/13/2639 3783/14/2639 3785/15/2639
f 3785/13/2639 3783/14/2639 3786/15/2639
f 3783/13/2639 3787/14/2639 3786/15/2639
f 3786/13/2639 3787/14/2639 3788/15/2639
f 3788/13/2639 3787/14/2639 3789/15/2639
f 3787/13/2639 3790/14/2639 3789/15/2639
f 3789/13/2639 3790/14/2639 3791/15/2639
f 3791/13/2639 3790/14/2639 3792/15/2639
f 3792/13/2639 3790/14/2639 3793/15/2639
f 3793/13/2639 3790/14/2639 3794/15/2639
f 3790/13/2639 3795/14/2639 3794/15/2639
f 3794/13/2639 3795/14/2639 3796/15/2639
f 3795/13/2639 3797/14/2639 3796/15/2639
f 3796/13/2639 3797/14/2639 3798/15/2639
f 3797/13/2639 3799/14/2639 3798/15/2639
f 3798/13/2639 3799/14/2639 3800/15/2639
f 3799/13/2639 3801/14/2639 3800/15/2639
f 3800/13/2639 3801/14/2639 3802/15/2639
f 3801/13/2639 3803/14/2639 3802/15/2639
f 3802/13/2639 3803/14/2639 3804/15/2639
f 3803/13/2639 3805/14/2639 3804/15/2639
f 3804/13/2639 3805/14/2639 3806/15/2639
f 3805/13/2639 3807/14/2639 3806/15/2639
f 3806/13/2639 3807/14/2639 3808/15/2639
f 3807/13/2639 3809/14/2639 3808/15/2639
f 3809/13/2639 3810/14/2639 3808/15/2639
f 3810/13/2639 3811/14/2639 3808/15/2639
f 3808/13/2639 3811/14/2639 3812/15/2639
f 3811/13/2639 3813/14/2639 3812/15/2639
f 3813/13/2639 3814/14/2639 3812/15/2639
f 3814/13/2639 3815/14/2639 3812/15/2639
f 3812/13/2639 3815/14/2639 3816/15/2639
f 3815/13/2639 3817/14/2639 3816/15/2639
f 3817/13/2639 3818/14/2639 3816/15/2639
f 3816/13/2639 3818/14/2639 3819/15/2639
f 3818/13/2639 3820/14/2639 3819/15/2639
f 3820/13/2639 3821/14/2639 3819/15/2639
f 3821/13/2639 3822/14/2639 3819/15/2639
f 3822/13/2639 3823/14/2639 3819/15/2639
f 3823/13/2639 3824/14/2639 3819/15/2639
f 3819/13/2639 3824/14/2639 3825/15/2639
f 3824/13/2639 3826/14/2639 3825/15/2639
f 3825/13/2639 3826/14/2639 3827/15/2639
f 3826/13/2639 3828/14/2639 3827/15/2639
f 3828/13/2639 3829/14/2639 3827/15/2639
f 3829/13/2639 3830/14/2639 3827/15/2639
f 3830/13/2639 3831/14/2639 3827/15/2639
f 3827/13/2639 3831/14/2639 3832/15/2639
f 3832/13/2639 3831/14/2639 3833/15/2639
f 3833/13/2639 3831/14/2639 3834/15/2639
f 3834/13/2639 3831/14/2639 3835/15/2639
f 3835/13/2639 3831/14/2639 3836/15/2639
f 3836/13/2639 3831/14/2639 3837/15/2639
f 3838/13/2639 3837/14/2639 3831/15/2639
f 3839/16/2639 3840/17/2639 3841/18/2639
f 3840/16/2639 3839/17/2639 3842/18/2639
f 3840/16/2639 3842/17/2639 3843/18/2639
f 3843/16/2639 3842/17/2639 3844/18/2639
f 3843/16/2639 3844/17/2639 3845/18/2639
f 3845/16/2639 3844/17/2639 3846/18/2639
f 3845/16/2639 3846/17/2639 3847/18/2639
f 3847/16/2639 3846/17/2639 3848/18/2639
f 3847/16/2639 3848/17/2639 3849/18/2639
f 3849/16/2639 3848/17/2639 3850/18/2639
f 3849/16/2639 3850/17/2639 3851/18/2639
f 3851/16/2639 3850/17/2639 3852/18/2639
f 3851/16/2639 3852/17/2639 3853/18/2639
f 3853/16/2639 3852/17/2639 3854/18/2639
f 3853/16/2639 3854/17/2639 3855/18/2639
f 3855/16/2639 3854/17/2639 3856/18/2639
f 3855/16/2639 3856/17/2639 3857/18/2639
f 3857/16/2639 3856/17/2639 3858/18/2639
f 3857/16/2639 3858/17/2639 3859/18/2639
f 3859/16/2639 3858/17/2639 3860/18/2639
f 3859/16/2639 3860/17/2639 3861/18/2639
f 3861/16/2639 3860/17/2639 3862/18/2639
f 3861/16/2639 3862/17/2639 3863/18/2639
f 3863/16/2639 3862/17/2639 3864/18/2639
f 3863/16/2639 3864/17/2639 3865/18/2639
f 3865/16/2639 3864/17/2639 3866/18/2639
f 3865/16/2639 3866/17/2639 3867/18/2639
f 3867/16/2639 3866/17/2639 3868/18/2639
f 3867/16/2639 3868/17/2639 3869/18/2639
f 3869/16/2639 3868/17/2639 3870/18/2639
f 3869/16/2639 3870/17/2639 3871/18/2639
f 3871/16/2639 3870/17/2639 3872/18/2639
f 3871/16/2639 3872/17/2639 3873/18/2639
f 3873/16/2639 3872/17/2639 3874/18/2639
f 3875/16/2639 3876/17/2639 3877/18/2639
f 3877/16/2639 3876/17/2639 3878/18/2639
f 3876/16/2639 3879/17/2639 3878/18/2639
f 3878/16/2639 3879/17/2639 3880/18/2639
f 3879/16/2639 3881/17/2639 3880/18/2639
f 3880/16/2639 3881/17/2639 3882/18/2639
f 3881/16/2639 3883/17/2639 3882/18/2639
f 3882/16/2639 3883/17/2639 3884/18/2639
f 3883/16/2639 3885/17/2639 3884/18/2639
f 3884/16/2639 3885/17/2639 3886/18/2639
f 3885/16/2639 3887/17/2639 3886/18/2639
f 3886/16/2639 3887/17/2639 3888/18/2639
f 3887/16/2639 3889/17/2639 3888/18/2639
f 3888/16/2639 3889/17/2639 3890/18/2639
f 3889/16/2639 3891/17/2639 3890/18/2639
f 3890/16/2639 3891/17/2639 3892/18/2639
f 3891/16/2639 3893/17/2639 3892/18/2639
f 3892/16/2639 3893/17/2639 3894/18/2639
f 3893/16/2639 3895/17/2639 3894/18/2639
f 3894/16/2639 3895/17/2639 3896/18/2639
f 3895/16/2639 3897/17/2639 3896/18/2639
f 3896/16/2639 3897/17/2639 3898/18/2639
f 3897/16/2639 3899/17/2639 3898/18/2639
f 3898/16/2639 3899/17/2639 3900/18/2639
f 3899/16/2639 3901/17/2639 3900/18/2639
f 3900/16/2639 3901/17/2639 3902/18/2639
f 3901/16/2639 3903/17/2639 3902/18/2639
f 3902/16/2639 3903/17/2639 3904/18/2639
f 3903/16/2639 3905/17/2639 3904/18/2639
f 3904/16/2639 3905/17/2639 3906/18/2639
f 3905/16/2639 3907/17/2639 3906/18/2639
f 3906/16/2639 3907/17/2639 3908/18/2639
f 3907/16/2639 3909/17/2639 3908/18/2639
f 3910/16/2639 3908/17/2639 3909/18/2639
